doc_id,domain,stratum,vertical,title,words,snapshot_ts,url,wayback_url
070619cb6f5489a2,accept.inc,yc,fintech_insurance,Frequently Asked Questions About Cash Offers & Mortgages Answered,1420,20210916181750,https://accept.inc/blog/what-is-the-difference-between-preapproval-and-cash-approval,https://web.archive.org/web/20210916181750/https://accept.inc/blog/what-is-the-difference-between-preapproval-and-cash-approval
0c492c625b84ebb2,accept.inc,yc,fintech_insurance,What to Expect from a Home Inspection as a Buyer,1623,20220521062053,https://accept.inc/blog/what-to-expect-home-inspection-and-contingency,https://web.archive.org/web/20220521062053/https://accept.inc/blog/what-to-expect-home-inspection-and-contingency
1b20ac5913812709,accept.inc,yc,fintech_insurance,Buying a House Cash vs Mortgage - What's Better?,1429,20220118043830,https://accept.inc/blog/cash-vs-mortgage,https://web.archive.org/web/20220118043830/https://accept.inc/blog/cash-vs-mortgage
2027b70980e5d6a2,accept.inc,yc,fintech_insurance,The Hidden Discount of an All-Cash House Offer,894,20220118051645,https://accept.inc/blog/cash-offer-cost-savings,https://web.archive.org/web/20220118051645/https://accept.inc/blog/cash-offer-cost-savings
4167bb1ed84f713b,accept.inc,yc,fintech_insurance,How to Choose a Denver Real Estate Agent,1203,20220325225743,https://accept.inc/blog/how-to-pick-real-estate-agent,https://web.archive.org/web/20220325225743/https://accept.inc/blog/how-to-pick-real-estate-agent
71afeb885d1fe264,accept.inc,yc,fintech_insurance,Buying a House with Cash: A Guide | Accept.inc,1842,20210916194006,https://accept.inc/blog/buying-house-with-cash,https://web.archive.org/web/20210916194006/https://accept.inc/blog/buying-house-with-cash
78aa6975e61df191,accept.inc,yc,fintech_insurance,Why Home Offers Are Rejected ... And How to Win Your Next Bid,1389,20220324052755,https://accept.inc/blog/why-house-offers-are-rejected,https://web.archive.org/web/20220324052755/https://accept.inc/blog/why-house-offers-are-rejected
7b58080bd129ff97,accept.inc,yc,fintech_insurance,How to Buy a Home - Step Two: Find Your Financing,1491,20210418151907,https://accept.inc/blog/how-to-buy-a-home-step-2-find-your-financing,https://web.archive.org/web/20210418151907/https://accept.inc/blog/how-to-buy-a-home-step-2-find-your-financing
84361714a6d94252,accept.inc,yc,fintech_insurance,How to Buy a Home - Step Three: Choose a Neighborhood,1254,20210324022853,https://accept.inc/blog/how-to-buy-a-home-step-three-find-a-neighborhood,https://web.archive.org/web/20210324022853/https://accept.inc/blog/how-to-buy-a-home-step-three-find-a-neighborhood
8eace0f72084f198,accept.inc,yc,fintech_insurance,"""We Buy Houses""-Type Offers -- What to Know",1100,20220118032653,https://accept.inc/blog/cash-offer-vs-we-buy-houses,https://web.archive.org/web/20220118032653/https://accept.inc/blog/cash-offer-vs-we-buy-houses
8eb2063e9bb7c224,accept.inc,yc,fintech_insurance,Why Pre-Approval Letters are Just Paper Promises,785,20210418143150,https://accept.inc/blog/pre-approval-letters-are-paper-promises,https://web.archive.org/web/20210418143150/https://accept.inc/blog/pre-approval-letters-are-paper-promises
95e447c962f39927,accept.inc,yc,fintech_insurance,The Cost of Waiting: Reasons to Buy a Home in Early 2022,938,20220129124038,https://accept.inc/blog/cost-of-waiting-to-buy-a-house,https://web.archive.org/web/20220129124038/https://accept.inc/blog/cost-of-waiting-to-buy-a-house
a9a9bf982bbe9f36,accept.inc,yc,fintech_insurance,Closing Costs Associated With Real Estate Cash Offers,1289,20210725193333,https://accept.inc/blog/7-fees-closing-costs-associated-with-real-estate-cash-offers,https://web.archive.org/web/20210725193333/https://accept.inc/blog/7-fees-closing-costs-associated-with-real-estate-cash-offers
b28211de87c22e49,accept.inc,yc,fintech_insurance,How to Buy a Home - Step Four: Choose a Real Estate Agent,967,20210418153513,https://accept.inc/blog/how-to-buy-a-home-step-four-choose-a-real-estate-agent,https://web.archive.org/web/20210418153513/https://accept.inc/blog/how-to-buy-a-home-step-four-choose-a-real-estate-agent
ba73eb127d70fc1c,accept.inc,yc,fintech_insurance,Home Selling Resources,949,20210916185801,https://accept.inc/blog/home-selling,https://web.archive.org/web/20210916185801/https://accept.inc/blog/home-selling
d4404eb21a6a7e1a,accept.inc,yc,fintech_insurance,Should You Use an Escalation Clause in Your House Offer?,816,20220118042028,https://accept.inc/blog/are-escalation-clauses-necessary,https://web.archive.org/web/20220118042028/https://accept.inc/blog/are-escalation-clauses-necessary
e515657f89fdacdf,accept.inc,yc,fintech_insurance,Making a Cash Offer In Real Estate: What's Required,1025,20211130114646,https://accept.inc/blog/whats-required-to-make-a-cash-offer-in-real-estate,https://web.archive.org/web/20211130114646/https://accept.inc/blog/whats-required-to-make-a-cash-offer-in-real-estate
f0562d51d90a87d1,accept.inc,yc,fintech_insurance,How to Find the Best Mortgage Lender in Denver | Accept.inc,1383,20211130120405,https://accept.inc/blog/how-to-find-the-best-mortgage-lender-in-denver,https://web.archive.org/web/20211130120405/https://accept.inc/blog/how-to-find-the-best-mortgage-lender-in-denver
20fc36352baeec0e,accountingseed.com,inc.com_api_i5list,software_saas,Do I Need Accounting Software for My Small Business in 2022? | Blog,2058,20220303200810,https://www.accountingseed.com/blog/do-i-need-accounting-software-for-my-small-business-in-2022/,https://web.archive.org/web/20220303200810/https://www.accountingseed.com/blog/do-i-need-accounting-software-for-my-small-business-in-2022/
52dc166acc8c836f,accountingseed.com,inc.com_api_i5list,software_saas,Inventory Accounting Features for a Competitive Edge - Accounting Seed,672,20220122085441,https://www.accountingseed.com/blog/inventory-accounting-features-for-a-competetive-edge/,https://web.archive.org/web/20220122085441/https://www.accountingseed.com/blog/inventory-accounting-features-for-a-competetive-edge/
7ff0f59e1c8cbcd3,accountingseed.com,inc.com_api_i5list,software_saas,Economic Nexus Rules: What You Must Know - Accounting Seed,828,20220127135146,https://www.accountingseed.com/blog/economic-nexus-rules-what-you-must-know/,https://web.archive.org/web/20220127135146/https://www.accountingseed.com/blog/economic-nexus-rules-what-you-must-know/
d0d38e699da041b7,accountingseed.com,inc.com_api_i5list,software_saas,How A Bank Reconciliation Should Be Prepared - Accounting Seed,824,20220127142738,https://www.accountingseed.com/blog/how-a-bank-reconciliation-should-be-prepared/,https://web.archive.org/web/20220127142738/https://www.accountingseed.com/blog/how-a-bank-reconciliation-should-be-prepared/
d461dc7e5c6f3515,accountingseed.com,inc.com_api_i5list,software_saas,Top 5 Reasons Why Businesses Should Leave Paper Checks Behind - Accounting Seed,817,20220122150254,https://www.accountingseed.com/blog/top-5-reasons-why-businesses-should-leave-paper-checks-behind/,https://web.archive.org/web/20220122150254/https://www.accountingseed.com/blog/top-5-reasons-why-businesses-should-leave-paper-checks-behind/
fd928f8ae7f75d32,accountingseed.com,inc.com_api_i5list,software_saas,Top 3 Tech Trends - Accounting Seed,738,20220122085149,https://www.accountingseed.com/blog/top-3-tech-trends/,https://web.archive.org/web/20220122085149/https://www.accountingseed.com/blog/top-3-tech-trends/
34c9036f1c5b4942,actioncleanup.com,inc.com_api_i5list,ecommerce_retail,Easy to Maintain Flooring for Commercial Spaces,1047,20191115080622,https://www.actioncleanup.com/blog-4/easy-to-maintain-flooring-for-commercial-spaces,https://web.archive.org/web/20191115080622/https://www.actioncleanup.com/blog-4/easy-to-maintain-flooring-for-commercial-spaces
6fb50a55f644fede,actioncleanup.com,inc.com_api_i5list,ecommerce_retail,Getting Hospitality Cleaning Contracts – Made Simple.,856,20190715204207,https://www.actioncleanup.com/blog-4/getting-hospitality-cleaning-contracts-made-simple,https://web.archive.org/web/20190715204207/https://www.actioncleanup.com/blog-4/getting-hospitality-cleaning-contracts-made-simple
c6fecc870b923ff6,actioncleanup.com,inc.com_api_i5list,ecommerce_retail,6 Tips to Improve Vehicle Fleet Management in 2018,1102,20210416171132,https://www.actioncleanup.com/blog-4/6-tips-to-improve-vehicle-fleet-management-in-2018,https://web.archive.org/web/20210416171132/https://www.actioncleanup.com/blog-4/6-tips-to-improve-vehicle-fleet-management-in-2018
f095e8e20f854145,actioncleanup.com,inc.com_api_i5list,ecommerce_retail,9 Signs You Should Invest in Floor Stripping,632,20190715204648,https://www.actioncleanup.com/blog-4/9-signs-you-should-invest-in-floor-stripping,https://web.archive.org/web/20190715204648/https://www.actioncleanup.com/blog-4/9-signs-you-should-invest-in-floor-stripping
21ad66c7cf6dc154,adyn.com,yc,ecommerce_retail,Male and Female Sex Hormones (That Actually Everyone Has) | adyn,1018,20221001102145,https://adyn.com/blog/male-female-sex-hormones/,https://web.archive.org/web/20221001102145/https://adyn.com/blog/male-female-sex-hormones/
2570f73709533b9c,adyn.com,yc,ecommerce_retail,How effective is Plan B? And other questions about emergency contraceptives | adyn,1616,20220522081348,https://adyn.com/blog/how-effective-is-plan-b-and-other-questions-about-emergency-contraceptives/,https://web.archive.org/web/20220522081348/https://adyn.com/blog/how-effective-is-plan-b-and-other-questions-about-emergency-contraceptives/
3b48221aa43c260f,adyn.com,yc,ecommerce_retail,The Functions of Your Hormones: A Glossary | adyn,1741,20220522083909,https://adyn.com/blog/functions-of-hormones/,https://web.archive.org/web/20220522083909/https://adyn.com/blog/functions-of-hormones/
3d40a6d6af9f7821,adyn.com,yc,ecommerce_retail,What’s the best birth control? | adyn,2261,20220522082805,https://adyn.com/blog/whats-the-best-birth-control/,https://web.archive.org/web/20220522082805/https://adyn.com/blog/whats-the-best-birth-control/
4d444e51208dd79f,adyn.com,yc,ecommerce_retail,Can You Still Take Expired Birth Control Pills? | adyn,1113,20220706191132,https://adyn.com/blog/expired-birth-control/,https://web.archive.org/web/20220706191132/https://adyn.com/blog/expired-birth-control/
622a2971f7062f9b,adyn.com,yc,ecommerce_retail,"The 11 Biggest STD Myths, Debunked | adyn",1713,20220225011328,https://adyn.com/blog/the-11-biggest-std-myths-debunked/,https://web.archive.org/web/20220225011328/https://adyn.com/blog/the-11-biggest-std-myths-debunked/
66e7ca2791ff658b,adyn.com,yc,ecommerce_retail,8 reasons “move fast and break things” doesn’t work for health care companies | adyn,1222,20220522075447,https://adyn.com/blog/8-reasons-move-fast-and-break-things-doesnt-work-for-health-care-companies/,https://web.archive.org/web/20220522075447/https://adyn.com/blog/8-reasons-move-fast-and-break-things-doesnt-work-for-health-care-companies/
8cfbad197372ed2e,adyn.com,yc,ecommerce_retail,Does birth control protect against STDs? | adyn,1149,20220329162057,https://adyn.com/blog/birth-control-protect-against-stds/,https://web.archive.org/web/20220329162057/https://adyn.com/blog/birth-control-protect-against-stds/
9596aaa6a860b62d,adyn.com,yc,ecommerce_retail,What Does Highly Effective Birth Control Mean? | adyn,2180,20220522072232,https://adyn.com/blog/what-does-highly-effective-birth-control-mean/,https://web.archive.org/web/20220522072232/https://adyn.com/blog/what-does-highly-effective-birth-control-mean/
b372462e05e4e0ec,adyn.com,yc,ecommerce_retail,Withdrawal bleeding from birth control: What you need to know | adyn,2218,20220225040356,https://adyn.com/blog/withdrawal-bleeding-from-birth-control-what-you-need-to-know/,https://web.archive.org/web/20220225040356/https://adyn.com/blog/withdrawal-bleeding-from-birth-control-what-you-need-to-know/
b53962048cb77ccf,adyn.com,yc,ecommerce_retail,What Are the Most Common IUD Side Effects? | adyn,1222,20220706182501,https://adyn.com/blog/iud-side-effects/,https://web.archive.org/web/20220706182501/https://adyn.com/blog/iud-side-effects/
b79c0e9ddd05e81f,adyn.com,yc,ecommerce_retail,Common Gynecological Surgeries & Procedures | adyn,1417,20220522085101,https://adyn.com/blog/gynecological-surgeries-procedures/,https://web.archive.org/web/20220522085101/https://adyn.com/blog/gynecological-surgeries-procedures/
bf36bb8ad188fc1d,adyn.com,yc,ecommerce_retail,5 Reasons Birth Control Selection Should Be More Than An Online Quiz | adyn,1357,20220522064942,https://adyn.com/blog/beyond-the-birth-control-quiz/,https://web.archive.org/web/20220522064942/https://adyn.com/blog/beyond-the-birth-control-quiz/
bf894a7af60c5f16,adyn.com,yc,ecommerce_retail,Can Birth Control Cause Infertility? | adyn,1224,20220522082108,https://adyn.com/blog/can-birth-control-cause-infertility/,https://web.archive.org/web/20220522082108/https://adyn.com/blog/can-birth-control-cause-infertility/
c1b31d266301b3e3,adyn.com,yc,ecommerce_retail,"The Biggest Birth Control Myths, Debunked | adyn",1799,20220522083333,https://adyn.com/blog/the-biggest-birth-control-myths-debunked/,https://web.archive.org/web/20220522083333/https://adyn.com/blog/the-biggest-birth-control-myths-debunked/
cbaea8f295560d00,adyn.com,yc,ecommerce_retail,What causes fibroids? | adyn,1543,20220522064850,https://adyn.com/blog/what-causes-fibroids/,https://web.archive.org/web/20220522064850/https://adyn.com/blog/what-causes-fibroids/
d1b0a8d0ebf058cb,adyn.com,yc,ecommerce_retail,Why is There a Placebo Week in Birth Control? It’s Not What You’d Think | adyn,907,20221001113208,https://adyn.com/blog/birth-control-placebo-week/,https://web.archive.org/web/20221001113208/https://adyn.com/blog/birth-control-placebo-week/
f2e143394015e2ea,adyn.com,yc,ecommerce_retail,Can antibiotics affect birth control? | adyn,1588,20220522073959,https://adyn.com/blog/antibiotics-birth-control/,https://web.archive.org/web/20220522073959/https://adyn.com/blog/antibiotics-birth-control/
f9b1b96b172c75f5,adyn.com,yc,ecommerce_retail,After Plan B: How to Tell if Your Morning-After Pill Worked | adyn,1740,20220522071215,https://adyn.com/blog/how-to-know-if-plan-b-worked/,https://web.archive.org/web/20220522071215/https://adyn.com/blog/how-to-know-if-plan-b-worked/
f9b5ff4b5af72c33,adyn.com,yc,ecommerce_retail,The State of Abortion Laws in a Post-Roe United States | adyn,1204,20220628131051,https://adyn.com/blog/state-of-abortion-laws-post-roe-vs-wade/,https://web.archive.org/web/20220628131051/https://adyn.com/blog/state-of-abortion-laws-post-roe-vs-wade/
80d25a3feebc218c,agilethought.com,inc.com_api_i5list,services_other,3 Tips for New Scrum Masters to be Successful | AgileThought,1121,20190722202654,https://agilethought.com/blog/articles/3-tips-new-scrum-masters-successful/,https://web.archive.org/web/20190722202654/https://agilethought.com/blog/articles/3-tips-new-scrum-masters-successful/
785366cf9d33f3dd,alinea-invest.com,yc,fintech_insurance,Which ETF Does Warren Buffett Recommend: Our Breakdown- Alinea Blog,717,20220706010739,https://www.alinea-invest.com/blog/which-etf-does-warren-buffett-recommend-our-breakdown,https://web.archive.org/web/20220706010739/https://www.alinea-invest.com/blog/which-etf-does-warren-buffett-recommend-our-breakdown
84c97facbcdb19ee,alinea-invest.com,yc,fintech_insurance,How Do We Invest When the Stock Market Keeps Going Down? | Alinea Invest: Social Investing App for GenZ,854,20220816161751,https://www.alinea-invest.com/blog/how-do-we-invest-when-the-stock-market-keeps-going-down,https://web.archive.org/web/20220816161751/https://www.alinea-invest.com/blog/how-do-we-invest-when-the-stock-market-keeps-going-down
ed96b282258e4c76,alinea-invest.com,yc,fintech_insurance,Investing in Cryptocurrency: What is it and How it works | Alinea Invest: Social Investing App for GenZ,930,20220816155149,https://www.alinea-invest.com/blog/investing-in-cryptocurrency-what-is-it-and-how-it-works,https://web.archive.org/web/20220816155149/https://www.alinea-invest.com/blog/investing-in-cryptocurrency-what-is-it-and-how-it-works
f8d3cfd4272334af,alinea-invest.com,yc,fintech_insurance,The 5 Best Investing Books for Beginners | Alinea Invest: Social Investing App for GenZ,663,20220928154054,https://www.alinea-invest.com/blog/the-5-best-investing-books-for-beginners,https://web.archive.org/web/20220928154054/https://www.alinea-invest.com/blog/the-5-best-investing-books-for-beginners
fdbd490b0bf16d36,alinea-invest.com,yc,fintech_insurance,Alinea vs. Robinhood | Alinea Invest: Social Investing App for GenZ,756,20220816165237,https://www.alinea-invest.com/blog/alinea-vs-robinhood,https://web.archive.org/web/20220816165237/https://www.alinea-invest.com/blog/alinea-vs-robinhood
030d13d86fff2f01,alluremedical.com,inc.com_api_i5list,health,Is Wegovy Weight Loss Drug Really Better than the Generic Brands?,834,20220525221802,https://www.alluremedical.com/blog/weightloss/is-wegovy-weight-loss-drug-really-better-than-the-generic-brands/,https://web.archive.org/web/20220525221802/https://www.alluremedical.com/blog/weightloss/is-wegovy-weight-loss-drug-really-better-than-the-generic-brands/
17641e727efab6af,alluremedical.com,inc.com_api_i5list,health,Treating Sleep Apnea with NightLase® Can Lead to Weight Loss & A Healthier Life,1365,20220629065920,https://www.alluremedical.com/blog/sleep-apnea/disordered-sleep-leading-to-weight-gain/,https://web.archive.org/web/20220629065920/https://www.alluremedical.com/blog/sleep-apnea/disordered-sleep-leading-to-weight-gain/
30b04e4eca9b99fc,alluremedical.com,inc.com_api_i5list,health,Semiglutide (Wegovy®),1359,20220819025208,https://www.alluremedical.com/blog/weightloss/semiglutide-wegovy/,https://web.archive.org/web/20220819025208/https://www.alluremedical.com/blog/weightloss/semiglutide-wegovy/
4f749f27c236934b,alluremedical.com,inc.com_api_i5list,health,Get Super Ripped Fast,1595,20191121175800,https://www.alluremedical.com/blog/healthy-living/get-super-ripped-fast/,https://web.archive.org/web/20191121175800/https://www.alluremedical.com/blog/healthy-living/get-super-ripped-fast/
559b5930d9fb6be0,alluremedical.com,inc.com_api_i5list,health,My NightLase®,876,20220819011015,https://www.alluremedical.com/blog/sleep-apnea/my-nightlase/,https://web.archive.org/web/20220819011015/https://www.alluremedical.com/blog/sleep-apnea/my-nightlase/
77d529e385581179,alluremedical.com,inc.com_api_i5list,health,Is a CombiTuck® Right for You?,672,20191206215603,https://www.alluremedical.com/blog/cosmetics/is-a-combituck(r)-right-for-you/,https://web.archive.org/web/20191206215603/https://www.alluremedical.com/blog/cosmetics/is-a-combituck(r)-right-for-you/
793ded43b6a31c76,alluremedical.com,inc.com_api_i5list,health,How Many Units of Botox® Do I Need?,696,20220525232643,https://www.alluremedical.com/blog/cosmetics/how-many-units-of-botox-do-i-need/,https://web.archive.org/web/20220525232643/https://www.alluremedical.com/blog/cosmetics/how-many-units-of-botox-do-i-need/
b0c82488144c934c,alluremedical.com,inc.com_api_i5list,health,Botox FAQ with Dr. Mok,1383,20210117090330,https://www.alluremedical.com/blog/cosmetics/botox-faq-with-dr.-mok,https://web.archive.org/web/20210117090330/https://www.alluremedical.com/blog/cosmetics/botox-faq-with-dr.-mok
e92cfbf38e1466d1,alluremedical.com,inc.com_api_i5list,health,Slowing Down or Reversing Disease & Aging with Dr. Mok,1291,20210924210346,https://www.alluremedical.com/blog/preventative-medicine/the-future-is-now-slowing-down-and-reversing-disease-and-aging/,https://web.archive.org/web/20210924210346/https://www.alluremedical.com/blog/preventative-medicine/the-future-is-now-slowing-down-and-reversing-disease-and-aging/
10dccebd292e3b4b,alphaflow.com,yc,fintech_insurance,How Defaults Work,811,20200806003517,https://www.alphaflow.com/resources/knowledge-base/how-defaults-work/,https://web.archive.org/web/20200806003517/https://www.alphaflow.com/resources/knowledge-base/how-defaults-work/
593fd2d05d5a3e9e,alphaflow.com,yc,fintech_insurance,The 5th Annual IMN Single Family Rental Forum Recap,859,20190715202314,https://www.alphaflow.com/resources/articles/5th-imn-single-family-rental-forum-2017/,https://web.archive.org/web/20190715202314/https://www.alphaflow.com/resources/articles/5th-imn-single-family-rental-forum-2017/
8ab71f96369f41cb,alphaflow.com,yc,fintech_insurance,Can Investors Outperform the Assets in which They Invest?,1383,20200806020318,https://www.alphaflow.com/resources/articles/can-investors-outperform-the-assets-in-which-they-invest/,https://web.archive.org/web/20200806020318/https://www.alphaflow.com/resources/articles/can-investors-outperform-the-assets-in-which-they-invest/
a48707c28668fc17,alphaflow.com,yc,fintech_insurance,Year Round Tax Planning For Real Estate Investors,755,20191114173352,https://www.alphaflow.com/resources/articles/year-round-tax-planning-for-real-estate-investors/,https://web.archive.org/web/20191114173352/https://www.alphaflow.com/resources/articles/year-round-tax-planning-for-real-estate-investors/
d54c8b07397e4bae,alphaflow.com,yc,fintech_insurance,Atlanta Real Estate Market Trends: An Objective Analysis,790,20190715205123,https://www.alphaflow.com/resources/articles/atlanta-real-estate-market-analysis/,https://web.archive.org/web/20190715205123/https://www.alphaflow.com/resources/articles/atlanta-real-estate-market-analysis/
eca3f2d34c7290b7,alphaflow.com,yc,fintech_insurance,Are Fintech Firms Becoming More Like Banks?,781,20191114170802,https://www.alphaflow.com/resources/articles/fintech-firms-becoming-banks/,https://web.archive.org/web/20191114170802/https://www.alphaflow.com/resources/articles/fintech-firms-becoming-banks/
328351e9f1d940c7,ambition.com,yc,software_saas,The Top 10 Ambition Blog Posts of 2015,1645,20210413015749,https://ambition.com/blog/entry/2015-12-31-top-10-ambition-blog-posts-2015/,https://web.archive.org/web/20210413015749/https://ambition.com/blog/entry/2015-12-31-top-10-ambition-blog-posts-2015/
5d7887275af9c49b,ambition.com,yc,software_saas,Sales Management Lessons From 10 Coaching Catastrophes,2311,20180121101352,https://ambition.com/blog/entry/2015-4-15-sales-management-lessons-10-coaching-catastrophes/,https://web.archive.org/web/20180121101352/https://ambition.com/blog/entry/2015-4-15-sales-management-lessons-10-coaching-catastrophes/
68c7ee05ad223741,ambition.com,yc,software_saas,The Account Management KPI Index,739,20211026011914,https://ambition.com/blog/entry/2016-05-15-account-management-kpi-index/,https://web.archive.org/web/20211026011914/https://ambition.com/blog/entry/2016-05-15-account-management-kpi-index/
811ebea89462d6ce,ambition.com,yc,software_saas,How to Get the Most Out of Sales Gamification,1859,20210412054939,https://ambition.com/blog/entry/2015-4-22-referendum-on-gamification/,https://web.archive.org/web/20210412054939/https://ambition.com/blog/entry/2015-4-22-referendum-on-gamification/
cdb6bfad51a374b7,ambition.com,yc,software_saas,5 Sales Management Lessons from the NBA Finals,1670,20210412064011,https://ambition.com/blog/entry/2015-6-22-sales-management-lessons-nba-finals/,https://web.archive.org/web/20210412064011/https://ambition.com/blog/entry/2015-6-22-sales-management-lessons-nba-finals/
e86c9cab78ef8a0f,ambition.com,yc,software_saas,The 2015 Fantasy Football Lover's Guide to Your Salesforce Part IV,1589,20160320043204,https://ambition.com/blog/2015/09/03/2015-fantasy-football-lovers-guide-your-salesforce-part-iv/,https://web.archive.org/web/20160320043204/https://ambition.com/blog/2015/09/03/2015-fantasy-football-lovers-guide-your-salesforce-part-iv/
043dfe591b1d1753,angel.co,yc,fintech_insurance,How Portfolio Size Affects Early-Stage Venture Returns,963,20210212201453,https://angel.co/blog/how-portfolio-size-affects-early-stage-venture-returns,https://web.archive.org/web/20210212201453/https://angel.co/blog/how-portfolio-size-affects-early-stage-venture-returns
1c82d745f296dc9b,angel.co,yc,fintech_insurance,How to hire your first engineer in 5 steps,1387,20220708175205,https://angel.co/blog/how-to-hire-your-first-engineer,https://web.archive.org/web/20220708175205/https://angel.co/blog/how-to-hire-your-first-engineer
47d03e17184442ee,angel.co,yc,fintech_insurance,Combating tech burnout: 15 ways to manage workplace stress,1731,20220902162648,https://angel.co/blog/tech-burnout,https://web.archive.org/web/20220902162648/https://angel.co/blog/tech-burnout
a5ac3649ba177314,angel.co,yc,fintech_insurance,4 Perks Recruiters Will Pitch You—And What You Should Consider,801,20190331082127,https://angel.co/blog/4-perks-recruiters-will-pitch-you-and-what-you-should-consider,https://web.archive.org/web/20190331082127/https://angel.co/blog/4-perks-recruiters-will-pitch-you-and-what-you-should-consider
ee16e39c003f53d9,angel.co,yc,fintech_insurance,Midstage Startups Are Your Best First Job In Tech,2325,20180916044925,https://angel.co/blog/best-first-jobs-in-tech,https://web.archive.org/web/20180916044925/https://angel.co/blog/best-first-jobs-in-tech
f7990d5a7931af50,angel.co,yc,fintech_insurance,9 Terms You'll See In Your Startup Equity Offer—And What They Actually Mean,1179,20190328191558,https://angel.co/blog/9-terms-youll-see-in-your-equity-offer-and-what-they-actually-mean,https://web.archive.org/web/20190328191558/https://angel.co/blog/9-terms-youll-see-in-your-equity-offer-and-what-they-actually-mean
0550a25f8049ee94,archbee.com,yc,devtools,6 Productivity Tips for Technical Writers,2205,20220808141021,https://www.archbee.com/blog/technical-writer-productivity-tips,https://web.archive.org/web/20220808141021/https://www.archbee.com/blog/technical-writer-productivity-tips
29cfcef643b115df,archbee.com,yc,devtools,Guide to API Documentation,2414,20220723134921,https://www.archbee.com/blog/api-documentation,https://web.archive.org/web/20220723134921/https://www.archbee.com/blog/api-documentation
34907117bd0ebf0d,archbee.com,yc,devtools,Software Testing Documentation: What Is It and Why Should You Have It?,2066,20220723134921,https://www.archbee.com/blog/software-testing-documentation,https://web.archive.org/web/20220723134921/https://www.archbee.com/blog/software-testing-documentation
38cc9ae930254fce,archbee.com,yc,devtools,Is Being a Technical Writer Stressful?,2408,20221006074214,https://www.archbee.com/blog/technical-writer-job-stress,https://web.archive.org/web/20221006074214/https://www.archbee.com/blog/technical-writer-job-stress
5bf73f2c306b35ab,archbee.com,yc,devtools,The True Cost of Running a Documentation Website,1931,20220723134921,https://www.archbee.com/blog/documentation-website-costs,https://web.archive.org/web/20220723134921/https://www.archbee.com/blog/documentation-website-costs
5d10d5d8d96a7024,archbee.com,yc,devtools,Best Practices in Code Documentation for Software Engineers,2305,20221129132635,https://www.archbee.com/blog/code-documentation-best-practices,https://web.archive.org/web/20221129132635/https://www.archbee.com/blog/code-documentation-best-practices
7e5f0915c4405c80,archbee.com,yc,devtools,8 Elements No API Document Should Be Without,2203,20220723134922,https://www.archbee.com/blog/api-documentation-elements,https://web.archive.org/web/20220723134922/https://www.archbee.com/blog/api-documentation-elements
8023c4e29a9401d1,archbee.com,yc,devtools,Employee Onboarding vs. Orientation: 5 Key Differences,2182,20221006072841,https://www.archbee.com/blog/employee-orientation-vs-onboarding,https://web.archive.org/web/20221006072841/https://www.archbee.com/blog/employee-orientation-vs-onboarding
83242bfebd357191,archbee.com,yc,devtools,How to Improve Your Technical Writing Skills,2139,20221008005419,https://www.archbee.com/blog/how-to-improve-technical-writing-skills,https://web.archive.org/web/20221008005419/https://www.archbee.com/blog/how-to-improve-technical-writing-skills
855b2706d2561b00,archbee.com,yc,devtools,5 Benefits of Having a Good Knowledge Base Documentation,2141,20221129144654,https://www.archbee.com/blog/knowledge-base-benefits,https://web.archive.org/web/20221129144654/https://www.archbee.com/blog/knowledge-base-benefits
8ee2af93947eceea,archbee.com,yc,devtools,How Can Technical Writers Get User Feedback on Their Docs,2301,20221006071921,https://www.archbee.com/blog/user-feedback-technical-writing,https://web.archive.org/web/20221006071921/https://www.archbee.com/blog/user-feedback-technical-writing
a4db8dbbf960dd18,archbee.com,yc,devtools,11 Examples of Companies With Great API Documentation,1885,20220716045556,https://www.archbee.com/blog/api-documentation-examples,https://web.archive.org/web/20220716045556/https://www.archbee.com/blog/api-documentation-examples
a9942b9e30d72283,archbee.com,yc,devtools,10 Best Certifications in Technical Writing for Technical Writers,2361,20221006082248,https://www.archbee.com/blog/technical-writer-certifications,https://web.archive.org/web/20221006082248/https://www.archbee.com/blog/technical-writer-certifications
b2776c22224671f7,archbee.com,yc,devtools,Tips for Doing Research in Technical Writing,2356,20221006083001,https://www.archbee.com/blog/research-in-technical-writing,https://web.archive.org/web/20221006083001/https://www.archbee.com/blog/research-in-technical-writing
cbf2d000d03e3584,archbee.com,yc,devtools,12 Most Useful Knowledge Management Tools for Your Business,2311,20221129141734,https://www.archbee.com/blog/knowledge-management-tools,https://web.archive.org/web/20221129141734/https://www.archbee.com/blog/knowledge-management-tools
e6e5c01c2a7a55c5,archbee.com,yc,devtools,How to Become a (Great) Technical Writer,2449,20220808131713,https://www.archbee.com/blog/how-to-become-a-technical-writer,https://web.archive.org/web/20220808131713/https://www.archbee.com/blog/how-to-become-a-technical-writer
ef398119446d20a4,archbee.com,yc,devtools,6 Soft Skills Every Technical Writer Should Possess,2375,20221006080606,https://www.archbee.com/blog/technical-writer-soft-skills,https://web.archive.org/web/20221006080606/https://www.archbee.com/blog/technical-writer-soft-skills
fabc9772aa5ba9bf,archbee.com,yc,devtools,Useful Tools for Technical Writers,2255,20221006074119,https://www.archbee.com/blog/technical-writer-tools,https://web.archive.org/web/20221006074119/https://www.archbee.com/blog/technical-writer-tools
1fda5c349189af22,atlassian.com,g2.com_wayback,devtools,What You Need To Know About The New Git 1.8.3 - Work Life by Atlassian,707,20190723210535,https://www.atlassian.com/blog/2013/05/highlights-git-1-8-3,https://web.archive.org/web/20190723210535/https://www.atlassian.com/blog/2013/05/highlights-git-1-8-3
414f26b958abfef9,atlassian.com,g2.com_wayback,devtools,Fight the dark side of Lean UX with the Experience Canvas - Work Life by Atlassian,1212,20220212195504,https://www.atlassian.com/blog/2013/10/fight-the-dark-side-of-lean-ux-with-the-experience-canvas,https://web.archive.org/web/20220212195504/https://www.atlassian.com/blog/2013/10/fight-the-dark-side-of-lean-ux-with-the-experience-canvas
5f96413d213354a8,atlassian.com,g2.com_wayback,devtools,Git branching and forking in the enterprise: why fork? - Work Life by Atlassian,1132,20221008154114,https://www.atlassian.com/blog/2013/05/git-branching-and-forking-in-the-enterprise-why-fork,https://web.archive.org/web/20221008154114/https://www.atlassian.com/blog/2013/05/git-branching-and-forking-in-the-enterprise-why-fork
7428572236f73664,atlassian.com,g2.com_wayback,devtools,What you need to know about the new git 1.8.4 - Work Life by Atlassian,718,20200809222455,https://www.atlassian.com/blog/2013/08/what-you-need-to-know-about-the-new-git-1-8-4,https://web.archive.org/web/20200809222455/https://www.atlassian.com/blog/2013/08/what-you-need-to-know-about-the-new-git-1-8-4
c222977cc053f743,atlassian.com,g2.com_wayback,devtools,Managing a Product Backlog with Ease (1/3),827,20201126185318,https://www.atlassian.com/blog/2013/04/how-to-manage-a-product-backlog-with-ease,https://web.archive.org/web/20201126185318/https://www.atlassian.com/blog/2013/04/how-to-manage-a-product-backlog-with-ease
d9ea1c93a4da6740,atlassian.com,g2.com_wayback,devtools,Git team workflows: merge or rebase? - Work Life by Atlassian,1311,20201024210120,https://www.atlassian.com/blog/2013/10/git-team-workflows-merge-or-rebase,https://web.archive.org/web/20201024210120/https://www.atlassian.com/blog/2013/10/git-team-workflows-merge-or-rebase
e9183ff83b9aa9d4,atlassian.com,g2.com_wayback,devtools,From SVN to Git: how Atlassian made the switch without sacrificing active development - the technical side - Work Life by Atlassian,1081,20201126191546,https://www.atlassian.com/blog/2013/01/atlassian-svn-to-git-migration-technical-side,https://web.archive.org/web/20201126191546/https://www.atlassian.com/blog/2013/01/atlassian-svn-to-git-migration-technical-side
05f9cc9a8f88ebea,authy.com,yc,software_saas,"Bitcoin, Black Friday & 2FA • Authy",1086,20160423113428,https://www.authy.com/blog/bitcoin-black-friday-and-2fa,https://web.archive.org/web/20160423113428/https://www.authy.com/blog/bitcoin-black-friday-and-2fa
087195189da66633,authy.com,yc,software_saas,"2FA in Rails 4 with Devise, Authy and Puppies - Authy",1365,20190721192933,https://authy.com/blog/2fa-in-rails-4-with-devise-authy-and-puppies-2/,https://web.archive.org/web/20190721192933/https://authy.com/blog/2fa-in-rails-4-with-devise-authy-and-puppies-2/
115192f7b8c6326b,authy.com,yc,software_saas,Top Takeaways From The 1st Annual Two Factor Tuesday • Authy,995,20160423114917,https://www.authy.com/blog/top-takeaways-from-the-first-annual-two-factor-tuesday,https://web.archive.org/web/20160423114917/https://www.authy.com/blog/top-takeaways-from-the-first-annual-two-factor-tuesday
5308217b8634884f,authy.com,yc,software_saas,Multi Multi-Factor Authentication • Authy,1586,20151222070737,https://www.authy.com/blog/multi-multi-factor-authentication,https://web.archive.org/web/20151222070737/https://www.authy.com/blog/multi-multi-factor-authentication
d8f7bcad496f9d69,authy.com,yc,software_saas,Two-Factor Authentication News • Authy,982,20171114095532,https://authy.com/blog/push-your-account-security-into-the-modern-age-two-factor-authentication/,https://web.archive.org/web/20171114095532/https://authy.com/blog/push-your-account-security-into-the-modern-age-two-factor-authentication/
1d369ab2c30c3e70,autorabit.com,g2.com_wayback,devtools,How to Assess Your Data Security Risks in Salesforce - AutoRABIT,1025,20211208150430,https://www.autorabit.com/blog/how-to-assess-your-data-security-risks-in-salesforce/,https://web.archive.org/web/20211208150430/https://www.autorabit.com/blog/how-to-assess-your-data-security-risks-in-salesforce/
1e9c98b7a7448762,autorabit.com,g2.com_wayback,devtools,Do I Need a Salesforce Release Management Tool? - AutoRABIT,975,20211208164027,https://www.autorabit.com/blog/do-i-need-a-salesforce-release-management-tool/,https://web.archive.org/web/20211208164027/https://www.autorabit.com/blog/do-i-need-a-salesforce-release-management-tool/
24d738d2590eec6f,autorabit.com,g2.com_wayback,devtools,How to Assemble a Salesforce Data Governance Team - AutoRABIT,1123,20220129004654,https://www.autorabit.com/blog/how-to-assemble-a-salesforce-data-governance-team/,https://web.archive.org/web/20220129004654/https://www.autorabit.com/blog/how-to-assemble-a-salesforce-data-governance-team/
40c21c9218739de9,autorabit.com,g2.com_wayback,devtools,AutoRABIT for Salesforce Release Management – 30 good reasons,662,20150622093522,http://www.autorabit.com:80/blog/autorabit-for-salesforce-release-management-30-good-reasons/,https://web.archive.org/web/20150622093522/http://www.autorabit.com:80/blog/autorabit-for-salesforce-release-management-30-good-reasons/
50f522be6f7d43a1,autorabit.com,g2.com_wayback,devtools,Avoid These Common Salesforce CI/CD Mistakes - AutoRABIT,1007,20211130065240,https://www.autorabit.com/blog/avoid-these-common-salesforce-ci-cd-mistakes/,https://web.archive.org/web/20211130065240/https://www.autorabit.com/blog/avoid-these-common-salesforce-ci-cd-mistakes/
57d12358362c0f79,autorabit.com,g2.com_wayback,devtools,Why You Should Backup Your Salesforce Metadata - AutoRABIT,1022,20211203110414,https://www.autorabit.com/blog/why-you-should-backup-your-salesforce-metadata/,https://web.archive.org/web/20211203110414/https://www.autorabit.com/blog/why-you-should-backup-your-salesforce-metadata/
5a8e8acef846d863,autorabit.com,g2.com_wayback,devtools,Do I Really Need Salesforce Version Control? - AutoRABIT,1006,20220121180443,https://www.autorabit.com/blog/do-i-really-need-salesforce-version-control/,https://web.archive.org/web/20220121180443/https://www.autorabit.com/blog/do-i-really-need-salesforce-version-control/
5ccfa6ae039fbde2,autorabit.com,g2.com_wayback,devtools,What Are Salesforce Change Sets? - AutoRABIT,937,20220129110410,https://www.autorabit.com/blog/what-are-salesforce-change-sets/,https://web.archive.org/web/20220129110410/https://www.autorabit.com/blog/what-are-salesforce-change-sets/
6f63c9b318a3820a,autorabit.com,g2.com_wayback,devtools,6 Essential Types of Salesforce Test Automation,991,20220228172252,https://www.autorabit.com/blog/6-essential-types-of-salesforce-test-automation/,https://web.archive.org/web/20220228172252/https://www.autorabit.com/blog/6-essential-types-of-salesforce-test-automation/
7fdb81671c5a5c67,autorabit.com,g2.com_wayback,devtools,Salesforce Essentials: Backup and Restore - AutoRABIT,1008,20211203105747,https://www.autorabit.com/blog/salesforce-essentials-backup-and-restore/,https://web.archive.org/web/20211203105747/https://www.autorabit.com/blog/salesforce-essentials-backup-and-restore/
90ef97878da09adb,autorabit.com,g2.com_wayback,devtools,6 Best Practices for Salesforce Release Management - AutoRABIT,1007,20211208151109,https://www.autorabit.com/blog/6-best-practices-for-salesforce-release-management/,https://web.archive.org/web/20211208151109/https://www.autorabit.com/blog/6-best-practices-for-salesforce-release-management/
9e83b1d0104e7610,autorabit.com,g2.com_wayback,devtools,How DevSecOps Increases Release Velocity Without Sacrificing Quality - AutoRABIT,1206,20211203103142,https://www.autorabit.com/blog/how-devsecops-increases-release-velocity-without-sacrificing-quality/,https://web.archive.org/web/20211203103142/https://www.autorabit.com/blog/how-devsecops-increases-release-velocity-without-sacrificing-quality/
ad4009e9093e5200,autorabit.com,g2.com_wayback,devtools,Disruptive Test Automation for Salesforce Applications,745,20150710010815,http://www.autorabit.com:80/blog/disruptive-test-automation-for-salesforce-applications/,https://web.archive.org/web/20150710010815/http://www.autorabit.com:80/blog/disruptive-test-automation-for-salesforce-applications/
b1300ee9b4efa896,autorabit.com,g2.com_wayback,devtools,The Role of Metadata in DevOps for Salesforce - AutoRABIT,944,20211130060254,https://www.autorabit.com/blog/the-role-of-metadata-in-devops-for-salesforce/,https://web.archive.org/web/20211130060254/https://www.autorabit.com/blog/the-role-of-metadata-in-devops-for-salesforce/
d388217672c838b7,autorabit.com,g2.com_wayback,devtools,How to Back Up Your Metadata in Salesforce - AutoRABIT,1001,20211208153808,https://www.autorabit.com/blog/how-to-back-up-your-metadata-in-salesforce/,https://web.archive.org/web/20211208153808/https://www.autorabit.com/blog/how-to-back-up-your-metadata-in-salesforce/
dc3057ade79ffeec,autorabit.com,g2.com_wayback,devtools,Assessing Your Salesforce DevOps Practices - AutoRABIT,1040,20211203100253,https://www.autorabit.com/blog/assessing-your-salesforce-devops-practices/,https://web.archive.org/web/20211203100253/https://www.autorabit.com/blog/assessing-your-salesforce-devops-practices/
eb4e053f66ffcad8,autorabit.com,g2.com_wayback,devtools,8 Common Salesforce Security Mistakes That Put You at Risk - AutoRABIT,965,20211208155816,https://www.autorabit.com/blog/8-common-salesforce-security-mistakes-that-put-you-at-risk/,https://web.archive.org/web/20211208155816/https://www.autorabit.com/blog/8-common-salesforce-security-mistakes-that-put-you-at-risk/
ece0723f30590d2c,autorabit.com,g2.com_wayback,devtools,The Popularity of Salesforce Also Makes It a Target. Are You Prepared? - AutoRABIT,1065,20211208152602,https://www.autorabit.com/blog/the-popularity-of-salesforce-also-makes-it-a-target-are-you-prepared/,https://web.archive.org/web/20211208152602/https://www.autorabit.com/blog/the-popularity-of-salesforce-also-makes-it-a-target-are-you-prepared/
f4fbc22c585771c6,autorabit.com,g2.com_wayback,devtools,7 Salesforce Security Concerns Relating to Metadata - AutoRABIT,1024,20211203095804,https://www.autorabit.com/blog/7-salesforce-security-concerns-relating-to-metadata/,https://web.archive.org/web/20211203095804/https://www.autorabit.com/blog/7-salesforce-security-concerns-relating-to-metadata/
f91aced4940b183b,autorabit.com,g2.com_wayback,devtools,We’ve Got Your Back(up) - AutoRABIT,895,20211203105038,https://www.autorabit.com/blog/weve-got-your-backup/,https://web.archive.org/web/20211203105038/https://www.autorabit.com/blog/weve-got-your-backup/
1ab7919f07a1717b,avocademy.com,yc_directory,edtech,"UX Design Job Descriptions, Explained",771,20220817214141,https://www.avocademy.com/blog/ux-design-job-descriptions-explained,https://web.archive.org/web/20220817214141/https://www.avocademy.com/blog/ux-design-job-descriptions-explained
2d00dd3a0209fed0,avocademy.com,yc_directory,edtech,What Does an Entry-Level UX Designer Do?,915,20220926191454,https://www.avocademy.com/blog/what-does-an-entry-level-ux-designer-do,https://web.archive.org/web/20220926191454/https://www.avocademy.com/blog/what-does-an-entry-level-ux-designer-do
410d77fb4cdb6edd,avocademy.com,yc_directory,edtech,5 Organization Tools for UX Designers,734,20220627170237,https://www.avocademy.com/blog/5-organization-tools-for-ux-designers,https://web.archive.org/web/20220627170237/https://www.avocademy.com/blog/5-organization-tools-for-ux-designers
538e04f06ce18a9a,avocademy.com,yc_directory,edtech,Designlab UX/UI Bootcamp Review,643,20211021233602,https://www.avocademy.com/blog/designlab-ux-ui-bootcamp-review,https://web.archive.org/web/20211021233602/https://www.avocademy.com/blog/designlab-ux-ui-bootcamp-review
5bc60c4a52298e02,avocademy.com,yc_directory,edtech,What is Typography in UX/UI Design?,672,20220926192445,https://www.avocademy.com/blog/what-is-typography-in-ux-ui-design,https://web.archive.org/web/20220926192445/https://www.avocademy.com/blog/what-is-typography-in-ux-ui-design
643cf82e512d984c,avocademy.com,yc_directory,edtech,Why Psych Majors Make Great UX/UI Designers?,1228,20220627165615,https://www.avocademy.com/blog/why-psych-majors-make-great-ux-ui-designers,https://web.archive.org/web/20220627165615/https://www.avocademy.com/blog/why-psych-majors-make-great-ux-ui-designers
752bef376ec5df92,avocademy.com,yc_directory,edtech,How to Write a UX/UI Design Resume: Tips and Tricks,1130,20220704121911,https://www.avocademy.com/blog/how-to-write-a-ux-ui-design-resume-tips-and-tricks,https://web.archive.org/web/20220704121911/https://www.avocademy.com/blog/how-to-write-a-ux-ui-design-resume-tips-and-tricks
8a3cf27c407d7207,avocademy.com,yc_directory,edtech,Iron Hack UX/UI Bootcamp Review,849,20220817225132,https://www.avocademy.com/blog/iron-hack-bootcamp-review,https://web.archive.org/web/20220817225132/https://www.avocademy.com/blog/iron-hack-bootcamp-review
c9a5a71d4dd695a8,avocademy.com,yc_directory,edtech,What is Design Thinking?,1185,20220926193401,https://www.avocademy.com/blog/what-is-design-thinking,https://web.archive.org/web/20220926193401/https://www.avocademy.com/blog/what-is-design-thinking
c9ef0d21937c638b,avocademy.com,yc_directory,edtech,Springboard UI/UX Bootcamp Review,902,20211021233743,https://www.avocademy.com/blog/springboard-ui-ux-bootcamp-review,https://web.archive.org/web/20211021233743/https://www.avocademy.com/blog/springboard-ui-ux-bootcamp-review
da0e15bf95853831,avocademy.com,yc_directory,edtech,Digital Marketing or UX/UI Design: What’s the Best Path?,948,20220817222527,https://www.avocademy.com/blog/digital-marketing-or-ux-ui-design-what-s-the-best-path,https://web.archive.org/web/20220817222527/https://www.avocademy.com/blog/digital-marketing-or-ux-ui-design-what-s-the-best-path
dcbcc42760b46769,avocademy.com,yc_directory,edtech,What Does A UX Designer Actually Do?,1305,20220520005125,https://www.avocademy.com/blog/what-does-a-ux-designer-actually-do,https://web.archive.org/web/20220520005125/https://www.avocademy.com/blog/what-does-a-ux-designer-actually-do
2e3d311c0e5834d0,avocor.com,inc.com_api_i5list,ecommerce_retail,Business Collaboration: 15 Ideas to Grow & Scale Quickly | Avocor,1796,20190919152747,https://www.avocor.com/blog/business-collaboration-15-ideas-to-grow-scale-quickly/,https://web.archive.org/web/20190919152747/https://www.avocor.com/blog/business-collaboration-15-ideas-to-grow-scale-quickly/
460504ef4b96d5db,avocor.com,inc.com_api_i5list,ecommerce_retail,Remote Working Statistics 2019: 21 Stats that Will Surprise You | Avocor,1643,20190919143835,https://www.avocor.com/blog/remote-working-statistics/,https://web.archive.org/web/20190919143835/https://www.avocor.com/blog/remote-working-statistics/
4962029e7429aec6,avocor.com,inc.com_api_i5list,ecommerce_retail,Setting Up a Hybrid Work Schedule That Works for You & Your Company,1137,20220527145037,https://www.avocor.com/blog/hybrid-work-schedule/,https://web.archive.org/web/20220527145037/https://www.avocor.com/blog/hybrid-work-schedule/
49c8d079c5c9b080,avocor.com,inc.com_api_i5list,ecommerce_retail,Managing Remote Employees : The Definite Guide,2138,20190716021255,https://www.avocor.com/blog/managing-remote-employees-the-definite-guide/,https://web.archive.org/web/20190716021255/https://www.avocor.com/blog/managing-remote-employees-the-definite-guide/
50de4785e8ed84fe,avocor.com,inc.com_api_i5list,ecommerce_retail,Technology in the Workplace: 19 Ways to Boost Productivity & Wellness,2009,20191014225421,https://www.avocor.com/blog/blog-technology-in-the-workplace-19-ways-to-boost-productivity-increase-wellness/,https://web.archive.org/web/20191014225421/https://www.avocor.com/blog/blog-technology-in-the-workplace-19-ways-to-boost-productivity-increase-wellness/
77c81c64cd3527bf,avocor.com,inc.com_api_i5list,ecommerce_retail,Preparing for the Future of Work: Is Your Company Ready?,1149,20220420161925,https://www.avocor.com/blog/future-of-work/,https://web.archive.org/web/20220420161925/https://www.avocor.com/blog/future-of-work/
83497a39a7638532,avocor.com,inc.com_api_i5list,ecommerce_retail,Creating the Perfect Huddle Room (Step-By-Step Guide) | Avocor,1917,20190919002558,https://www.avocor.com/blog/avocor-blog-creating-the-perfect-huddle-room-step-by-step-guide/,https://web.archive.org/web/20190919002558/https://www.avocor.com/blog/avocor-blog-creating-the-perfect-huddle-room-step-by-step-guide/
b1140901cffba567,avocor.com,inc.com_api_i5list,ecommerce_retail,7 Skills to Master for Successful Virtual Leadership | Avocor,1294,20200924140445,https://www.avocor.com/blog/virtual-leadership/,https://web.archive.org/web/20200924140445/https://www.avocor.com/blog/virtual-leadership/
d23f10be91fe1dcb,avocor.com,inc.com_api_i5list,ecommerce_retail,How to Create Your Inspirational Collaborative Office Space | Avocor,821,20200813021854,https://www.avocor.com/blog/collaborative-office-space-ideas/,https://web.archive.org/web/20200813021854/https://www.avocor.com/blog/collaborative-office-space-ideas/
d3148e2de68e0734,avocor.com,inc.com_api_i5list,ecommerce_retail,What's a Successful and Sustainable Hybrid Working Pattern?,1198,20220126091543,https://www.avocor.com/blog/hybrid-working-pattern/,https://web.archive.org/web/20220126091543/https://www.avocor.com/blog/hybrid-working-pattern/
e09621616306de7b,avocor.com,inc.com_api_i5list,ecommerce_retail,Best technology for working remotely in 2019 | Avocor,1443,20191214164016,https://www.avocor.com/blog/avocor-blog-best-technology-for-working-remotely-in-2019/,https://web.archive.org/web/20191214164016/https://www.avocor.com/blog/avocor-blog-best-technology-for-working-remotely-in-2019/
e254659a118bd596,avocor.com,inc.com_api_i5list,ecommerce_retail,9 Ideas for Creative Workplace Interiors & Technology | Avocor,1476,20190729220008,https://www.avocor.com/blog/creative-workplace-interiors/,https://web.archive.org/web/20190729220008/https://www.avocor.com/blog/creative-workplace-interiors/
117c5db0e52c47b2,awkwardstyles.com,inc.com_api_i5list,ecommerce_retail,Halloween Marketing and Print on Demand Design Ideas - Awkward Styles Blog,1890,20220830013634,https://awkwardstyles.com/blog/halloween-marketing-and-print-on-demand-design-ideas/,https://web.archive.org/web/20220830013634/https://awkwardstyles.com/blog/halloween-marketing-and-print-on-demand-design-ideas/
31342afc7fc154c7,bamboohr.com,g2.com_wayback,software_saas,11 Poor Management Offenses You're Committing | BambooHR Blog,1545,20190817170950,https://www.bamboohr.com/blog/11-poor-management-offenses-you-may-not-know-youre-committing/,https://web.archive.org/web/20190817170950/https://www.bamboohr.com/blog/11-poor-management-offenses-you-may-not-know-youre-committing/
5d6a44a06fce21d0,bamboohr.com,g2.com_wayback,software_saas,Ask an HR Expert: Creating a Successful Onboarding Program - BambooHR Blog,1228,20200604040618,https://www.bamboohr.com/blog/ask-an-hr-expert-onboarding-program/,https://web.archive.org/web/20200604040618/https://www.bamboohr.com/blog/ask-an-hr-expert-onboarding-program/
97a5500747eaaf4b,bamboohr.com,g2.com_wayback,software_saas,5 Ways Remote Work Benefits Employees—and Their Employers - BambooHR Blog,1232,20220208221858,https://www.bamboohr.com/blog/5-ways-remote-work-benefits-employees-and-their-employers/,https://web.archive.org/web/20220208221858/https://www.bamboohr.com/blog/5-ways-remote-work-benefits-employees-and-their-employers/
a95c67426a84b458,bamboohr.com,g2.com_wayback,software_saas,April’s Not-As-Foolish Day—HR Edition - HR Helps & Resources,727,20150127232312,http://www.bamboohr.com:80/blog/aprils-foolish-day-hr-edition,https://web.archive.org/web/20150127232312/http://www.bamboohr.com:80/blog/aprils-foolish-day-hr-edition
caad0e702e9a831c,bamboohr.com,g2.com_wayback,software_saas,3 Tools To Optimize Your Recruiting Process,738,20160305115028,http://www.bamboohr.com:80/blog/3-tools-to-optimize-your-recruiting-process,https://web.archive.org/web/20160305115028/http://www.bamboohr.com:80/blog/3-tools-to-optimize-your-recruiting-process
efc0f9387e83b614,bamboohr.com,g2.com_wayback,software_saas,Bamboo News,672,20121204150432,http://www.bamboohr.com/blog/7-secrets-to-keeping-talented-employees-onboard,https://web.archive.org/web/20121204150432/http://www.bamboohr.com/blog/7-secrets-to-keeping-talented-employees-onboard
1e539f1f3b169d9f,beacons.ai,yc,ecommerce_retail,How To Start & Grow A YouTube Gaming Channel | Beacons,1925,20210928130032,https://blog.beacons.ai/youtube-gaming-channel/,https://web.archive.org/web/20210928130032/https://blog.beacons.ai/youtube-gaming-channel/
6bf460d86d56c8a7,beacons.ai,yc,ecommerce_retail,🚦Getting started with your Beacons profile,700,20201021010709,https://blog.beacons.ai/getting-started-with-beacons/,https://web.archive.org/web/20201021010709/https://blog.beacons.ai/getting-started-with-beacons/
788d5917ca3ab5c8,beacons.ai,yc,ecommerce_retail,How to become famous on TikTok: a beginner's guide | Beacons,2101,20210929200451,https://blog.beacons.ai/how-to-become-famous-on-tiktok/,https://web.archive.org/web/20210929200451/https://blog.beacons.ai/how-to-become-famous-on-tiktok/
845dd85eebdeb048,beacons.ai,yc,ecommerce_retail,The Best Time to Post on TikTok Every Day of the Week | Beacons,2213,20210928134411,https://blog.beacons.ai/the-best-time-to-post-on-tiktok-every-day-of-the-week/,https://web.archive.org/web/20210928134411/https://blog.beacons.ai/the-best-time-to-post-on-tiktok-every-day-of-the-week/
8d69c48e83319e5f,beacons.ai,yc,ecommerce_retail,How to Become a Twitch Affiliate & Make Money from Streaming | Beacons,1599,20210928145157,https://blog.beacons.ai/how-to-become-a-twitch-affiliate-make-money/,https://web.archive.org/web/20210928145157/https://blog.beacons.ai/how-to-become-a-twitch-affiliate-make-money/
a7dc9a73b14260be,beacons.ai,yc,ecommerce_retail,The proven best times to post on Instagram every day of the week | Beacons,2441,20210902191828,https://blog.beacons.ai/proven-best-times-to-post-on-instagram-every-day-of-the-week/,https://web.archive.org/web/20210902191828/https://blog.beacons.ai/proven-best-times-to-post-on-instagram-every-day-of-the-week/
b22f0ad51d79f4ab,beacons.ai,yc,ecommerce_retail,How to run the perfect giveaway,661,20211019222229,https://blog.beacons.ai/how-to-run-the-perfect-giveaway/,https://web.archive.org/web/20211019222229/https://blog.beacons.ai/how-to-run-the-perfect-giveaway/
d0d99df83da4c94d,beacons.ai,yc,ecommerce_retail,How to add links to Instagram Stories & get more clicks | Beacons,1802,20210922065445,https://blog.beacons.ai/how-to-add-links-to-instagram-stories/,https://web.archive.org/web/20210922065445/https://blog.beacons.ai/how-to-add-links-to-instagram-stories/
ee9b70a8b19c8355,beacons.ai,yc,ecommerce_retail,How to grow your Twitch channel with Reddit | Beacons,1550,20211103223507,https://blog.beacons.ai/how-to-grow-your-twitch-channel-with-reddit/,https://web.archive.org/web/20211103223507/https://blog.beacons.ai/how-to-grow-your-twitch-channel-with-reddit/
0fe700a303a99e4a,berndtcpa.com,inc.com_api_i5list,services_other,Supporting You,1545,20200928231831,https://www.berndtcpa.com/blog/87-new-tax-bill-what-it-means-to-you,https://web.archive.org/web/20200928231831/https://www.berndtcpa.com/blog/87-new-tax-bill-what-it-means-to-you
7dfa37cc57dad0a4,berndtcpa.com,inc.com_api_i5list,services_other,Mobile Solutions,610,20210228221928,https://berndtcpa.com/blog/blog/7-tips-for-surviving-back-to-school-this-year-35321,https://web.archive.org/web/20210228221928/https://berndtcpa.com/blog/blog/7-tips-for-surviving-back-to-school-this-year-35321
0d1abdb9ae520ac8,betterhalf.ai,yc,ecommerce_retail,What You Need to Know About Best Free Antivirus for Android Mobile,789,20191021200216,https://blog.betterhalf.ai/what-you-need-to-know-about-best-free-antivirus-for-android-mobile/,https://web.archive.org/web/20191021200216/https://blog.betterhalf.ai/what-you-need-to-know-about-best-free-antivirus-for-android-mobile/
23afe1f3b46bb4e9,betterhalf.ai,yc,ecommerce_retail,Going on a first date with someone you met online? These 5 tips might help you. - Betterhalf.ai,817,20200929105539,https://blog.betterhalf.ai/5-tips-to-follow-on-the-first-meeting-with-your-prospect/,https://web.archive.org/web/20200929105539/https://blog.betterhalf.ai/5-tips-to-follow-on-the-first-meeting-with-your-prospect/
72abf9aa945497e0,betterhalf.ai,yc,ecommerce_retail,Perform Filipino Ladies Make Very good Wives? Know More About The Attributes of Filipinas,1007,20190921150911,https://blog.betterhalf.ai/perform-filipino-ladies-make-very-good-wives-know-more-about-the-attributes-of-filipinas/,https://web.archive.org/web/20190921150911/https://blog.betterhalf.ai/perform-filipino-ladies-make-very-good-wives-know-more-about-the-attributes-of-filipinas/
d026812c748328d2,betterhalf.ai,yc,ecommerce_retail,"Zodiac traits, personality, and love compatibility with other signs - Betterhalf.ai",1150,20210421021219,https://blog.betterhalf.ai/zodiac-traits-personality-and-love-compatibility-with-other-signs/,https://web.archive.org/web/20210421021219/https://blog.betterhalf.ai/zodiac-traits-personality-and-love-compatibility-with-other-signs/
af09c3e4a9099c5b,bluecrewjobs.com,yc_directory,services_other,What To Do When Unexpected Factors Impact Your Business | Bluecrew Resources,800,20201029135828,https://www.bluecrewjobs.com/blog/what-to-do-when-unexpected-factors-impact-business,https://web.archive.org/web/20201029135828/https://www.bluecrewjobs.com/blog/what-to-do-when-unexpected-factors-impact-business
a5756b7a3c1905a3,boalogistics.com,inc.com_api_i5list,services_other,How you can Identify Completely different European Date Codes - BOA Logistics,623,20210924191139,https://www.boalogistics.com/blog/how-you-can-identify-completely-different-european-date-codes/,https://web.archive.org/web/20210924191139/https://www.boalogistics.com/blog/how-you-can-identify-completely-different-european-date-codes/
de5b994462606887,boalogistics.com,inc.com_api_i5list,services_other,How you can Act When You Talk to Submit Order Birdes-to-be - BOA Logistics,712,20210730131231,https://www.boalogistics.com/blog/how-you-can-act-when-you-talk-to-submit-order-birdes-to-be/,https://web.archive.org/web/20210730131231/https://www.boalogistics.com/blog/how-you-can-act-when-you-talk-to-submit-order-birdes-to-be/
f40d76e385f8a555,boalogistics.com,inc.com_api_i5list,services_other,5 various Advantages of Marrying a Foreign National - BOA Logistics,716,20210727095902,https://www.boalogistics.com/blog/5-various-advantages-of-marrying-a-foreign-national/,https://web.archive.org/web/20210727095902/https://www.boalogistics.com/blog/5-various-advantages-of-marrying-a-foreign-national/
2f1f2ab0902e421b,boldrimpact.com,inc.com_api_i5list,services_other,The Best Tips To Engage Your Remote Teams - Boldr.,1274,20220701210100,https://www.boldrimpact.com/blog/the-best-tips-to-engage-your-remote-teams/,https://web.archive.org/web/20220701210100/https://www.boldrimpact.com/blog/the-best-tips-to-engage-your-remote-teams/
48310a0ae8fd5939,boldrimpact.com,inc.com_api_i5list,services_other,Answering Quora Questions: Customer Experience Strategy - Boldr.,981,20220524021050,https://www.boldrimpact.com/blog/quora-questions-customer-experience-strategy/,https://web.archive.org/web/20220524021050/https://www.boldrimpact.com/blog/quora-questions-customer-experience-strategy/
52d5e61c103a9799,boldrimpact.com,inc.com_api_i5list,services_other,How to retain your top talent - Boldr.,1319,20220922144818,https://www.boldrimpact.com/blog/how-to-retain-your-top-talent/,https://web.archive.org/web/20220922144818/https://www.boldrimpact.com/blog/how-to-retain-your-top-talent/
b54398a089a6b0e1,boldrimpact.com,inc.com_api_i5list,services_other,Disaster-proofing your business - Boldr.,1554,20221005043853,https://www.boldrimpact.com/blog/disaster-proofing-your-business/,https://web.archive.org/web/20221005043853/https://www.boldrimpact.com/blog/disaster-proofing-your-business/
01726167d00952a4,bookkeeper360.com,inc.com_api_i5list,services_other,10 Must-Haves Your Payroll Provider Should Offer | Bookkeeper360,861,20210423015459,https://bookkeeper360.com/blog/10-must-haves-your-payroll-provider-should-offer/,https://web.archive.org/web/20210423015459/https://bookkeeper360.com/blog/10-must-haves-your-payroll-provider-should-offer/
05113ef669467feb,bookkeeper360.com,inc.com_api_i5list,services_other,What is Xero and How Can Business Owners Benefit from It? | Bookkeeper360,804,20191208084741,https://bookkeeper360.com/blog/2017/08/20/what-is-xero-and-how-can-business-owners-benefit-from-it/,https://web.archive.org/web/20191208084741/https://bookkeeper360.com/blog/2017/08/20/what-is-xero-and-how-can-business-owners-benefit-from-it/
956043a95a9db2f9,bookkeeper360.com,inc.com_api_i5list,services_other,Top 10 Ways to Create a Millennial-Friendly Environment | Bookkeeper360,631,20210423020908,https://bookkeeper360.com/blog/top-10-ways-to-create-a-millennial-friendly-environment/,https://web.archive.org/web/20210423020908/https://bookkeeper360.com/blog/top-10-ways-to-create-a-millennial-friendly-environment/
ab614337b2c002f1,bookkeeper360.com,inc.com_api_i5list,services_other,How to Connect Financial Data to Business Goals | Bookkeeper360,1114,20210120194919,https://bookkeeper360.com/blog/how-to-connect-financial-data-to-business-goals-1/,https://web.archive.org/web/20210120194919/https://bookkeeper360.com/blog/how-to-connect-financial-data-to-business-goals-1/
13ac921ee212ceb4,bottomless.com,yc_directory,ecommerce_retail,Your Ultimate Guide to Coffee Jargon,1655,20210426195450,https://blog.bottomless.com/p/your-ultimate-guide-to-coffee-jargon,https://web.archive.org/web/20210426195450/https://blog.bottomless.com/p/your-ultimate-guide-to-coffee-jargon
3a7f574ef568719b,bottomless.com,yc_directory,ecommerce_retail,The 12 Biggest Coffee Myths You Probably Believed,1083,20210507122018,https://blog.bottomless.com/p/the-12-biggest-coffee-myths-you-probably,https://web.archive.org/web/20210507122018/https://blog.bottomless.com/p/the-12-biggest-coffee-myths-you-probably
453e91fe32b20b55,bottomless.com,yc_directory,ecommerce_retail,How The Brain Interprets Coffee,1706,20190108181954,https://blog.bottomless.com/how-the-brain-interprets-coffee/,https://web.archive.org/web/20190108181954/https://blog.bottomless.com/how-the-brain-interprets-coffee/
835883155ac26c1f,bottomless.com,yc_directory,ecommerce_retail,The 8 Best Coffee and Food Pairings | Bottomless,1040,20211208101336,https://blog.bottomless.com/coffee-and-food-pairings/,https://web.archive.org/web/20211208101336/https://blog.bottomless.com/coffee-and-food-pairings/
ba5defb2557eb2ab,bottomless.com,yc_directory,ecommerce_retail,The 23 Best Uses of Your Coffee Time | Bottomless,1438,20211217175257,https://blog.bottomless.com/best-uses-of-your-coffee-time/,https://web.archive.org/web/20211217175257/https://blog.bottomless.com/best-uses-of-your-coffee-time/
d9fec86a07afb349,bottomless.com,yc_directory,ecommerce_retail,13 Surprising Uses of Coffee,1133,20210623013804,https://blog.bottomless.com/p/13-surprising-uses-of-coffee,https://web.archive.org/web/20210623013804/https://blog.bottomless.com/p/13-surprising-uses-of-coffee
60834d32ef309ef9,brainboard.co,yc,devtools,Cloud Ecosystem explained | Brainboard - Blog,1750,20220125193900,https://blog.brainboard.co/cloud-explained/,https://web.archive.org/web/20220125193900/https://blog.brainboard.co/cloud-explained/
9d745eaf2aa70736,brainboard.co,yc,devtools,End to end cloud management & governance platform.,674,20220524130628,https://blog.brainboard.co/cloud-entreprise,https://web.archive.org/web/20220524130628/https://blog.brainboard.co/cloud-entreprise
e8f439aa71998ab7,brainboard.co,yc,devtools,End to end cloud management & governance platform.,1804,20220228170213,https://blog.brainboard.co/infrastructure-as-code,https://web.archive.org/web/20220228170213/https://blog.brainboard.co/infrastructure-as-code
f8a4e082ee5aab42,brainboard.co,yc,devtools,"Terraform, explained | Brainboard - Blog",676,20220125202837,https://blog.brainboard.co/terraform-explained/,https://web.archive.org/web/20220125202837/https://blog.brainboard.co/terraform-explained/
14f76874dea8ecc1,breadcrumbs.io,yc,software_saas,5 Tried & Tested Lead Scoring Criteria Every Business Needs To Start Strong In 2021,1597,20210121190720,https://breadcrumbs.io/blog/5-tried-tested-lead-scoring-criteria-2021/,https://web.archive.org/web/20210121190720/https://breadcrumbs.io/blog/5-tried-tested-lead-scoring-criteria-2021/
299d6b15a6812242,breadcrumbs.io,yc,software_saas,The Best Upsell Examples and Strategies You Need to See,2532,20220113182822,https://breadcrumbs.io/blog/best-upsell-examples/,https://web.archive.org/web/20220113182822/https://breadcrumbs.io/blog/best-upsell-examples/
464cb85c5ce578cd,breadcrumbs.io,yc,software_saas,How to Overcome Price Objections: 5 Techniques That Close Sales,2181,20210416142136,https://breadcrumbs.io/blog/how-do-you-overcome-price-objections/,https://web.archive.org/web/20210416142136/https://breadcrumbs.io/blog/how-do-you-overcome-price-objections/
5a4241a38d40e85d,breadcrumbs.io,yc,software_saas,6 Customer Marketing Strategies for Growth,2031,20210624171806,https://breadcrumbs.io/blog/customer-marketing-strategies/,https://web.archive.org/web/20210624171806/https://breadcrumbs.io/blog/customer-marketing-strategies/
78f289686f384317,breadcrumbs.io,yc,software_saas,Cross-Functional Teams: 4 Startups Reveals Their Best Tips,1470,20210617175037,https://breadcrumbs.io/blog/cross-functional-teams/,https://web.archive.org/web/20210617175037/https://breadcrumbs.io/blog/cross-functional-teams/
9246ce92566acbad,breadcrumbs.io,yc,software_saas,Churn Analysis: 7 Tips To Improve & Win Back Lost Users,1781,20210909211222,https://breadcrumbs.io/blog/churn-analysis/,https://web.archive.org/web/20210909211222/https://breadcrumbs.io/blog/churn-analysis/
939788bc396f30f8,breadcrumbs.io,yc,software_saas,5 Tips For Mapping Out Your Entire Customer Journey & Buying Process,1700,20220824151006,https://breadcrumbs.io/blog/customer-journey-mapping/,https://web.archive.org/web/20220824151006/https://breadcrumbs.io/blog/customer-journey-mapping/
a89aa7069de2b87f,breadcrumbs.io,yc,software_saas,9 Powerful Alternatives to Cold Calling for Boosting Conversions,2096,20210812170945,https://breadcrumbs.io/blog/alternatives-to-cold-calling/,https://web.archive.org/web/20210812170945/https://breadcrumbs.io/blog/alternatives-to-cold-calling/
b0fbaa2a3adcc499,breadcrumbs.io,yc,software_saas,5 Simple B2B Customer Retention Strategies (And How to Get Started),1632,20210917195743,https://breadcrumbs.io/blog/b2b-customer-retention/,https://web.archive.org/web/20210917195743/https://breadcrumbs.io/blog/b2b-customer-retention/
bb6c1740cab59341,breadcrumbs.io,yc,software_saas,8 Landing Page Optimizations We Swear By,1379,20210518150533,https://breadcrumbs.io/blog/landing-page-optimizations/,https://web.archive.org/web/20210518150533/https://breadcrumbs.io/blog/landing-page-optimizations/
d0beaf13ac392e57,breadcrumbs.io,yc,software_saas,Close More Deals Faster with a Customer-focused Sales Deck,2179,20210407185459,https://breadcrumbs.io/blog/customer-focused-sales-deck/,https://web.archive.org/web/20210407185459/https://breadcrumbs.io/blog/customer-focused-sales-deck/
d5532f1e726445b6,breadcrumbs.io,yc,software_saas,Firmographic Data: Everything You Need to Know,1582,20210604145519,https://breadcrumbs.io/blog/firmographic-data/,https://web.archive.org/web/20210604145519/https://breadcrumbs.io/blog/firmographic-data/
e6c1680372c0a8ae,breadcrumbs.io,yc,software_saas,Product-Led Sales: 5 Important Things To Do In This Transition,1635,20220111184034,https://breadcrumbs.io/blog/product-led-sales/,https://web.archive.org/web/20220111184034/https://breadcrumbs.io/blog/product-led-sales/
f850ef925a066e08,breadcrumbs.io,yc,software_saas,6 No-Brainer Ways to Create Highly Clickable Email Blasts,1928,20210611020805,https://breadcrumbs.io/blog/create-highly-clickable-email-blasts/,https://web.archive.org/web/20210611020805/https://breadcrumbs.io/blog/create-highly-clickable-email-blasts/
2595ad424924ef9b,buypeakperformance.com,inc.com_api_i5list,health,WHAT I EAT AND WHY: A Certified Nutritionist & A Biohacker Share What They Eat Everyday,572,20200804191737,https://buypeakperformance.com/blogs/blog/what-i-eat-and-why-a-certified-nutritionist-a-biohacker-share-what-they-eat-everyday,https://web.archive.org/web/20200804191737/https://buypeakperformance.com/blogs/blog/what-i-eat-and-why-a-certified-nutritionist-a-biohacker-share-what-they-eat-everyday
fe48a4fec4e52595,buypeakperformance.com,inc.com_api_i5list,health,What It Takes To Be A Peak Performer,1241,20200922104120,https://buypeakperformance.com/blogs/blog/what-it-takes-to-be-a-peak-performer,https://web.archive.org/web/20200922104120/https://buypeakperformance.com/blogs/blog/what-it-takes-to-be-a-peak-performer
36c993a690159f7d,buzzybooth.com,inc.com_api_i5list,services_other,How to Effectively Market your Dental Practice,661,20200927161325,https://blog.buzzybooth.com/dental-marketing/how-to-effectively-market-your-dental-practice,https://web.archive.org/web/20200927161325/https://blog.buzzybooth.com/dental-marketing/how-to-effectively-market-your-dental-practice
862d79e47f6b86e7,buzzybooth.com,inc.com_api_i5list,services_other,How a Photo Booth Can Improve Your Restaurant Marketing Strategy,906,20201022120447,https://blog.buzzybooth.com/restaurant-marketing/how-a-photo-booth-can-improve-your-restaurant-marketing-strategy,https://web.archive.org/web/20201022120447/https://blog.buzzybooth.com/restaurant-marketing/how-a-photo-booth-can-improve-your-restaurant-marketing-strategy
093b76793bfca5ce,carwoo.com,yc,ecommerce_retail,2012 Cadillac Escalade - The CarWoo! Chronicle,668,20121014062251,http://carwoo.com:80/blog/2012-cadillac-escalade/,https://web.archive.org/web/20121014062251/http://carwoo.com:80/blog/2012-cadillac-escalade/
0cecf07745be51b2,carwoo.com,yc,ecommerce_retail,Car Shopper Pitfall: Monthly Payment - The CarWoo! Chronicle,750,20111111025059,http://carwoo.com:80/blog/car-shopper-pitfall-monthly-payment/,https://web.archive.org/web/20111111025059/http://carwoo.com:80/blog/car-shopper-pitfall-monthly-payment/
12e2881e531a01b8,carwoo.com,yc,ecommerce_retail,2012 Lexus IS 250 – This Eye Candy Could Be Your Candy - The CarWoo! Chronicle,625,20120629101008,http://carwoo.com:80/blog/2012-lexus-is-250-this-eye-candy-could-be-your-candy/,https://web.archive.org/web/20120629101008/http://carwoo.com:80/blog/2012-lexus-is-250-this-eye-candy-could-be-your-candy/
23053b2912f75f1f,carwoo.com,yc,ecommerce_retail,2012 BMW 7 Series - The CarWoo! Chronicle,727,20120408090459,http://carwoo.com:80/blog/2012-bmw-7-series/,https://web.archive.org/web/20120408090459/http://carwoo.com:80/blog/2012-bmw-7-series/
26259dde79f0b806,carwoo.com,yc,ecommerce_retail,Best Cars for Women Who Love the Outdoors,633,20110609145536,http://carwoo.com:80/blog/best-cars-for-women-who-love-the-outdoors/,https://web.archive.org/web/20110609145536/http://carwoo.com:80/blog/best-cars-for-women-who-love-the-outdoors/
9d4c6dbce72a7622,carwoo.com,yc,ecommerce_retail,2013 Dodge Dart – It Hits the Spot - The CarWoo! Chronicle,712,20120603020251,http://carwoo.com:80/blog/2013-dodge-dart-it-hits-the-spot/,https://web.archive.org/web/20120603020251/http://carwoo.com:80/blog/2013-dodge-dart-it-hits-the-spot/
ac228a3268783c18,carwoo.com,yc,ecommerce_retail,2012 GMC Yukon - The CarWoo! Chronicle,667,20120131221325,http://carwoo.com:80/blog/2012-gmc-yukon/,https://web.archive.org/web/20120131221325/http://carwoo.com:80/blog/2012-gmc-yukon/
e22c30d212134581,carwoo.com,yc,ecommerce_retail,Best Car for Recent Grads - The CarWoo! Chronicle,799,20110623013553,http://carwoo.com:80/blog/best-car-for-recent-grads/,https://web.archive.org/web/20110623013553/http://carwoo.com:80/blog/best-car-for-recent-grads/
02345c5400c096ed,cascade.app,inc.com_api_i5list,software_saas,How to Create Company Values,1374,20210226062304,https://www.cascade.app/blog/company-values,https://web.archive.org/web/20210226062304/https://www.cascade.app/blog/company-values
19837bee660836bd,cascade.app,inc.com_api_i5list,software_saas,Gap Analysis: Guide and Template,2494,20210117062407,https://www.cascade.app/blog/gap-analysis,https://web.archive.org/web/20210117062407/https://www.cascade.app/blog/gap-analysis
44051c6f6f3e0205,cascade.app,inc.com_api_i5list,software_saas,McKinsey's Three Horizons of Growth Can Help You to Innovate,1282,20210226072843,https://www.cascade.app/blog/mckinseys-three-horizons-of-growth,https://web.archive.org/web/20210226072843/https://www.cascade.app/blog/mckinseys-three-horizons-of-growth
58e032d5e7f68ddf,cascade.app,inc.com_api_i5list,software_saas,A Simple Methodology For Continuous Process Improvement,1967,20211016001713,https://www.cascade.app/blog/continuous-process-improvement,https://web.archive.org/web/20211016001713/https://www.cascade.app/blog/continuous-process-improvement
68a6a2d359c1a00e,cascade.app,inc.com_api_i5list,software_saas,6 Steps to Successfully Execute a Strategy,1717,20210526125023,https://www.cascade.app/blog/successfully-execute-a-strategy,https://web.archive.org/web/20210526125023/https://www.cascade.app/blog/successfully-execute-a-strategy
6f481f67e57ae643,cascade.app,inc.com_api_i5list,software_saas,Creating Strategic Focus Areas,1231,20210226060259,https://www.cascade.app/blog/strategic-focus-areas,https://web.archive.org/web/20210226060259/https://www.cascade.app/blog/strategic-focus-areas
7d71b3fdc8753b40,cascade.app,inc.com_api_i5list,software_saas,Marketing Strategy: How We Built Ours Using Cascade Strategy,2076,20211015235603,https://www.cascade.app/blog/marketing-strategy-software,https://web.archive.org/web/20211015235603/https://www.cascade.app/blog/marketing-strategy-software
8176c8f260ec7c8b,cascade.app,inc.com_api_i5list,software_saas,Strategic Initiatives: How to Develop and Execute Them,2226,20210925155603,https://www.cascade.app/blog/strategic-initiatives,https://web.archive.org/web/20210925155603/https://www.cascade.app/blog/strategic-initiatives
8cb2a5f3557352ee,cascade.app,inc.com_api_i5list,software_saas,7 Top Reasons Why Strategic Plans Fail,1888,20210625040938,https://www.cascade.app/blog/7-top-reasons-why-strategic-plans-fail,https://web.archive.org/web/20210625040938/https://www.cascade.app/blog/7-top-reasons-why-strategic-plans-fail
8d6656e8b2eaac4f,cascade.app,inc.com_api_i5list,software_saas,"SWOT Analysis: Strengths, Weaknesses, Opportunities & Threats",907,20210117063651,https://www.cascade.app/blog/swot-analysis,https://web.archive.org/web/20210117063651/https://www.cascade.app/blog/swot-analysis
8fe2bdd0bb149513,cascade.app,inc.com_api_i5list,software_saas,How to share and get feedback about your strategy,1402,20220528135135,https://www.cascade.app/blog/how-to-share-and-get-feedback-about-your-strategy,https://web.archive.org/web/20220528135135/https://www.cascade.app/blog/how-to-share-and-get-feedback-about-your-strategy
950c8f29dfdc3096,cascade.app,inc.com_api_i5list,software_saas,Build a digital transformation roadmap in 8 steps + free template,2444,20220528143556,https://www.cascade.app/blog/build-a-digital-transformation-roadmap,https://web.archive.org/web/20220528143556/https://www.cascade.app/blog/build-a-digital-transformation-roadmap
a6f7bdeb55e77c96,cascade.app,inc.com_api_i5list,software_saas,Strategy vs Execution: How to break out of the strategy planning trap,1356,20220916215541,https://www.cascade.app/blog/strategy-vs-execution,https://web.archive.org/web/20220916215541/https://www.cascade.app/blog/strategy-vs-execution
bc80bc52ac43d571,cascade.app,inc.com_api_i5list,software_saas,Customer Service KPIs - The Key Metrics To Track,1568,20210117070116,https://www.cascade.app/blog/kpis-customer-service-teams,https://web.archive.org/web/20210117070116/https://www.cascade.app/blog/kpis-customer-service-teams
c0f1255acae07afc,cascade.app,inc.com_api_i5list,software_saas,13 Product Management KPI Examples To Get You Started,1608,20210619114825,https://www.cascade.app/blog/product-management-kpis,https://web.archive.org/web/20210619114825/https://www.cascade.app/blog/product-management-kpis
d32bd6bf2da828e2,cascade.app,inc.com_api_i5list,software_saas,Perfecting the process of strategy development: 8 steps to success,2029,20220528125110,https://www.cascade.app/blog/process-of-strategy-development,https://web.archive.org/web/20220528125110/https://www.cascade.app/blog/process-of-strategy-development
db8ffa364d007db0,cascade.app,inc.com_api_i5list,software_saas,Know Your Strategy Expectations Or Expect To Fail,1421,20220528145341,https://www.cascade.app/blog/strategy-expectations,https://web.archive.org/web/20220528145341/https://www.cascade.app/blog/strategy-expectations
dd5377f28286f834,cascade.app,inc.com_api_i5list,software_saas,Strategic Alignment Benefits - Let's Actually Quantify The Value!,1761,20220127074821,https://www.cascade.app/blog/strategic-alignment-benefits,https://web.archive.org/web/20220127074821/https://www.cascade.app/blog/strategic-alignment-benefits
e27e480d75e1b099,cascade.app,inc.com_api_i5list,software_saas,How to create a project charter template + examples,2075,20220528135243,https://www.cascade.app/blog/create-a-project-charter-template,https://web.archive.org/web/20220528135243/https://www.cascade.app/blog/create-a-project-charter-template
f2818e185bf73fbe,cascade.app,inc.com_api_i5list,software_saas,Transitioning Your Strategic Plan,1955,20210518130118,https://www.cascade.app/blog/transitioning-your-strategic-plan,https://web.archive.org/web/20210518130118/https://www.cascade.app/blog/transitioning-your-strategic-plan
377484f1cadeb792,castle.io,yc,devtools,Why Online Services with Good Security Are More Profitable,978,20200616183131,https://blog.castle.io/redefining-security-as-a-profit-driver/,https://web.archive.org/web/20200616183131/https://blog.castle.io/redefining-security-as-a-profit-driver/
c3f4979a9e8d816d,castle.io,yc,devtools,"What Is a Leaked Credentials Database, and What Does It Hold?",973,20210510083925,https://blog.castle.io/leaked-credentials-database/,https://web.archive.org/web/20210510083925/https://blog.castle.io/leaked-credentials-database/
cf2dac6bf446c21e,castle.io,yc,devtools,How to Think About GDPR as a Security Vendor,1040,20200813112424,https://blog.castle.io/how-to-think-about-gdpr-as-a-security-vendor/,https://web.archive.org/web/20200813112424/https://blog.castle.io/how-to-think-about-gdpr-as-a-security-vendor/
e78ceecf5d2cde8d,castle.io,yc,devtools,Defining AX: Attacker Experience,1227,20200616180212,https://blog.castle.io/defining-attacker-experience/,https://web.archive.org/web/20200616180212/https://blog.castle.io/defining-attacker-experience/
3009527f8b872d25,catch.co,yc,fintech_insurance,Benefits and Challenges of Working as a Freelancer | Catch,893,20190823090245,https://catch.co/blog/benefits-and-challenges-of-working-as-a-freelancer/,https://web.archive.org/web/20190823090245/https://catch.co/blog/benefits-and-challenges-of-working-as-a-freelancer/
4f29b1e6be4566e2,catch.co,yc,fintech_insurance,Getting Into Freelancing: Points to Consider,1034,20190721152933,https://www.catch.co/blog/getting-into-freelancing-points-to-consider,https://web.archive.org/web/20190721152933/https://www.catch.co/blog/getting-into-freelancing-points-to-consider
72247d061677d5e9,catch.co,yc,fintech_insurance,Health Insurance: Metallic Plans and Cost Savings | Catch,1270,20190823090225,https://catch.co/blog/health-insurance-metallic-plans-and-cost-savings/,https://web.archive.org/web/20190823090225/https://catch.co/blog/health-insurance-metallic-plans-and-cost-savings/
9611c512368ba46e,catch.co,yc,fintech_insurance,2020 Recap: Taxes,853,20210303140025,https://www.catch.co/blog/2020-recap-taxes,https://web.archive.org/web/20210303140025/https://www.catch.co/blog/2020-recap-taxes
c0816195251c94a7,catch.co,yc,fintech_insurance,3 Things Entrepreneurs Should Never Put Off (The 3rd One May Surprise You),1094,20190721153814,https://www.catch.co/blog/3-things-entrepreneurs-should-never-put-off-the-3rd-one-may-surprise-you,https://web.archive.org/web/20190721153814/https://www.catch.co/blog/3-things-entrepreneurs-should-never-put-off-the-3rd-one-may-surprise-you
df6865cabf7a2475,catch.co,yc,fintech_insurance,3 Health Insurance Excuses Answered - Why To Stay Insured | Catch,855,20190823093226,https://catch.co/blog/3-health-insurance-excuses-answered-why-to-stay-insured/,https://web.archive.org/web/20190823093226/https://catch.co/blog/3-health-insurance-excuses-answered-why-to-stay-insured/
e519088341b09b5a,catch.co,yc,fintech_insurance,How I Am Surviving The Gig Economy | Catch,1019,20190918173901,https://catch.co/blog/how-i-am-surviving-the-gig-economy/,https://web.archive.org/web/20190918173901/https://catch.co/blog/how-i-am-surviving-the-gig-economy/
32bdbe533788664a,chartio.com,yc,software_saas,How Analytics Drives the Golden State Warriors,650,20190825231907,https://chartio.com/blog/how-analytics-drives-the-golden-state-warriors/,https://web.archive.org/web/20190825231907/https://chartio.com/blog/how-analytics-drives-the-golden-state-warriors/
60e7f43af701252a,chartio.com,yc,software_saas,Data Democratization – Chartio and Talend Podcast Chat,758,20200921102836,https://chartio.com/blog/data-democratization-chartio-and-talend-podcast-chat/,https://web.archive.org/web/20200921102836/https://chartio.com/blog/data-democratization-chartio-and-talend-podcast-chat/
c2d9bda9385a6754,chartio.com,yc,software_saas,Can Data be Dangerous for your Startup,1453,20130102171816,http://chartio.com:80/blog/2011/02/can-data-be-dangerous-for-your-startup,https://web.archive.org/web/20130102171816/http://chartio.com:80/blog/2011/02/can-data-be-dangerous-for-your-startup
dc648f552ec0d67e,chartio.com,yc,software_saas,The Data Behind H-1B Visas,901,20130913001634,http://chartio.com:80/blog/2013/09/the-data-behind-h1b-visas,https://web.archive.org/web/20130913001634/http://chartio.com:80/blog/2013/09/the-data-behind-h1b-visas
df9451767332db78,chartio.com,yc,software_saas,5 Tips for Selecting the Right Data Warehouse,1371,20190824005025,https://chartio.com/blog/5-tips-for-selecting-the-right-data-warehouse/,https://web.archive.org/web/20190824005025/https://chartio.com/blog/5-tips-for-selecting-the-right-data-warehouse/
0819ab6b33ae3735,chatwoot.com,yc,devtools,Will customer service be replaced by robots?,2074,20221011134338,https://www.chatwoot.com/blog/will-customer-service-be-replaced-by-robots,https://web.archive.org/web/20221011134338/https://www.chatwoot.com/blog/will-customer-service-be-replaced-by-robots
28539923b0abfa40,chatwoot.com,yc,devtools,The 10 crucial customer service KPIs and how to track them?,2553,20220805154835,https://www.chatwoot.com/blog/crucial-customer-service-kpis/,https://web.archive.org/web/20220805154835/https://www.chatwoot.com/blog/crucial-customer-service-kpis/
424a342f968685bc,chatwoot.com,yc,devtools,6 key factors that affect customer satisfaction the most,2546,20220906083814,https://www.chatwoot.com/blog/factors-affecting-customer-satisfaction,https://web.archive.org/web/20220906083814/https://www.chatwoot.com/blog/factors-affecting-customer-satisfaction
795c3d5fd73d6585,chatwoot.com,yc,devtools,14 Do’s and Don’ts of satisfactory customer service,2405,20221109140003,https://www.chatwoot.com/blog/dos-and-donts-of-customer-service,https://web.archive.org/web/20221109140003/https://www.chatwoot.com/blog/dos-and-donts-of-customer-service
d4fccc73c8c3d43d,chatwoot.com,yc,devtools,External service callbacks made easy with LocalTunnel,761,20210615191124,https://www.chatwoot.com/blog/manage-external-service-callbacks-with-local-tunnel/,https://web.archive.org/web/20210615191124/https://www.chatwoot.com/blog/manage-external-service-callbacks-with-local-tunnel/
f721ca280441aee4,chatwoot.com,yc,devtools,The complete guide to building your customer experience strategy in 2022,1873,20220930023744,https://www.chatwoot.com/blog/guide-to-building-customer-experience-strategy,https://web.archive.org/web/20220930023744/https://www.chatwoot.com/blog/guide-to-building-customer-experience-strategy
fa81ffef3c767d34,chatwoot.com,yc,devtools,The difference between customer service and customer support,1918,20221003090412,https://www.chatwoot.com/blog/customer-service-vs-customer-support,https://web.archive.org/web/20221003090412/https://www.chatwoot.com/blog/customer-service-vs-customer-support
202a92784582b123,chetu.com,inc.com_api_i5list,services_other,HTML5 in eLearning : How to Overcome the Limitations of Flash.,636,20160330214335,http://www.chetu.com:80/blogs/e-learn/how-html5-is-overcoming-the-limitations-of-flash-in-elearning.php,https://web.archive.org/web/20160330214335/http://www.chetu.com:80/blogs/e-learn/how-html5-is-overcoming-the-limitations-of-flash-in-elearning.php
37b8424931829c8f,chetu.com,inc.com_api_i5list,services_other,How to Track Employee Performance the Right Way | Chetu,1023,20210119024727,https://www.chetu.com/blogs/human-capital-management/track-employee-performance.php,https://web.archive.org/web/20210119024727/https://www.chetu.com/blogs/human-capital-management/track-employee-performance.php
4cdc032c964a2e80,chetu.com,inc.com_api_i5list,services_other,How to Develop Reel Games Using HTML5,1158,20160407145107,http://www.chetu.com:80/blogs/gaming/how-to-build-reel-games-using-html5.php,https://web.archive.org/web/20160407145107/http://www.chetu.com:80/blogs/gaming/how-to-build-reel-games-using-html5.php
6d0b496bbfbb9cc8,chetu.com,inc.com_api_i5list,services_other,5 Benefits of Integrating Payroll Software in Businesses | Chetu,1075,20210203150059,https://www.chetu.com/blogs/human-capital-management/payroll-software-benefits.php,https://web.archive.org/web/20210203150059/https://www.chetu.com/blogs/human-capital-management/payroll-software-benefits.php
8cee2281af44f2ab,chetu.com,inc.com_api_i5list,services_other,Implement Siemens Soarian® Clinical Workflows and help Hospital Organizations.,776,20160518022209,http://www.chetu.com:80/blogs/healthcare/how-to-implement-siemens-soarian-clinical-workflows-for-hospitals.php,https://web.archive.org/web/20160518022209/http://www.chetu.com:80/blogs/healthcare/how-to-implement-siemens-soarian-clinical-workflows-for-hospitals.php
8fb06c90de8ba26d,chetu.com,inc.com_api_i5list,services_other,Social Mobile Gaming Industry Blog,1197,20150619032310,http://www.chetu.com:80/blogs/gaming/market-penetration-social-and-mobile-gaming-industry/,https://web.archive.org/web/20150619032310/http://www.chetu.com:80/blogs/gaming/market-penetration-social-and-mobile-gaming-industry/
d8e63fcdbf5c91b8,chetu.com,inc.com_api_i5list,services_other,The Rise of Blockchain-Powered Decentralized Applications (dApps) | Chetu,1726,20210926155808,https://www.chetu.com/blogs/blockchain/dapps-development.php,https://web.archive.org/web/20210926155808/https://www.chetu.com/blogs/blockchain/dapps-development.php
2bb3da02c611872a,circleci.com,g2.com_wayback,devtools,Automate and scale your CI/CD with CircleCI orbs,841,20210610102730,https://circleci.com/blog/automate-and-scale-your-ci-cd-with-circleci-orbs/,https://web.archive.org/web/20210610102730/https://circleci.com/blog/automate-and-scale-your-ci-cd-with-circleci-orbs/
2d1dba2feda9a315,circleci.com,g2.com_wayback,devtools,Discover 2022 DevOps trends with CircleCI data report,809,20220315150148,https://circleci.com/blog/2022-devops-trends-report/,https://web.archive.org/web/20220315150148/https://circleci.com/blog/2022-devops-trends-report/
3558629983328b26,circleci.com,g2.com_wayback,devtools,Building open source projects on CircleCI,629,20190809142217,https://circleci.com/blog/building-open-source-projects-on-circleci/,https://web.archive.org/web/20190809142217/https://circleci.com/blog/building-open-source-projects-on-circleci/
5ef7f88007ef5d15,circleci.com,g2.com_wayback,devtools,"Build, Test, and Deploy Statically Generated Websites With Hugo",1167,20170614040500,https://circleci.com/blog/build-test-deploy-hugo-sites/,https://web.archive.org/web/20170614040500/https://circleci.com/blog/build-test-deploy-hugo-sites/
613e50eeee53c1d6,circleci.com,g2.com_wayback,devtools,Continuous integration for React Native applications,1412,20210329164251,https://circleci.com/blog/ci-for-react-apps/,https://web.archive.org/web/20210329164251/https://circleci.com/blog/ci-for-react-apps/
6bbca74c1e672f9e,circleci.com,g2.com_wayback,devtools,Canary vs blue-green deployment to reduce enterprise downtime,1158,20210513232221,https://circleci.com/blog/canary-vs-blue-green-downtime/,https://web.archive.org/web/20210513232221/https://circleci.com/blog/canary-vs-blue-green-downtime/
98ddd7d44fd5a4b7,circleci.com,g2.com_wayback,devtools,Continuously deploy custom images to an Azure container registry,2090,20210616170118,https://circleci.com/blog/azure-custom-images/,https://web.archive.org/web/20210616170118/https://circleci.com/blog/azure-custom-images/
e85cb72455b5e477,circleci.com,g2.com_wayback,devtools,Checkpoint and restore Docker container with CRIU,1434,20170706134829,https://circleci.com/blog/checkpoint-and-restore-docker-container-with-criu/,https://web.archive.org/web/20170706134829/https://circleci.com/blog/checkpoint-and-restore-docker-container-with-criu/
3a287121fb62b150,clear.co,inc.com_api_i5list,fintech_insurance,5 Ways to Improve E-commerce Customer Retention Rate,1161,20211125085230,https://clear.co/blog/learn/improve-ecommerce-customer-retention-rate/,https://web.archive.org/web/20211125085230/https://clear.co/blog/learn/improve-ecommerce-customer-retention-rate/
9bc787e436790199,clear.co,inc.com_api_i5list,fintech_insurance,How startups can leverage microlending to finance their,882,20220519184450,https://clear.co/blog/financing/microlending-for-startups/,https://web.archive.org/web/20220519184450/https://clear.co/blog/financing/microlending-for-startups/
366e1584dc75f498,clustrix.com,yc,devtools,Sharding: In Theory and Practice (Part Five),1003,20130725093923,http://www.clustrix.com:80/blog/bid/273851/Sharding-In-Theory-and-Practice-Part-Five,https://web.archive.org/web/20130725093923/http://www.clustrix.com:80/blog/bid/273851/Sharding-In-Theory-and-Practice-Part-Five
39ea5f93597af349,clustrix.com,yc,devtools,Tech Talk from our Friends at TheLadders: How to Scale Your Database in the Cloud,729,20130505005709,http://www.clustrix.com:80/blog/bid/282985/Tech-Talk-from-our-Friends-at-TheLadders-How-to-Scale-Your-Database-in-the-Cloud,https://web.archive.org/web/20130505005709/http://www.clustrix.com:80/blog/bid/282985/Tech-Talk-from-our-Friends-at-TheLadders-How-to-Scale-Your-Database-in-the-Cloud
4054f05b123654e9,clustrix.com,yc,devtools,Sharding: In Theory and Practice (Part Two),1076,20130129072500,http://www.clustrix.com:80/blog/bid/259919/Sharding-In-Theory-and-Practice-Part-Two,https://web.archive.org/web/20130129072500/http://www.clustrix.com:80/blog/bid/259919/Sharding-In-Theory-and-Practice-Part-Two
624d0cc84f302e09,clustrix.com,yc,devtools,Getting started with Clustrix DevKit,1888,20121018132048,http://www.clustrix.com/blog/bid/197461/Getting-started-with-Clustrix-DevKit,https://web.archive.org/web/20121018132048/http://www.clustrix.com/blog/bid/197461/Getting-started-with-Clustrix-DevKit
6e8e31a717df709e,clustrix.com,yc,devtools,"In-memory real-time analytics, done right",1027,20131021043945,http://www.clustrix.com:80/blog/bid/320872/In-memory-real-time-analytics-done-right,https://web.archive.org/web/20131021043945/http://www.clustrix.com:80/blog/bid/320872/In-memory-real-time-analytics-done-right
891499c0089b7447,clustrix.com,yc,devtools,Three Megatrends Fueling Database Industry Growth in 2013,1259,20130129071830,http://www.clustrix.com:80/blog/bid/257451/Three-Megatrends-Fueling-Database-Industry-Growth-in-2013,https://web.archive.org/web/20130129071830/http://www.clustrix.com:80/blog/bid/257451/Three-Megatrends-Fueling-Database-Industry-Growth-in-2013
cb56f4b876f8f862,clustrix.com,yc,devtools,"An Intro to Sierra, the Clustrix Database Query Optimizer",971,20130505012216,http://www.clustrix.com:80/blog/bid/273635/An-Intro-to-Sierra-the-Clustrix-Database-Query-Optimizer,https://web.archive.org/web/20130505012216/http://www.clustrix.com:80/blog/bid/273635/An-Intro-to-Sierra-the-Clustrix-Database-Query-Optimizer
eb103ff7dd4fbdba,clustrix.com,yc,devtools,Spotlight on Three Differentiating Features of Clustrix,760,20130101055312,http://www.clustrix.com:80/blog/bid/253748/Spotlight-on-Three-Differentiating-Features-of-Clustrix,https://web.archive.org/web/20130101055312/http://www.clustrix.com:80/blog/bid/253748/Spotlight-on-Three-Differentiating-Features-of-Clustrix
44250121645aa731,cognitohq.com,yc,fintech_insurance,"Know Your Strategy: Assessing AML Compliance, Risk Appetite, and the Onboarding Lifecycle | Cognito",1135,20210926060619,https://cognitohq.com/blog/know-your-strategy-assessing-aml-compliance,https://web.archive.org/web/20210926060619/https://cognitohq.com/blog/know-your-strategy-assessing-aml-compliance
696fecf3034ddd78,cognitohq.com,yc,fintech_insurance,"Address Verification: How, Where, Why? | Cognito",672,20210926054250,https://cognitohq.com/blog/address-verification,https://web.archive.org/web/20210926054250/https://cognitohq.com/blog/address-verification
8376c0a05c907979,cognitohq.com,yc,fintech_insurance,Enhanced Due Diligence Is Non-Negotiable. Here is How to Do It Right | Cognito,1058,20210926063926,https://cognitohq.com/blog/enhanced-due-diligence-is-non-negotiable,https://web.archive.org/web/20210926063926/https://cognitohq.com/blog/enhanced-due-diligence-is-non-negotiable
1ecac895296ce7e0,communityphone.org,yc,ecommerce_retail,How To Use A Landline Phone,1467,20221002093935,https://www.communityphone.org/blogs/how-to-use-a-landline-phone,https://web.archive.org/web/20221002093935/https://www.communityphone.org/blogs/how-to-use-a-landline-phone
46489cd7918f8e66,communityphone.org,yc,ecommerce_retail,How To Port A Phone Number Away From Ooma,1274,20221002101214,https://www.communityphone.org/blogs/port-number-from-ooma,https://web.archive.org/web/20221002101214/https://www.communityphone.org/blogs/port-number-from-ooma
5dffcc7ec00aa647,communityphone.org,yc,ecommerce_retail,The Best Internet Providers Near Me,1042,20210803031703,https://www.communityphone.org/blogs/best-internet-providers-near-me,https://web.archive.org/web/20210803031703/https://www.communityphone.org/blogs/best-internet-providers-near-me
6a62f2a512387e31,communityphone.org,yc,ecommerce_retail,What is VoIP Jitter? Common Causes and Best Solution,1287,20221128215308,https://www.communityphone.org/blogs/what-is-voip-jitter,https://web.archive.org/web/20221128215308/https://www.communityphone.org/blogs/what-is-voip-jitter
b362a93993a1ce25,communityphone.org,yc,ecommerce_retail,How To Get A Business Phone Number [Types & Providers],993,20220716144515,https://www.communityphone.org/blogs/business-phone-number,https://web.archive.org/web/20220716144515/https://www.communityphone.org/blogs/business-phone-number
de0e95889dd44c8f,communityphone.org,yc,ecommerce_retail,How to send a letter to the CEO of your cell phone carrier,637,20210803031440,https://www.communityphone.org/blogs/send-letter-ceo-cell-phone-carrier,https://web.archive.org/web/20210803031440/https://www.communityphone.org/blogs/send-letter-ceo-cell-phone-carrier
ed75cc392e1baefc,communityphone.org,yc,ecommerce_retail,How to Cancel Vonage Phone Services,1094,20201130194845,https://communityphone.org/blogs/news/how-to-cancel-vonage-phone-services,https://web.archive.org/web/20201130194845/https://communityphone.org/blogs/news/how-to-cancel-vonage-phone-services
fd394fd5ee460f5b,communityphone.org,yc,ecommerce_retail,How to Make Business Phone Calls That Get Results,1147,20221127054526,https://www.communityphone.org/blogs/business-calls,https://web.archive.org/web/20221127054526/https://www.communityphone.org/blogs/business-calls
0077f66e11d808b8,compliancequest.com,inc.com_api_i5list,software_saas,Here's Why Automated Impact Analysis for your Change Requests can be Game Changer,1090,20220122032544,https://www.compliancequest.com/blog/change-requests-impact-analysis/,https://web.archive.org/web/20220122032544/https://www.compliancequest.com/blog/change-requests-impact-analysis/
07273e78514572c2,compliancequest.com,inc.com_api_i5list,software_saas,Brexit: A Compliance Quagmire for the Healthcare Industry - ComplianceQuest QHSE Solutions,708,20200929114604,https://www.compliancequest.com/blog/brexit-a-compliance-quagmire-for-the-healthcare-industry/,https://web.archive.org/web/20200929114604/https://www.compliancequest.com/blog/brexit-a-compliance-quagmire-for-the-healthcare-industry/
25593cb6b0bdb144,compliancequest.com,inc.com_api_i5list,software_saas,Key Areas in C> Manufacturing Process Where Upskilling is Critical,791,20220626085231,https://www.compliancequest.com/blog/cgt-manufacturing-process-key-areas/,https://web.archive.org/web/20220626085231/https://www.compliancequest.com/blog/cgt-manufacturing-process-key-areas/
47f0c9a5b89b7c72,compliancequest.com,inc.com_api_i5list,software_saas,Nonconformity Management Powered by Automation,928,20220518155953,https://www.compliancequest.com/blog/automation-nonconformity-management/,https://web.archive.org/web/20220518155953/https://www.compliancequest.com/blog/automation-nonconformity-management/
5c2121930f939815,compliancequest.com,inc.com_api_i5list,software_saas,Grappling with Increasing Complaints in your Med Device Company? Move from WebTrader to CQ’s MDR e-Gateway for FDA Reporting,675,20220518170254,https://www.compliancequest.com/blog/grappling-complaints-med-device-company/,https://web.archive.org/web/20220518170254/https://www.compliancequest.com/blog/grappling-complaints-med-device-company/
72a4276740d1683a,compliancequest.com,inc.com_api_i5list,software_saas,How to Get Your Health and Safety Digitalization Project Funded - ComplianceQuest QHSE Solutions,994,20210120184258,https://www.compliancequest.com/blog/how-to-get-your-health-and-safety-digitalization-project-funded/,https://web.archive.org/web/20210120184258/https://www.compliancequest.com/blog/how-to-get-your-health-and-safety-digitalization-project-funded/
791b883664b843d2,compliancequest.com,inc.com_api_i5list,software_saas,Control Tower 4.0: To Completely Transform Your Health & Safety Management Initiatives,1008,20220626080207,https://www.compliancequest.com/blog/control-tower-to-transform-health-safety-initiatives/,https://web.archive.org/web/20220626080207/https://www.compliancequest.com/blog/control-tower-to-transform-health-safety-initiatives/
92f9e0db02bf9953,compliancequest.com,inc.com_api_i5list,software_saas,OSHA revises its maximum penalty for 2021 | CompianceQuest,827,20210301170240,https://www.compliancequest.com/blog/osha-revises-maximum-penalty-amounts/,https://web.archive.org/web/20210301170240/https://www.compliancequest.com/blog/osha-revises-maximum-penalty-amounts/
99cf8643a356201c,compliancequest.com,inc.com_api_i5list,software_saas,EQMS for Cannabis in the 2020s - ComplianceQuest QHSE Solutions,896,20200930080728,https://www.compliancequest.com/blog/eqms-for-cannabis-in-the-2020s/,https://web.archive.org/web/20200930080728/https://www.compliancequest.com/blog/eqms-for-cannabis-in-the-2020s/
9a7c64ea8fdd4447,compliancequest.com,inc.com_api_i5list,software_saas,Remote Audits Done Right for Quality & Safety Leaders,754,20211026003028,https://www.compliancequest.com/blog/quality-safety-leaders-audit/,https://web.archive.org/web/20211026003028/https://www.compliancequest.com/blog/quality-safety-leaders-audit/
aa4b12f9f18e2215,compliancequest.com,inc.com_api_i5list,software_saas,ISO 9001 for enhancing Customer Experience (CX) - ComplianceQuest QHSE Solutions,615,20201024143016,https://www.compliancequest.com/blog/iso-9001-for-enhancing-customer-experience-cx/,https://web.archive.org/web/20201024143016/https://www.compliancequest.com/blog/iso-9001-for-enhancing-customer-experience-cx/
b632bf06d491807d,compliancequest.com,inc.com_api_i5list,software_saas,Inspection Readiness: Why Collaboration and Data Visibility are key enablers - ComplianceQuest QHSE Solutions,1033,20200929203632,https://www.compliancequest.com/blog/inspection-readiness-why-collaboration-and-data-visibility-are-key-enablers/,https://web.archive.org/web/20200929203632/https://www.compliancequest.com/blog/inspection-readiness-why-collaboration-and-data-visibility-are-key-enablers/
c489c55116d3cd0c,compliancequest.com,inc.com_api_i5list,software_saas,A Guide to Meeting FDA Regulations while Advertising and Promoting Medical Devices,878,20220122015857,https://www.compliancequest.com/blog/fda-regulation-medical-device/,https://web.archive.org/web/20220122015857/https://www.compliancequest.com/blog/fda-regulation-medical-device/
c4f85d09581287ce,compliancequest.com,inc.com_api_i5list,software_saas,"Dear Safety Leaders, AI is having its Digital Transformation Moment. It’s Time to Embrace it.",850,20220122022537,https://www.compliancequest.com/blog/safety-ai-digital-transformation/,https://web.archive.org/web/20220122022537/https://www.compliancequest.com/blog/safety-ai-digital-transformation/
d27f085432e05b72,compliancequest.com,inc.com_api_i5list,software_saas,An Automated Solution for Clinical Trial Budget Management,796,20210925190426,https://www.compliancequest.com/blog/automated-clinical-trial/,https://web.archive.org/web/20210925190426/https://www.compliancequest.com/blog/automated-clinical-trial/
d98108c61b82742f,compliancequest.com,inc.com_api_i5list,software_saas,Control Workplace Safety Digitaly for Employee well-being,1022,20210301154327,https://www.compliancequest.com/blog/digital-solutions-to-control-workplace-safety/,https://web.archive.org/web/20210301154327/https://www.compliancequest.com/blog/digital-solutions-to-control-workplace-safety/
e00fe62cfa4b3fda,compliancequest.com,inc.com_api_i5list,software_saas,Level-up your Safety Metrics with a Comprehensive Safety Investigation Process,1297,20220122032426,https://www.compliancequest.com/blog/safety-level-up/,https://web.archive.org/web/20220122032426/https://www.compliancequest.com/blog/safety-level-up/
f54c414ab6969da2,compliancequest.com,inc.com_api_i5list,software_saas,Why Reporting & Analyzing Safety Observations is Easier with a Next-Generation EHS System,1213,20211207180933,https://www.compliancequest.com/blog/why-reporting-analysing-ehs/,https://web.archive.org/web/20211207180933/https://www.compliancequest.com/blog/why-reporting-analysing-ehs/
f6636149358ecee1,compliancequest.com,inc.com_api_i5list,software_saas,Why Data Visibility is at the front and centre of Shopfloor Quality,852,20211026001418,https://www.compliancequest.com/blog/shopfloor-quality-data-visibility/,https://web.archive.org/web/20211026001418/https://www.compliancequest.com/blog/shopfloor-quality-data-visibility/
ffb458594faebee9,compliancequest.com,inc.com_api_i5list,software_saas,Regulatory Requirements in the Supply Chain - ComplianceQuest QHSE Solutions,671,20210120183818,https://www.compliancequest.com/blog/regulatory-requirements-in-the-supply-chain/,https://web.archive.org/web/20210120183818/https://www.compliancequest.com/blog/regulatory-requirements-in-the-supply-chain/
03087077defcad31,computersolutionseast.com,inc.com_api_i5list,services_other,cloud migration services | Capex vs Opex | computersolutionseast,972,20210921131634,https://www.computersolutionseast.com/blog/cloud-service/leveraging-the-cloud-cost-optimization-with-capex-and-opex/,https://web.archive.org/web/20210921131634/https://www.computersolutionseast.com/blog/cloud-service/leveraging-the-cloud-cost-optimization-with-capex-and-opex/
2a78b7b73f08e5c6,computersolutionseast.com,inc.com_api_i5list,services_other,Veritas Data Protection & Governance | computersolutionseast,834,20211206110314,https://www.computersolutionseast.com/blog/business-continuity/veritas-data-protection-and-governance/,https://web.archive.org/web/20211206110314/https://www.computersolutionseast.com/blog/business-continuity/veritas-data-protection-and-governance/
4611af26aa1b0989,computersolutionseast.com,inc.com_api_i5list,services_other,Leading Cloud Solutions Provider | Microsoft | computersolutionseast,756,20210326162358,https://www.computersolutionseast.com/blog/cloud-solutions/switching-over-to-the-microsoft-cloud-solution-provider/,https://web.archive.org/web/20210326162358/https://www.computersolutionseast.com/blog/cloud-solutions/switching-over-to-the-microsoft-cloud-solution-provider/
55a55d421bf7267b,computersolutionseast.com,inc.com_api_i5list,services_other,Business Continuity for Enterprises | CSE | computersolutionseast,826,20201128221824,https://www.computersolutionseast.com/blog/business-continuity/what-companies-get-wrong-about-business-continuity/,https://web.archive.org/web/20201128221824/https://www.computersolutionseast.com/blog/business-continuity/what-companies-get-wrong-about-business-continuity/
6647b5dbfeef5e6b,computersolutionseast.com,inc.com_api_i5list,services_other,Cloud Monitoring Services | Multi Cloud Setup | computersolutionseast,913,20210123170148,https://www.computersolutionseast.com/blog/cloud-solutions/cloud-monitoring-for-enterprise-process-optimization/,https://web.archive.org/web/20210123170148/https://www.computersolutionseast.com/blog/cloud-solutions/cloud-monitoring-for-enterprise-process-optimization/
80e98c06d3d96104,computersolutionseast.com,inc.com_api_i5list,services_other,Cisco security solutions | Remote working | computersolutionseast,693,20210315142620,https://www.computersolutionseast.com/blog/cisco-solutions/balancing-safety-and-security-during-year-of-remote-working/,https://web.archive.org/web/20210315142620/https://www.computersolutionseast.com/blog/cisco-solutions/balancing-safety-and-security-during-year-of-remote-working/
877f45ff2de32421,computersolutionseast.com,inc.com_api_i5list,services_other,Azure cloud services | Azure resource managers | computersolutionseast,678,20210207141037,https://www.computersolutionseast.com/blog/cloud-service/build-regionally-resilient-cloud-services/,https://web.archive.org/web/20210207141037/https://www.computersolutionseast.com/blog/cloud-service/build-regionally-resilient-cloud-services/
8c6891ba1ec19639,computersolutionseast.com,inc.com_api_i5list,services_other,Managed cloud security services | computersolutionseast,942,20210614232330,https://www.computersolutionseast.com/blog/cloud-security/cloud-security-essentials-for-public-cloud-setup/,https://web.archive.org/web/20210614232330/https://www.computersolutionseast.com/blog/cloud-security/cloud-security-essentials-for-public-cloud-setup/
94fe9a59c30198c1,computersolutionseast.com,inc.com_api_i5list,services_other,Business Intelligence Services USA | computersolutionseast,762,20210921141729,https://www.computersolutionseast.com/blog/business-intelligence/accelerating-growth-by-implementing-best-practices-for-business-intelligence/,https://web.archive.org/web/20210921141729/https://www.computersolutionseast.com/blog/business-intelligence/accelerating-growth-by-implementing-best-practices-for-business-intelligence/
a461ad152202bd37,computersolutionseast.com,inc.com_api_i5list,services_other,Cloud Monitoring Services | CIO Agenda for Cloud | computersolutionseast,814,20210103135034,https://www.computersolutionseast.com/blog/cloud-solutions/cloud-rises-to-the-top-of-the-cio-agenda/,https://web.archive.org/web/20210103135034/https://www.computersolutionseast.com/blog/cloud-solutions/cloud-rises-to-the-top-of-the-cio-agenda/
acdd2d58c24ab41d,computersolutionseast.com,inc.com_api_i5list,services_other,Cloud automation services | Chatbots for CX | computersolutionseast,765,20210223212330,https://www.computersolutionseast.com/blog/automation/chatbots-new-customer-experience-in-manufacturing/,https://web.archive.org/web/20210223212330/https://www.computersolutionseast.com/blog/automation/chatbots-new-customer-experience-in-manufacturing/
ae2030e488726e05,computersolutionseast.com,inc.com_api_i5list,services_other,Enterprise IT automation | Business transformation | computersolutionseast,956,20210222100031,https://www.computersolutionseast.com/blog/automation/automated-data-extraction-in-transforming-business/,https://web.archive.org/web/20210222100031/https://www.computersolutionseast.com/blog/automation/automated-data-extraction-in-transforming-business/
b5606101a830dcc7,computersolutionseast.com,inc.com_api_i5list,services_other,Cloud Application Modernization | computersolutionseast,723,20210921131820,https://www.computersolutionseast.com/blog/cloud-solutions/the-need-for-data-migration-strategy-for-cloud-modernization/,https://web.archive.org/web/20210921131820/https://www.computersolutionseast.com/blog/cloud-solutions/the-need-for-data-migration-strategy-for-cloud-modernization/
b9a77ebf88eef23b,computersolutionseast.com,inc.com_api_i5list,services_other,Azure Resource Manager | Cloud Services | computersolutionseast,908,20210921144656,https://www.computersolutionseast.com/blog/cloud-service/enabling-cloud-resiliency-by-implementing-azure-resource-manager/,https://web.archive.org/web/20210921144656/https://www.computersolutionseast.com/blog/cloud-service/enabling-cloud-resiliency-by-implementing-azure-resource-manager/
bad86d73eba6a166,computersolutionseast.com,inc.com_api_i5list,services_other,Microsoft edge computing strategy | computersolutionseast,859,20210419133355,https://www.computersolutionseast.com/blog/cloud-service/edge-computing-strategies-will-determine-the-next-cloud-frontier/,https://web.archive.org/web/20210419133355/https://www.computersolutionseast.com/blog/cloud-service/edge-computing-strategies-will-determine-the-next-cloud-frontier/
caa17d13da3bdbfd,computersolutionseast.com,inc.com_api_i5list,services_other,Cloud Software License Management | computersolutionseast,843,20211017092546,https://www.computersolutionseast.com/blog/cloud-service/cloud-software-licensing-offerings/,https://web.archive.org/web/20211017092546/https://www.computersolutionseast.com/blog/cloud-service/cloud-software-licensing-offerings/
e4c900c1f0c9e294,computersolutionseast.com,inc.com_api_i5list,services_other,CloudOps in modern IT infrastructure | computersolutionseast,785,20211017090656,https://www.computersolutionseast.com/blog/cloud-solutions/proven-tips-to-ensure-the-successful-implementation-of-cloudops/,https://web.archive.org/web/20211017090656/https://www.computersolutionseast.com/blog/cloud-solutions/proven-tips-to-ensure-the-successful-implementation-of-cloudops/
efa0a7d562734467,computersolutionseast.com,inc.com_api_i5list,services_other,Cisco Meraki | Platform Approach for Solution | computersolutionseast,978,20210724002347,https://www.computersolutionseast.com/blog/cisco-solutions/factors-to-consider-before-adopting-platform-approach/,https://web.archive.org/web/20210724002347/https://www.computersolutionseast.com/blog/cisco-solutions/factors-to-consider-before-adopting-platform-approach/
f4187c73dc20ca40,computersolutionseast.com,inc.com_api_i5list,services_other,Network Security | Managed security service | computersolutionseast,768,20210212010338,https://www.computersolutionseast.com/blog/cisco-solutions/trusted-internet-connection-renewed-focus-on-resiliency/,https://web.archive.org/web/20210212010338/https://www.computersolutionseast.com/blog/cisco-solutions/trusted-internet-connection-renewed-focus-on-resiliency/
f5fa2bd3739dbd94,computersolutionseast.com,inc.com_api_i5list,services_other,AWS services and its implications in re: Invent | computersolutionseast,714,20210104224747,https://www.computersolutionseast.com/blog/cloud-solutions/re-invent-2020-realize-what-cloud-makes-possible/,https://web.archive.org/web/20210104224747/https://www.computersolutionseast.com/blog/cloud-solutions/re-invent-2020-realize-what-cloud-makes-possible/
273b985c8b0fe260,conquestmaps.com,inc.com_api_i5list,ecommerce_retail,The Best Airlines: Cost vs. Quality,594,20200923044225,https://www.conquestmaps.com/blogs/life-and-inspiration/the-best-airlines-cost-vs-quality,https://web.archive.org/web/20200923044225/https://www.conquestmaps.com/blogs/life-and-inspiration/the-best-airlines-cost-vs-quality
42d4edc5fe17812e,conquestmaps.com,inc.com_api_i5list,ecommerce_retail,Take it or leave it: Important travel questions to ask before your next trip!,2204,20200922035151,https://www.conquestmaps.com/blogs/life-and-inspiration/important-travel-questions,https://web.archive.org/web/20200922035151/https://www.conquestmaps.com/blogs/life-and-inspiration/important-travel-questions
4f0f08f41d769146,conquestmaps.com,inc.com_api_i5list,ecommerce_retail,Why You Should Travel With Your Family,1788,20221128071426,https://www.conquestmaps.com/blogs/life-and-inspiration/why-you-should-travel-with-your-family,https://web.archive.org/web/20221128071426/https://www.conquestmaps.com/blogs/life-and-inspiration/why-you-should-travel-with-your-family
5d6e20b1a8249758,conquestmaps.com,inc.com_api_i5list,ecommerce_retail,Where is the best place to visit in the USA in August?,607,20191119030521,https://www.conquestmaps.com/blogs/life-and-inspiration/where-is-the-best-place-to-visit-in-the-us-in-august,https://web.archive.org/web/20191119030521/https://www.conquestmaps.com/blogs/life-and-inspiration/where-is-the-best-place-to-visit-in-the-us-in-august
686558f9f421f17a,conquestmaps.com,inc.com_api_i5list,ecommerce_retail,Should you travel for the holidays? Tips to keep you & your family as safe as possible!,946,20210119143741,https://www.conquestmaps.com/blogs/life-and-inspiration/holiday-travel-safety-tips,https://web.archive.org/web/20210119143741/https://www.conquestmaps.com/blogs/life-and-inspiration/holiday-travel-safety-tips
844728e392c39533,conquestmaps.com,inc.com_api_i5list,ecommerce_retail,10 Secrets Every Beginner Travel Photographer Should Know,2388,20191115180623,https://www.conquestmaps.com/blogs/life-and-inspiration/beginners-guide-travel-photography,https://web.archive.org/web/20191115180623/https://www.conquestmaps.com/blogs/life-and-inspiration/beginners-guide-travel-photography
90eab7b731b8c672,conquestmaps.com,inc.com_api_i5list,ecommerce_retail,Best Destinations in the USA to Travel to this Fall,1387,20190923182550,https://www.conquestmaps.com/blogs/life-and-inspiration/best-usa-destinations-travel-fall,https://web.archive.org/web/20190923182550/https://www.conquestmaps.com/blogs/life-and-inspiration/best-usa-destinations-travel-fall
9da468070c416505,conquestmaps.com,inc.com_api_i5list,ecommerce_retail,9 Game-changing Tips to Save Big on Holiday Travel,928,20190923181246,https://www.conquestmaps.com/blogs/life-and-inspiration/save-winter-holiday-travel,https://web.archive.org/web/20190923181246/https://www.conquestmaps.com/blogs/life-and-inspiration/save-winter-holiday-travel
c26b565e97fa7f69,conquestmaps.com,inc.com_api_i5list,ecommerce_retail,Where to Go in April: The Top Destinations to Travel this Spring,1001,20190923140011,https://www.conquestmaps.com/blogs/life-and-inspiration/april-spring-travel-destinations,https://web.archive.org/web/20190923140011/https://www.conquestmaps.com/blogs/life-and-inspiration/april-spring-travel-destinations
ce210deb6f14534c,conquestmaps.com,inc.com_api_i5list,ecommerce_retail,10 Ways Traveling Makes You a Better Person,1105,20220812223503,https://www.conquestmaps.com/blogs/life-and-inspiration/10-ways-traveling-makes-you-a-better-person,https://web.archive.org/web/20220812223503/https://www.conquestmaps.com/blogs/life-and-inspiration/10-ways-traveling-makes-you-a-better-person
efeb02496feea0d6,conquestmaps.com,inc.com_api_i5list,ecommerce_retail,Fright or Flight: Why Do Some of Us Love Haunted House Attractions?,825,20221128072426,https://www.conquestmaps.com/blogs/life-and-inspiration/fright-or-flight-why-do-some-of-us-love-haunted-house-attractions,https://web.archive.org/web/20221128072426/https://www.conquestmaps.com/blogs/life-and-inspiration/fright-or-flight-why-do-some-of-us-love-haunted-house-attractions
05e4483cdac88daa,controlhub.com,yc,fintech_insurance,Procure-to-Pay Process Optimization,1645,20220816125612,https://www.controlhub.com/blog/procure-to-pay-process-optimization,https://web.archive.org/web/20220816125612/https://www.controlhub.com/blog/procure-to-pay-process-optimization
14a923d195c820af,controlhub.com,yc,fintech_insurance,What is a Purchase Order?,728,20210920235830,https://www.controlhub.com/blog/what-is-a-purchase-order,https://web.archive.org/web/20210920235830/https://www.controlhub.com/blog/what-is-a-purchase-order
2b28c72126189d17,controlhub.com,yc,fintech_insurance,Purchase Order vs Invoice,865,20220927091657,https://www.controlhub.com/blog/urchase-order-vs-invoice,https://web.archive.org/web/20220927091657/https://www.controlhub.com/blog/urchase-order-vs-invoice
2d13afcfd9131159,controlhub.com,yc,fintech_insurance,Credit Card Reconciliation for Engineering Startups: Everything You Need to Know,1203,20220927074957,https://www.controlhub.com/blog/credit-card-reconciliation-everything-you-need-to-know,https://web.archive.org/web/20220927074957/https://www.controlhub.com/blog/credit-card-reconciliation-everything-you-need-to-know
563f08969be83d88,controlhub.com,yc,fintech_insurance,Source to Pay Process,1591,20220816134416,https://www.controlhub.com/blog/source-to-pay-process,https://web.archive.org/web/20220816134416/https://www.controlhub.com/blog/source-to-pay-process
596b84db0e77bb12,controlhub.com,yc,fintech_insurance,The Stages of Procurement Life Cycle - A Procure-To-Pay Process,1557,20220816122104,https://www.controlhub.com/blog/the-stages-of-procurement-life-cycle-a-procure-to-pay-process,https://web.archive.org/web/20220816122104/https://www.controlhub.com/blog/the-stages-of-procurement-life-cycle-a-procure-to-pay-process
6946083013b957cb,controlhub.com,yc,fintech_insurance,7 Steps to Effective Spend Management,1690,20220816132053,https://www.controlhub.com/blog/7-steps-to-effective-spend-management,https://web.archive.org/web/20220816132053/https://www.controlhub.com/blog/7-steps-to-effective-spend-management
6a9e2d6b41659d6f,controlhub.com,yc,fintech_insurance,Simple Guide to General Ledger Reconciliation,1385,20220927085354,https://www.controlhub.com/blog/credit-card-reconciliation-simple-guide-to-general-ledger-reconciliation,https://web.archive.org/web/20220927085354/https://www.controlhub.com/blog/credit-card-reconciliation-simple-guide-to-general-ledger-reconciliation
6d06ad223fd164d3,controlhub.com,yc,fintech_insurance,Month End Reconciliation: What You Need to Know,1889,20220927070615,https://www.controlhub.com/blog/credit-card-reconciliation-month-end-reconciliation,https://web.archive.org/web/20220927070615/https://www.controlhub.com/blog/credit-card-reconciliation-month-end-reconciliation
6f6d322c30002fd6,controlhub.com,yc,fintech_insurance,Procurement vs sourcing: What Startup Management Needs to Know,1796,20220816122849,https://www.controlhub.com/blog/procurement-vs-sourcing,https://web.archive.org/web/20220816122849/https://www.controlhub.com/blog/procurement-vs-sourcing
7a56721b7337dc85,controlhub.com,yc,fintech_insurance,General Ledger Account Reconciliation Example,1388,20220927083606,https://www.controlhub.com/blog/credit-card-reconciliation-general-ledger-account-reconciliation-example,https://web.archive.org/web/20220927083606/https://www.controlhub.com/blog/credit-card-reconciliation-general-ledger-account-reconciliation-example
88b78509cefcf71c,controlhub.com,yc,fintech_insurance,Direct vs Indirect Procurement - How are they different?,1121,20210920234555,https://www.controlhub.com/blog/direct-vs-indirect-procurement,https://web.archive.org/web/20210920234555/https://www.controlhub.com/blog/direct-vs-indirect-procurement
e8fe772c8a526fe4,controlhub.com,yc,fintech_insurance,Corporate Account Reconciliation: How a Startup Can Save Its Engineering Director Hours per Week,1383,20220927071314,https://www.controlhub.com/blog/credit-card-reconciliation-reconcile-your-corporate-accounts,https://web.archive.org/web/20220927071314/https://www.controlhub.com/blog/credit-card-reconciliation-reconcile-your-corporate-accounts
ef97e3627e9f53ca,controlhub.com,yc,fintech_insurance,Everything Accounting teams Need to Know About Invoice Management,1802,20220816133129,https://www.controlhub.com/blog/everything-about-invoice-management,https://web.archive.org/web/20220816133129/https://www.controlhub.com/blog/everything-about-invoice-management
052ea429c2c97ba2,convex.com,yc,software_saas,How Sales Teams Use Atlas for Effective Prospecting | Convex,1360,20220217153047,https://www.convex.com/blog/how-successful-sales-teams-use-atlas-for-more-effective-prospecting-2/,https://web.archive.org/web/20220217153047/https://www.convex.com/blog/how-successful-sales-teams-use-atlas-for-more-effective-prospecting-2/
1c8481f9d28ab468,convex.com,yc,software_saas,The Common Sense Guide to Sales Route Planning | Convex,1130,20211017163627,https://www.convex.com/blog/the-common-sense-guide-to-sales-route-planning/,https://web.archive.org/web/20211017163627/https://www.convex.com/blog/the-common-sense-guide-to-sales-route-planning/
3d25ddbfb94520ec,convex.com,yc,software_saas,This Sales Pipeline Calculator Simplifies Cold Calling (Free Spreadsheet) | Convex,1318,20211115014549,https://www.convex.com/blog/this-sales-pipeline-calculator-simplifies-cold-calling/,https://web.archive.org/web/20211115014549/https://www.convex.com/blog/this-sales-pipeline-calculator-simplifies-cold-calling/
768d011f73ed54c6,convex.com,yc,software_saas,3 Trends That Will Impact the Elevator Service Industry This Year | Convex,1029,20220418164504,https://www.convex.com/blog/3-trends-that-will-impact-the-elevator-service-industry-this-year/,https://web.archive.org/web/20220418164504/https://www.convex.com/blog/3-trends-that-will-impact-the-elevator-service-industry-this-year/
9f2af4841065f045,convex.com,yc,software_saas,New Trends in the Access Control Industry | Convex,1123,20220810135555,https://www.convex.com/blog/new-trends-in-the-access-control-industry/,https://web.archive.org/web/20220810135555/https://www.convex.com/blog/new-trends-in-the-access-control-industry/
b50e997651d71abc,convex.com,yc,software_saas,The Outlook for Biometric Access Control in 2021 | Convex,1165,20210625031256,https://www.convex.com/blog/the-outlook-for-biometric-access-control-in-2021/,https://web.archive.org/web/20210625031256/https://www.convex.com/blog/the-outlook-for-biometric-access-control-in-2021/
b845cb3df4a44723,convex.com,yc,software_saas,How to Win the Commercial Services Sales Talent War | Convex,1475,20211111235003,https://www.convex.com/blog/how-to-win-the-commercial-services-sales-talent-war/,https://web.archive.org/web/20211111235003/https://www.convex.com/blog/how-to-win-the-commercial-services-sales-talent-war/
fa66940ec1c04847,convex.com,yc,software_saas,CEO Insight: 5 Commercial Services Trends to Watch | Convex,1256,20220210162532,https://www.convex.com/blog/ceo-insights-5-commercial-services-trends-to-watch/,https://web.archive.org/web/20220210162532/https://www.convex.com/blog/ceo-insights-5-commercial-services-trends-to-watch/
3cc68974e184bbec,convox.com,yc,devtools,How to Install Kubernetes the Easy Way - Convox,1919,20220815063536,https://convox.com/blog/how-to-restart-pod-in-kubernetes/,https://web.archive.org/web/20220815063536/https://convox.com/blog/how-to-restart-pod-in-kubernetes/
733ee1edbbf0e5f6,convox.com,yc,devtools,Monitoring Applications on Kubernetes,2324,20200926205128,https://convox.com/blog/k8s-monitoring-overview,https://web.archive.org/web/20200926205128/https://convox.com/blog/k8s-monitoring-overview
d11938b25a269b0f,convox.com,yc,devtools,The Challenges of EFS,1650,20190822104909,https://convox.com/blog/challenges-of-efs,https://web.archive.org/web/20190822104909/https://convox.com/blog/challenges-of-efs
e6b3ae2b28e212a9,convox.com,yc,devtools,The True Cost of Running Kubernetes in the Cloud,1142,20200402143250,https://convox.com/blog/cost-of-running-k8s,https://web.archive.org/web/20200402143250/https://convox.com/blog/cost-of-running-k8s
f5591f828a90e70e,convox.com,yc,devtools,Configuring Logging on Kubernetes,892,20200926223327,https://convox.com/blog/k8s-monitoring-logging,https://web.archive.org/web/20200926223327/https://convox.com/blog/k8s-monitoring-logging
0d28089e9dfe7383,cornerstoneondemand.com,g2.com_wayback,software_saas,How Career Re-Entry Programs Are Tackling the Gender Gap One Hire at a Time,911,20150603020926,http://www.cornerstoneondemand.com:80/blog/how-career-re-entry-programs-are-tackling-gender-gap-one-hire-time,https://web.archive.org/web/20150603020926/http://www.cornerstoneondemand.com:80/blog/how-career-re-entry-programs-are-tackling-gender-gap-one-hire-time
121e1101f04ed757,cornerstoneondemand.com,g2.com_wayback,software_saas,Social Collaboration: The Future of Talent Management?,1398,20110102034228,http://www.cornerstoneondemand.com:80/blog-social-collaboration-future-talent-management,https://web.archive.org/web/20110102034228/http://www.cornerstoneondemand.com:80/blog-social-collaboration-future-talent-management
25be46ed983a92f7,cornerstoneondemand.com,g2.com_wayback,software_saas,CSOD,621,20090505045857,http://www.cornerstoneondemand.com:80/blog-making-most-your-learning-resources-uncertain-times,https://web.archive.org/web/20090505045857/http://www.cornerstoneondemand.com:80/blog-making-most-your-learning-resources-uncertain-times
38f4029c43a2fb55,cornerstoneondemand.com,g2.com_wayback,software_saas,How to Manage the Inevitable Office Romance,706,20150530031118,http://www.cornerstoneondemand.com:80/blog/how-manage-inevitable-office-romance,https://web.archive.org/web/20150530031118/http://www.cornerstoneondemand.com:80/blog/how-manage-inevitable-office-romance
399482a51f008f97,cornerstoneondemand.com,g2.com_wayback,software_saas,How to Thrive During an Office Shake-Up: Q&A with Psychologist Amy Wood,651,20141010204348,http://www.cornerstoneondemand.com:80/blog/how-thrive-during-office-shake-qa-psychologist-amy-wood,https://web.archive.org/web/20141010204348/http://www.cornerstoneondemand.com:80/blog/how-thrive-during-office-shake-qa-psychologist-amy-wood
51767843d2d782f1,cornerstoneondemand.com,g2.com_wayback,software_saas,"Beware the ""Gray Ceiling"": How to Manage a Multi-Generational Workforce",651,20150820004209,http://www.cornerstoneondemand.com:80/blog/beware-gray-ceiling-how-manage-multi-generational-workforce,https://web.archive.org/web/20150820004209/http://www.cornerstoneondemand.com:80/blog/beware-gray-ceiling-how-manage-multi-generational-workforce
5204baf5cf62c52e,cornerstoneondemand.com,g2.com_wayback,software_saas,How Team-Driven Talent Reviews Drive Greater Ownership and Internal Mobility: Q&A with Brandon Curry,949,20140825063929,http://www.cornerstoneondemand.com:80/blog/how-team-driven-talent-reviews-drive-greater-ownership-and-internal-mobility-qa-brandon-curry,https://web.archive.org/web/20140825063929/http://www.cornerstoneondemand.com:80/blog/how-team-driven-talent-reviews-drive-greater-ownership-and-internal-mobility-qa-brandon-curry
53a3ddea84b6b902,cornerstoneondemand.com,g2.com_wayback,software_saas,Learning from the Private Sector: Three Best Practices for Public Sector Agencies,634,20140404161903,http://www.cornerstoneondemand.com/blog/learning-private-sector-three-best-practices-public-sector-agencies,https://web.archive.org/web/20140404161903/http://www.cornerstoneondemand.com/blog/learning-private-sector-three-best-practices-public-sector-agencies
650a6d787b1a676a,cornerstoneondemand.com,g2.com_wayback,software_saas,Has Technology Made Us More Disconnected? 3 Easy Steps to Networking the Old-Fashioned Way,794,20130803024209,http://www.cornerstoneondemand.com:80/blog/has-technology-made-us-more-disconnected-3-easy-steps-networking-old-fashioned-way,https://web.archive.org/web/20130803024209/http://www.cornerstoneondemand.com:80/blog/has-technology-made-us-more-disconnected-3-easy-steps-networking-old-fashioned-way
87549b6f11ec6eae,cornerstoneondemand.com,g2.com_wayback,software_saas,How To Recruit for Creativity,634,20130923104158,http://www.cornerstoneondemand.com:80/blog/how-recruit-creativity,https://web.archive.org/web/20130923104158/http://www.cornerstoneondemand.com:80/blog/how-recruit-creativity
93a90fc016e5f978,cornerstoneondemand.com,g2.com_wayback,software_saas,How Big Data is Changing the Recruiting Game,754,20150214045549,http://www.cornerstoneondemand.com:80/blog/how-big-data-changing-recruiting-game,https://web.archive.org/web/20150214045549/http://www.cornerstoneondemand.com:80/blog/how-big-data-changing-recruiting-game
96ddb0c0e7aad177,cornerstoneondemand.com,g2.com_wayback,software_saas,How to Transform HR by Focusing on Customers First,687,20150614022515,http://www.cornerstoneondemand.com:80/blog/how-transform-hr-focusing-customers-first,https://web.archive.org/web/20150614022515/http://www.cornerstoneondemand.com:80/blog/how-transform-hr-focusing-customers-first
9a476fdaf5a4354d,cornerstoneondemand.com,g2.com_wayback,software_saas,CSOD,639,20090307224228,http://www.cornerstoneondemand.com:80/blog-change-upon-us,https://web.archive.org/web/20090307224228/http://www.cornerstoneondemand.com:80/blog-change-upon-us
9d50465b409fa0a3,cornerstoneondemand.com,g2.com_wayback,software_saas,Are Social Media-Savvy Employees Better Colleagues?,700,20150705010930,http://www.cornerstoneondemand.com:80/blog/are-social-media-savvy-employees-better-colleagues,https://web.archive.org/web/20150705010930/http://www.cornerstoneondemand.com:80/blog/are-social-media-savvy-employees-better-colleagues
a2b4f1cd347b6ac2,cornerstoneondemand.com,g2.com_wayback,software_saas,3 Essentials For Creating a Strong Internship Program,697,20130320013951,http://www.cornerstoneondemand.com:80/blog/3-essentials-creating-strong-internship-program,https://web.archive.org/web/20130320013951/http://www.cornerstoneondemand.com:80/blog/3-essentials-creating-strong-internship-program
ae38b2b8d8266f36,cornerstoneondemand.com,g2.com_wayback,software_saas,Cornerstone Survey Asks: Are Workers Swimming or Sinking In a Sea of Technology?,890,20131001195644,http://www.cornerstoneondemand.com/blog/cornerstone-survey-asks-are-workers-swimming-or-sinking-sea-technology,https://web.archive.org/web/20131001195644/http://www.cornerstoneondemand.com/blog/cornerstone-survey-asks-are-workers-swimming-or-sinking-sea-technology
c3844fe81fed0cfa,cornerstoneondemand.com,g2.com_wayback,software_saas,The Case for Engagement: HR Software In Transition,654,20140110125909,http://www.cornerstoneondemand.com:80/blog/case-engagement-hr-software-transition,https://web.archive.org/web/20140110125909/http://www.cornerstoneondemand.com:80/blog/case-engagement-hr-software-transition
c635104a71416cde,cornerstoneondemand.com,g2.com_wayback,software_saas,A Day in the Life of a Diversity Manager,775,20151029221147,http://www.cornerstoneondemand.com:80/blog/day-life-diversity-manager,https://web.archive.org/web/20151029221147/http://www.cornerstoneondemand.com:80/blog/day-life-diversity-manager
c75f967772d8341b,cornerstoneondemand.com,g2.com_wayback,software_saas,6 Ways to Attract Candidates With Compelling Content,800,20150627184133,http://www.cornerstoneondemand.com:80/blog/6-ways-attract-candidates-compelling-content,https://web.archive.org/web/20150627184133/http://www.cornerstoneondemand.com:80/blog/6-ways-attract-candidates-compelling-content
d5167ddb0f2ae3fd,cornerstoneondemand.com,g2.com_wayback,software_saas,How Facebook Can Be Just as Valuable for Recruiting as LinkedIn,689,20140613162707,http://www.cornerstoneondemand.com:80/blog/how-facebook-can-be-just-valuable-recruiting-linkedin,https://web.archive.org/web/20140613162707/http://www.cornerstoneondemand.com:80/blog/how-facebook-can-be-just-valuable-recruiting-linkedin
4866b30ece15c9b7,corsicatech.com,inc.com_api_i5list,services_other,How To Protect PHI & HIPAA Working Remotely | Corsica Technology,1031,20201029194642,https://www.corsicatech.com/blog/how-to-protect-phi-while-working-remotely/,https://web.archive.org/web/20201029194642/https://www.corsicatech.com/blog/how-to-protect-phi-while-working-remotely/
5cf3bf073a1d7ecd,corsicatech.com,inc.com_api_i5list,services_other,"IT Disaster Recovery: Understanding the Difference Between ""Now What"" and ""Business and Usual""",1155,20200811034411,https://www.corsicatech.com/blog/it-disaster-recovery/,https://web.archive.org/web/20200811034411/https://www.corsicatech.com/blog/it-disaster-recovery/
6335c560b5e7611f,corsicatech.com,inc.com_api_i5list,services_other,Internet of Things (IoT) - It's Real and Here's Why You Should Care - Corsica Technologies,898,20200923223640,https://www.corsicatech.com/blog/internet-of-things-iot-its-real-and-heres-why-you-should-care/,https://web.archive.org/web/20200923223640/https://www.corsicatech.com/blog/internet-of-things-iot-its-real-and-heres-why-you-should-care/
6edfb7eba535ec35,corsicatech.com,inc.com_api_i5list,services_other,Things to Consider When Buying a Tablet - Corsica Technologies,702,20200804175619,https://www.corsicatech.com/blog/things-to-consider-when-buying-a-tablet/,https://web.archive.org/web/20200804175619/https://www.corsicatech.com/blog/things-to-consider-when-buying-a-tablet/
728c2bc3858c60db,corsicatech.com,inc.com_api_i5list,services_other,Improving Business Efficiency Post COVID-19 - Corsica Technologies,629,20200923215518,https://www.corsicatech.com/blog/improving-business-efficiency-post-covid-19/,https://web.archive.org/web/20200923215518/https://www.corsicatech.com/blog/improving-business-efficiency-post-covid-19/
7e0da263a1ac5f6f,corsicatech.com,inc.com_api_i5list,services_other,SonicWALL End of Support Notice - Corsica Technologies,572,20200803145957,https://www.corsicatech.com/blog/sonicwall-end-of-support-notice/,https://web.archive.org/web/20200803145957/https://www.corsicatech.com/blog/sonicwall-end-of-support-notice/
9ff287deb6a14193,corsicatech.com,inc.com_api_i5list,services_other,What You Need To Know About Anthem's Security Breach - Corsica Technologies,847,20200928062951,https://www.corsicatech.com/blog/what-you-need-to-know-about-anthems-security-breach/,https://web.archive.org/web/20200928062951/https://www.corsicatech.com/blog/what-you-need-to-know-about-anthems-security-breach/
a30f691b65a481f4,corsicatech.com,inc.com_api_i5list,services_other,How to Spot Phishing Attacks and Keep Your Business Network Safe - Corsica Technologies,2144,20200814194045,https://www.corsicatech.com/blog/spot-phishing-attacks-keep-business-network-safe/,https://web.archive.org/web/20200814194045/https://www.corsicatech.com/blog/spot-phishing-attacks-keep-business-network-safe/
a6bb924a05230edf,corsicatech.com,inc.com_api_i5list,services_other,DoD Ramping Up Cyber Requirements for Contractors - Corsica Technologies,678,20210123173446,https://www.corsicatech.com/blog/dod-ramping-up-cyber-requirements-for-contractors/,https://web.archive.org/web/20210123173446/https://www.corsicatech.com/blog/dod-ramping-up-cyber-requirements-for-contractors/
ac79d9f10f90fe9e,corsicatech.com,inc.com_api_i5list,services_other,Disaster Happens...What's Your Disaster Recovery Solution? - Corsica Technologies,1031,20200814204224,https://www.corsicatech.com/blog/disaster-recovery-solution/,https://web.archive.org/web/20200814204224/https://www.corsicatech.com/blog/disaster-recovery-solution/
c36d38d7417ac5cf,corsicatech.com,inc.com_api_i5list,services_other,Benefits and Risk of Outsourcing IT Services to Managed Service Provider,730,20210122161238,https://www.corsicatech.com/blog/outsourcing-it-services-to-a-managed-service-provider/,https://web.archive.org/web/20210122161238/https://www.corsicatech.com/blog/outsourcing-it-services-to-a-managed-service-provider/
cdf8751793160c0f,corsicatech.com,inc.com_api_i5list,services_other,Foundational Security VS Advanced Cybersecurity-Corsica Technologies,1652,20200804203032,https://www.corsicatech.com/blog/difference-between-foundational-security-and-advanced-security/,https://web.archive.org/web/20200804203032/https://www.corsicatech.com/blog/difference-between-foundational-security-and-advanced-security/
da848fe03afe3b2e,corsicatech.com,inc.com_api_i5list,services_other,Is Your MSP/MSSP Protecting You From Supply Chain Attacks? - Corsica Technologies,638,20220129003739,https://www.corsicatech.com/blog/is-your-msp-mssp-protecting-you-from-supply-chain-attacks/,https://web.archive.org/web/20220129003739/https://www.corsicatech.com/blog/is-your-msp-mssp-protecting-you-from-supply-chain-attacks/
30568161cf416390,creativealignments.com,inc.com_api_i5list,services_other,How to Write a Job Description to Attract Your Ideal Employee,792,20200927200458,https://blog.creativealignments.com/blog/how-to-craft-a-job-description-that-attracts-your-ideal-employee,https://web.archive.org/web/20200927200458/https://blog.creativealignments.com/blog/how-to-craft-a-job-description-that-attracts-your-ideal-employee
92fe380aa11e3b91,creativealignments.com,inc.com_api_i5list,services_other,8 Ways Scaling Companies Compete for Hires Without Overspending,1516,20220201183545,https://blog.creativealignments.com/blog/8-ways-scaling-companies-compete-for-hires-without-overspending,https://web.archive.org/web/20220201183545/https://blog.creativealignments.com/blog/8-ways-scaling-companies-compete-for-hires-without-overspending
84ac353d0163c1a3,credpal.com,yc_directory,fintech_insurance,Money mistakes you should avoid in Nigeria - CredPal,1032,20220629230023,https://blog.credpal.com/money-mistakes-in-nigeria/,https://web.archive.org/web/20220629230023/https://blog.credpal.com/money-mistakes-in-nigeria/
27f22dbbb9e68813,crosslaketech.com,inc.com_api_i5list,services_other,TFS 2013 Customization - Book Review - Crosslake Blog,628,20200811060650,https://blog.crosslaketech.com/tfs-2013-customization-book-review/,https://web.archive.org/web/20200811060650/https://blog.crosslaketech.com/tfs-2013-customization-book-review/
3ec6797455c23806,crosslaketech.com,inc.com_api_i5list,services_other,Cloud Migration - Cloud Concepts - Crosslake Blog,2465,20200814193339,https://blog.crosslaketech.com/cloud-concepts/,https://web.archive.org/web/20200814193339/https://blog.crosslaketech.com/cloud-concepts/
460f39300c8c96c8,crosslaketech.com,inc.com_api_i5list,services_other,Migrating Legacy Applications to the Public Cloud - Crosslake Blog,2015,20201016182541,https://blog.crosslaketech.com/migrating-legacy-applications-to-the-public-cloud/,https://web.archive.org/web/20201016182541/https://blog.crosslaketech.com/migrating-legacy-applications-to-the-public-cloud/
4916708732ee8f48,crosslaketech.com,inc.com_api_i5list,services_other,Successful Distributed Development--What You Need to Know,1086,20201001144719,https://blog.crosslaketech.com/successful-distributed-development-need-know/,https://web.archive.org/web/20201001144719/https://blog.crosslaketech.com/successful-distributed-development-need-know/
4c49c7c0143b4863,crosslaketech.com,inc.com_api_i5list,services_other,Data Driven Testing - Crosslake Blog,667,20190820033732,https://blog.crosslaketech.com/data-driven-testing/,https://web.archive.org/web/20190820033732/https://blog.crosslaketech.com/data-driven-testing/
5b7083ed18aaecf0,crosslaketech.com,inc.com_api_i5list,services_other,Integration Testing - Crosslake Blog,780,20200814190807,https://blog.crosslaketech.com/integration-testing/,https://web.archive.org/web/20200814190807/https://blog.crosslaketech.com/integration-testing/
ccf5318314799351,crosslaketech.com,inc.com_api_i5list,services_other,Comparing 3 Major Modernization Strategies for Legacy Code,990,20190820030239,https://blog.crosslaketech.com/comparing-3-major-modernization-strategies-for-legacy-code/,https://web.archive.org/web/20190820030239/https://blog.crosslaketech.com/comparing-3-major-modernization-strategies-for-legacy-code/
fdafc1d6ae7e6388,crosslaketech.com,inc.com_api_i5list,services_other,Maximizing Value Using PaaS,725,20190820031943,https://blog.crosslaketech.com/maximizing-value-using-paas/,https://web.archive.org/web/20190820031943/https://blog.crosslaketech.com/maximizing-value-using-paas/
2652205e01cf9e44,custora.com,yc,ecommerce_retail,"Escape the Discount Downward Spiral, Part 3: Full-Price Growth",1109,20190717205912,https://www.custora.com/blog/discount-downward-spiral-part-3-full-price-growth,https://web.archive.org/web/20190717205912/https://www.custora.com/blog/discount-downward-spiral-part-3-full-price-growth
29ea121d1cf0dbd9,custora.com,yc,ecommerce_retail,Composing Multi-Channel Harmony for a Single-Customer View,1030,20190717205657,https://www.custora.com/blog/composing-multi-channel-harmony-for-a-single-customer-view,https://web.archive.org/web/20190717205657/https://www.custora.com/blog/composing-multi-channel-harmony-for-a-single-customer-view
464066ef0e3fafd0,custora.com,yc,ecommerce_retail,"Escape the Discount Downward Spiral, Part 1: Solving for Excess Inventory",951,20190717205632,https://www.custora.com/blog/discount-downward-spiral-excess-inventory,https://web.archive.org/web/20190717205632/https://www.custora.com/blog/discount-downward-spiral-excess-inventory
4e3cef6e2aabd9f0,custora.com,yc,ecommerce_retail,Beyond Batch and Blast: Getting Started with Smart Email Marketing,950,20191105230644,https://www.custora.com/blog/story/beyond-batch-and-blast-getting-started-with-smart-email-marketing,https://web.archive.org/web/20191105230644/https://www.custora.com/blog/story/beyond-batch-and-blast-getting-started-with-smart-email-marketing
9c02decbe18da902,custora.com,yc,ecommerce_retail,What Google's Inbox Means for Email Marketing Teams,771,20191105230124,https://www.custora.com/blog/story/what-googles-inbox-means-for-email-marketing-teams,https://web.archive.org/web/20191105230124/https://www.custora.com/blog/story/what-googles-inbox-means-for-email-marketing-teams
abb823e6766cfe75,custora.com,yc,ecommerce_retail,How to Segment to Increase First & Second Repeat Purchases,1217,20190821031255,https://www.custora.com/blog/how-to-segment-to-increase-repeat-purchases,https://web.archive.org/web/20190821031255/https://www.custora.com/blog/how-to-segment-to-increase-repeat-purchases
c8fb30d8428edf60,custora.com,yc,ecommerce_retail,"4 Steps to Solving the One-Time Buyer Problem, Part III",1144,20190821031359,https://www.custora.com/blog/four-steps-to-solve-one-time-buyer-prob-0-0,https://web.archive.org/web/20190821031359/https://www.custora.com/blog/four-steps-to-solve-one-time-buyer-prob-0-0
fd0ccb0540a13790,custora.com,yc,ecommerce_retail,"What Marketers Need to Know About First-, Second-, and Third-Party Data",1109,20190821035818,https://www.custora.com/blog/story/what-marketers-need-to-know-about-1st-2nd-and-3rd-party-data,https://web.archive.org/web/20190821035818/https://www.custora.com/blog/story/what-marketers-need-to-know-about-1st-2nd-and-3rd-party-data
07d828b15e3e8193,cyberark.com,g2.com_wayback,software_saas,IDC Connection (Part 2): What are Privileged Accounts and How Can You Secure Them?,706,20140622193114,http://www.cyberark.com:80/blog/idc-connection-part-2-what-are-privileged-accounts-and-how-can-you-secure-them,https://web.archive.org/web/20140622193114/http://www.cyberark.com:80/blog/idc-connection-part-2-what-are-privileged-accounts-and-how-can-you-secure-them
0c731e20fca75f60,cyberark.com,g2.com_wayback,software_saas,Law Firms Need to Prioritize Privilege to Protect Client Information,1102,20190920223604,https://www.cyberark.com/blog/above-the-law-law-firms-prioritize-privilege-to-protect-client-information/,https://web.archive.org/web/20190920223604/https://www.cyberark.com/blog/above-the-law-law-firms-prioritize-privilege-to-protect-client-information/
26801467f7b969d7,cyberark.com,g2.com_wayback,software_saas,Lessons Learned from the Bangladesh Bank Heist | CyberArk,896,20190822030831,https://www.cyberark.com/blog/lessons-learned-bangladesh-bank-heist/,https://web.archive.org/web/20190822030831/https://www.cyberark.com/blog/lessons-learned-bangladesh-bank-heist/
29063740d9c5f3ee,cyberark.com,g2.com_wayback,software_saas,From High Powered Rifles to Robot Spiders…Privilege Really Is Everywhere - CyberArk,618,20151002015524,http://www.cyberark.com/blog/from-high-powered-rifles-to-robot-spidersprivilege-really-is-everywhere/,https://web.archive.org/web/20151002015524/http://www.cyberark.com/blog/from-high-powered-rifles-to-robot-spidersprivilege-really-is-everywhere/
4cf932966bbf9fe4,cyberark.com,g2.com_wayback,software_saas,Ten Steps for Securing Privileged Access | CyberArk,758,20190819075625,https://www.cyberark.com/blog/ten-steps-for-securing-privileged-access/,https://web.archive.org/web/20190819075625/https://www.cyberark.com/blog/ten-steps-for-securing-privileged-access/
680bc112af27a100,cyberark.com,g2.com_wayback,software_saas,Preparing for the Next European Union Directive: EU NIS | CyberArk,1160,20190724084127,https://www.cyberark.com/blog/preparing-next-european-union-directive-eu-nis/,https://web.archive.org/web/20190724084127/https://www.cyberark.com/blog/preparing-next-european-union-directive-eu-nis/
69ec8edfb26cc47e,cyberark.com,g2.com_wayback,software_saas,AWS Key Pairs: One Ring to Rule Them All | CyberArk,1091,20190723015709,https://www.cyberark.com/blog/aws-key-pairs-one-ring-to-rule-them-all/,https://web.archive.org/web/20190723015709/https://www.cyberark.com/blog/aws-key-pairs-one-ring-to-rule-them-all/
7b3b06eddfd78f34,cyberark.com,g2.com_wayback,software_saas,3 Ways to Integrate Security and DevOps: SecDevOps | CyberArk,942,20190717204502,https://www.cyberark.com/blog/3-ways-to-integrate-security-and-devops-secdevops/,https://web.archive.org/web/20190717204502/https://www.cyberark.com/blog/3-ways-to-integrate-security-and-devops-secdevops/
7eb445d70484b07b,cyberark.com,g2.com_wayback,software_saas,Supply Chain Meets Blockchain: A Perfect Match | CyberArk,769,20190823153306,https://www.cyberark.com/blog/supply-chain-meets-blockchain-a-perfect-match/,https://web.archive.org/web/20190823153306/https://www.cyberark.com/blog/supply-chain-meets-blockchain-a-perfect-match/
998ced524c603cc2,cyberark.com,g2.com_wayback,software_saas,What do Cyber Professionals Teach Children about Security? | CyberArk,832,20190724030045,https://www.cyberark.com/blog/cyber-professionals-teach-children-security/,https://web.archive.org/web/20190724030045/https://www.cyberark.com/blog/cyber-professionals-teach-children-security/
ac4e82feb8c61a36,cyberark.com,g2.com_wayback,software_saas,Key Management in the Cloud - Part 2 | CyberArk,798,20190722122929,https://www.cyberark.com/blog/key-management-in-the-cloud-part-2/,https://web.archive.org/web/20190722122929/https://www.cyberark.com/blog/key-management-in-the-cloud-part-2/
bd9a5c2c82de7ee7,cyberark.com,g2.com_wayback,software_saas,Just-in-Time Access Just How You Want It | CyberArk,769,20190823152904,https://www.cyberark.com/blog/just-in-time-access-just-how-you-want-it/,https://web.archive.org/web/20190823152904/https://www.cyberark.com/blog/just-in-time-access-just-how-you-want-it/
d63d4d9328472153,cyberark.com,g2.com_wayback,software_saas,Tackling the Cybersecurity Challenges of Our “New Normal” | CyberArk,900,20200423005911,https://www.cyberark.com/blog/tackling-the-cybersecurity-challenges-of-our-new-normal/,https://web.archive.org/web/20200423005911/https://www.cyberark.com/blog/tackling-the-cybersecurity-challenges-of-our-new-normal/
f364dd7cc592965e,cyberark.com,g2.com_wayback,software_saas,eBook: Seven Things to Consider When Evaluating Privileged Account Security Solutions - CyberArk,624,20151002031954,http://www.cyberark.com/blog/ebook-seven-things-to-consider-when-evaluating-privileged-account-security-solutions/,https://web.archive.org/web/20151002031954/http://www.cyberark.com/blog/ebook-seven-things-to-consider-when-evaluating-privileged-account-security-solutions/
003f5f8c730795a4,daily.co,yc_directory,devtools,"Redesigning our hardware packaging with Packlane, Moo and Uline",911,20190921073226,https://www.daily.co/blog/redesigning-our-hardware-packaging-with-packlane-moo-and-uline,https://web.archive.org/web/20190921073226/https://www.daily.co/blog/redesigning-our-hardware-packaging-with-packlane-moo-and-uline
0ab45b66adf1fc0e,daily.co,yc_directory,devtools,Build a video call app with Daily Prebuilt and Svelte,2150,20220106132839,https://www.daily.co/blog/build-a-video-call-app-with-daily-prebuilt-and-svelte/,https://web.archive.org/web/20220106132839/https://www.daily.co/blog/build-a-video-call-app-with-daily-prebuilt-and-svelte/
17a49b9697a75158,daily.co,yc_directory,devtools,Build a video chat app with Vue and Daily Prebuilt,2257,20210830173313,https://www.daily.co/blog/build-a-video-chat-app-with-vue-and-daily-prebuilt/,https://web.archive.org/web/20210830173313/https://www.daily.co/blog/build-a-video-chat-app-with-vue-and-daily-prebuilt/
35f25d32f05ec390,daily.co,yc_directory,devtools,Fitness app use case: Adding an “incognito mode” for participants,1617,20220503065034,https://www.daily.co/blog/fitness-app-use-case-adding-an-incognito-mode-for-participants/,https://web.archive.org/web/20220503065034/https://www.daily.co/blog/fitness-app-use-case-adding-an-incognito-mode-for-participants/
46266d537924f09e,daily.co,yc_directory,devtools,Scale large video calls with dynamic simulcast layers,1095,20211102152559,https://www.daily.co/blog/scale-large-video-calls-with-dynamic-simulcast-layers/,https://web.archive.org/web/20211102152559/https://www.daily.co/blog/scale-large-video-calls-with-dynamic-simulcast-layers/
5ad6759f2738a611,daily.co,yc_directory,devtools,"Obtaining, handling, and validating meeting tokens in your video application",2407,20220926171137,https://www.daily.co/blog/obtaining-handling-and-validating-meeting-tokens-in-your-video-application/,https://web.archive.org/web/20220926171137/https://www.daily.co/blog/obtaining-handling-and-validating-meeting-tokens-in-your-video-application/
5e650839b2929d06,daily.co,yc_directory,devtools,"Build your own ""prejoin"" call UI in a custom Daily video chat app",1557,20210920113949,https://www.daily.co/blog/build-your-own-prejoin-call-ui-in-a-custom-daily-video-chat-app/,https://web.archive.org/web/20210920113949/https://www.daily.co/blog/build-your-own-prejoin-call-ui-in-a-custom-daily-video-chat-app/
6587e7038fc37dac,daily.co,yc_directory,devtools,Apple AirPods: A Review for Remote Workers,741,20190723032628,https://www.daily.co/blog/apple-airpods-review-for-remote-workers,https://web.archive.org/web/20190723032628/https://www.daily.co/blog/apple-airpods-review-for-remote-workers
aac5d43428e26ea2,daily.co,yc_directory,devtools,Create admins in React apps with Daily meeting tokens,1943,20210323020414,https://www.daily.co/blog/create-admins-in-react-apps-with-daily-meeting-tokens/,https://web.archive.org/web/20210323020414/https://www.daily.co/blog/create-admins-in-react-apps-with-daily-meeting-tokens/
b9166d48a7ba2aad,daily.co,yc_directory,devtools,"A Bias Towards Action: Why VCs prefer ""technical"" founders",702,20191013234732,https://www.daily.co/blog/a-bias-towards-action-why-vcs-prefer-technical-founders,https://web.archive.org/web/20191013234732/https://www.daily.co/blog/a-bias-towards-action-why-vcs-prefer-technical-founders
d25cc77f00881291,daily.co,yc_directory,devtools,Use Daily’s real-time developer platform to create audio communities,2034,20210310172127,https://www.daily.co/blog/how-to-build-a-billion-dollar-audio-app-in-a-weekend/,https://web.archive.org/web/20210310172127/https://www.daily.co/blog/how-to-build-a-billion-dollar-audio-app-in-a-weekend/
d3c664c4e982fcbd,daily.co,yc_directory,devtools,What 4K TV means and video calling uses,845,20191013231732,https://www.daily.co/blog/what-4k-tv-means-and-video-calling-uses,https://web.archive.org/web/20191013231732/https://www.daily.co/blog/what-4k-tv-means-and-video-calling-uses
e948723f81eb6f68,daily.co,yc_directory,devtools,Building a social game with Daily,1061,20220718181134,https://www.daily.co/blog/building-a-social-game-with-daily/,https://web.archive.org/web/20220718181134/https://www.daily.co/blog/building-a-social-game-with-daily/
f28b3d9d16b06752,daily.co,yc_directory,devtools,Transcoding and Live-streaming with Mux,922,20190823003601,https://www.daily.co/blog/transcoding-and-live-streaming-with-mux,https://web.archive.org/web/20190823003601/https://www.daily.co/blog/transcoding-and-live-streaming-with-mux
0905de803b9b16e0,dailybot.com,yc,devtools,Some ideas to improve your team mood,838,20201028193224,https://www.dailybot.com/blog-post/improving-team-mood,https://web.archive.org/web/20201028193224/https://www.dailybot.com/blog-post/improving-team-mood
20021940fed00c6b,dailybot.com,yc,devtools,Tips for recruiting superstar remote talent in 2021 | DailyBot's Blog,1145,20210623062319,https://www.dailybot.com/blog-post/tips-for-recruiting-superstar-remote-talent-in-2021,https://web.archive.org/web/20210623062319/https://www.dailybot.com/blog-post/tips-for-recruiting-superstar-remote-talent-in-2021
7e9f3c876fdd48ba,dailybot.com,yc,devtools,3 Modern tools to run Slack Poll in 2022 | DailyBot's Blog,695,20220924223642,https://www.dailybot.com/blog-post/3-modern-tools-to-run-slack-poll-in-2022,https://web.archive.org/web/20220924223642/https://www.dailybot.com/blog-post/3-modern-tools-to-run-slack-poll-in-2022
9cf8e043b2a99efd,dailybot.com,yc,devtools,Emotional Intelligence in the Workplace,950,20210123141619,https://www.dailybot.com/blog-post/emotional-intelligence-in-the-workplace,https://web.archive.org/web/20210123141619/https://www.dailybot.com/blog-post/emotional-intelligence-in-the-workplace
dbce6ee89c693ee8,dailybot.com,yc,devtools,Don’t build a Slack bot from scratch when you can use a no-code tool in 2022 | DailyBot's Blog,617,20220707053501,https://www.dailybot.com/blog-post/dont-build-a-slack-bot-from-scratch-when-you-can-use-a-no-code-tool-in-2022,https://web.archive.org/web/20220707053501/https://www.dailybot.com/blog-post/dont-build-a-slack-bot-from-scratch-when-you-can-use-a-no-code-tool-in-2022
109913e941fc8c86,datree.io,yc,devtools,How to get more out of your Git commit message,828,20191020142739,https://www.datree.io/resources/git-commit-message,https://web.archive.org/web/20191020142739/https://www.datree.io/resources/git-commit-message
19a904594da69d20,datree.io,yc,devtools,Kubernetes Error Codes: Failed to Pull Image | Datree.io,1659,20220510124251,https://www.datree.io/resources/kubernetes-error-codes-failed-to-pull-image,https://web.archive.org/web/20220510124251/https://www.datree.io/resources/kubernetes-error-codes-failed-to-pull-image
22d71fa244a1cd62,datree.io,yc,devtools,A Kubernetes Guide for Labels and Selectors,1560,20210802015713,https://www.datree.io/resources/a-kubernetes-guide-for-labels-and-selectors,https://web.archive.org/web/20210802015713/https://www.datree.io/resources/a-kubernetes-guide-for-labels-and-selectors
23a35798190c4d69,datree.io,yc,devtools,Kubernetes Error Codes: Container Not Found | Datree.io,1233,20220225122104,https://www.datree.io/resources/kubernetes-error-codes-container-not-found,https://web.archive.org/web/20220225122104/https://www.datree.io/resources/kubernetes-error-codes-container-not-found
3b671e22f3600ab0,datree.io,yc,devtools,Migrating your infrastructure from Python 2 to Python 3,1501,20191112213407,https://www.datree.io/resources/python-migration-guide,https://web.archive.org/web/20191112213407/https://www.datree.io/resources/python-migration-guide
5439caa0e13538e4,datree.io,yc,devtools,Git remove untracked files [a Git commands tutorial],952,20201001182346,https://www.datree.io/resources/git-remove-untracked-files,https://web.archive.org/web/20201001182346/https://www.datree.io/resources/git-remove-untracked-files
550d38a1491a38bf,datree.io,yc,devtools,Kubernetes Error Codes: Must Specify a Volume Type | Datree.io,899,20220516093850,https://datree.io/resources/kubernetes-error-codes-must-specify-a-volume-type,https://web.archive.org/web/20220516093850/https://datree.io/resources/kubernetes-error-codes-must-specify-a-volume-type
6a080a4237460678,datree.io,yc,devtools,Kubernetes Guide: Graceful Shutdown with Lifecycle preStop Hook | Datree.io,652,20220921211150,https://www.datree.io/resources/kubernetes-guide-graceful-shutdown-with-lifecycle-prestop-hook,https://web.archive.org/web/20220921211150/https://www.datree.io/resources/kubernetes-guide-graceful-shutdown-with-lifecycle-prestop-hook
6d973f17042064b8,datree.io,yc,devtools,Kubernetes Error Codes: CrashLoopBackOff | Datree.io,1056,20220428083644,https://www.datree.io/resources/kubernetes-error-codes-crashloopbackoff,https://web.archive.org/web/20220428083644/https://www.datree.io/resources/kubernetes-error-codes-crashloopbackoff
e8f5bbeeb3ca92d9,datree.io,yc,devtools,How to use git push force the right way,1589,20200921002425,https://www.datree.io/resources/git-push-force,https://web.archive.org/web/20200921002425/https://www.datree.io/resources/git-push-force
e954c125c0227335,datree.io,yc,devtools,Git force pull [a Git commands tutorial],689,20200921010522,https://www.datree.io/resources/git-force-pull,https://web.archive.org/web/20200921010522/https://www.datree.io/resources/git-force-pull
ebf617fea6d335ec,datree.io,yc,devtools,Top 10 Serverless best practices,720,20191018231627,https://www.datree.io/resources/serverless-best-practices,https://web.archive.org/web/20191018231627/https://www.datree.io/resources/serverless-best-practices
ec5929ac5453d5d0,datree.io,yc,devtools,ArgoCD Best Practices You Should Know | Datree.io,2049,20220407150459,https://datree.io/resources/argocd-best-practices-you-should-know,https://web.archive.org/web/20220407150459/https://datree.io/resources/argocd-best-practices-you-should-know
efd504ee2afd25cc,datree.io,yc,devtools,A Comprehensive Guide to Django Middleware,2046,20211025165308,https://www.datree.io/resources/guide-to-django-middleware,https://web.archive.org/web/20211025165308/https://www.datree.io/resources/guide-to-django-middleware
0acdd6cdf32f8345,dearbrightly.com,yc,ecommerce_retail,"Put Down the Lemon Slice. Hyperpigmentation Treatments That Actually Work, According to the Derms - Dear Brightly",2242,20210924050403,https://www.dearbrightly.com/blog/hyperpigmentation-treatment/,https://web.archive.org/web/20210924050403/https://www.dearbrightly.com/blog/hyperpigmentation-treatment/
16ac00c89eb137a3,dearbrightly.com,yc,ecommerce_retail,The right order: retinol or retinoid before or after moisturizer? - Dear Brightly,2066,20220121195417,https://www.dearbrightly.com/blog/retinol-before-or-after-moisturizer/,https://web.archive.org/web/20220121195417/https://www.dearbrightly.com/blog/retinol-before-or-after-moisturizer/
1b62b295e193c458,dearbrightly.com,yc,ecommerce_retail,How to Add Vitamin C to Your Skincare Routine Alongside Retinol and Retinoids - Dear Brightly,1245,20210409031518,https://www.dearbrightly.com/blog/can-you-use-vitamin-c-with-retinol/,https://web.archive.org/web/20210409031518/https://www.dearbrightly.com/blog/can-you-use-vitamin-c-with-retinol/
26c3e6b5c53c9606,dearbrightly.com,yc,ecommerce_retail,What to Expect with Tretinoin: Benefits and Side Effects - Dear Brightly,709,20200812083948,https://www.dearbrightly.com/blog/tretinoin-benefits-and-side-effects/,https://web.archive.org/web/20200812083948/https://www.dearbrightly.com/blog/tretinoin-benefits-and-side-effects/
2de2394b92ca4f4f,dearbrightly.com,yc,ecommerce_retail,Skin Care Routine For Newbies - Dear Brightly,690,20190922205347,https://www.dearbrightly.com/blog/skin-care-routine-for-newbies/,https://web.archive.org/web/20190922205347/https://www.dearbrightly.com/blog/skin-care-routine-for-newbies/
39d6bc8751524a43,dearbrightly.com,yc,ecommerce_retail,Let’s Talk Cleansers: A Comprehensive Guide - Dear Brightly,1686,20220628001943,https://dearbrightly.com/blog/what-is-a-cleanser/,https://web.archive.org/web/20220628001943/https://dearbrightly.com/blog/what-is-a-cleanser/
55d76b9a5f8494c9,dearbrightly.com,yc,ecommerce_retail,Physical vs Chemical Sunscreen: What Derms Recommend - Dear Brightly,1538,20220121212053,https://www.dearbrightly.com/blog/physical-vs-chemical-sunscreen/,https://web.archive.org/web/20220121212053/https://www.dearbrightly.com/blog/physical-vs-chemical-sunscreen/
847990622b49a4db,dearbrightly.com,yc,ecommerce_retail,What is Collagen and How to Rebuild It in the Face - Dear Brightly,692,20200812095110,https://www.dearbrightly.com/blog/how-to-rebuild-collagen-in-the-face/,https://web.archive.org/web/20200812095110/https://www.dearbrightly.com/blog/how-to-rebuild-collagen-in-the-face/
99944d1f3e26fa10,dearbrightly.com,yc,ecommerce_retail,How Does Retinol or Retinoid Work to Treat Photoaging? - Dear Brightly,1725,20200812093017,https://www.dearbrightly.com/blog/how-does-retinol-work/,https://web.archive.org/web/20200812093017/https://www.dearbrightly.com/blog/how-does-retinol-work/
ae657d3632ed3bac,dearbrightly.com,yc,ecommerce_retail,Retinoids vs. Retin A vs. Tretinoin vs. Retinols - Dear Brightly,656,20190922204637,https://www.dearbrightly.com/blog/retinoids-vs-retin-a-vs-tretinoin-vs-retinols/,https://web.archive.org/web/20190922204637/https://www.dearbrightly.com/blog/retinoids-vs-retin-a-vs-tretinoin-vs-retinols/
b57f86e190764694,dearbrightly.com,yc,ecommerce_retail,"The Ultimate Guide to Tretinoin (i.e., Derm-Grade Retinoid) - Dear Brightly",1653,20190922205415,https://www.dearbrightly.com/blog/the-ultimate-guide-to-tretinoin-derm-grade-retinoid/,https://web.archive.org/web/20190922205415/https://www.dearbrightly.com/blog/the-ultimate-guide-to-tretinoin-derm-grade-retinoid/
b9e22aca8480e4d7,dearbrightly.com,yc,ecommerce_retail,Adapalene vs Tretinoin: Which is Right for Your Skin? - Dear Brightly,1214,20210331062225,https://www.dearbrightly.com/blog/adapalene-vs-tretinoin/,https://web.archive.org/web/20210331062225/https://www.dearbrightly.com/blog/adapalene-vs-tretinoin/
cb9cd2edf4a9fea1,dearbrightly.com,yc,ecommerce_retail,What does Vitamin C serum have to do with skin aging? - Dear Brightly,1698,20210118061944,https://www.dearbrightly.com/blog/vitamin-c-serum/,https://web.archive.org/web/20210118061944/https://www.dearbrightly.com/blog/vitamin-c-serum/
dbcbf116d04f9fa7,dearbrightly.com,yc,ecommerce_retail,Here's How to Get Rid of Milia Effectively (Don't Pick Them) - Dear Brightly,1126,20210604205146,https://www.dearbrightly.com/blog/how-to-get-rid-of-milia/,https://web.archive.org/web/20210604205146/https://www.dearbrightly.com/blog/how-to-get-rid-of-milia/
d7502307a9698961,decisionlink.com,inc.com_api_i5list,software_saas,"5 Disruptive Trends Impacting the CRO Role Today - DecisionLink, The Ultimate Differentiation",889,20220518185049,https://www.decisionlink.com/blog/5-disruptive-trends-impacting-the-cro-role-today,https://web.archive.org/web/20220518185049/https://www.decisionlink.com/blog/5-disruptive-trends-impacting-the-cro-role-today
cba3264ee3f9f223,demandcurve.com,yc,software_saas,What do YouTube ads cost? | Demand Curve Blog,1428,20220521034016,https://www.demandcurve.com/blog/youtube-ads-cost,https://web.archive.org/web/20220521034016/https://www.demandcurve.com/blog/youtube-ads-cost
53993d6aa45a2391,demandjump.com,inc.com_api_i5list,software_saas,Bicycle Retailers Looking to Bounce Back Strong After Slow Holiday Season,936,20170707110529,http://www.demandjump.com/blog/bikes-bounce-back-after-slow-december,https://web.archive.org/web/20170707110529/http://www.demandjump.com/blog/bikes-bounce-back-after-slow-december
6cd24b681ef8f31e,demandjump.com,inc.com_api_i5list,software_saas,A Guide To Competitive Keyword Research,885,20200920074328,https://www.demandjump.com/blog/a-guide-to-competitive-keyword-research,https://web.archive.org/web/20200920074328/https://www.demandjump.com/blog/a-guide-to-competitive-keyword-research
97db44f246b0ba87,demandjump.com,inc.com_api_i5list,software_saas,Educational Content Writing Examples,1067,20221102090924,https://www.demandjump.com/blog/educational-content-writing-examples,https://web.archive.org/web/20221102090924/https://www.demandjump.com/blog/educational-content-writing-examples
bd6cfaaf4e75ecb7,demandjump.com,inc.com_api_i5list,software_saas,How Do I Hire a Content Writer for My Website?,1173,20210720181447,https://www.demandjump.com/blog/how-do-i-hire-a-content-writer-for-my-website,https://web.archive.org/web/20210720181447/https://www.demandjump.com/blog/how-do-i-hire-a-content-writer-for-my-website
f20e0104dd13ac33,demandjump.com,inc.com_api_i5list,software_saas,How do bloggers use content marketing?,813,20210127050106,https://www.demandjump.com/blog/how-do-bloggers-use-content-marketing,https://web.archive.org/web/20210127050106/https://www.demandjump.com/blog/how-do-bloggers-use-content-marketing
01ae71659d51d21c,demandsphere.com,yc_directory,software_saas,10 question for enterprise SEO platform,2118,20190716024107,https://www.demandsphere.com/blog/10-things-to-know-about-enterprise-seo-and-content-marketing-platforms/,https://web.archive.org/web/20190716024107/https://www.demandsphere.com/blog/10-things-to-know-about-enterprise-seo-and-content-marketing-platforms/
027e8927f2762567,demandsphere.com,yc_directory,software_saas,Get Ahead Q4 Strong Content and Search,969,20190723225403,https://www.demandsphere.com/blog/get-ahead-in-q4-with-a-strong-content-and-search-strategy/,https://web.archive.org/web/20190723225403/https://www.demandsphere.com/blog/get-ahead-in-q4-with-a-strong-content-and-search-strategy/
028a09bf37f6bc92,demandsphere.com,yc_directory,software_saas,Mine competitor data for content ideas,1548,20190721103714,https://www.demandsphere.com/blog/get-your-next-great-content-ideas-from-competitor-data/,https://web.archive.org/web/20190721103714/https://www.demandsphere.com/blog/get-your-next-great-content-ideas-from-competitor-data/
105326736a8aec51,demandsphere.com,yc_directory,software_saas,Local search data better findability,1194,20190820084008,https://www.demandsphere.com/blog/use-local-search-data-to-create-local-visibility-for-your-brand/,https://web.archive.org/web/20190820084008/https://www.demandsphere.com/blog/use-local-search-data-to-create-local-visibility-for-your-brand/
368afcc23a622695,demandsphere.com,yc_directory,software_saas,Advice for solo founder startups,1842,20190820233047,https://www.demandsphere.com/blog/the-royal-we-single-founder-startups/,https://web.archive.org/web/20190820233047/https://www.demandsphere.com/blog/the-royal-we-single-founder-startups/
3d71f45a1546f8e6,demandsphere.com,yc_directory,software_saas,Amazon SEO Guide: Learn how to Get Found On Amazon,2029,20190820072831,https://www.demandsphere.com/blog/amazon-search-ranking/,https://web.archive.org/web/20190820072831/https://www.demandsphere.com/blog/amazon-search-ranking/
42b4f7a5f956d8fc,demandsphere.com,yc_directory,software_saas,Quickly deploy rails app to ec2,1409,20190820230833,https://www.demandsphere.com/blog/deploy-rails-app-to-ec2-with-rubber/,https://web.archive.org/web/20190820230833/https://www.demandsphere.com/blog/deploy-rails-app-to-ec2-with-rubber/
4aacab0d03dc6282,demandsphere.com,yc_directory,software_saas,Create an effective content workflow,1654,20190716025610,https://www.demandsphere.com/blog/the-strategic-marketer-master-of-an-effective-workflow/,https://web.archive.org/web/20190716025610/https://www.demandsphere.com/blog/the-strategic-marketer-master-of-an-effective-workflow/
8531cec599b06d87,demandsphere.com,yc_directory,software_saas,Content marketing skills for less churn,1525,20190723225220,https://www.demandsphere.com/blog/use-your-content-marketing-superpowers-to-retain-customers/,https://web.archive.org/web/20190723225220/https://www.demandsphere.com/blog/use-your-content-marketing-superpowers-to-retain-customers/
86e7a68a5cae0a4c,demandsphere.com,yc_directory,software_saas,Daily search data for better marketing,1556,20190820222735,https://www.demandsphere.com/blog/daily-search-data-solves-content-marketing-problems/,https://web.archive.org/web/20190820222735/https://www.demandsphere.com/blog/daily-search-data-solves-content-marketing-problems/
8f5540bc5faef16f,demandsphere.com,yc_directory,software_saas,Get SEO value from video content,1048,20190820231347,https://www.demandsphere.com/blog/cutting-through-the-noise-with-visual-content/,https://web.archive.org/web/20190820231347/https://www.demandsphere.com/blog/cutting-through-the-noise-with-visual-content/
97e1b93cb2572671,demandsphere.com,yc_directory,software_saas,Instagram influencers: are they the right choice for your business?,1937,20190820232651,https://www.demandsphere.com/blog/instagram-influencers-for-marketing/,https://web.archive.org/web/20190820232651/https://www.demandsphere.com/blog/instagram-influencers-for-marketing/
a6930aa7b9b0639b,demandsphere.com,yc_directory,software_saas,Mobile markets impact brand awareness,1544,20190820071453,https://www.demandsphere.com/blog/mobile-and-search-insights/,https://web.archive.org/web/20190820071453/https://www.demandsphere.com/blog/mobile-and-search-insights/
a73bec28a5f33082,demandsphere.com,yc_directory,software_saas,Improve content marketing campaigns,651,20190716024359,https://www.demandsphere.com/blog/how-to-plan-a-successful-email-blast/,https://web.archive.org/web/20190716024359/https://www.demandsphere.com/blog/how-to-plan-a-successful-email-blast/
b5e812ce44516653,demandsphere.com,yc_directory,software_saas,Competitor tracking and intelligence for marketing strategy,1421,20190820222807,https://www.demandsphere.com/blog/are-you-tracking-enough-competitors-for-your-marketing-strategy/,https://web.archive.org/web/20190820222807/https://www.demandsphere.com/blog/are-you-tracking-enough-competitors-for-your-marketing-strategy/
ba38759ba135ab57,demandsphere.com,yc_directory,software_saas,Prioritize SEO by showing its success,1739,20190716024534,https://www.demandsphere.com/blog/making-seo-a-priority-in-every-organization/,https://web.archive.org/web/20190716024534/https://www.demandsphere.com/blog/making-seo-a-priority-in-every-organization/
d23a68fb3684a0e6,demandsphere.com,yc_directory,software_saas,Seven SEO writing tips for creating better content in 2018 | DemandSphere,2396,20190820225717,https://www.demandsphere.com/blog/seo-writing-tips-create-better-content/,https://web.archive.org/web/20190820225717/https://www.demandsphere.com/blog/seo-writing-tips-create-better-content/
d4c3da8177c19604,demandsphere.com,yc_directory,software_saas,Understand your audience better,1488,20190820075928,https://www.demandsphere.com/blog/create-better-personas-to-deliver-relevant-targeted-impactful-content/,https://web.archive.org/web/20190820075928/https://www.demandsphere.com/blog/create-better-personas-to-deliver-relevant-targeted-impactful-content/
f535c3a1ea755df9,demandsphere.com,yc_directory,software_saas,Digital analytics and web optimization,780,20190723232555,https://www.demandsphere.com/blog/content-marketing-web-analytics-optimization-team-perspective/,https://web.archive.org/web/20190723232555/https://www.demandsphere.com/blog/content-marketing-web-analytics-optimization-team-perspective/
f9ad1e1377544a86,demandsphere.com,yc_directory,software_saas,Organic search and SEO are priorities,1487,20190820071549,https://www.demandsphere.com/blog/i-dont-do-seo-confessions-of-a-digital-marketer/,https://web.archive.org/web/20190820071549/https://www.demandsphere.com/blog/i-dont-do-seo-confessions-of-a-digital-marketer/
0ac1df7610bb9595,devcycle.com,yc,software_saas,What You Need to Know About Feature Management in 2022,1499,20220516085715,https://devcycle.com/blog/what-you-need-to-know-about-feature-management-in-2022,https://web.archive.org/web/20220516085715/https://devcycle.com/blog/what-you-need-to-know-about-feature-management-in-2022
0c0a5e9f73d7450a,devcycle.com,yc,software_saas,Why The Digital Product Owner is The Most Important Person On Your Team,1644,20220930072354,https://devcycle.com/blog/digital-product-owner,https://web.archive.org/web/20220930072354/https://devcycle.com/blog/digital-product-owner
2a451e404cdf168e,devcycle.com,yc,software_saas,Understanding the Product Development Life Cycle Keeps Your Team on Track,1574,20220813123654,https://devcycle.com/blog/the-product-development-life-cycle,https://web.archive.org/web/20220813123654/https://devcycle.com/blog/the-product-development-life-cycle
2ff1ad5fba52c18c,devcycle.com,yc,software_saas,What Are Feature Flags In DevOps,1204,20220516092702,https://devcycle.com/blog/what-are-feature-flags-in-devops,https://web.archive.org/web/20220516092702/https://devcycle.com/blog/what-are-feature-flags-in-devops
3c8039b5075041e1,devcycle.com,yc,software_saas,Why You Should Kill Code Freezes Before The Holidays,1072,20211127150311,https://devcycle.com/blog/why-you-should-kill-code-freezes-before-the-holidays,https://web.archive.org/web/20211127150311/https://devcycle.com/blog/why-you-should-kill-code-freezes-before-the-holidays
482a5e9b1f96d7a9,devcycle.com,yc,software_saas,Connecting Feature Flags and Dora Metrics,617,20221103074641,https://devcycle.com/blog/connecting-feature-flags-and-dora-metrics,https://web.archive.org/web/20221103074641/https://devcycle.com/blog/connecting-feature-flags-and-dora-metrics
604b2b17a637a179,devcycle.com,yc,software_saas,When to Use Continuous Integration,1248,20220516092209,https://devcycle.com/blog/when-to-use-continuous-integration,https://web.archive.org/web/20220516092209/https://devcycle.com/blog/when-to-use-continuous-integration
a1fc9879f7bb80ac,devcycle.com,yc,software_saas,Decoupling Releases from Deployments with Feature Flags,886,20220630074424,https://devcycle.com/blog/decoupling-releases-from-deployments-with-feature-flags,https://web.archive.org/web/20220630074424/https://devcycle.com/blog/decoupling-releases-from-deployments-with-feature-flags
f826771123d18629,devcycle.com,yc,software_saas,Using Feature Flags for Auth0 Requests,977,20220223190340,https://devcycle.com/blog/using-feature-flags-for-auth0-requests,https://web.archive.org/web/20220223190340/https://devcycle.com/blog/using-feature-flags-for-auth0-requests
1d43c5f3a54a9e65,dexatel.com,ft1000_wayback:20220301043147,software_saas,Text Blockers: Best 14 Picks,1532,20201130203837,https://dexatel.com/blog/text-blockers/,https://web.archive.org/web/20201130203837/https://dexatel.com/blog/text-blockers/
272c9a70ff4e3d76,dexatel.com,ft1000_wayback:20220301043147,software_saas,Top Tips for Android SMS Recovery,893,20220810205349,https://dexatel.com/blog/android-sms-recovery/,https://web.archive.org/web/20220810205349/https://dexatel.com/blog/android-sms-recovery/
3daf6f6c905b76da,dexatel.com,ft1000_wayback:20220301043147,software_saas,SMS Advertising: Understanding Essentials,673,20201123192948,https://dexatel.com/blog/sms-advertising/,https://web.archive.org/web/20201123192948/https://dexatel.com/blog/sms-advertising/
413fbf71bfe553cd,dexatel.com,ft1000_wayback:20220301043147,software_saas,How to Text a Gif: For Android and iOS Users,663,20201130195200,https://dexatel.com/blog/how-to-text-a-gif/,https://web.archive.org/web/20201130195200/https://dexatel.com/blog/how-to-text-a-gif/
4df8f12fa9094eda,dexatel.com,ft1000_wayback:20220301043147,software_saas,Check to See What the Clear Point of Difference in Mobile Marketing is,1410,20201130200044,https://dexatel.com/blog/clear-point-of-difference-in-mobile-marketing/,https://web.archive.org/web/20201130200044/https://dexatel.com/blog/clear-point-of-difference-in-mobile-marketing/
5fba50bdfa4b715e,dexatel.com,ft1000_wayback:20220301043147,software_saas,Spam Text Messages: How to Stop!,1462,20201130202544,https://dexatel.com/blog/spam-text-messages/,https://web.archive.org/web/20201130202544/https://dexatel.com/blog/spam-text-messages/
70126e415c583cd8,dexatel.com,ft1000_wayback:20220301043147,software_saas,Text Messaging Service for Schools: Everything You Need to Know,840,20201101063734,https://dexatel.com/blog/text-messaging-service-for-schools/,https://web.archive.org/web/20201101063734/https://dexatel.com/blog/text-messaging-service-for-schools/
748e32e44ed8a6dc,dexatel.com,ft1000_wayback:20220301043147,software_saas,Why Use SMS Notifications For Your Business?,1416,20211208003734,https://dexatel.com/blog/sms-notification/,https://web.archive.org/web/20211208003734/https://dexatel.com/blog/sms-notification/
81be6dbdb278b4cc,dexatel.com,ft1000_wayback:20220301043147,software_saas,16 Simple Texting Tricks to Use Today,1283,20201123190624,https://dexatel.com/blog/texting-tricks/,https://web.archive.org/web/20201123190624/https://dexatel.com/blog/texting-tricks/
99387d1647d80098,dexatel.com,ft1000_wayback:20220301043147,software_saas,Collecting Phone Numbers: 5 Useful Tips,760,20201111074250,https://dexatel.com/blog/collecting-phone-numbers/,https://web.archive.org/web/20201111074250/https://dexatel.com/blog/collecting-phone-numbers/
c9bac0ed93112fee,dexatel.com,ft1000_wayback:20220301043147,software_saas,Why You Need Mobile Marketing Services for Your Business,1162,20220810211906,https://dexatel.com/blog/mobile-marketing-services/,https://web.archive.org/web/20220810211906/https://dexatel.com/blog/mobile-marketing-services/
f5adae776880ac90,dexatel.com,ft1000_wayback:20220301043147,software_saas,Mobile Affiliate Marketing Essentials,1058,20201129042507,https://dexatel.com/blog/mobile-affiliate-marketing/,https://web.archive.org/web/20201129042507/https://dexatel.com/blog/mobile-affiliate-marketing/
73d61d3717dae0df,distillery.com,inc.com_api_i5list,services_other,Manual or Auto Testing in Software Development? | Distillery,1025,20210513150032,https://distillery.com/blog/manual-auto-software-testing/,https://web.archive.org/web/20210513150032/https://distillery.com/blog/manual-auto-software-testing/
b7b7e6d157d848e0,distillery.com,inc.com_api_i5list,services_other,Distillery senior developer shares lessons learned while speeding up a Rails app | Distillery,1565,20170620143426,https://distillery.com/blog/making-a-rails-app-move-faster-a-tale-of-lessons-learned/,https://web.archive.org/web/20170620143426/https://distillery.com/blog/making-a-rails-app-move-faster-a-tale-of-lessons-learned/
0fa24611842643d4,doppler.com,yc,devtools,Manually Updating .env Files Isn't DevOps,1747,20220703120639,https://blog.doppler.com/manually-updating-env-files-isnt-devops,https://web.archive.org/web/20220703120639/https://blog.doppler.com/manually-updating-env-files-isnt-devops
522b77fba09f1120,doppler.com,yc,devtools,Why Secrets Management Is NOT Just a Key-Value Store,1581,20210923172420,https://blog.doppler.com/why-secrets-management-is-not-a-key-value-store,https://web.archive.org/web/20210923172420/https://blog.doppler.com/why-secrets-management-is-not-a-key-value-store
66457b696270a531,doppler.com,yc,devtools,Using Environment Variables in Python for App Configuration and Secrets,2034,20211016143303,https://blog.doppler.com/environment-variables-in-python,https://web.archive.org/web/20211016143303/https://blog.doppler.com/environment-variables-in-python
70c5e26e6fe64230,doppler.com,yc,devtools,The Triumph and Tragedy of .env Files,782,20210616232149,https://www.doppler.com/blog/the-triumph-and-tragedy-of-env-files,https://web.archive.org/web/20210616232149/https://www.doppler.com/blog/the-triumph-and-tragedy-of-env-files
7140bc61be46b8c9,doppler.com,yc,devtools,Doppler vs. HashiCorp Vault,1317,20210506220019,https://www.doppler.com/blog/doppler-vs-hashicorp-vault,https://web.archive.org/web/20210506220019/https://www.doppler.com/blog/doppler-vs-hashicorp-vault
a6f54119fef1a7e1,doppler.com,yc,devtools,What is a Secrets Manager?,1279,20210607200217,https://www.doppler.com/blog/what-is-a-secrets-manager,https://web.archive.org/web/20210607200217/https://www.doppler.com/blog/what-is-a-secrets-manager
bd45ff9c19c976ee,doppler.com,yc,devtools,Why syncing .env files doesn’t scale for secrets management,1736,20220125160315,https://blog.doppler.com/why-syncing-env-files-doesnt-scale-for-secrets-management,https://web.archive.org/web/20220125160315/https://blog.doppler.com/why-syncing-env-files-doesnt-scale-for-secrets-management
c57d62bd505b5ee5,doppler.com,yc,devtools,Using Environment Variables in Node.js for App Configuration and Secrets,1206,20210413063314,https://www.doppler.com/blog/environment-variables-node-js,https://web.archive.org/web/20210413063314/https://www.doppler.com/blog/environment-variables-node-js
e28df76c8ae60303,doppler.com,yc,devtools,Siloed Secrets and Security Theatre: Why We Need SecretOps,793,20220519215927,https://blog.doppler.com/siloed-secrets-and-security-theatre-why-we-need-secretops,https://web.archive.org/web/20220519215927/https://blog.doppler.com/siloed-secrets-and-security-theatre-why-we-need-secretops
f62a0e923bcb40b5,doppler.com,yc,devtools,Using Environment Variables in Python for App Configuration,1165,20210122215443,https://doppler.com/blog/environment-variables-in-python,https://web.archive.org/web/20210122215443/https://doppler.com/blog/environment-variables-in-python
1fe8fa527e3e565e,doublewoodsupplements.com,inc.com_api_i5list,health,"Explore What’s New In The World Of Supplements, Health, And Lifestyle.",1816,20220518070637,https://doublewoodsupplements.com/blogs/articles/stop-the-clock-how-to-slow-down-the-aging-process,https://web.archive.org/web/20220518070637/https://doublewoodsupplements.com/blogs/articles/stop-the-clock-how-to-slow-down-the-aging-process
2905b5c6a7b21c38,doublewoodsupplements.com,inc.com_api_i5list,health,"Explore What’s New In The World Of Supplements, Health, And Lifestyle.",1890,20220518062017,https://doublewoodsupplements.com/blogs/articles/how-to-keep-your-liver-functioning-at-peak-capacity,https://web.archive.org/web/20220518062017/https://doublewoodsupplements.com/blogs/articles/how-to-keep-your-liver-functioning-at-peak-capacity
2b2afd9997726d52,doublewoodsupplements.com,inc.com_api_i5list,health,"Explore What’s New In The World Of Supplements, Health, And Lifestyle.",1457,20220518065802,https://doublewoodsupplements.com/blogs/articles/a-guide-to-understanding-and-eliminating-stress-from-your-life,https://web.archive.org/web/20220518065802/https://doublewoodsupplements.com/blogs/articles/a-guide-to-understanding-and-eliminating-stress-from-your-life
38dd4c2632186aa6,doublewoodsupplements.com,inc.com_api_i5list,health,"Explore What’s New In The World Of Supplements, Health, And Lifestyle.",792,20220518055755,https://doublewoodsupplements.com/blogs/articles/collagen-supplements-hype-or-holy-grail,https://web.archive.org/web/20220518055755/https://doublewoodsupplements.com/blogs/articles/collagen-supplements-hype-or-holy-grail
4898807f75b9c6de,doublewoodsupplements.com,inc.com_api_i5list,health,"Explore What’s New In The World Of Supplements, Health, And Lifestyle.",1289,20220518072400,https://doublewoodsupplements.com/blogs/articles/healthy-living-for-the-elderly-eat-supplement-exercise,https://web.archive.org/web/20220518072400/https://doublewoodsupplements.com/blogs/articles/healthy-living-for-the-elderly-eat-supplement-exercise
708270888d5c46ec,doublewoodsupplements.com,inc.com_api_i5list,health,The Surprising Health Benefits of Irish Sea Moss,875,20220702231406,https://doublewoodsupplements.com/blogs/articles/the-surprising-health-benefits-of-irish-sea-moss,https://web.archive.org/web/20220702231406/https://doublewoodsupplements.com/blogs/articles/the-surprising-health-benefits-of-irish-sea-moss
7d21cb8b4e680919,doublewoodsupplements.com,inc.com_api_i5list,health,"Explore What’s New In The World Of Supplements, Health, And Lifestyle.",1475,20220518072000,https://doublewoodsupplements.com/blogs/articles/how-do-antioxidants-keep-us-healthy,https://web.archive.org/web/20220518072000/https://doublewoodsupplements.com/blogs/articles/how-do-antioxidants-keep-us-healthy
846230a8d3a0cb5f,doublewoodsupplements.com,inc.com_api_i5list,health,"Explore What’s New In The World Of Supplements, Health, And Lifestyle.",1316,20220518060758,https://doublewoodsupplements.com/blogs/articles/beating-the-demon-of-insomnia,https://web.archive.org/web/20220518060758/https://doublewoodsupplements.com/blogs/articles/beating-the-demon-of-insomnia
8537545403c7288d,doublewoodsupplements.com,inc.com_api_i5list,health,"Explore What’s New In The World Of Supplements, Health, And Lifestyle.",1506,20220518071851,https://doublewoodsupplements.com/blogs/articles/4-crazy-things-we-misunderstand-about-human-memory,https://web.archive.org/web/20220518071851/https://doublewoodsupplements.com/blogs/articles/4-crazy-things-we-misunderstand-about-human-memory
8f545009f1047377,doublewoodsupplements.com,inc.com_api_i5list,health,Reclaim Your Pain: Your Guide to Relief Joint Pain,714,20220702231831,https://doublewoodsupplements.com/blogs/articles/reclaim-your-pain-your-guide-to-relief-joint-pain,https://web.archive.org/web/20220702231831/https://doublewoodsupplements.com/blogs/articles/reclaim-your-pain-your-guide-to-relief-joint-pain
b2025d828b6abb5d,doublewoodsupplements.com,inc.com_api_i5list,health,"Explore What’s New In The World Of Supplements, Health, And Lifestyle.",2216,20220518073329,https://doublewoodsupplements.com/blogs/articles/fireproof-your-life-how-to-recognize-burnout-and-escape-your-own-personal-inferno,https://web.archive.org/web/20220518073329/https://doublewoodsupplements.com/blogs/articles/fireproof-your-life-how-to-recognize-burnout-and-escape-your-own-personal-inferno
feb1a527ba2fe8b7,doublewoodsupplements.com,inc.com_api_i5list,health,"Explore What’s New In The World Of Supplements, Health, And Lifestyle.",1382,20220518065443,https://doublewoodsupplements.com/blogs/articles/is-hypnosis-even-real-how-does-it-affect-our-brains,https://web.archive.org/web/20220518065443/https://doublewoodsupplements.com/blogs/articles/is-hypnosis-even-real-how-does-it-affect-our-brains
4379700312393f11,drinksupercoffee.com,inc.com_api_i5list,ecommerce_retail,Low Sugar Mocha Twix Bars | Super Coffee,712,20220704155849,https://drinksupercoffee.com/blog/recipes/low-sugar-mocha-twix-bars/,https://web.archive.org/web/20220704155849/https://drinksupercoffee.com/blog/recipes/low-sugar-mocha-twix-bars/
6727794ed8d706fa,drinksupercoffee.com,inc.com_api_i5list,ecommerce_retail,How To Wake Up Early: 6 Ways To Get Out Of Bed Earlier | Super Coffee,1818,20220523230003,https://drinksupercoffee.com/blog/nutrition/how-to-wake-up-early/,https://web.archive.org/web/20220523230003/https://drinksupercoffee.com/blog/nutrition/how-to-wake-up-early/
86ed82a2dc9192eb,drinksupercoffee.com,inc.com_api_i5list,ecommerce_retail,"What Does Caffeine Do? Aside From Keeping You Awake, That Is | Super Coffee",1521,20210803120634,https://drinksupercoffee.com/blog/nutrition/what-does-caffeine-do,https://web.archive.org/web/20210803120634/https://drinksupercoffee.com/blog/nutrition/what-does-caffeine-do
a7547aaa83625d71,drinksupercoffee.com,inc.com_api_i5list,ecommerce_retail,Staying Hydrated & Fueled Ft. BRUNch Running | Super Coffee,899,20210918161923,https://drinksupercoffee.com/blog/nutrition/staying-hydrated-fueled/,https://web.archive.org/web/20210918161923/https://drinksupercoffee.com/blog/nutrition/staying-hydrated-fueled/
c43d85070dff7b63,drinksupercoffee.com,inc.com_api_i5list,ecommerce_retail,Sugar-Free Coffee Creamer: Is It A Good Choice For Dieters? | Super Coffee,2108,20211103090318,https://drinksupercoffee.com/blog/nutrition/sugar-free-coffee-creamer,https://web.archive.org/web/20211103090318/https://drinksupercoffee.com/blog/nutrition/sugar-free-coffee-creamer
c8b214cdd6737231,drinksupercoffee.com,inc.com_api_i5list,ecommerce_retail,L-Theanine Pros And Cons: Benefits And Side Effects | Super Coffee,2040,20210803071909,https://drinksupercoffee.com/blog/nutrition/l-theanine-pros-and-cons/,https://web.archive.org/web/20210803071909/https://drinksupercoffee.com/blog/nutrition/l-theanine-pros-and-cons/
d4f0551f2eff8150,drinksupercoffee.com,inc.com_api_i5list,ecommerce_retail,5 Reasons Why Everyone Is Switching To Super Coffee | Super Coffee,614,20210918175826,https://drinksupercoffee.com/blog/nutrition/5-reasons-why-people-are-switching-to-super-coffee/,https://web.archive.org/web/20210918175826/https://drinksupercoffee.com/blog/nutrition/5-reasons-why-people-are-switching-to-super-coffee/
d8712bd6f800d4ba,drinksupercoffee.com,inc.com_api_i5list,ecommerce_retail,What Is Monk Fruit Sweetener? The No-Calorie Sugar Substitute | Super Coffee,2310,20210417112000,https://drinksupercoffee.com/blog/nutrition/what-is-monk-fruit-sweetener/,https://web.archive.org/web/20210417112000/https://drinksupercoffee.com/blog/nutrition/what-is-monk-fruit-sweetener/
e340f96ccacd1fab,drinksupercoffee.com,inc.com_api_i5list,ecommerce_retail,Morning Yoga For Self-Care With Claire Grieve | Super Coffee,663,20210803083925,https://drinksupercoffee.com/blog/super-hacks/morning-yoga-for-self-care/,https://web.archive.org/web/20210803083925/https://drinksupercoffee.com/blog/super-hacks/morning-yoga-for-self-care/
e3e67756d522c620,drinksupercoffee.com,inc.com_api_i5list,ecommerce_retail,Is Keto Safe? Short- And Long-Term Risks Of The Keto Diet | Super Coffee,1856,20220520175601,https://drinksupercoffee.com/blog/nutrition/is-keto-safe,https://web.archive.org/web/20220520175601/https://drinksupercoffee.com/blog/nutrition/is-keto-safe
fe0523aaceb3a611,drinksupercoffee.com,inc.com_api_i5list,ecommerce_retail,"Keto Coffee: A Weight Loss Miracle, Or A Ticking Time Bomb? | Super Coffee",2219,20210911072442,https://drinksupercoffee.com/blog/nutrition/keto-coffee-weight-loss,https://web.archive.org/web/20210911072442/https://drinksupercoffee.com/blog/nutrition/keto-coffee-weight-loss
fe637ce841d7b784,drinksupercoffee.com,inc.com_api_i5list,ecommerce_retail,"Low Carb Vs. Keto Dieting: Pros, Cons & Choosing One | Super Coffee",2158,20220524003620,https://drinksupercoffee.com/blog/nutrition/low-carb-vs-keto/,https://web.archive.org/web/20220524003620/https://drinksupercoffee.com/blog/nutrition/low-carb-vs-keto/
0ed985e529595e35,duffel.com,yc,devtools,Becoming a travel seller has never been easier,1096,20210317145308,https://duffel.com/blog/benefits-of-using-duffel-content-services-duffels-accredited-agency-network,https://web.archive.org/web/20210317145308/https://duffel.com/blog/benefits-of-using-duffel-content-services-duffels-accredited-agency-network
3a30e97ef24bc1e2,duffel.com,yc,devtools,Aegean Airlines are adding a new fee for GDS bookings from 2021 - what can travel sellers do next?,715,20201027003307,https://duffel.com/blog/aegean-airlines-are-adding-a-new-fee-to-gds-bookings-from-1st-january-2021-what-can-travel-sellers-do-next,https://web.archive.org/web/20201027003307/https://duffel.com/blog/aegean-airlines-are-adding-a-new-fee-to-gds-bookings-from-1st-january-2021-what-can-travel-sellers-do-next
3dad3ce5da9fb142,duffel.com,yc,devtools,Why does NDC matter to my travel business?,1203,20200926082410,https://duffel.com/blog/why-does-ndc-matter-to-my-travel-business/,https://web.archive.org/web/20200926082410/https://duffel.com/blog/why-does-ndc-matter-to-my-travel-business/
460e3e8b130de81e,duffel.com,yc,devtools,Behind the scenes of the 2022 Duffel brand refresh,1425,20220118095911,https://duffel.com/blog/2022-duffel-brand-refresh,https://web.archive.org/web/20220118095911/https://duffel.com/blog/2022-duffel-brand-refresh
4795f4bf65876cdb,duffel.com,yc,devtools,Give your customers the best flight booking experience with British Airways NDC,1208,20220425165133,https://duffel.com/blog/best-flight-booking-experience-british-airways-ndc,https://web.archive.org/web/20220425165133/https://duffel.com/blog/best-flight-booking-experience-british-airways-ndc
6c9a4b0381483580,duffel.com,yc,devtools,Why product design matters at an API company,1968,20220803183806,https://duffel.com/blog/why-product-design-matters-at-an-api-company,https://web.archive.org/web/20220803183806/https://duffel.com/blog/why-product-design-matters-at-an-api-company
bcdabbe6ea514308,duffel.com,yc,devtools,Falsehoods Programmers Believe About Aircraft Seat Maps,641,20211109125551,https://duffel.com/blog/falsehoods-about-seat-maps,https://web.archive.org/web/20211109125551/https://duffel.com/blog/falsehoods-about-seat-maps
bfa82e13057c8bec,duffel.com,yc,devtools,Access routes from more than 380 airlines on Duffel,611,20210420092209,https://duffel.com/blog/access-routes-from-more-than-380-airlines-on-duffel,https://web.archive.org/web/20210420092209/https://duffel.com/blog/access-routes-from-more-than-380-airlines-on-duffel
cd599eb82b5d59f0,duffel.com,yc,devtools,How to talk about the value of NDC to business leaders,1817,20220610164939,https://duffel.com/blog/how-to-talk-about-the-value-of-ndc-to-business-leaders,https://web.archive.org/web/20220610164939/https://duffel.com/blog/how-to-talk-about-the-value-of-ndc-to-business-leaders
0f87e1a0a11a47d1,dynatrace.com,g2.com_wayback,software_saas,Trades of a Performance Engineer in 2020! | Dynatrace blog – monitoring redefined,2494,20171205071642,https://www.dynatrace.com/blog/trades-of-a-performance-engineer-in-2020/,https://web.archive.org/web/20171205071642/https://www.dynatrace.com/blog/trades-of-a-performance-engineer-in-2020/
2031fe65dd2cd12b,dynatrace.com,g2.com_wayback,software_saas,Week 22 - Is There a Business Case for Application Performance? | Dynatrace blog – monitoring redefined,2127,20171125050338,https://www.dynatrace.com/blog/week-22-is-there-a-business-case-for-application-performance/,https://web.archive.org/web/20171125050338/https://www.dynatrace.com/blog/week-22-is-there-a-business-case-for-application-performance/
31ad397d6cfcf8c5,dynatrace.com,g2.com_wayback,software_saas,Analyzing JMeter Application Performance Results | Dynatrace blog – monitoring redefined,779,20170103133754,https://www.dynatrace.com/blog/analyzing-jmeter-application-performance-results/,https://web.archive.org/web/20170103133754/https://www.dynatrace.com/blog/analyzing-jmeter-application-performance-results/
473e6207fe18b851,dynatrace.com,g2.com_wayback,software_saas,Performance Metrics For Load Testing,927,20170425180826,https://www.dynatrace.com/blog/key-performance-metrics-load-tests-beyond-response-time-part/,https://web.archive.org/web/20170425180826/https://www.dynatrace.com/blog/key-performance-metrics-load-tests-beyond-response-time-part/
6ea4b3fc13806992,dynatrace.com,g2.com_wayback,software_saas,Speeding up a Pig+HBase MapReduce job by a factor of 15 | Dynatrace blog – monitoring redefined,1687,20170610111628,https://www.dynatrace.com/blog/speeding-up-a-pighbase-mapreduce-job-by-a-factor-of-15/,https://web.archive.org/web/20170610111628/https://www.dynatrace.com/blog/speeding-up-a-pighbase-mapreduce-job-by-a-factor-of-15/
8f53b823b1f906cc,dynatrace.com,g2.com_wayback,software_saas,Get Ready for DevOps: Remove Code & Architectural Bottlenecks | Dynatrace blog – monitoring redefined,1838,20170917100506,https://www.dynatrace.com/blog/get-ready-for-devops-remove-code-and-architectural-bottlenecks/,https://web.archive.org/web/20170917100506/https://www.dynatrace.com/blog/get-ready-for-devops-remove-code-and-architectural-bottlenecks/
a552664017459ccc,dynatrace.com,g2.com_wayback,software_saas,Software Quality Metrics for your Continuous Delivery Pipeline – Part I | Dynatrace blog – monitoring redefined,1628,20170425111803,https://www.dynatrace.com/blog/software-quality-metrics-for-your-continuous-delivery-pipeline-part-i/,https://web.archive.org/web/20170425111803/https://www.dynatrace.com/blog/software-quality-metrics-for-your-continuous-delivery-pipeline-part-i/
ac314f46d9b4de9b,dynatrace.com,g2.com_wayback,software_saas,The Top Java Memory Problems - Part 1 | Dynatrace blog,1457,20180109003244,https://www.dynatrace.com/blog/the-top-java-memory-problems-part-1/,https://web.archive.org/web/20180109003244/https://www.dynatrace.com/blog/the-top-java-memory-problems-part-1/
cbafca9ca4a6534d,dynatrace.com,g2.com_wayback,software_saas,Four key techniques of Cognitive Operations | Dynatrace blog,1028,20180129223424,https://www.dynatrace.com/blog/four-key-techniques-cognitive-operations/,https://web.archive.org/web/20180129223424/https://www.dynatrace.com/blog/four-key-techniques-cognitive-operations/
cc0fc079ffdb1145,dynatrace.com,g2.com_wayback,software_saas,Hybrid Cloud Problem Patterns: Chasing DNS Lookup Times from AWS EC2 | Dynatrace blog – monitoring redefined,870,20170704064145,https://www.dynatrace.com/blog/hybrid-cloud-problem-patterns-chasing-dns-lookup-times-from-aws-ec2/,https://web.archive.org/web/20170704064145/https://www.dynatrace.com/blog/hybrid-cloud-problem-patterns-chasing-dns-lookup-times-from-aws-ec2/
dd3ad643d8c225b0,dynatrace.com,g2.com_wayback,software_saas,Hunting and Fixing AWS DynamoDB Client Scalability Issues on Tomcat | Dynatrace blog – monitoring redefined,1505,20170704083021,https://www.dynatrace.com/blog/hunting-and-fixing-aws-dynamodb-client-scalability-issues-on-tomcat/,https://web.archive.org/web/20170704083021/https://www.dynatrace.com/blog/hunting-and-fixing-aws-dynamodb-client-scalability-issues-on-tomcat/
d01032da06b87349,eatcaulipower.com,inc.com_api_i5list,ecommerce_retail,5 Things You Didn't Know About Frozen Food | Caulipower,700,20180706045629,http://eatcaulipower.com:80/blog/5-things-you-didnt-know-about-frozen-food,https://web.archive.org/web/20180706045629/http://eatcaulipower.com:80/blog/5-things-you-didnt-know-about-frozen-food
070f4fcc7b019865,eatwellnashville.com,inc.com_api_i5list,ecommerce_retail,Health Hack: 4 Nutritious Swaps For Common Unhealthy Ingredients,794,20190822025422,https://eatwellnashville.com/blogs/featured/health-hack-4-nutritious-swaps-for-common-unhealthy-ingredients,https://web.archive.org/web/20190822025422/https://eatwellnashville.com/blogs/featured/health-hack-4-nutritious-swaps-for-common-unhealthy-ingredients
2397fa01aa4d8735,eatwellnashville.com,inc.com_api_i5list,ecommerce_retail,"It's Summer, Eat Well Outside!",826,20220626172144,https://eatwellnashville.com/blogs/featured/its-summer-eat-outside,https://web.archive.org/web/20220626172144/https://eatwellnashville.com/blogs/featured/its-summer-eat-outside
31a1c13e533981f0,eatwellnashville.com,inc.com_api_i5list,ecommerce_retail,Summertime in the City!,774,20220626181455,https://eatwellnashville.com/blogs/featured/the-longest-day-of-the-year,https://web.archive.org/web/20220626181455/https://eatwellnashville.com/blogs/featured/the-longest-day-of-the-year
4860589dbdf5d2b4,eatwellnashville.com,inc.com_api_i5list,ecommerce_retail,3 Self-Care Tips To Stay Present and Grounded This Fall,719,20190822031714,https://eatwellnashville.com/blogs/featured/3-self-care-tips-to-stay-present-and-grounded-this-fall,https://web.archive.org/web/20190822031714/https://eatwellnashville.com/blogs/featured/3-self-care-tips-to-stay-present-and-grounded-this-fall
59fae96d7e100367,eatwellnashville.com,inc.com_api_i5list,ecommerce_retail,Support Your Local Mom & Pop Shop!,1136,20220529014005,https://eatwellnashville.com/blogs/featured/support-your-local-mom-pop-shop,https://web.archive.org/web/20220529014005/https://eatwellnashville.com/blogs/featured/support-your-local-mom-pop-shop
7501f98eb961fb10,eatwellnashville.com,inc.com_api_i5list,ecommerce_retail,Creating Healthy Habits with Personal Trainer Becca Mitchell,870,20191118220134,https://eatwellnashville.com/blogs/featured/creating-healthy-habits-with-personal-trainer-becca-mitchell,https://web.archive.org/web/20191118220134/https://eatwellnashville.com/blogs/featured/creating-healthy-habits-with-personal-trainer-becca-mitchell
78b2cde66ccf96ca,eatwellnashville.com,inc.com_api_i5list,ecommerce_retail,2017 Nashville Wellness Gift Guide,746,20191118211332,https://eatwellnashville.com/blogs/featured/2017-nashville-wellness-gift-guide,https://web.archive.org/web/20191118211332/https://eatwellnashville.com/blogs/featured/2017-nashville-wellness-gift-guide
78fed32e44a68b82,eatwellnashville.com,inc.com_api_i5list,ecommerce_retail,3 Self-Care Check-Ins from Local Entrepreneur Kimberly Novosel,705,20191115223259,https://eatwellnashville.com/blogs/featured/3-self-care-check-ins-from-local-entrepreneur-kimberly-novosel,https://web.archive.org/web/20191115223259/https://eatwellnashville.com/blogs/featured/3-self-care-check-ins-from-local-entrepreneur-kimberly-novosel
87704d681b75703b,eatwellnashville.com,inc.com_api_i5list,ecommerce_retail,3 Last-Minute Healthy New Year Resolutions,752,20191020113949,https://eatwellnashville.com/blogs/uncategorized/3-last-minute-healthy-new-year-resolutions,https://web.archive.org/web/20191020113949/https://eatwellnashville.com/blogs/uncategorized/3-last-minute-healthy-new-year-resolutions
8e97a5884aad279f,eatwellnashville.com,inc.com_api_i5list,ecommerce_retail,Create Your Very Own DIY Wellness Plan For 2018,1002,20190716131926,https://eatwellnashville.com/blogs/featured/create-your-very-own-diy-wellness-plan-for-2018,https://web.archive.org/web/20190716131926/https://eatwellnashville.com/blogs/featured/create-your-very-own-diy-wellness-plan-for-2018
970c96655bd2804a,eatwellnashville.com,inc.com_api_i5list,ecommerce_retail,Why Meal Prep? Why Eat Well?,1223,20220124031749,https://eatwellnashville.com/blogs/featured/why-meal-prep-why-eat-well,https://web.archive.org/web/20220124031749/https://eatwellnashville.com/blogs/featured/why-meal-prep-why-eat-well
a218f3d6dd7c1369,eatwellnashville.com,inc.com_api_i5list,ecommerce_retail,Move Your Body!,973,20220124042834,https://eatwellnashville.com/blogs/featured/move-your-body,https://web.archive.org/web/20220124042834/https://eatwellnashville.com/blogs/featured/move-your-body
25a15f75fda60ef3,ebsassociates.com,inc.com_api_i5list,fintech_insurance,"QuickBooks Portable File - What it Means for Your TLG File | ebs Associates, Inc.",795,20190821011840,https://ebsassociates.com/blog/quickbooks-desktop-portable-file-what-it-means-for-your-tlg-file/,https://web.archive.org/web/20190821011840/https://ebsassociates.com/blog/quickbooks-desktop-portable-file-what-it-means-for-your-tlg-file/
a2dd02120c6faa35,ebsassociates.com,inc.com_api_i5list,fintech_insurance,"QuickBooks Portable File - Statement Writer | ebs Associates, Inc.",946,20190821013526,https://ebsassociates.com/blog/quickbooks-desktop-portable-file-statement-writer/,https://web.archive.org/web/20190821013526/https://ebsassociates.com/blog/quickbooks-desktop-portable-file-statement-writer/
c3906d8595000ab7,ebsassociates.com,inc.com_api_i5list,fintech_insurance,"QuickBooks Portable File - Restoring QuickBooks Loan Manager | ebs Associates, Inc.",714,20190821011634,https://ebsassociates.com/blog/quickbooks-desktop-portable-file-restoration-part-ii-quickbooks-loan-manager/,https://web.archive.org/web/20190821011634/https://ebsassociates.com/blog/quickbooks-desktop-portable-file-restoration-part-ii-quickbooks-loan-manager/
e5ae4b5bc139e80e,ebsassociates.com,inc.com_api_i5list,fintech_insurance,"QuickBooks Portable File - Logos, Images, Form Templates | ebs Associates, Inc.",661,20190821004152,https://ebsassociates.com/blog/quickbooks-desktop-portable-file-restoring-logos-images-form-templates/,https://web.archive.org/web/20190821004152/https://ebsassociates.com/blog/quickbooks-desktop-portable-file-restoring-logos-images-form-templates/
83728ac9f9b60844,edenworkplace.com,yc,software_saas,Office Lighting Ideas To Boost Employee Satisfaction & Productivity,1419,20210301062154,https://www.edenworkplace.com/blog/office-lighting-ideas-employee-productivity,https://web.archive.org/web/20210301062154/https://www.edenworkplace.com/blog/office-lighting-ideas-employee-productivity
91e25990b4957884,edenworkplace.com,yc,software_saas,Is There an Ideal Hybrid Work Schedule?,1331,20220920174612,https://www.edenworkplace.com/blog/is-there-an-ideal-hybrid-work-schedule,https://web.archive.org/web/20220920174612/https://www.edenworkplace.com/blog/is-there-an-ideal-hybrid-work-schedule
aae2ef84b02022a2,edenworkplace.com,yc,software_saas,How To Implement A Commuter Benefits Program For Your Employees,1023,20210416151411,https://www.edenworkplace.com/blog/commuter-benefits-program-for-employees,https://web.archive.org/web/20210416151411/https://www.edenworkplace.com/blog/commuter-benefits-program-for-employees
d67688308196e920,edenworkplace.com,yc,software_saas,"Plants Make People Happy, Especially at Work",1023,20210411062424,https://www.edenworkplace.com/blog/plants-make-people-happy-especially-at-work,https://web.archive.org/web/20210411062424/https://www.edenworkplace.com/blog/plants-make-people-happy-especially-at-work
628d8d279a4007f6,ediblearrangements.com,inc.com_api_i5list,ecommerce_retail,10 Christmas Gift Ideas for Couples They'll Appreciate - Edible® Blog,758,20220818074439,https://www.ediblearrangements.com/blog/christmas-gift-ideas-for-couples/,https://web.archive.org/web/20220818074439/https://www.ediblearrangements.com/blog/christmas-gift-ideas-for-couples/
8d895f2390e2bcd3,ediblearrangements.com,inc.com_api_i5list,ecommerce_retail,50 Creative 50th Birthday Gift Ideas for Men - Edible® Blog,2423,20220528050019,https://www.ediblearrangements.com/blog/50th-birthday-gift-ideas-for-men/,https://web.archive.org/web/20220528050019/https://www.ediblearrangements.com/blog/50th-birthday-gift-ideas-for-men/
bfa041f129b3da6c,ediblearrangements.com,inc.com_api_i5list,ecommerce_retail,10 Unique and Practical 20th Birthday Gift Ideas - Edible® Blog,778,20220701222840,https://www.ediblearrangements.com/blog/20th-birthday-gift-ideas/,https://web.archive.org/web/20220701222840/https://www.ediblearrangements.com/blog/20th-birthday-gift-ideas/
cda439023b98ff0b,ediblearrangements.com,inc.com_api_i5list,ecommerce_retail,10 Delicious and Easy to Make 3-Ingredient Cookies - Edible® Blog,785,20220526200112,https://www.ediblearrangements.com/blog/3-ingredient-cookies/,https://web.archive.org/web/20220526200112/https://www.ediblearrangements.com/blog/3-ingredient-cookies/
f6bcd35ea7520815,ediblearrangements.com,inc.com_api_i5list,ecommerce_retail,11 Opportunities to Show Your Appreciation in October - Edible® Blog,961,20220528051233,https://www.ediblearrangements.com/blog/11-opportunities-show-appreciation-october/,https://web.archive.org/web/20220528051233/https://www.ediblearrangements.com/blog/11-opportunities-show-appreciation-october/
07920560a3209cae,eduflow.com,yc,services_other,How Much Does It Really Cost to Develop an Online Course for Higher Education? Five Factors to Consider · Eduflow blog,1838,20200923223547,https://www.eduflow.com/blog/how-much-does-it-really-cost-to-develop-an-online-course,https://web.archive.org/web/20200923223547/https://www.eduflow.com/blog/how-much-does-it-really-cost-to-develop-an-online-course
1068c1650cce9536,eduflow.com,yc,services_other,The Only Employee Performance Review Template You'll Ever Need · Eduflow blog,1414,20210121172616,https://www.eduflow.com/blog/the-only-employee-performance-review-template-youll-ever-need,https://web.archive.org/web/20210121172616/https://www.eduflow.com/blog/the-only-employee-performance-review-template-youll-ever-need
3114e369df850aa5,eduflow.com,yc,services_other,Encourage Better Peer Feedback with Our Guide to Feedback Rubrics · Eduflow blog,1374,20200923222321,https://www.eduflow.com/blog/encourage-better-peer-feedback-with-our-guide-to-feedback-rubrics,https://web.archive.org/web/20200923222321/https://www.eduflow.com/blog/encourage-better-peer-feedback-with-our-guide-to-feedback-rubrics
48fed8c69bcd274b,eduflow.com,yc,services_other,Peer Training is the Secret to More Effective Employee Training · Eduflow blog,1075,20210303024454,https://www.eduflow.com/blog/peer-training-is-the-secret-to-more-effective-employee-training,https://web.archive.org/web/20210303024454/https://www.eduflow.com/blog/peer-training-is-the-secret-to-more-effective-employee-training
4a154c0998db1909,eduflow.com,yc,services_other,"5 Instructional Designer Resume Must-Haves, According to Instructional Designers · Eduflow blog",1617,20200805014350,https://www.eduflow.com/blog/5-instructional-designer-resume-must-haves,https://web.archive.org/web/20200805014350/https://www.eduflow.com/blog/5-instructional-designer-resume-must-haves
574f7b7e0fd30254,eduflow.com,yc,services_other,3 Agile Learning Frameworks to Replace ADDIE · Eduflow blog,1258,20210303013736,https://www.eduflow.com/blog/3-agile-learning-frameworks-to-replace-addie,https://web.archive.org/web/20210303013736/https://www.eduflow.com/blog/3-agile-learning-frameworks-to-replace-addie
5aacf7505714e0c6,eduflow.com,yc,services_other,Synchronous vs Asynchronous Learning: What's More Effective? · Eduflow blog,1273,20201112024403,https://www.eduflow.com/blog/synchronous-vs-asynchronous-learning-whats-more-effective,https://web.archive.org/web/20201112024403/https://www.eduflow.com/blog/synchronous-vs-asynchronous-learning-whats-more-effective
7f14dc940c8db9db,eduflow.com,yc,services_other,The Top Challenges for E-Learning Instructional Design in 2020 · Eduflow blog,1521,20200914021119,https://www.eduflow.com/blog/the-top-challenges-for-e-learning-instructional-design-in-2020,https://web.archive.org/web/20200914021119/https://www.eduflow.com/blog/the-top-challenges-for-e-learning-instructional-design-in-2020
7f3984fe3c8571f7,eduflow.com,yc,services_other,Training Needs Assessments: 3 Frameworks that Go Beyond Cookie-Cutter Advice · Eduflow blog,2074,20220105154839,https://www.eduflow.com/blog/training-needs-assessments-3-frameworks-that-go-beyond-cookie-cutter-advice,https://web.archive.org/web/20220105154839/https://www.eduflow.com/blog/training-needs-assessments-3-frameworks-that-go-beyond-cookie-cutter-advice
a13a459960db7e3e,eduflow.com,yc,services_other,The Ultimate Roundup of Remote Workplace Learning Resources · Eduflow blog,1880,20201128231629,https://www.eduflow.com/blog/the-ultimate-roundup-of-remote-workplace-learning-resources,https://web.archive.org/web/20201128231629/https://www.eduflow.com/blog/the-ultimate-roundup-of-remote-workplace-learning-resources
aef68f8b79d8d4e6,eduflow.com,yc,services_other,How to Create an Instructional Design Portfolio · Eduflow blog,1704,20200923221839,https://www.eduflow.com/blog/how-to-create-an-instructional-design-portfolio,https://web.archive.org/web/20200923221839/https://www.eduflow.com/blog/how-to-create-an-instructional-design-portfolio
c3cdafc38df20af2,eduflow.com,yc,services_other,How COVID-19 will change online learning forever · Eduflow blog,1492,20200923230454,https://www.eduflow.com/blog/how-covid-19-will-change-online-learning-forever,https://web.archive.org/web/20200923230454/https://www.eduflow.com/blog/how-covid-19-will-change-online-learning-forever
c76a6b1b21dd8b2a,eduflow.com,yc,services_other,Teaching Code Review to University Students · Eduflow blog,1393,20200923215604,https://www.eduflow.com/blog/teaching-code-review-to-university-students,https://web.archive.org/web/20200923215604/https://www.eduflow.com/blog/teaching-code-review-to-university-students
903793b4e1f7c7a5,embarksafety.com,inc.com_api_i5list,software_saas,“High-risk driver” in the eyes of commercial auto insurance,618,20210924000853,https://www.embarksafety.com/blog/high-risk-driver-for-commercial-auto-insurance/,https://web.archive.org/web/20210924000853/https://www.embarksafety.com/blog/high-risk-driver-for-commercial-auto-insurance/
011e88e2654eca6e,embroker.com,inc.com_api_i5list,fintech_insurance,Fractional Marketing vs. Interim Marketing Support in Law Firms,837,20220426185447,https://www.embroker.com/blog/fractional-marketing-interim-marketing/,https://web.archive.org/web/20220426185447/https://www.embroker.com/blog/fractional-marketing-interim-marketing/
31af5543bdc6d51f,embroker.com,inc.com_api_i5list,fintech_insurance,How to Design an Employee Benefits Program That Works for Your Business,1628,20211025180229,https://www.embroker.com/blog/how-to-design-an-employee-benefits-program/,https://web.archive.org/web/20211025180229/https://www.embroker.com/blog/how-to-design-an-employee-benefits-program/
86da71ae634570b6,embroker.com,inc.com_api_i5list,fintech_insurance,Understanding Cyber Extortion and How to Protect Your Business,1752,20210918124533,https://www.embroker.com/blog/cyber-extortion/,https://web.archive.org/web/20210918124533/https://www.embroker.com/blog/cyber-extortion/
8d9985b712880fe7,embroker.com,inc.com_api_i5list,fintech_insurance,Does Your Startup Need D&O Insurance?,745,20190822185840,https://www.embroker.com/blog/does-your-small-company-really-need-do-insurance,https://web.archive.org/web/20190822185840/https://www.embroker.com/blog/does-your-small-company-really-need-do-insurance
de09543a5bddc24f,embroker.com,inc.com_api_i5list,fintech_insurance,What Basic Employee Benefits Must Your Company Provide?,1341,20211025162805,https://www.embroker.com/blog/legally-required-benefits/,https://web.archive.org/web/20211025162805/https://www.embroker.com/blog/legally-required-benefits/
27912f48995c24e6,enterneverland.com,yc,ecommerce_retail,How to Grow and Care For Philodendron Micans | Neverland Blog,2190,20220629044041,https://www.enterneverland.com/blog/how-to-grow-and-care-for-philodendron-micans,https://web.archive.org/web/20220629044041/https://www.enterneverland.com/blog/how-to-grow-and-care-for-philodendron-micans
37c653ad464eae45,enterneverland.com,yc,ecommerce_retail,How To Achieve Proper Chinese Elm Bonsai Care | Neverland Blog,2149,20220629043446,https://www.enterneverland.com/blog/how-to-achieve-proper-chinese-elm-bonsai-care,https://web.archive.org/web/20220629043446/https://www.enterneverland.com/blog/how-to-achieve-proper-chinese-elm-bonsai-care
a4e2c25df0652442,enterneverland.com,yc,ecommerce_retail,How to Grow and Care for Neon Pothos | Neverland Blog,2349,20221007160229,https://www.enterneverland.com/blog/c/plant-care/how-to-grow-and-care-for-neon-pothos-ultimate-guide,https://web.archive.org/web/20221007160229/https://www.enterneverland.com/blog/c/plant-care/how-to-grow-and-care-for-neon-pothos-ultimate-guide
f90dd0da05e12232,enterneverland.com,yc,ecommerce_retail,Best Pink Houseplants and Perennials For Your Space | Neverland Blog,1746,20221007153232,https://www.enterneverland.com/blog/c/collections/best-pink-houseplants-and-perennials-for-your-space,https://web.archive.org/web/20221007153232/https://www.enterneverland.com/blog/c/collections/best-pink-houseplants-and-perennials-for-your-space
fb1a6c0dfb558e2b,enterneverland.com,yc,ecommerce_retail,How to Get Rid of Aphids on Rose Bushes? | Neverland Blog,2055,20220629040946,https://www.enterneverland.com/blog/how-to-get-rid-of-aphids-on-rose-bushes,https://web.archive.org/web/20220629040946/https://www.enterneverland.com/blog/how-to-get-rid-of-aphids-on-rose-bushes
0b1f15f0aa2482eb,envistaforensics.com,inc.com_api_i5list,services_other,The Role of Cell Phone Location Forensics in Criminal Cases,1145,20210125181003,https://www.envistaforensics.com/blog/the-role-of-cell-phone-location-forensics-in-criminal-cases/,https://web.archive.org/web/20210125181003/https://www.envistaforensics.com/blog/the-role-of-cell-phone-location-forensics-in-criminal-cases/
2979ef14463a34e9,envistaforensics.com,inc.com_api_i5list,services_other,Call Detail Records: The Super Phone Bill,1103,20190719170403,https://www.envistaforensics.com/blog/call-detail-records-the-super-phone-bill/,https://web.archive.org/web/20190719170403/https://www.envistaforensics.com/blog/call-detail-records-the-super-phone-bill/
2e40645da234b2bc,envistaforensics.com,inc.com_api_i5list,services_other,The Suez Canal Crisis Brings Risk to Insurers,1509,20210330142717,https://www.envistaforensics.com/blog/the-suez-canal-crisis-brings-risk-to-insurers/,https://web.archive.org/web/20210330142717/https://www.envistaforensics.com/blog/the-suez-canal-crisis-brings-risk-to-insurers/
6b4eb6ea25cc2415,envistaforensics.com,inc.com_api_i5list,services_other,Operations Shut Down: Data and Software Recovery During COVID-19,1117,20200423231711,https://www.envistaforensics.com/blog/operations-shut-down-data-and-software-recovery-during-covid-19/,https://web.archive.org/web/20200423231711/https://www.envistaforensics.com/blog/operations-shut-down-data-and-software-recovery-during-covid-19/
72f402a20dc31100,envistaforensics.com,inc.com_api_i5list,services_other,Are There Really Flaws in Cell Phone Location Evidence?,1380,20191014214124,https://www.envistaforensics.com/blog/are-there-really-flaws-in-cell-phone-location-evidence/,https://web.archive.org/web/20191014214124/https://www.envistaforensics.com/blog/are-there-really-flaws-in-cell-phone-location-evidence/
7f8df04687bfb70c,envistaforensics.com,inc.com_api_i5list,services_other,A Marine Engineer’s Role During Subrogation,874,20210903173009,https://www.envistaforensics.com/blog/a-marine-engineer-s-role-during-subrogation/,https://web.archive.org/web/20210903173009/https://www.envistaforensics.com/blog/a-marine-engineer-s-role-during-subrogation/
813111b8d7a39ca7,envistaforensics.com,inc.com_api_i5list,services_other,Floating Swimming Pools: Part II,1360,20190818171104,https://www.envistaforensics.com/blog/floating-swimming-pools-part-ii/,https://web.archive.org/web/20190818171104/https://www.envistaforensics.com/blog/floating-swimming-pools-part-ii/
85d12ea5d9610609,envistaforensics.com,inc.com_api_i5list,services_other,Top 4 Common Summer Claims,1163,20190818181445,https://www.envistaforensics.com/blog/top-4-common-summer-claims/,https://web.archive.org/web/20190818181445/https://www.envistaforensics.com/blog/top-4-common-summer-claims/
9dc77cd17ce4b90d,envistaforensics.com,inc.com_api_i5list,services_other,Impacts of the COVID-19 Pandemic on the Maritime Industry,827,20200424005052,https://www.envistaforensics.com/blog/impacts-of-the-covid-19-pandemic-on-the-maritime-industry/,https://web.archive.org/web/20200424005052/https://www.envistaforensics.com/blog/impacts-of-the-covid-19-pandemic-on-the-maritime-industry/
a832539c7114621d,envistaforensics.com,inc.com_api_i5list,services_other,Tips for Construction Claim Preparedness During COVID-19,694,20200423223531,https://www.envistaforensics.com/blog/tips-for-construction-claim-preparedness-during-covid-19/,https://web.archive.org/web/20200423223531/https://www.envistaforensics.com/blog/tips-for-construction-claim-preparedness-during-covid-19/
ad79ad75a8a4c39f,envistaforensics.com,inc.com_api_i5list,services_other,Don't Geofence Me In: Have You Been Caught in a Google Location History Warrant?,1354,20210629161434,https://www.envistaforensics.com/blog/dont-geofence-me-in/,https://web.archive.org/web/20210629161434/https://www.envistaforensics.com/blog/dont-geofence-me-in/
c361320c018e06e9,envistaforensics.com,inc.com_api_i5list,services_other,5 Frequently Asked Questions in Wildland Fire Claims,1642,20201101015905,https://www.envistaforensics.com/blog/5-frequently-asked-questions-in-wildland-fire-claims/,https://web.archive.org/web/20201101015905/https://www.envistaforensics.com/blog/5-frequently-asked-questions-in-wildland-fire-claims/
d301888850d1c09a,envistaforensics.com,inc.com_api_i5list,services_other,CAT Season: Are you ever truly ready?,1087,20190818181657,https://www.envistaforensics.com/blog/cat-season-are-you-ever-truly-ready/,https://web.archive.org/web/20190818181657/https://www.envistaforensics.com/blog/cat-season-are-you-ever-truly-ready/
e52d02ea40970624,envistaforensics.com,inc.com_api_i5list,services_other,Operations Shut Down: Impact on Equipment During COVID-19,692,20200423234146,https://www.envistaforensics.com/blog/operations-shut-down-impact-on-equipment-during-covid-19/,https://web.archive.org/web/20200423234146/https://www.envistaforensics.com/blog/operations-shut-down-impact-on-equipment-during-covid-19/
f71ef5d6e248d0c9,envistaforensics.com,inc.com_api_i5list,services_other,Down the Rabbit Hole: Developing Professional Opinions,1257,20201024203206,https://www.envistaforensics.com/blog/down-the-rabbit-hole-developing-professional-opinions/,https://web.archive.org/web/20201024203206/https://www.envistaforensics.com/blog/down-the-rabbit-hole-developing-professional-opinions/
204bf5781b051b9a,everydoorrealestate.com,inc.com_api_i5list,services_other,6 Bizarre Real Estate Laws Across the U.S.,848,20220516114921,https://www.everydoorrealestate.com/blog/6-bizarre-real-estate-laws-across-the-us/,https://web.archive.org/web/20220516114921/https://www.everydoorrealestate.com/blog/6-bizarre-real-estate-laws-across-the-us/
27f3d6a7f173c660,everydoorrealestate.com,inc.com_api_i5list,services_other,The Complete Final Walkthrough Checklist,798,20220518064537,https://www.everydoorrealestate.com/blog/the-complete-final-walkthrough-checklist/,https://web.archive.org/web/20220518064537/https://www.everydoorrealestate.com/blog/the-complete-final-walkthrough-checklist/
3b9019d2810f26f2,everydoorrealestate.com,inc.com_api_i5list,services_other,Expert Questions to Ask When House-Hunting with Pets in Mind,1071,20220518072147,https://www.everydoorrealestate.com/blog/expert-questions-to-ask-when-house-hunting-with-pets-in-mind/,https://web.archive.org/web/20220518072147/https://www.everydoorrealestate.com/blog/expert-questions-to-ask-when-house-hunting-with-pets-in-mind/
5872dfce6f21e6c9,everydoorrealestate.com,inc.com_api_i5list,services_other,What Is A Comparative Market Analysis And How Can It Help You Sell Your Home?,958,20220518071116,https://www.everydoorrealestate.com/blog/what-is-a-comparative-market-analysis-and-how-can-it-help-you-sell-your-home/,https://web.archive.org/web/20220518071116/https://www.everydoorrealestate.com/blog/what-is-a-comparative-market-analysis-and-how-can-it-help-you-sell-your-home/
72eda6b3353022fc,everydoorrealestate.com,inc.com_api_i5list,services_other,7 Signs You're Ready To Stop Renting and Finally Buy Your First Home,1208,20220518073737,https://www.everydoorrealestate.com/blog/7-signs-youre-ready-to-stop-renting-and-finally-buy-your-first-home/,https://web.archive.org/web/20220518073737/https://www.everydoorrealestate.com/blog/7-signs-youre-ready-to-stop-renting-and-finally-buy-your-first-home/
929dd82d16e455df,everydoorrealestate.com,inc.com_api_i5list,services_other,Military Home Buyers: 5 Reasons To Choose A VA Loan Instead of A Conventional Loan,909,20220518074058,https://www.everydoorrealestate.com/blog/military-home-buyers-5-reasons-to-choose-a-va-loan-instead-of-a-conventional-loan/,https://web.archive.org/web/20220518074058/https://www.everydoorrealestate.com/blog/military-home-buyers-5-reasons-to-choose-a-va-loan-instead-of-a-conventional-loan/
964f2560672c9d22,everydoorrealestate.com,inc.com_api_i5list,services_other,How To Find The Best Agent For A Short Sale,839,20220518053624,https://www.everydoorrealestate.com/blog/how-to-find-the-best-agent-for-a-short-sale/,https://web.archive.org/web/20220518053624/https://www.everydoorrealestate.com/blog/how-to-find-the-best-agent-for-a-short-sale/
a2748cbc03bfea30,everydoorrealestate.com,inc.com_api_i5list,services_other,First-Time Homebuyer? Here's A 5-Step Checklist Before Starting Your Search,704,20220516114148,https://www.everydoorrealestate.com/blog/first-time-homebuyer-heres-a-5-step-checklist-before-starting-your-search/,https://web.archive.org/web/20220516114148/https://www.everydoorrealestate.com/blog/first-time-homebuyer-heres-a-5-step-checklist-before-starting-your-search/
a288c14083a8bba1,everydoorrealestate.com,inc.com_api_i5list,services_other,6 Staging Mistakes To Avoid When Selling Your Home,986,20220518062404,https://www.everydoorrealestate.com/blog/6-staging-mistakes-to-avoid-when-selling-your-home/,https://web.archive.org/web/20220518062404/https://www.everydoorrealestate.com/blog/6-staging-mistakes-to-avoid-when-selling-your-home/
cc6583a98338f507,everydoorrealestate.com,inc.com_api_i5list,services_other,3 Huge Tips For Refinancing Your Mortgage Even If You Have Bad Credit,775,20220518074252,https://www.everydoorrealestate.com/blog/3-huge-tips-for-refinancing-your-mortgage-even-if-you-have-bad-credit/,https://web.archive.org/web/20220518074252/https://www.everydoorrealestate.com/blog/3-huge-tips-for-refinancing-your-mortgage-even-if-you-have-bad-credit/
e337231a02f68fb5,everydoorrealestate.com,inc.com_api_i5list,services_other,5 Cleaning Habits You Need To Break for Better Housekeeping,767,20220521091406,https://www.everydoorrealestate.com/blog/5-cleaning-habits-you-need-to-break-for-better-housekeeping/,https://web.archive.org/web/20220521091406/https://www.everydoorrealestate.com/blog/5-cleaning-habits-you-need-to-break-for-better-housekeeping/
f6ebb0eab81d3cbd,everydoorrealestate.com,inc.com_api_i5list,services_other,6 Easy Cleaning Tasks Homeowners Shouldn't Overlook,782,20220521081223,https://www.everydoorrealestate.com/blog/6-easy-cleaning-tasks-homeowners-shouldnt-overlook/,https://web.archive.org/web/20220521081223/https://www.everydoorrealestate.com/blog/6-easy-cleaning-tasks-homeowners-shouldnt-overlook/
0397b8943b649d15,evonence.com,inc.com_api_i5list,services_other,Securing Mobile Devices in the Corporate Environment with G Suite - Evonence | Google Cloud Partner | G Suite,1188,20180213143235,http://www.evonence.com:80/blog/mobile-device-management-for-enterprises,https://web.archive.org/web/20180213143235/http://www.evonence.com:80/blog/mobile-device-management-for-enterprises
35cb5ace336e5944,evonence.com,inc.com_api_i5list,services_other,Google G Suite Change Management Practices,1058,20190724093241,https://www.evonence.com/blog/google-g-suite-change-management-practices,https://web.archive.org/web/20190724093241/https://www.evonence.com/blog/google-g-suite-change-management-practices
547ee61d76d62e6e,evonence.com,inc.com_api_i5list,services_other,G Suite for Financial Services,1205,20190724092751,https://www.evonence.com/blog/g-suite-for-financial-services,https://web.archive.org/web/20190724092751/https://www.evonence.com/blog/g-suite-for-financial-services
5d30e1f604446a5c,evonence.com,inc.com_api_i5list,services_other,G Suite For Marketing And Advertising Business,1555,20190724082914,https://www.evonence.com/blog/g-suite-for-marketing-and-advertising-business,https://web.archive.org/web/20190724082914/https://www.evonence.com/blog/g-suite-for-marketing-and-advertising-business
7a77f318492c9a3c,evonence.com,inc.com_api_i5list,services_other,G Suite - Software For Retail,1508,20190724082743,https://www.evonence.com/blog/g-suite-software-for-retail,https://web.archive.org/web/20190724082743/https://www.evonence.com/blog/g-suite-software-for-retail
a12111e770671ed9,evonence.com,inc.com_api_i5list,services_other,G Suite Innovation & Efficiency for Managing Your Business,1792,20190724090012,https://www.evonence.com/blog/g-suite-innovation-efficiency-for-managing-your-business,https://web.archive.org/web/20190724090012/https://www.evonence.com/blog/g-suite-innovation-efficiency-for-managing-your-business
f2d6a8e76f07338b,evonence.com,inc.com_api_i5list,services_other,Change Management-G Suite - Evonence | Google Cloud Partner | G Suite,741,20170518125853,http://www.evonence.com:80/blog/changemanagement-gsuite,https://web.archive.org/web/20170518125853/http://www.evonence.com:80/blog/changemanagement-gsuite
1ae6666ab6f0727a,exteriormedics.com,inc.com_api_i5list,services_other,How To Insulate Your Windows Without Breaking The Bank,780,20151125064047,http://www.exteriormedics.com:80/blog/how-to-insulate-your-windows-without-breaking-the-bank,https://web.archive.org/web/20151125064047/http://www.exteriormedics.com:80/blog/how-to-insulate-your-windows-without-breaking-the-bank
2b452381fd484031,exteriormedics.com,inc.com_api_i5list,services_other,Spring Cleaning: 4 Ways to Utilize Your Garage Space,717,20170805174510,http://www.exteriormedics.com/blog/spring-cleaning-4-ways-to-utilize-your-garage-space,https://web.archive.org/web/20170805174510/http://www.exteriormedics.com/blog/spring-cleaning-4-ways-to-utilize-your-garage-space
4d0dd88a152b9c09,exteriormedics.com,inc.com_api_i5list,services_other,How To Protect Your Roof From Ice Dams,813,20160208053440,http://www.exteriormedics.com:80/blog/how-to-protect-your-roof-from-ice-dams,https://web.archive.org/web/20160208053440/http://www.exteriormedics.com:80/blog/how-to-protect-your-roof-from-ice-dams
59fca4769cff4f6b,exteriormedics.com,inc.com_api_i5list,services_other,8 Ways to Slash Summer Energy Costs,843,20140820113736,http://www.exteriormedics.com:80/blog/bid/351589/8-Ways-to-Slash-Summer-Energy-Costs,https://web.archive.org/web/20140820113736/http://www.exteriormedics.com:80/blog/bid/351589/8-Ways-to-Slash-Summer-Energy-Costs
644849b4b23dbcd0,exteriormedics.com,inc.com_api_i5list,services_other,6 Ways To Allergy-Proof Your Home This Spring,796,20150627054723,http://www.exteriormedics.com:80/blog/6-ways-to-allergy-proof-your-home-this-spring,https://web.archive.org/web/20150627054723/http://www.exteriormedics.com:80/blog/6-ways-to-allergy-proof-your-home-this-spring
830bc75b5adf560b,exteriormedics.com,inc.com_api_i5list,services_other,7 Things All New Homeowners Should Know,729,20190720220555,https://www.exteriormedics.com/blog/7-things-all-new-homeowners-should-know,https://web.archive.org/web/20190720220555/https://www.exteriormedics.com/blog/7-things-all-new-homeowners-should-know
9d1811be8707b6f0,exteriormedics.com,inc.com_api_i5list,services_other,How to Clean an Asphalt Shingle Roof: What You Need to Know,739,20201025214941,https://www.exteriormedics.com/blog/how-to-clean-an-asphalt-shingle-roof-what-you-need-to-know,https://web.archive.org/web/20201025214941/https://www.exteriormedics.com/blog/how-to-clean-an-asphalt-shingle-roof-what-you-need-to-know
ac668387d2e19f80,exteriormedics.com,inc.com_api_i5list,services_other,Why Home Repair Issues Aren’t Always What They Seem,780,20210514013954,https://www.exteriormedics.com/blog/why-home-repair-issues-arent-always-what-they-seem,https://web.archive.org/web/20210514013954/https://www.exteriormedics.com/blog/why-home-repair-issues-arent-always-what-they-seem
007ba04fe13c6ea0,fanhero.com,yc,ecommerce_retail,Don’t Let Third Parties Beat You To The Play,784,20211130141601,https://blog.fanhero.com/blog/dont-let-third-parties-beat-you-to-the-play/,https://web.archive.org/web/20211130141601/https://blog.fanhero.com/blog/dont-let-third-parties-beat-you-to-the-play/
04c5f3311a1c16b8,fanhero.com,yc,ecommerce_retail,Why Owning Content and User Data Are Both Crucial to Monetization,1056,20211130160202,https://blog.fanhero.com/blog/why-owning-content-and-user-data-are-both-crucial-to-monetization/,https://web.archive.org/web/20211130160202/https://blog.fanhero.com/blog/why-owning-content-and-user-data-are-both-crucial-to-monetization/
2ab56b76a5e878ee,fanhero.com,yc,ecommerce_retail,What Is An OTT Platform? A Beginner’s Guide to the Future of Streaming,926,20211130161015,https://blog.fanhero.com/blog/what-is-an-ott-platform-a-beginners-guide-to-the-future-of-streaming/,https://web.archive.org/web/20211130161015/https://blog.fanhero.com/blog/what-is-an-ott-platform-a-beginners-guide-to-the-future-of-streaming/
31ee8baef50edbe8,fanhero.com,yc,ecommerce_retail,Engage Your Most Valuable Fans with a Branded Sports App,691,20211130144044,https://blog.fanhero.com/blog/engage-your-most-valuable-fans-with-a-branded-sports-app/,https://web.archive.org/web/20211130144044/https://blog.fanhero.com/blog/engage-your-most-valuable-fans-with-a-branded-sports-app/
434893deec57a239,fanhero.com,yc,ecommerce_retail,4 Ways to Monetize Your Social Media Presence as an Influencer,758,20170808183120,http://blog.fanhero.com:80/4-ways-to-monetize-your-social-media-presence-as-an-influencer,https://web.archive.org/web/20170808183120/http://blog.fanhero.com:80/4-ways-to-monetize-your-social-media-presence-as-an-influencer
5cbf058ccfd2f352,fanhero.com,yc,ecommerce_retail,6 Common Mistakes Influencers Make While Managing Their Data,1170,20180503135015,http://blog.fanhero.com:80/6-common-mistakes-influencers-make-while-managing-their-data,https://web.archive.org/web/20180503135015/http://blog.fanhero.com:80/6-common-mistakes-influencers-make-while-managing-their-data
61fd012898d9e8a8,fanhero.com,yc,ecommerce_retail,How Digital Influencers Benefit from Custom Apps,896,20211130142100,https://blog.fanhero.com/blog/how-digital-influencers-benefit-from-custom-apps/,https://web.archive.org/web/20211130142100/https://blog.fanhero.com/blog/how-digital-influencers-benefit-from-custom-apps/
746d74d5ab9185a7,fanhero.com,yc,ecommerce_retail,Streaming Services are Growing to Meet Global Need During the Pandemic | FanHero,1544,20210517131856,https://blog.fanhero.com/blog/streaming-services-are-growing-to-meet-global-need-during-the-pandemic/,https://web.archive.org/web/20210517131856/https://blog.fanhero.com/blog/streaming-services-are-growing-to-meet-global-need-during-the-pandemic/
a2bceba27043b5b1,fanhero.com,yc,ecommerce_retail,Know Exactly Who Your Audience Is and Monetization Will Come,1252,20211130151728,https://blog.fanhero.com/blog/know-exactly-who-your-audience-is-and-monetization-will-come/,https://web.archive.org/web/20211130151728/https://blog.fanhero.com/blog/know-exactly-who-your-audience-is-and-monetization-will-come/
b904cb9143a8287f,fanhero.com,yc,ecommerce_retail,Don’t Make Fans Hunt For Your Content | FanHero,713,20210517134212,https://blog.fanhero.com/blog/dont-make-fans-hunt-for-your-content/,https://web.archive.org/web/20210517134212/https://blog.fanhero.com/blog/dont-make-fans-hunt-for-your-content/
c122a05a524e36dc,fanhero.com,yc,ecommerce_retail,Turn Your YouTube Channel into A Video On Demand Platform,862,20210517123446,https://blog.fanhero.com/blog/turn-your-youtube-channel-into-a-video-on-demand-platform/,https://web.archive.org/web/20210517123446/https://blog.fanhero.com/blog/turn-your-youtube-channel-into-a-video-on-demand-platform/
d30a87c38ff9d0b2,fanhero.com,yc,ecommerce_retail,Who's Getting Rich On Social Media? Hint: It's Not the Content Creators!,1019,20190923172147,http://blog.fanhero.com/whos-getting-rich-on-social-media-hint-its-not-the-content-creators,https://web.archive.org/web/20190923172147/http://blog.fanhero.com/whos-getting-rich-on-social-media-hint-its-not-the-content-creators
ddc5dfb5f5cf9572,fanhero.com,yc,ecommerce_retail,Important Social Media Metrics YouTube And Facebook Aren’t Sharing,1187,20211130145226,https://blog.fanhero.com/blog/important-social-media-metrics-youtube-and-facebook-arent-sharing/,https://web.archive.org/web/20211130145226/https://blog.fanhero.com/blog/important-social-media-metrics-youtube-and-facebook-arent-sharing/
00ee5619adfc4a6a,flexfits.com,yc,ecommerce_retail,5 indoor workouts to try during your period | The Fornix | Flex,1312,20210418200637,https://blog.flexfits.com/5-workouts-for-your-period/,https://web.archive.org/web/20210418200637/https://blog.flexfits.com/5-workouts-for-your-period/
03b5e0a707cd697d,flexfits.com,yc,ecommerce_retail,Non-menstruators react to period products | The Fornix | Flex,1439,20220118070607,https://blog.flexfits.com/period-tiktok-roundup/,https://web.archive.org/web/20220118070607/https://blog.flexfits.com/period-tiktok-roundup/
06e24295ca479160,flexfits.com,yc,ecommerce_retail,What's period syncing – and is it a real thing? | The Fornix | Flex,1725,20210507105040,https://blog.flexfits.com/period-syncing/,https://web.archive.org/web/20210507105040/https://blog.flexfits.com/period-syncing/
0a2ab7d9b9c9071e,flexfits.com,yc,ecommerce_retail,Ask an OB-GYN: What's with all the recent TSS cases? | The Fornix | Flex,804,20210618215739,https://blog.flexfits.com/accidentally-left-tampon-in-tss/,https://web.archive.org/web/20210618215739/https://blog.flexfits.com/accidentally-left-tampon-in-tss/
11811e28eb969ced,flexfits.com,yc,ecommerce_retail,Marilyn Monroe's Silent Battle With Endometriosis | The Fornix | Flex™,2092,20210113230040,https://blog.flexfits.com/marilyn-monroe-endometriosis/,https://web.archive.org/web/20210113230040/https://blog.flexfits.com/marilyn-monroe-endometriosis/
14e74249175791ba,flexfits.com,yc,ecommerce_retail,8 fun & unusual virtual date ideas | The Fornix | Flex,845,20210618213257,https://blog.flexfits.com/virtual-date-ideas/,https://web.archive.org/web/20210618213257/https://blog.flexfits.com/virtual-date-ideas/
4119e517d178a12f,flexfits.com,yc,ecommerce_retail,How to get doctors to take period pain seriously | The Fornix | Flex,1311,20210418203155,https://blog.flexfits.com/get-doctors-to-take-period-pain-seriously/,https://web.archive.org/web/20210418203155/https://blog.flexfits.com/get-doctors-to-take-period-pain-seriously/
5c7bcae479d0291e,flexfits.com,yc,ecommerce_retail,"What is spotting? Spotting vs. your period, explained | The Fornix | Flex",1993,20210617180207,https://blog.flexfits.com/spotting-vs-period/,https://web.archive.org/web/20210617180207/https://blog.flexfits.com/spotting-vs-period/
736cd46d02c76f07,flexfits.com,yc,ecommerce_retail,Journal Prompts for Self-Reflection | The Fornix | Flex™,694,20210117160036,https://blog.flexfits.com/self-reflection-journal-prompts/,https://web.archive.org/web/20210117160036/https://blog.flexfits.com/self-reflection-journal-prompts/
9a1d96fc92f7ece8,flexfits.com,yc,ecommerce_retail,Period & health research updates: April 2021 | The Fornix | Flex,1523,20210507102106,https://blog.flexfits.com/period-health-research-04-2021/,https://web.archive.org/web/20210507102106/https://blog.flexfits.com/period-health-research-04-2021/
a2fdb326c6955e9e,flexfits.com,yc,ecommerce_retail,Scared to try Flex Disc? Read this first | The Fornix | Flex,1321,20210418205506,https://blog.flexfits.com/scared-to-try-flex-read-this-first/,https://web.archive.org/web/20210418205506/https://blog.flexfits.com/scared-to-try-flex-read-this-first/
ac777f8af122b807,flexfits.com,yc,ecommerce_retail,"Celebrating 7 Bold, Brave, Badass Women | The Fornix | Flex™",997,20210117145728,https://blog.flexfits.com/celebrating-7-bold-brave-badass-women/,https://web.archive.org/web/20210117145728/https://blog.flexfits.com/celebrating-7-bold-brave-badass-women/
b1ff2c0460a45114,flexfits.com,yc,ecommerce_retail,Does the Covid vaccine affect the menstrual cycle? | The Fornix | Flex,2413,20210618213859,https://blog.flexfits.com/covid-vaccine-and-menstrual-cycle/,https://web.archive.org/web/20210618213859/https://blog.flexfits.com/covid-vaccine-and-menstrual-cycle/
b2f9093beaae4bb7,flexfits.com,yc,ecommerce_retail,How to Have a Full-Body Orgasm | The Fornix | Flex™,1558,20210117160328,https://blog.flexfits.com/full-body-orgasm/,https://web.archive.org/web/20210117160328/https://blog.flexfits.com/full-body-orgasm/
b57e28f411c9bba0,flexfits.com,yc,ecommerce_retail,Vulva mapping & why it’s worth trying | The Fornix | Flex,1737,20220522050600,https://blog.flexfits.com/vulva-mapping/,https://web.archive.org/web/20220522050600/https://blog.flexfits.com/vulva-mapping/
b86257d9cf7e3cc2,flexfits.com,yc,ecommerce_retail,Gratitude Exercises to Add to Your Daily Routine | The Fornix | Flex™,1012,20210123003423,https://blog.flexfits.com/5-short-gratitude-exercises/,https://web.archive.org/web/20210123003423/https://blog.flexfits.com/5-short-gratitude-exercises/
cd9f427900b87db8,flexfits.com,yc,ecommerce_retail,9 ways to stay ahead of UTIs (Urinary Tract Infections) | The Fornix | Flex,956,20210618203251,https://blog.flexfits.com/urinary-tract-infections/,https://web.archive.org/web/20210618203251/https://blog.flexfits.com/urinary-tract-infections/
cf31fa1c2cd7a599,flexfits.com,yc,ecommerce_retail,What's dyspareunia? Causes of pain during sex | The Fornix | Flex,1704,20210309204514,https://blog.flexfits.com/pain-during-sex/,https://web.archive.org/web/20210309204514/https://blog.flexfits.com/pain-during-sex/
d3ddcf7e02d7c72b,flexfits.com,yc,ecommerce_retail,Flex™ Updates | Period & Health Research: January 2021 | The Fornix,1489,20210128190117,https://blog.flexfits.com/period-health-research-01-2021/,https://web.archive.org/web/20210128190117/https://blog.flexfits.com/period-health-research-01-2021/
e79947e23e097582,flexfits.com,yc,ecommerce_retail,Ask an OB-GYN: When should I freeze my eggs? | The Fornix | Flex,801,20210618205532,https://blog.flexfits.com/dr-jane-know-your-body/,https://web.archive.org/web/20210618205532/https://blog.flexfits.com/dr-jane-know-your-body/
f314d0075e78c4e5,flexfits.com,yc,ecommerce_retail,"What is free bleeding, really? | The Fornix | Flex",2225,20211019182101,https://blog.flexfits.com/what-is-free-bleeding/,https://web.archive.org/web/20211019182101/https://blog.flexfits.com/what-is-free-bleeding/
062e2a8571b1ce26,flow.space,yc,ecommerce_retail,Lean Supply Chain Management Guide: How to Reduce Lead Times,957,20201025082545,https://www.flow.space/blog/lead-supply-chain/,https://web.archive.org/web/20201025082545/https://www.flow.space/blog/lead-supply-chain/
090e60923594e7d0,flow.space,yc,ecommerce_retail,4 Reasons The DTC Model Continues To Succeed | Flowspace,1609,20220707165055,https://flow.space/blog/direct-to-consumer-business-model/,https://web.archive.org/web/20220707165055/https://flow.space/blog/direct-to-consumer-business-model/
172402d30d634718,flow.space,yc,ecommerce_retail,How To Effectively Manage Overflow Storage: Four Tips - Flowspace,1285,20220925235306,https://flow.space/blog/overflow-storage/,https://web.archive.org/web/20220925235306/https://flow.space/blog/overflow-storage/
1ba7f664d4ee6716,flow.space,yc,ecommerce_retail,Social Commerce vs. Ecommerce: A Simplified Guide - Flowspace,1149,20220327102035,https://flow.space/blog/social-commerce-vs-ecommerce-simplified-guide/,https://web.archive.org/web/20220327102035/https://flow.space/blog/social-commerce-vs-ecommerce-simplified-guide/
282d8521a263d09e,flow.space,yc,ecommerce_retail,Is Omnichannel More Fulfilling than Prime Day for Ecommerce Brands? - Flowspace,634,20220709053552,https://flow.space/blog/prime-day-2022/,https://web.archive.org/web/20220709053552/https://flow.space/blog/prime-day-2022/
287e2b06605d77a9,flow.space,yc,ecommerce_retail,Fast vs Free Shipping: Which Shipping Option is Right For Your Business,1082,20201119231625,https://www.flow.space/blog/shipping-options/,https://web.archive.org/web/20201119231625/https://www.flow.space/blog/shipping-options/
321dcb36db749d2a,flow.space,yc,ecommerce_retail,Seven Best Practices for Your E-Commerce Business,953,20200811092133,https://www.flow.space/blog/seven-best-practices-e-commerce-business/,https://web.archive.org/web/20200811092133/https://www.flow.space/blog/seven-best-practices-e-commerce-business/
69fc2573f4d50984,flow.space,yc,ecommerce_retail,What Is Micro-Fulfillment? | Flowspace,963,20220204175558,https://flow.space/blog/what-is-micro-fulfillment/,https://web.archive.org/web/20220204175558/https://flow.space/blog/what-is-micro-fulfillment/
8eedac269e1e1c8d,flow.space,yc,ecommerce_retail,The Amazon Effect & Its Impact on Retail | Flowspace,1648,20220926000902,https://flow.space/blog/amazon-effect/,https://web.archive.org/web/20220926000902/https://flow.space/blog/amazon-effect/
b6c7ffa87bafd978,flow.space,yc,ecommerce_retail,What Businesses Most Often Get Wrong During the Holidays,912,20210118113319,https://www.flow.space/blog/businesses-holiday-mistakes/,https://web.archive.org/web/20210118113319/https://www.flow.space/blog/businesses-holiday-mistakes/
cd9bd46bf9bc6ab4,flow.space,yc,ecommerce_retail,Physical Distribution: What Is It And Why Is It Important,955,20210416210009,https://www.flow.space/blog/physical-distribution/,https://web.archive.org/web/20210416210009/https://www.flow.space/blog/physical-distribution/
d7e2f8d42c342cfd,flow.space,yc,ecommerce_retail,101 Guide To Marketplace Fulfillment | Flowspace,1385,20220926001135,https://flow.space/blog/marketplace-fulfillment/,https://web.archive.org/web/20220926001135/https://flow.space/blog/marketplace-fulfillment/
f4571cb6e8e565a3,flow.space,yc,ecommerce_retail,What Is A Warehouse Management System? - Flowspace Blog,867,20210924130509,https://www.flow.space/blog/what-is-a-warehouse-management-system/,https://web.archive.org/web/20210924130509/https://www.flow.space/blog/what-is-a-warehouse-management-system/
03a25cbfb9020c20,fond.co,yc,fintech_insurance,6 Employee Rewards Ideas for Blue Collar Workers,1991,20200812214257,https://www.fond.co/blog/6-employee-rewards-ideas-for-blue-collar-workers/,https://web.archive.org/web/20200812214257/https://www.fond.co/blog/6-employee-rewards-ideas-for-blue-collar-workers/
0478dfa0dc26262a,fond.co,yc,fintech_insurance,What’s New in Employee Engagement?,634,20190717124740,https://www.fond.co/blog/updates-whats-new-employee-engagement/,https://web.archive.org/web/20190717124740/https://www.fond.co/blog/updates-whats-new-employee-engagement/
09fe800a10421e58,fond.co,yc,fintech_insurance,Happy Employee Appreciation Day! 3 Ways to Appreciate Your Employees,1069,20210305181343,https://www.fond.co/blog/happy-employee-appreciation-day-2020/,https://web.archive.org/web/20210305181343/https://www.fond.co/blog/happy-employee-appreciation-day-2020/
1701f83bcc90e2cd,fond.co,yc,fintech_insurance,Why You Need to Give Employees Public Recognition,1550,20200927073702,https://www.fond.co/blog/why-public-recognition/,https://web.archive.org/web/20200927073702/https://www.fond.co/blog/why-public-recognition/
29320f041e33548c,fond.co,yc,fintech_insurance,3 Things Every Manager Should Do to Engage Your Team,942,20190921070141,https://www.fond.co/blog/3-things-managers-engage-your-team/,https://web.archive.org/web/20190921070141/https://www.fond.co/blog/3-things-managers-engage-your-team/
293c6c89f037a3f8,fond.co,yc,fintech_insurance,3 Steps to Combat Boredom at Work,996,20190921070359,https://www.fond.co/blog/3-steps-to-combating-boredom-in-the-workplace/,https://web.archive.org/web/20190921070359/https://www.fond.co/blog/3-steps-to-combating-boredom-in-the-workplace/
31bf542729446ea7,fond.co,yc,fintech_insurance,How to Retain Employees During the Great Resignation: Tips From 6 Total Rewards Experts,1416,20220327022655,https://www.fond.co/blog/how-to-retain-employees-during-great-resignation-tips-from-total-rewards-experts/,https://web.archive.org/web/20220327022655/https://www.fond.co/blog/how-to-retain-employees-during-great-resignation-tips-from-total-rewards-experts/
396ee8d000dd450d,fond.co,yc,fintech_insurance,6 Ways You Can Support Your Healthcare Workers During COVID-19,1203,20200509204349,https://www.fond.co/blog/support-healthcare-workers-during-covid-19/,https://web.archive.org/web/20200509204349/https://www.fond.co/blog/support-healthcare-workers-during-covid-19/
3b60dd4fd6bff02e,fond.co,yc,fintech_insurance,Compensation During the Coronavirus Pandemic: A Crash Course,1811,20200821010535,https://www.fond.co/blog/compensation-during-the-coronavirus-pandemic/,https://web.archive.org/web/20200821010535/https://www.fond.co/blog/compensation-during-the-coronavirus-pandemic/
3ff353fbc0328fe5,fond.co,yc,fintech_insurance,5 Employee Recognition Examples to Get the Most from Your Program,2225,20190820204000,https://www.fond.co/blog/5-employee-recognition-examples/,https://web.archive.org/web/20190820204000/https://www.fond.co/blog/5-employee-recognition-examples/
477004656cc43363,fond.co,yc,fintech_insurance,How to Motivate Your Employees through the Summer Months,732,20190820213227,https://www.fond.co/blog/3-incentives-motivate-employees-workplace/,https://web.archive.org/web/20190820213227/https://www.fond.co/blog/3-incentives-motivate-employees-workplace/
4cc4b2b33a7a5650,fond.co,yc,fintech_insurance,Here's How Millennials Want to Be Recognized at Work,918,20190717124737,https://www.fond.co/blog/millennials-recognized-work/,https://web.archive.org/web/20190717124737/https://www.fond.co/blog/millennials-recognized-work/
517f0ebb629c5537,fond.co,yc,fintech_insurance,10 Tips for Getting Virtual Teams Right,2087,20190921065817,https://www.fond.co/blog/getting-virtual-teams-right/,https://web.archive.org/web/20190921065817/https://www.fond.co/blog/getting-virtual-teams-right/
5c7c89b96807ec09,fond.co,yc,fintech_insurance,The 4 Most Effective Incentives for Employees | Fond,1061,20210307183004,https://www.fond.co/blog/the-4-most-effective-incentives-for-employees/,https://web.archive.org/web/20210307183004/https://www.fond.co/blog/the-4-most-effective-incentives-for-employees/
6c8389529f987c93,fond.co,yc,fintech_insurance,6 Strategies for Rewarding Millennials at Work,863,20190820203324,https://www.fond.co/blog/6-strategies-rewarding-millennials/,https://web.archive.org/web/20190820203324/https://www.fond.co/blog/6-strategies-rewarding-millennials/
71253811a8bbf78c,fond.co,yc,fintech_insurance,Has the employer-employee relationship changed?,692,20190921071009,https://www.fond.co/blog/employer-employee-relationship-changed/,https://web.archive.org/web/20190921071009/https://www.fond.co/blog/employer-employee-relationship-changed/
8629688eabf1a305,fond.co,yc,fintech_insurance,10 Amazing Company Culture Consultants You Should Hire Right Now,2177,20191120044906,https://www.fond.co/blog/10-company-culture-consultants/,https://web.archive.org/web/20191120044906/https://www.fond.co/blog/10-company-culture-consultants/
8ca3f3de20302220,fond.co,yc,fintech_insurance,How Peer Relationships Contribute to More Rewarding Work,1603,20200927083547,https://www.fond.co/blog/peer-relationships-rewarding-work/,https://web.archive.org/web/20200927083547/https://www.fond.co/blog/peer-relationships-rewarding-work/
98d136cfdb9627bd,fond.co,yc,fintech_insurance,How Words of Encouragement for Employees Are Different from Praise: 3 Things You Should Know,2255,20200927073745,https://www.fond.co/blog/how-words-of-encouragement-for-employees/,https://web.archive.org/web/20200927073745/https://www.fond.co/blog/how-words-of-encouragement-for-employees/
9da456d8c6b1651d,fond.co,yc,fintech_insurance,How (and Why) to Start a Corporate Employee Wellness Program,2164,20200510014603,https://www.fond.co/blog/corporate-employee-wellness-program/,https://web.archive.org/web/20200510014603/https://www.fond.co/blog/corporate-employee-wellness-program/
a2f5c75d7ade15f2,fond.co,yc,fintech_insurance,Retaining Deskless Workers with Offline Recognition,668,20221129162524,https://www.fond.co/blog/retaining-deskless-workers-with-offline-recognition/,https://web.archive.org/web/20221129162524/https://www.fond.co/blog/retaining-deskless-workers-with-offline-recognition/
a57c5045d02a0e85,fond.co,yc,fintech_insurance,4 Reasons Why Every Manager Should Care About Emotional Intelligence,1784,20190921073646,https://www.fond.co/blog/4-reasons-emotional-intelligence/,https://web.archive.org/web/20190921073646/https://www.fond.co/blog/4-reasons-emotional-intelligence/
d34e8d26c90bc91c,fond.co,yc,fintech_insurance,Why Companies Are Investing in Employee Perks,915,20190921065846,https://www.fond.co/blog/why-companies-are-investing-in-employee-perks/,https://web.archive.org/web/20190921065846/https://www.fond.co/blog/why-companies-are-investing-in-employee-perks/
d3bc93d436d56167,fond.co,yc,fintech_insurance,5 Top Tips for Crafting an Employee Benefits Package for Distributed Teams,1552,20220331215709,https://www.fond.co/blog/5-top-tips-for-crafting-an-employee-benefits-package-for-distributed-teams/,https://web.archive.org/web/20220331215709/https://www.fond.co/blog/5-top-tips-for-crafting-an-employee-benefits-package-for-distributed-teams/
da667b2064e215a8,fond.co,yc,fintech_insurance,5 Mistakes Managers Make that Damage Employee Retention,1050,20190921073427,https://www.fond.co/blog/5-mistakes-managers-retention/,https://web.archive.org/web/20190921073427/https://www.fond.co/blog/5-mistakes-managers-retention/
ee7aad52fcd8b77c,fond.co,yc,fintech_insurance,3 Unique Ways to Show Your Employees You Care This Holiday Season,699,20190921070157,https://www.fond.co/blog/3-unique-employees-care-holiday-season/,https://web.archive.org/web/20190921070157/https://www.fond.co/blog/3-unique-employees-care-holiday-season/
fa86f542638cc851,fond.co,yc,fintech_insurance,How to Create an Employee Advocacy Group that Works,696,20190813025304,https://www.fond.co/blog/employee-advocacy-group-works/,https://web.archive.org/web/20190813025304/https://www.fond.co/blog/employee-advocacy-group-works/
4628976aedb255ad,formulafolios.com,inc.com_api_i5list,fintech_insurance,"5-Minute Market Update | February 6, 2017 | FormulaFolios",895,20170207012628,http://formulafolios.com/blog/5-minute-market-update-february-6-2017/,https://web.archive.org/web/20170207012628/http://formulafolios.com/blog/5-minute-market-update-february-6-2017/
d98cfa3cc52a0d06,formulafolios.com,inc.com_api_i5list,fintech_insurance,"5 Minute Market Commentary // July 24, 2015 | FormulaFolios",712,20150725064401,http://formulafolios.com/blog/5-minute-market-commentary-july-24-2015/,https://web.archive.org/web/20150725064401/http://formulafolios.com/blog/5-minute-market-commentary-july-24-2015/
02c6d3f8a385845f,foster.co,yc_directory,ecommerce_retail,Foster,1626,20210615195610,https://www.foster.co/blog/writing-a-paid-newsletter-on-the-side,https://web.archive.org/web/20210615195610/https://www.foster.co/blog/writing-a-paid-newsletter-on-the-side
1c0ee82f6788d80c,foster.co,yc_directory,ecommerce_retail,Foster,1091,20210517103541,https://www.foster.co/blog/why-you-should-give-away-your-secrets-with-mario-gabriele,https://web.archive.org/web/20210517103541/https://www.foster.co/blog/why-you-should-give-away-your-secrets-with-mario-gabriele
30fcf8a1b57c116a,foster.co,yc_directory,ecommerce_retail,Foster,1462,20210517100518,https://www.foster.co/blog/winning-on-twitter-with-michell-clark,https://web.archive.org/web/20210517100518/https://www.foster.co/blog/winning-on-twitter-with-michell-clark
45302b53f3c1476b,foster.co,yc_directory,ecommerce_retail,Foster,872,20210517102559,https://www.foster.co/blog/tom-critchlow-the-compounding-effects-of-thinking-in-public,https://web.archive.org/web/20210517102559/https://www.foster.co/blog/tom-critchlow-the-compounding-effects-of-thinking-in-public
4788e577fd610dd6,foster.co,yc_directory,ecommerce_retail,Foster,1124,20210615182341,https://www.foster.co/blog/writing-and-the-passion-economy,https://web.archive.org/web/20210615182341/https://www.foster.co/blog/writing-and-the-passion-economy
520a2319e22dfbf0,foster.co,yc_directory,ecommerce_retail,Foster,1124,20210517090854,https://www.foster.co/blog/lessons-learned-helping-thousands-of-creators-with-josh-spector,https://web.archive.org/web/20210517090854/https://www.foster.co/blog/lessons-learned-helping-thousands-of-creators-with-josh-spector
58894b23654d0fad,foster.co,yc_directory,ecommerce_retail,Foster,631,20210517092826,https://www.foster.co/blog/how-successful-writers-actually-picked-their-niche,https://web.archive.org/web/20210517092826/https://www.foster.co/blog/how-successful-writers-actually-picked-their-niche
5f8d321cd492b720,foster.co,yc_directory,ecommerce_retail,Foster,661,20210517090424,https://www.foster.co/blog/how-to-build-a-media-company-around-your-niche-with-jacob-donnelly,https://web.archive.org/web/20210517090424/https://www.foster.co/blog/how-to-build-a-media-company-around-your-niche-with-jacob-donnelly
83083c12aeca469b,foster.co,yc_directory,ecommerce_retail,Foster,1085,20210517201645,https://www.foster.co/blog/writing-a-must-read-newsletter,https://web.archive.org/web/20210517201645/https://www.foster.co/blog/writing-a-must-read-newsletter
90838b8d655066c6,foster.co,yc_directory,ecommerce_retail,Foster,824,20210517103154,https://www.foster.co/blog/ways-to-supercharge-your-storytelling-output-with-christene-browne,https://web.archive.org/web/20210517103154/https://www.foster.co/blog/ways-to-supercharge-your-storytelling-output-with-christene-browne
a2c7abe8812046cc,foster.co,yc_directory,ecommerce_retail,Foster,898,20210517105442,https://www.foster.co/blog/how-to-stand-out-in-your-industry-with-cherie-hu,https://web.archive.org/web/20210517105442/https://www.foster.co/blog/how-to-stand-out-in-your-industry-with-cherie-hu
bb615a10b86e5fcb,foster.co,yc_directory,ecommerce_retail,Foster,1134,20210517093401,https://www.foster.co/blog/discovering-your-signature-move-with-bill-grundfest,https://web.archive.org/web/20210517093401/https://www.foster.co/blog/discovering-your-signature-move-with-bill-grundfest
c5acb4be2068a897,foster.co,yc_directory,ecommerce_retail,Foster,1112,20210517090118,https://www.foster.co/blog/narrative-storytelling-and-the-news-with-byrne-hobart,https://web.archive.org/web/20210517090118/https://www.foster.co/blog/narrative-storytelling-and-the-news-with-byrne-hobart
d28f11fec7a4e8cd,foster.co,yc_directory,ecommerce_retail,Foster,1578,20210517093020,https://www.foster.co/blog/how-to-build-a-writing-career-around-your-curiosity-with-taylor-pearson,https://web.archive.org/web/20210517093020/https://www.foster.co/blog/how-to-build-a-writing-career-around-your-curiosity-with-taylor-pearson
d5ca77939792a4ea,foster.co,yc_directory,ecommerce_retail,Foster,831,20210517085404,https://www.foster.co/blog/making-curiosity-a-competitive-advantage-with-gemma-milne,https://web.archive.org/web/20210517085404/https://www.foster.co/blog/making-curiosity-a-competitive-advantage-with-gemma-milne
e7bfcc7e431ea578,foster.co,yc_directory,ecommerce_retail,Foster,745,20210517085245,https://www.foster.co/blog/how-to-grow-a-passionate-following-with-ginny-hogan,https://web.archive.org/web/20210517085245/https://www.foster.co/blog/how-to-grow-a-passionate-following-with-ginny-hogan
ee3fbe5147481d1d,foster.co,yc_directory,ecommerce_retail,Foster,1129,20210517090805,https://www.foster.co/blog/the-evolving-media-landscape-with-paul-smalera,https://web.archive.org/web/20210517090805/https://www.foster.co/blog/the-evolving-media-landscape-with-paul-smalera
f6063b676eb450a8,foster.co,yc_directory,ecommerce_retail,Foster,868,20210517102519,https://www.foster.co/blog/how-to-use-writing-to-accelerate-your-career-with-sari-azout,https://web.archive.org/web/20210517102519/https://www.foster.co/blog/how-to-use-writing-to-accelerate-your-career-with-sari-azout
321326f47766af8f,freightpop.com,inc.com_api_i5list,software_saas,The 4 Pillars Of Digital Transformation,909,20210617042243,https://blog.freightpop.com/the-4-pillars-of-digital-transformation,https://web.archive.org/web/20210617042243/https://blog.freightpop.com/the-4-pillars-of-digital-transformation
5188bb94323768ca,freightpop.com,inc.com_api_i5list,software_saas,"2020 Carrier Holiday Deadlines - FedEx, UPS, & USPS",832,20201130205432,https://blog.freightpop.com/2020-carrier-holiday-deadlines-fedex-ups-usps,https://web.archive.org/web/20201130205432/https://blog.freightpop.com/2020-carrier-holiday-deadlines-fedex-ups-usps
7284d6269f1696f2,freightpop.com,inc.com_api_i5list,software_saas,"Drones in Supply Chain Management - Warehouse, Tracking, Surveying, & Delivery",717,20200408103353,https://blog.freightpop.com/drones-in-supply-chain-management-warehouse-tracking-surveying-delivery,https://web.archive.org/web/20200408103353/https://blog.freightpop.com/drones-in-supply-chain-management-warehouse-tracking-surveying-delivery
80e426c8721985e2,freightpop.com,inc.com_api_i5list,software_saas,Material Handling & Shipping - Where You Can Save Money Now!,989,20210601145736,https://blog.freightpop.com/material-handling-shipping-where-you-can-save-money-now,https://web.archive.org/web/20210601145736/https://blog.freightpop.com/material-handling-shipping-where-you-can-save-money-now
82dc890c3c52eb41,freightpop.com,inc.com_api_i5list,software_saas,New Year Starts With High Volumes & Low Capacity Wreacking Havoc On Rates,705,20210111143117,https://blog.freightpop.com/new-year-starts-with-high-volumes-low-capacity-wrecking-havoc-on-rates,https://web.archive.org/web/20210111143117/https://blog.freightpop.com/new-year-starts-with-high-volumes-low-capacity-wrecking-havoc-on-rates
9bc3b053a9136438,freightpop.com,inc.com_api_i5list,software_saas,The Advantages Of Digitizing Freight Data And How To Use It,1554,20220523133232,https://blog.freightpop.com/the-advantages-of-digitizing-freight-data-and-how-to-use-it,https://web.archive.org/web/20220523133232/https://blog.freightpop.com/the-advantages-of-digitizing-freight-data-and-how-to-use-it
ba7a08d86b564fda,freightpop.com,inc.com_api_i5list,software_saas,Giving all your business to one carrier doesn’t make sense,692,20210128115206,https://blog.freightpop.com/attention-shippers-giving-all-your-business-to-one-carrier-doesnt-make-sense,https://web.archive.org/web/20210128115206/https://blog.freightpop.com/attention-shippers-giving-all-your-business-to-one-carrier-doesnt-make-sense
d3d087553a97339b,freightpop.com,inc.com_api_i5list,software_saas,"The Best 2021 Freight & Shipping Posts On Industry, Tech, And More",671,20211220143825,https://blog.freightpop.com/best-2021-freight-shipping-posts-on-industry-tech-and-morethe-best-2021-freight-shipping-posts-on-industry-tech-and-more,https://web.archive.org/web/20211220143825/https://blog.freightpop.com/best-2021-freight-shipping-posts-on-industry-tech-and-morethe-best-2021-freight-shipping-posts-on-industry-tech-and-more
d6c627383311d415,freightpop.com,inc.com_api_i5list,software_saas,Ditch The Load Boards - There Are Better Ways To Book Truckloads,894,20210621192754,https://blog.freightpop.com/ditch-the-load-boards-there-are-better-ways-to-book-truckloads,https://web.archive.org/web/20210621192754/https://blog.freightpop.com/ditch-the-load-boards-there-are-better-ways-to-book-truckloads
f981c34376cca221,freightpop.com,inc.com_api_i5list,software_saas,Volatile Rates And Bidding Fatigue - The Wild Ride Continues,1401,20210301143040,https://blog.freightpop.com/volatile-rates-and-bidding-fatigue-the-wild-ride-continues,https://web.archive.org/web/20210301143040/https://blog.freightpop.com/volatile-rates-and-bidding-fatigue-the-wild-ride-continues
84e2c6956b524cfd,getlago.com,yc,fintech_insurance,"Lago Blog - Pricing, billing & open source: interview with Algolia's co-founder",903,20220915162916,https://www.getlago.com/blog/pricing-billing-open-source-interview-with-algolias-co-founder,https://web.archive.org/web/20220915162916/https://www.getlago.com/blog/pricing-billing-open-source-interview-with-algolias-co-founder
04be84cd93dbbecf,getmeadow.com,yc,ecommerce_retail,"Celebrating Sweetleaf Collective: Saving Lives, Together ◆ Meadow Blog",1490,20220526052825,https://getmeadow.com/blog/celebrating-sweetleaf-collective-saving-lives-together,https://web.archive.org/web/20220526052825/https://getmeadow.com/blog/celebrating-sweetleaf-collective-saving-lives-together
227910a9f9de90f2,getmeadow.com,yc,ecommerce_retail,3 Common Operational Inefficiencies at Cannabis Dispensaries ◆ Meadow Blog,628,20210621215749,https://getmeadow.com/blog/3-common-operational-inefficiencies-at-cannabis-dispensaries,https://web.archive.org/web/20210621215749/https://getmeadow.com/blog/3-common-operational-inefficiencies-at-cannabis-dispensaries
4de265be829d45e7,getmeadow.com,yc,ecommerce_retail,Meet the United Patients Group | Meadow Blog,637,20150405121146,http://blog.getmeadow.com/meet-united-patients-group-webmd-cannabis-industry/,https://web.archive.org/web/20150405121146/http://blog.getmeadow.com/meet-united-patients-group-webmd-cannabis-industry/
6838508e6c944423,getmeadow.com,yc,ecommerce_retail,Sell More Cannabis: How to Boost Basket Sizes at Your Dispensary ◆ Meadow Blog,686,20210802124359,https://getmeadow.com/blog/sell-more-cannabis-how-to-boost-basket-sizes-at-your-dispensary,https://web.archive.org/web/20210802124359/https://getmeadow.com/blog/sell-more-cannabis-how-to-boost-basket-sizes-at-your-dispensary
873e165b8599f583,getmeadow.com,yc,ecommerce_retail,A Cannabis Patient's Guide to Crohn's Disease,1677,20141202043446,http://blog.getmeadow.com/cannabis-patients-guide-crohns-disease/,https://web.archive.org/web/20141202043446/http://blog.getmeadow.com/cannabis-patients-guide-crohns-disease/
96b67804f18ffc59,getmeadow.com,yc,ecommerce_retail,Why California Dispensaries Need A California-Specific POS for Compliant Sales ◆ Meadow Blog,715,20210621231112,https://getmeadow.com/blog/why-california-dispensaries-need-a-california-specific-pos-for-compliant,https://web.archive.org/web/20210621231112/https://getmeadow.com/blog/why-california-dispensaries-need-a-california-specific-pos-for-compliant
c68a30ee73ec37b5,getmeadow.com,yc,ecommerce_retail,Interview: What Is Organic Medical Marijuana? | Meadow Blog,1054,20150405130248,http://blog.getmeadow.com/interview-organic-medical-marijuana/,https://web.archive.org/web/20150405130248/http://blog.getmeadow.com/interview-organic-medical-marijuana/
00f9ee4bcc3c64e4,geturns.com,inc.com_api_i5list,ecommerce_retail,Grieving During the Holidays,696,20210119022647,https://www.geturns.com/blogs/news/grieving-during-the-holidays,https://web.archive.org/web/20210119022647/https://www.geturns.com/blogs/news/grieving-during-the-holidays
18368707b735da5d,geturns.com,inc.com_api_i5list,ecommerce_retail,Hosting an Online Memorial for Your Loved One,878,20210412214910,https://www.geturns.com/blogs/news/everything-you-need-to-know-to-host-an-online-memorial-for-your-loved-one,https://web.archive.org/web/20210412214910/https://www.geturns.com/blogs/news/everything-you-need-to-know-to-host-an-online-memorial-for-your-loved-one
378a48e4933a161a,geturns.com,inc.com_api_i5list,ecommerce_retail,Cremation Jewelry - The Origins and Purpose of Jewelry in Mourning,808,20200921164047,https://www.geturns.com/blogs/news/cremation-jewelry-the-origins-and-purpose-of-jewelry-in-mourning,https://web.archive.org/web/20200921164047/https://www.geturns.com/blogs/news/cremation-jewelry-the-origins-and-purpose-of-jewelry-in-mourning
398b5e36b4ae6540,geturns.com,inc.com_api_i5list,ecommerce_retail,Can Cremation Jewelry Help You Overcome Grief?,830,20210918205621,https://www.geturns.com/blogs/news/can-cremation-jewelry-help-you-overcome-grief,https://web.archive.org/web/20210918205621/https://www.geturns.com/blogs/news/can-cremation-jewelry-help-you-overcome-grief
3b13a303a0081b63,geturns.com,inc.com_api_i5list,ecommerce_retail,What are the 5 Major Ideas for An End-of-life Plan?,1162,20220808210014,https://www.geturns.com/blogs/news/what-are-the-5-major-ideas-for-an-end-of-life-plan,https://web.archive.org/web/20220808210014/https://www.geturns.com/blogs/news/what-are-the-5-major-ideas-for-an-end-of-life-plan
6f821db9407cce16,geturns.com,inc.com_api_i5list,ecommerce_retail,Your Guide to Cremation Jewelry for Men,936,20210918195117,https://www.geturns.com/blogs/news/your-guide-to-cremation-jewelry-for-men,https://web.archive.org/web/20210918195117/https://www.geturns.com/blogs/news/your-guide-to-cremation-jewelry-for-men
7255e0d793d7031a,geturns.com,inc.com_api_i5list,ecommerce_retail,Unique Cremation Urns to Honor the Departed Soul,871,20200927191903,https://www.geturns.com/blogs/news/unique-cremation-urns-to-honor-the-departed-soul,https://web.archive.org/web/20200927191903/https://www.geturns.com/blogs/news/unique-cremation-urns-to-honor-the-departed-soul
84a123637e11bbf0,geturns.com,inc.com_api_i5list,ecommerce_retail,Transferring Ashes into an Urn,905,20210616094211,https://www.geturns.com/blogs/news/transferring-ashes-into-an-urn,https://web.archive.org/web/20210616094211/https://www.geturns.com/blogs/news/transferring-ashes-into-an-urn
92618ed4f6e15a60,geturns.com,inc.com_api_i5list,ecommerce_retail,Finding the Right Size Cremation Urn,1296,20201029131209,https://www.geturns.com/blogs/news/finding-the-right-size-cremation-urn,https://web.archive.org/web/20201029131209/https://www.geturns.com/blogs/news/finding-the-right-size-cremation-urn
c8a843ac8a49019b,geturns.com,inc.com_api_i5list,ecommerce_retail,Creative Ways to Teach Your Kids About Death,1090,20220629222816,https://www.geturns.com/blogs/news/creative-ways-to-teach-your-kids-about-death,https://web.archive.org/web/20220629222816/https://www.geturns.com/blogs/news/creative-ways-to-teach-your-kids-about-death
ceac66cfaecff430,geturns.com,inc.com_api_i5list,ecommerce_retail,The Legality of Scattering Ashes,1549,20210727090407,https://www.geturns.com/blogs/news/the-legality-of-scattering-ashes,https://web.archive.org/web/20210727090407/https://www.geturns.com/blogs/news/the-legality-of-scattering-ashes
d22403bdeb014bde,geturns.com,inc.com_api_i5list,ecommerce_retail,Cremation Urn Buying Guide,1594,20210304225419,https://www.geturns.com/blogs/news/cremation-urn-buying-guide,https://web.archive.org/web/20210304225419/https://www.geturns.com/blogs/news/cremation-urn-buying-guide
ee4554388e54b97b,geturns.com,inc.com_api_i5list,ecommerce_retail,How To Decide Between a Traditional Burial vs Cremation?,1202,20210731160758,https://www.geturns.com/blogs/news/how-to-decide-between-a-traditional-burial-vs-cremation,https://web.archive.org/web/20210731160758/https://www.geturns.com/blogs/news/how-to-decide-between-a-traditional-burial-vs-cremation
522caf58f72c2771,gigster.com,yc,software_saas,How NFT Developers Can Use Gamification | Gigster,1086,20220317080255,https://gigster.com/blog/how-nft-developers-can-use-gamification/,https://web.archive.org/web/20220317080255/https://gigster.com/blog/how-nft-developers-can-use-gamification/
ab19bfdccbb08596,gigster.com,yc,software_saas,Is AutoML Worth It? The Risks of Deploying Machine Learning Models You Don’t Understand,1379,20220522195417,https://gigster.com/blog/is-automl-worth-it-the-risks-of-deploying-machine-learning-models-you-dont-understand/,https://web.archive.org/web/20220522195417/https://gigster.com/blog/is-automl-worth-it-the-risks-of-deploying-machine-learning-models-you-dont-understand/
cc33d573d3414b1a,gigster.com,yc,software_saas,What the GameStop Wallet Means for Mass Crypto Adoption and Gaming | Gigster,1136,20220626202846,https://gigster.com/blog/gamestop-wallet-and-crypto-adoption/,https://web.archive.org/web/20220626202846/https://gigster.com/blog/gamestop-wallet-and-crypto-adoption/
cd98b013c488850b,gigster.com,yc,software_saas,How DAOs Can Support Human Capital Innovation | Gigster,1123,20220616082211,https://gigster.com/blog/daos-support-human-capital-innovation/,https://web.archive.org/web/20220616082211/https://gigster.com/blog/daos-support-human-capital-innovation/
04ff55412a383d91,gimbooks.com,yc,fintech_insurance,HSN Code List And GST Rate Finder: Important Facts You Should Know,2350,20220519042945,https://www.gimbooks.com/blog/hsn-code-list-and-gst-rate-finder/,https://web.archive.org/web/20220519042945/https://www.gimbooks.com/blog/hsn-code-list-and-gst-rate-finder/
3f89dfb714a6e4ce,gimbooks.com,yc,fintech_insurance,Everything you need to know about e-invoicing for SMBs,687,20210616161112,https://gimbooks.com/blog/everything-you-need-to-know-about-e-invoicing-for-small-and-mid-size-business-smbs/,https://web.archive.org/web/20210616161112/https://gimbooks.com/blog/everything-you-need-to-know-about-e-invoicing-for-small-and-mid-size-business-smbs/
482d0015f8c2660f,gimbooks.com,yc,fintech_insurance,"E-invoice Schema, Format, Json FIle & Template",676,20210510190433,https://gimbooks.com/blog/e-invoice-schema-format-json-file-template/,https://web.archive.org/web/20210510190433/https://gimbooks.com/blog/e-invoice-schema-format-json-file-template/
4b6282db80384f96,gimbooks.com,yc,fintech_insurance,What is Zatca e-invoicing in Saudi Arabia?,1479,20220519055121,https://www.gimbooks.com/blog/what-is-zatca-e-invoicing/,https://web.archive.org/web/20220519055121/https://www.gimbooks.com/blog/what-is-zatca-e-invoicing/
4ba28754856018e2,gimbooks.com,yc,fintech_insurance,The Only E-Invoice Manager App You Will Ever Need - GimBooks,740,20210423074328,https://www.gimbooks.com/blog/the-only-invoice-manager-app-you-will-ever-need/,https://web.archive.org/web/20210423074328/https://www.gimbooks.com/blog/the-only-invoice-manager-app-you-will-ever-need/
5e843b8bc3c7ceed,gimbooks.com,yc,fintech_insurance,Difference Between Bookkeeping And Accounting,2320,20220519043043,https://www.gimbooks.com/blog/difference-between-bookkeeping-and-accounting/,https://web.archive.org/web/20220519043043/https://www.gimbooks.com/blog/difference-between-bookkeeping-and-accounting/
6644e76ed4e1895a,gimbooks.com,yc,fintech_insurance,Proforma Invoice: How and Why to Use It?,1661,20220519054202,https://www.gimbooks.com/blog/proforma-invoice/,https://web.archive.org/web/20220519054202/https://www.gimbooks.com/blog/proforma-invoice/
6c63ba513c314812,gimbooks.com,yc,fintech_insurance,Checklist to keep in mind before applying for Personal Loans- GimBooks,629,20210616170049,https://gimbooks.com/blog/checklist-to-keep-in-mind-before-applying-for-personal-loans-gimbooks/,https://web.archive.org/web/20210616170049/https://gimbooks.com/blog/checklist-to-keep-in-mind-before-applying-for-personal-loans-gimbooks/
cd64280a8e82ebf1,gimbooks.com,yc,fintech_insurance,"GST E-invoice API : Who can use API, Benefits, API Lists & Conditions",618,20210423080658,https://www.gimbooks.com/blog/gst-e-invoice-api-technology-who-can-get-api-of-e-invoice-what-are-its-purpose-benefits/,https://web.archive.org/web/20210423080658/https://www.gimbooks.com/blog/gst-e-invoice-api-technology-who-can-get-api-of-e-invoice-what-are-its-purpose-benefits/
d391d76e3419f788,gimbooks.com,yc,fintech_insurance,"Most Profitable Business in Rural Areas, Villages, Small Towns in India",1972,20220519043232,https://www.gimbooks.com/blog/most-profitable-business-in-rural-area-in-india/,https://web.archive.org/web/20220519043232/https://www.gimbooks.com/blog/most-profitable-business-in-rural-area-in-india/
dc54eb60446186e1,gimbooks.com,yc,fintech_insurance,What is e-invoicing? 14 benefits of e-invoicing for your Business?,1008,20210423073823,https://www.gimbooks.com/blog/what-is-e-invoicing-14-benefits-of-e-invoicing-for-your-business/,https://web.archive.org/web/20210423073823/https://www.gimbooks.com/blog/what-is-e-invoicing-14-benefits-of-e-invoicing-for-your-business/
e1021241744fb603,gimbooks.com,yc,fintech_insurance,Impact Of E-invoicing In GST Return Filing,638,20210423075841,https://www.gimbooks.com/blog/impact-of-e-invoicing-in-gst-return-filing/,https://web.archive.org/web/20210423075841/https://www.gimbooks.com/blog/impact-of-e-invoicing-in-gst-return-filing/
e224c113a3a0f1b4,gimbooks.com,yc,fintech_insurance,"What is E-way Bill under GST? Format, Generation of E-way Bill",618,20210510192918,https://gimbooks.com/blog/what-is-an-e-way-bill/,https://web.archive.org/web/20210510192918/https://gimbooks.com/blog/what-is-an-e-way-bill/
f0759c70ae627acf,gimbooks.com,yc,fintech_insurance,E-invoicing solution to help small businesses manage invoices under GST,680,20210423071501,https://www.gimbooks.com/blog/e-invoicing-solution-to-help-small-businesses-manage-invoices-under-gst/,https://web.archive.org/web/20210423071501/https://www.gimbooks.com/blog/e-invoicing-solution-to-help-small-businesses-manage-invoices-under-gst/
f43079be71f1ebb8,gimbooks.com,yc,fintech_insurance,Difference Between Proforma Invoice And Invoice,723,20220519042732,https://www.gimbooks.com/blog/difference-between-proforma-invoice-and-invoice/,https://web.archive.org/web/20220519042732/https://www.gimbooks.com/blog/difference-between-proforma-invoice-and-invoice/
0ef775d1fb07ff2d,giveffect.com,yc,software_saas,"Volunteer Engagement: Smarter Strategies, A Better Way to Be",653,20201130172632,https://www.giveffect.com/blog/volunteer-engagement-smarter-strategies-and-a-better-way-to-be/,https://web.archive.org/web/20201130172632/https://www.giveffect.com/blog/volunteer-engagement-smarter-strategies-and-a-better-way-to-be/
7de5fdd382684257,giveffect.com,yc,software_saas,Your Youth Development Organization and Giveffect,913,20201201083841,https://www.giveffect.com/blog/youth-development/,https://web.archive.org/web/20201201083841/https://www.giveffect.com/blog/youth-development/
c5961f9b5aae4b54,giveffect.com,yc,software_saas,Top 5 Tips For Nonprofits from Giveffect Clients,1278,20220128093806,https://www.giveffect.com/blog/top-5-tips-for-nonprofits-from-giveffect-clients/,https://web.archive.org/web/20220128093806/https://www.giveffect.com/blog/top-5-tips-for-nonprofits-from-giveffect-clients/
f0f6b3aa4889c496,giveffect.com,yc,software_saas,How Giveffect and Smart Automation Benefit your Fall Fundraising ideas,1109,20190715222331,https://www.giveffect.com/blog/how-giveffect-and-smart-automation-benefit-your-fall-fundraising-ideas/,https://web.archive.org/web/20190715222331/https://www.giveffect.com/blog/how-giveffect-and-smart-automation-benefit-your-fall-fundraising-ideas/
02d3120dbd1f2fa5,gocheetah.com,yc,ecommerce_retail,It's Time Food Distributors Make the Leap to E-Commerce | Cheetah Blog,750,20210122182208,https://www.gocheetah.com/blog/food-distributors-move-to-e-commerce/,https://web.archive.org/web/20210122182208/https://www.gocheetah.com/blog/food-distributors-move-to-e-commerce/
0f7f2196ce99bdcf,gocheetah.com,yc,ecommerce_retail,Delicious Middle Eastern Cooking and How to Get StartedCheetah,1173,20201129073016,https://www.gocheetah.com/blog/delicious-middle-eastern-cooking-tips/,https://web.archive.org/web/20201129073016/https://www.gocheetah.com/blog/delicious-middle-eastern-cooking-tips/
132af013eac10cf5,gocheetah.com,yc,ecommerce_retail,Cheetah | Top Five Blogs to Help You Manage Your Restaurant,729,20190821162252,https://www.gocheetah.com/blog/top-five-restaurant-management-blogs/,https://web.archive.org/web/20190821162252/https://www.gocheetah.com/blog/top-five-restaurant-management-blogs/
1bb19deae6296bb1,gocheetah.com,yc,ecommerce_retail,Why Restaurant Merch Is the Most Effective Marketing Tool | Cheetah,1117,20210921041900,https://www.gocheetah.com/blog/restaurant-merch-effective-marketing-tool/,https://web.archive.org/web/20210921041900/https://www.gocheetah.com/blog/restaurant-merch-effective-marketing-tool/
31c31be116a55f64,gocheetah.com,yc,ecommerce_retail,SF Bars Demand COVID Vaccination Proof to Keep Employees Safe | Cheetah,789,20210921043555,https://www.gocheetah.com/blog/sf-bars-demand-covid-vaccination-proof/,https://web.archive.org/web/20210921043555/https://www.gocheetah.com/blog/sf-bars-demand-covid-vaccination-proof/
3705d3c762ffce37,gocheetah.com,yc,ecommerce_retail,Restaurants Diversify Cooking Oils and Optimize Operations as Prices Soar. | Cheetah,1373,20211210182031,https://www.gocheetah.com/blog/restaurants-diversify-cooking-oils-and-optimize-operations-as-prices-soar/,https://web.archive.org/web/20211210182031/https://www.gocheetah.com/blog/restaurants-diversify-cooking-oils-and-optimize-operations-as-prices-soar/
3c26a95667cd0066,gocheetah.com,yc,ecommerce_retail,Cheetah | The Best Salt in the World? An Interview with Local Salt Vendor - Marisal,1249,20220519075733,https://www.gocheetah.com/blog/the-best-cooking-salt-in-the-world-marisal/,https://web.archive.org/web/20220519075733/https://www.gocheetah.com/blog/the-best-cooking-salt-in-the-world-marisal/
55e48f8d6f04cc5c,gocheetah.com,yc,ecommerce_retail,Cheetah | Get Crafty! The Craft Beer Explosion and What It Means for Your Restaurant,810,20190821153819,https://www.gocheetah.com/blog/get-crafty-the-craft-beer-explosion-and-what-it-means-for-your-restaurant/,https://web.archive.org/web/20190821153819/https://www.gocheetah.com/blog/get-crafty-the-craft-beer-explosion-and-what-it-means-for-your-restaurant/
71027afab63572ce,gocheetah.com,yc,ecommerce_retail,"5 Best Restaurant Reservation Systems Compared: Resy, OpenTable, Yelp, Tock, Toast | Cheetah Blog",1336,20201129072507,https://www.gocheetah.com/blog/best-restaurant-reservation-systems/,https://web.archive.org/web/20201129072507/https://www.gocheetah.com/blog/best-restaurant-reservation-systems/
7312e528c723b36b,gocheetah.com,yc,ecommerce_retail,Keep Diners Coming Back with These 4 Unbeatable Tips,1326,20190921232742,https://www.gocheetah.com/blog/keep-diners-coming-back-with-these-4-unbeatable-tips/,https://web.archive.org/web/20190921232742/https://www.gocheetah.com/blog/keep-diners-coming-back-with-these-4-unbeatable-tips/
7ab8a41c5e4c2edf,gocheetah.com,yc,ecommerce_retail,7 Tips to Reduce Food Waste & Increase Profit Margins | Cheetah,1125,20211117231315,https://www.gocheetah.com/blog/reduce-food-waste-increase-profit-margins/,https://web.archive.org/web/20211117231315/https://www.gocheetah.com/blog/reduce-food-waste-increase-profit-margins/
8da52ada300e9dbf,gocheetah.com,yc,ecommerce_retail,6 Delicious Meal Ideas for All That Leftover Food | Cheetah Blog,702,20200812160109,https://www.gocheetah.com/blog/6-delicious-meal-ideas-for-all-that-leftover-foods/,https://web.archive.org/web/20200812160109/https://www.gocheetah.com/blog/6-delicious-meal-ideas-for-all-that-leftover-foods/
931a3ee981688e3e,gocheetah.com,yc,ecommerce_retail,Restaurant Loyalty Programs to Boost Revenues | Cheetah,1063,20220114012531,https://www.gocheetah.com/blog/restaurant-loyalty-programs-to-boost-revenues/,https://web.archive.org/web/20220114012531/https://www.gocheetah.com/blog/restaurant-loyalty-programs-to-boost-revenues/
979dd2e61ee0ed54,gocheetah.com,yc,ecommerce_retail,"California Excited for End of COVID Restrictions: No Capacity Limits, Physical Distancing | Cheetah",1264,20210623014211,https://www.gocheetah.com/blog/end-covid-restrictions-restaurants/,https://web.archive.org/web/20210623014211/https://www.gocheetah.com/blog/end-covid-restrictions-restaurants/
9811eb3ad45a13de,gocheetah.com,yc,ecommerce_retail,How Supporting Customer Facing Staff Helps with Employee Retention - Top 5 Tips | Cheetah,902,20211018205444,https://www.gocheetah.com/blog/how-supporting-customer-facing-staff-helps-with-employee-retention-top-5-tips/,https://web.archive.org/web/20211018205444/https://www.gocheetah.com/blog/how-supporting-customer-facing-staff-helps-with-employee-retention-top-5-tips/
a1d080bc6333175f,gocheetah.com,yc,ecommerce_retail,Cheetah | How to Start a Restaurant and Differentiate From Others,1204,20190821161552,https://www.gocheetah.com/blog/how-to-start-a-restaurant-and-differentiate-from-others-around-you/,https://web.archive.org/web/20190821161552/https://www.gocheetah.com/blog/how-to-start-a-restaurant-and-differentiate-from-others-around-you/
ac38b88eb022266f,gocheetah.com,yc,ecommerce_retail,10 Best Tips to Increase Average Order Size at Your RestaurantCheetah,986,20201026152202,https://www.gocheetah.com/blog/increase-restaurant-average-order-size/,https://web.archive.org/web/20201026152202/https://www.gocheetah.com/blog/increase-restaurant-average-order-size/
afa8b2dc74d0ac43,gocheetah.com,yc,ecommerce_retail,Mexican Cuisine Special: Most Popular Food Culture in the US | Cheetah Blog,839,20201026145831,https://www.gocheetah.com/blog/mexican-cuisine-special-most-popular-food/,https://web.archive.org/web/20201026145831/https://www.gocheetah.com/blog/mexican-cuisine-special-most-popular-food/
b93c19417070c249,gocheetah.com,yc,ecommerce_retail,3 Tricks to Boost Your Restaurant's Online Presence,745,20210225140954,https://www.gocheetah.com/blog/3-tricks-to-boost-your-restaurants-online-presence/,https://web.archive.org/web/20210225140954/https://www.gocheetah.com/blog/3-tricks-to-boost-your-restaurants-online-presence/
c7c58aead80c0d16,gocheetah.com,yc,ecommerce_retail,3 Types of Ghost Kitchens and Which One Is the Best Business to Start | Cheetah Blog,906,20210416225723,https://www.gocheetah.com/blog/types-of-ghost-kitchens-best-for-you/,https://web.archive.org/web/20210416225723/https://www.gocheetah.com/blog/types-of-ghost-kitchens-best-for-you/
0ada819a8e53867c,gogenuity.com,yc,software_saas,How Transparency Empowers Your Business,1260,20190817130026,https://gogenuity.com/blog/transparency-empowers-business/,https://web.archive.org/web/20190817130026/https://gogenuity.com/blog/transparency-empowers-business/
1969880c144d0db4,gogenuity.com,yc,software_saas,Technology Management in Uncertain Times | Genuity,1041,20200926152048,https://gogenuity.com/blog/technology-management-uncertain-times/,https://web.archive.org/web/20200926152048/https://gogenuity.com/blog/technology-management-uncertain-times/
3040308d7b88aec2,gogenuity.com,yc,software_saas,How To Keep Pace With Digital Transformation And Avoid Becoming Obsolete | Genuity,858,20200926142612,https://gogenuity.com/blog/keep-pace-with-digital-transformation/,https://web.archive.org/web/20200926142612/https://gogenuity.com/blog/keep-pace-with-digital-transformation/
a9ff4a0f35390932,gogenuity.com,yc,software_saas,Insurance Premiums Skyrocket as Cyber Attacks Surge | Genuity,879,20220204131246,https://gogenuity.com/blog/insurance-premiums-skyrocket/,https://web.archive.org/web/20220204131246/https://gogenuity.com/blog/insurance-premiums-skyrocket/
e5d61fb38b0737f6,gogenuity.com,yc,software_saas,Accurate Spend Management Goes Beyond Reconciling Invoices,955,20191120202039,https://gogenuity.com/blog/accurate-spend-management-beyond-reconciling-invoices/,https://web.archive.org/web/20191120202039/https://gogenuity.com/blog/accurate-spend-management-beyond-reconciling-invoices/
01645fb9eb93e9a8,gooten.com,inc.com_api_i5list,ecommerce_retail,2021 eCommerce Predictions for Retailers,948,20201212194345,https://www.gooten.com/blog/2021-ecommerce-predictions-for-retailers,https://web.archive.org/web/20201212194345/https://www.gooten.com/blog/2021-ecommerce-predictions-for-retailers
17e009bd0134807d,gooten.com,inc.com_api_i5list,ecommerce_retail,Direct to Garment Printing: A Beginner's Guide - Gooten,1199,20220820024353,https://www.gooten.com/blog/direct-to-garment-printing-a-beginners-guide/,https://web.archive.org/web/20220820024353/https://www.gooten.com/blog/direct-to-garment-printing-a-beginners-guide/
1dbf765f40145c7d,gooten.com,inc.com_api_i5list,ecommerce_retail,Boost Sales With These Upselling and Cross-Selling Strategies,1074,20190720162344,https://www.gooten.com/blog/ecommerce-advice/2018/07/12/boost-sales-with-these-upselling-and-cross-selling-strategies/,https://web.archive.org/web/20190720162344/https://www.gooten.com/blog/ecommerce-advice/2018/07/12/boost-sales-with-these-upselling-and-cross-selling-strategies/
257f3df1912cd063,gooten.com,inc.com_api_i5list,ecommerce_retail,How to Use 2020 Data to Make Better Investments for Your eCommerce…,1023,20210115025948,https://www.gooten.com/blog/how-to-use-2020-data-to-make-better-investments-for-your-ecommerce-business-in-2021,https://web.archive.org/web/20210115025948/https://www.gooten.com/blog/how-to-use-2020-data-to-make-better-investments-for-your-ecommerce-business-in-2021
4267cc71891f2fca,gooten.com,inc.com_api_i5list,ecommerce_retail,The Secret to Making Your Online Store Metrics Actionable,655,20190720155623,https://www.gooten.com/blog/success-in-business/2016/02/10/the-secret-to-making-your-online-store-metrics-actionable/,https://web.archive.org/web/20190720155623/https://www.gooten.com/blog/success-in-business/2016/02/10/the-secret-to-making-your-online-store-metrics-actionable/
4623d69dc5539d98,gooten.com,inc.com_api_i5list,ecommerce_retail,4 Simple Emails You Can Use to Retarget Your Previous Shoppers,954,20190818084445,https://www.gooten.com/blog/ecommerce-advice/2018/02/07/4-simple-emails-you-can-use-to-retarget-your-previous-shoppers/,https://web.archive.org/web/20190818084445/https://www.gooten.com/blog/ecommerce-advice/2018/02/07/4-simple-emails-you-can-use-to-retarget-your-previous-shoppers/
56b5856f536f556c,gooten.com,inc.com_api_i5list,ecommerce_retail,10 Social Media Trends for Your Print on Demand Business - Gooten,693,20220715085434,https://www.gooten.com/blog/10-social-media-trends-for-your-print-on-demand-business/,https://web.archive.org/web/20220715085434/https://www.gooten.com/blog/10-social-media-trends-for-your-print-on-demand-business/
5e55e766df7ec47b,gooten.com,inc.com_api_i5list,ecommerce_retail,15 Tips on How to Promote Your Online Store,2044,20190719075250,https://www.gooten.com/blog/ecommerce-advice/2016/07/26/15-necessary-ways-to-promote-your-shopify-store/,https://web.archive.org/web/20190719075250/https://www.gooten.com/blog/ecommerce-advice/2016/07/26/15-necessary-ways-to-promote-your-shopify-store/
76f56ba7ca4e864e,gooten.com,inc.com_api_i5list,ecommerce_retail,5 eCommerce Trends to Revamp Your Store Strategy in 2022 - Gooten,622,20220128005800,https://www.gooten.com/blog/5-ecommerce-trends-to-revamp-your-store-strategy-in-2022/,https://web.archive.org/web/20220128005800/https://www.gooten.com/blog/5-ecommerce-trends-to-revamp-your-store-strategy-in-2022/
89de76fd4c930e4f,gooten.com,inc.com_api_i5list,ecommerce_retail,10 Free Marketing Tools to Help You Grow Your Print on Demand Business - Gooten,712,20220818224142,https://www.gooten.com/blog/10-free-marketing-tools-to-help-you-grow-your-print-on-demand-business/,https://web.archive.org/web/20220818224142/https://www.gooten.com/blog/10-free-marketing-tools-to-help-you-grow-your-print-on-demand-business/
95a92fcf60223215,gooten.com,inc.com_api_i5list,ecommerce_retail,5 Ghoulish Halloween Campaign Ideas for Ecommerce Stores,1317,20190721211856,https://www.gooten.com/blog/holiday-season/2018/09/10/5-ghoulish-halloween-campaign-ideas-for-ecommerce-stores/,https://web.archive.org/web/20190721211856/https://www.gooten.com/blog/holiday-season/2018/09/10/5-ghoulish-halloween-campaign-ideas-for-ecommerce-stores/
acdd3d879d9a7c34,gooten.com,inc.com_api_i5list,ecommerce_retail,These 5 New Year's Resolutions Will Jumpstart Your 2018 Ecommerce Sales,956,20190720154520,https://www.gooten.com/blog/success-in-business/2018/01/02/these-5-new-years-resolutions-will-jumpstart-your-2018-ecommerce-sales/,https://web.archive.org/web/20190720154520/https://www.gooten.com/blog/success-in-business/2018/01/02/these-5-new-years-resolutions-will-jumpstart-your-2018-ecommerce-sales/
b3e3a0312dd2718e,gooten.com,inc.com_api_i5list,ecommerce_retail,How to Incorporate Paid Media into Your eCommerce Marketing Strategy - Gooten,1122,20210616212150,https://www.gooten.com/blog/how-to-incorporate-paid-media-into-your-ecommerce-marketing-strategy/,https://web.archive.org/web/20210616212150/https://www.gooten.com/blog/how-to-incorporate-paid-media-into-your-ecommerce-marketing-strategy/
c7102eb2611a0605,gooten.com,inc.com_api_i5list,ecommerce_retail,How to Attract Your Ideal Customer - Gooten,695,20220603224123,https://www.gooten.com/blog/how-to-attract-your-ideal-customer/,https://web.archive.org/web/20220603224123/https://www.gooten.com/blog/how-to-attract-your-ideal-customer/
cdac1022b59e8057,gooten.com,inc.com_api_i5list,ecommerce_retail,How to Address 6 Common Problems This Holiday Season,618,20190719084340,https://www.gooten.com/blog/ecommerce-advice/2016/10/18/how-to-address-six-common-problems-this-holiday-season/,https://web.archive.org/web/20190719084340/https://www.gooten.com/blog/ecommerce-advice/2016/10/18/how-to-address-six-common-problems-this-holiday-season/
cfc7de3ac3b78f51,gooten.com,inc.com_api_i5list,ecommerce_retail,Using Black Friday & Cyber Monday Data to Win Big in 2019,1645,20190822210802,https://www.gooten.com/blog/ecommerce-advice/2019/01/25/using-black-friday-and-cyber-monday-data-to-win-big-in-2019/,https://web.archive.org/web/20190822210802/https://www.gooten.com/blog/ecommerce-advice/2019/01/25/using-black-friday-and-cyber-monday-data-to-win-big-in-2019/
deb819336705585c,gooten.com,inc.com_api_i5list,ecommerce_retail,Grow Green with Gooten - Gooten,701,20211026221622,https://www.gooten.com/blog/grow-green-with-gooten/,https://web.archive.org/web/20211026221622/https://www.gooten.com/blog/grow-green-with-gooten/
ea3101bc15f69b15,gooten.com,inc.com_api_i5list,ecommerce_retail,Top 3 Free SEO Plugins for Shopify,966,20190818095652,https://www.gooten.com/blog/ecommerce-advice/2018/03/28/top-three-free-seo-plugins-for-shopify/,https://web.archive.org/web/20190818095652/https://www.gooten.com/blog/ecommerce-advice/2018/03/28/top-three-free-seo-plugins-for-shopify/
f19315fbb3bd8c5a,gooten.com,inc.com_api_i5list,ecommerce_retail,How to Win at Word-of-Mouth Marketing - Gooten,675,20220722183851,https://www.gooten.com/blog/how-to-win-at-word-of-mouth-marketing/,https://web.archive.org/web/20220722183851/https://www.gooten.com/blog/how-to-win-at-word-of-mouth-marketing/
ff358c5fdfeb73d6,gooten.com,inc.com_api_i5list,ecommerce_retail,Prep Your Print on Demand Store for Back-to-School Shopping - Gooten,659,20220805233632,https://www.gooten.com/blog/prep-your-print-on-demand-store-forback-to-schoolshopping/,https://web.archive.org/web/20220805233632/https://www.gooten.com/blog/prep-your-print-on-demand-store-forback-to-schoolshopping/
2ccfce769e7a7a0c,goteleport.com,yc,devtools,Setting Up Okta SSO with Teleport,1218,20210815075655,https://goteleport.com/resources/guides/setting-up-okta-sso/,https://web.archive.org/web/20210815075655/https://goteleport.com/resources/guides/setting-up-okta-sso/
5071429e13c17726,goteleport.com,yc,devtools,Teleport's Guide to Environment-free Computing,2436,20201120042123,https://goteleport.com/resources/white-papers/environment-free-computing/,https://web.archive.org/web/20201120042123/https://goteleport.com/resources/white-papers/environment-free-computing/
5c18bfe1e8a484b2,goteleport.com,yc,devtools,Teleport Server Access,2200,20210921092530,https://goteleport.com/resources/guides/teleport-server-access/,https://web.archive.org/web/20210921092530/https://goteleport.com/resources/guides/teleport-server-access/
a8eadbd99eb40c70,goteleport.com,yc,devtools,How to Connect IoT Devices to Teleport | Teleport,1325,20220121071650,https://goteleport.com/resources/guides/connecting-iot-devices-to-go-teleport/,https://web.archive.org/web/20220121071650/https://goteleport.com/resources/guides/connecting-iot-devices-to-go-teleport/
fab9b699e8258d19,goteleport.com,yc,devtools,Adding Your First Database to Teleport | Teleport,830,20220121083936,https://goteleport.com/resources/guides/adding-your-first-database-to-teleport/,https://web.archive.org/web/20220121083936/https://goteleport.com/resources/guides/adding-your-first-database-to-teleport/
fba61e4148a5571f,goteleport.com,yc,devtools,Setting Up PAM Authentication with Teleport,960,20210921091536,https://goteleport.com/resources/guides/setting-up-pam-authentication/,https://web.archive.org/web/20210921091536/https://goteleport.com/resources/guides/setting-up-pam-authentication/
3ab6fc5f9130dd86,govpredict.com,yc_directory,software_saas,The Members of the 117th Congress,947,20201207184756,https://www.govpredict.com/blog/the-members-of-the-117th-congress,https://web.archive.org/web/20201207184756/https://www.govpredict.com/blog/the-members-of-the-117th-congress
4af7944b6c71ddac,govpredict.com,yc_directory,software_saas,Boosting Campaign Coffers with Coffee Cash - Crunching Starbucks Political Contributions - GovPredict Blog,990,20190508233554,https://govpredict.com/blog/boosting-campaign-coffers-with-coffee-cash-crunching-starbucks-political-contributions/,https://web.archive.org/web/20190508233554/https://govpredict.com/blog/boosting-campaign-coffers-with-coffee-cash-crunching-starbucks-political-contributions/
531bcb68c03cd183,govpredict.com,yc_directory,software_saas,Congressional COVID Tweets: By the Numbers,716,20200414193438,https://www.govpredict.com/blog/congressional-covid-tweets-by-the-numbers,https://web.archive.org/web/20200414193438/https://www.govpredict.com/blog/congressional-covid-tweets-by-the-numbers
b6f318fb987ee2b8,govpredict.com,yc_directory,software_saas,"After Record-Setting Start, Political Donations Fall Off a Cliff",610,20200712140502,https://www.govpredict.com/blog/after-record-setting-start-political-donations-fall-off-a-cliff,https://web.archive.org/web/20200712140502/https://www.govpredict.com/blog/after-record-setting-start-political-donations-fall-off-a-cliff
ec91577a3e8abb2f,govpredict.com,yc_directory,software_saas,Contributions by Amazon Employees - GovPredict Blog,816,20180921011101,https://govpredict.com/blog/contributions-by-amazon-employees/,https://web.archive.org/web/20180921011101/https://govpredict.com/blog/contributions-by-amazon-employees/
f90fb7f7e1b86854,govpredict.com,yc_directory,software_saas,GovPredict's Emil Pitkin in Campaigns & Elections: How Tech Can Help Avoid DC Fly-In Nightmares - GovPredict Blog,666,20190718032352,https://govpredict.com/blog/campaigns-and-elections-avoid-dc-fly-nightmares/,https://web.archive.org/web/20190718032352/https://govpredict.com/blog/campaigns-and-elections-avoid-dc-fly-nightmares/
1289a19705774d84,greenfly.com,inc.com_api_i5list,software_saas,Supercharge Your Program: How Leveraging Tech Leads to Better Results,1324,20210526012835,https://www.greenfly.com/blog/brand-ambassador-tech-for-better-results/,https://web.archive.org/web/20210526012835/https://www.greenfly.com/blog/brand-ambassador-tech-for-better-results/
6dd4d3539b1b5a2a,greenfly.com,inc.com_api_i5list,software_saas,Moneyball for Social Media: Go Beyond the Usual Metrics - Greenfly,1743,20200805015216,https://www.greenfly.com/blog/moneyball-social-media-strategy/,https://web.archive.org/web/20200805015216/https://www.greenfly.com/blog/moneyball-social-media-strategy/
6e8a60b4197778fd,greenfly.com,inc.com_api_i5list,software_saas,How Digital Media Rights Drive Value and Revenue for Sports Broadcast Deals - Greenfly,1393,20211202062835,https://www.greenfly.com/blog/digital-media-exchange/digital-media-rights-sports-broadcast/,https://web.archive.org/web/20211202062835/https://www.greenfly.com/blog/digital-media-exchange/digital-media-rights-sports-broadcast/
767705cc65ace9cc,greenfly.com,inc.com_api_i5list,software_saas,Mascot Marketing Strategy - The Best Examples on TikTok,1729,20200805023455,https://www.greenfly.com/blog/tiktok-marketing-strategy-social-media-lessons-from-mascots/,https://web.archive.org/web/20200805023455/https://www.greenfly.com/blog/tiktok-marketing-strategy-social-media-lessons-from-mascots/
85e580352c4442a4,greenfly.com,inc.com_api_i5list,software_saas,What Is the Best Way To Share Photos With Clients in Sports? | Greenfly,2164,20220701143544,https://www.greenfly.com/blog/best-way-to-share-photos-with-clients/,https://web.archive.org/web/20220701143544/https://www.greenfly.com/blog/best-way-to-share-photos-with-clients/
c734666d6acfc286,greenfly.com,inc.com_api_i5list,software_saas,Powerful Social Media Marketing for Franchise Businesses: Essential Keys for Success - Greenfly,1591,20210926072541,https://www.greenfly.com/blog/digital-media-exchange/franchise-social-media-marketing/,https://web.archive.org/web/20210926072541/https://www.greenfly.com/blog/digital-media-exchange/franchise-social-media-marketing/
c77bfe7a26553ad9,grover.com,ft1000_wayback:20210331132419,ecommerce_retail,Grover | Oculus Quest 2,782,20220929215825,https://www.grover.com/blog/es-en/oculus-quest-2-metaverse,https://web.archive.org/web/20220929215825/https://www.grover.com/blog/es-en/oculus-quest-2-metaverse
529eb72f4624ac14,guardianlit.com,inc.com_api_i5list,services_other,What Damages Can I Recover if There is False Information on My Credit Report?,677,20220815035610,https://www.guardianlit.com/blog/2022/july/what-damages-can-i-recover-if-there-is-false-inf/,https://web.archive.org/web/20220815035610/https://www.guardianlit.com/blog/2022/july/what-damages-can-i-recover-if-there-is-false-inf/
f04458c3b3e57dcc,guardianlit.com,inc.com_api_i5list,services_other,Debt Settlement May Be An Option We Can Help,648,20220815032129,https://www.guardianlit.com/blog/2020/december/debt-settlement-may-be-an-option-we-can-help/,https://web.archive.org/web/20220815032129/https://www.guardianlit.com/blog/2020/december/debt-settlement-may-be-an-option-we-can-help/
0dc6ba1f2223ac2c,hackerrank.com,yc,devtools,How to Build High-Performing Engineering Teams - HackerRank Blog,1241,20220625205507,https://www.hackerrank.com/blog/how-to-build-high-performing-engineering-teams/,https://web.archive.org/web/20220625205507/https://www.hackerrank.com/blog/how-to-build-high-performing-engineering-teams/
2a9c5e89c3aa72df,hackerrank.com,yc,devtools,Designing Impactful Code Challenges for Senior Engineers,2545,20221001195810,https://www.hackerrank.com/blog/design-impactful-code-challenges/,https://web.archive.org/web/20221001195810/https://www.hackerrank.com/blog/design-impactful-code-challenges/
2ee2aaadf0c6bc47,hackerrank.com,yc,devtools,What Does a QA Engineer Do? Role Overview - HackerRank Blog,1319,20220728170717,https://www.hackerrank.com/blog/qa-engineer-role-overview/,https://web.archive.org/web/20220728170717/https://www.hackerrank.com/blog/qa-engineer-role-overview/
3bb9a774386c3ed5,hackerrank.com,yc,devtools,6 Cloud Computing Challenges to Solve in 2023 - HackerRank Blog,1237,20221128123532,https://www.hackerrank.com/blog/cloud-computing-challenges/,https://web.archive.org/web/20221128123532/https://www.hackerrank.com/blog/cloud-computing-challenges/
75ca8ade31025527,hackerrank.com,yc,devtools,What Does a Software Engineer Do? Requirements & Skill Expectations - HackerRank Blog,1666,20220625231229,https://www.hackerrank.com/blog/software-engineer-role-overview/,https://web.archive.org/web/20220625231229/https://www.hackerrank.com/blog/software-engineer-role-overview/
82a398d7e4610622,hackerrank.com,yc,devtools,15 Database Interview Questions You Should Know - HackerRank Blog,1312,20220905145114,https://www.hackerrank.com/blog/database-interview-questions-you-should-know/,https://web.archive.org/web/20220905145114/https://www.hackerrank.com/blog/database-interview-questions-you-should-know/
a303304411ae1d65,hackerrank.com,yc,devtools,Building on Your DEI Foundation: Five Lessons from Twilio - HackerRank Blog,980,20220802033219,https://www.hackerrank.com/blog/building-on-your-dei-foundation-five-lessons-from-twilio/,https://web.archive.org/web/20220802033219/https://www.hackerrank.com/blog/building-on-your-dei-foundation-five-lessons-from-twilio/
a8a25ee9f67f26de,hackerrank.com,yc,devtools,3 Reasons You're Not Building Compatible Tech Teams - HackerRank Blog,827,20220625195103,https://www.hackerrank.com/blog/building-compatible-tech-teams/,https://web.archive.org/web/20220625195103/https://www.hackerrank.com/blog/building-compatible-tech-teams/
c7d29bbd857ee79c,hackerrank.com,yc,devtools,7 System Design Interview Questions to Know - HackerRank Blog,1435,20220601153905,https://www.hackerrank.com/blog/system-design-interview-questions-software-engineers/,https://web.archive.org/web/20220601153905/https://www.hackerrank.com/blog/system-design-interview-questions-software-engineers/
d35caf73e92a1bd9,hackerrank.com,yc,devtools,"The Strange Politics of the ""Full-Stack Developer""",1957,20220427175646,https://www.hackerrank.com/blog/full-stack-developer/,https://web.archive.org/web/20220427175646/https://www.hackerrank.com/blog/full-stack-developer/
d60d5c13ad46340d,hackerrank.com,yc,devtools,What Does a Cybersecurity Engineer Do? - HackerRank Blog,1305,20221006180553,https://www.hackerrank.com/blog/cybersecurity-engineer-role-overview/,https://web.archive.org/web/20221006180553/https://www.hackerrank.com/blog/cybersecurity-engineer-role-overview/
d6f4f351900514f6,hackerrank.com,yc,devtools,3 Entry Level Talent Trends to Keep on Your Radar - HackerRank Blog,788,20221003141945,https://www.hackerrank.com/blog/early-tech-talent-trends/,https://web.archive.org/web/20221003141945/https://www.hackerrank.com/blog/early-tech-talent-trends/
e0d13b4c1cfb3ea2,hackerrank.com,yc,devtools,What Does a Full-Stack Developer Do? - HackerRank Blog,2168,20220511024921,https://www.hackerrank.com/blog/full-stack-developer-overview/,https://web.archive.org/web/20220511024921/https://www.hackerrank.com/blog/full-stack-developer-overview/
e72077f1278e7629,hackerrank.com,yc,devtools,The Rise of Bootcamps - HackerRank Blog,751,20220813060556,https://www.hackerrank.com/blog/rise-bootcamps/,https://web.archive.org/web/20220813060556/https://www.hackerrank.com/blog/rise-bootcamps/
12aea94e150d9970,hatchways.io,yc,software_saas,Outsourcing Software Development Ethically,797,20220521184738,https://www.hatchways.io/blog/outsourcing-software-development-ethically,https://web.archive.org/web/20220521184738/https://www.hatchways.io/blog/outsourcing-software-development-ethically
181790fcb139c717,hatchways.io,yc,software_saas,Apprenticeships Part 1 - What are Coding Apprenticeships?,2224,20221002183538,https://www.hatchways.io/blog/apprenticeships-part-1,https://web.archive.org/web/20221002183538/https://www.hatchways.io/blog/apprenticeships-part-1
a0e1983191d60647,hatchways.io,yc,software_saas,MOOCs Part 1 - What are MOOCs?,1025,20220521193408,https://www.hatchways.io/blog/moocs-part-1-what-are-moocs,https://web.archive.org/web/20220521193408/https://www.hatchways.io/blog/moocs-part-1-what-are-moocs
f154967c473d9dab,hatchways.io,yc,software_saas,Bootcamps Part 1 - What are Coding Bootcamps?,1098,20220521192108,https://www.hatchways.io/blog/bootcamps-part-1-what-are-coding-bootcamps,https://web.archive.org/web/20220521192108/https://www.hatchways.io/blog/bootcamps-part-1-what-are-coding-bootcamps
229f5373a97d687e,highkey.com,inc.com_api_i5list,ecommerce_retail,What is Ghee?,682,20191213090042,https://highkey.com/blogs/nutrition/what-is-ghee,https://web.archive.org/web/20191213090042/https://highkey.com/blogs/nutrition/what-is-ghee
2bc5d860e4f5a3e0,highkey.com,inc.com_api_i5list,ecommerce_retail,Low-Carb Baking Essentials: Ingredients and Substitutes,2478,20220124195310,https://highkey.com/blogs/all/the-5-low-carb-baking-essentials-you-need,https://web.archive.org/web/20220124195310/https://highkey.com/blogs/all/the-5-low-carb-baking-essentials-you-need
45b456b04f4b21df,highkey.com,inc.com_api_i5list,ecommerce_retail,What Are Net Carbs and How Do you Calculate Them?,1456,20210622133258,https://highkey.com/blogs/all/the-difference-between-total-carbs-vs-net-carbs,https://web.archive.org/web/20210622133258/https://highkey.com/blogs/all/the-difference-between-total-carbs-vs-net-carbs
71ea96605854e828,highkey.com,inc.com_api_i5list,ecommerce_retail,Keto Ice Cream Recipe: Cookie Monster Flavor 🍦💙,874,20190922130420,https://highkey.com/blogs/recipes/keto-cookie-monster-ice-cream,https://web.archive.org/web/20190922130420/https://highkey.com/blogs/recipes/keto-cookie-monster-ice-cream
9f93f4b5764f2f19,highkey.com,inc.com_api_i5list,ecommerce_retail,Keto-Friendly Supreme Pizza Burger 🍔,825,20191023111634,https://highkey.com/blogs/recipes/keto-friendly-supreme-pizza-burger,https://web.archive.org/web/20191023111634/https://highkey.com/blogs/recipes/keto-friendly-supreme-pizza-burger
b4372bd639c7d569,highkey.com,inc.com_api_i5list,ecommerce_retail,"Gluten Free Hot Summer Meal Ideas: Dinners, Salads & More Recipes",958,20201022012152,https://highkey.com/blogs/gluten-free/gluten-free-hot-summer-meal-ideas,https://web.archive.org/web/20201022012152/https://highkey.com/blogs/gluten-free/gluten-free-hot-summer-meal-ideas
d077e70471ec0db3,highkey.com,inc.com_api_i5list,ecommerce_retail,"Easy, Quick Keto Friendly Recipes & Ideas",2230,20210826150925,https://highkey.com/blogs/all/easy-quick-keto-friendly-recipes-meals,https://web.archive.org/web/20210826150925/https://highkey.com/blogs/all/easy-quick-keto-friendly-recipes-meals
d460bc5c728192f8,highkey.com,inc.com_api_i5list,ecommerce_retail,5 Keto Diet Myths,968,20210826143344,https://highkey.com/blogs/all/5-keto-diet-myths,https://web.archive.org/web/20210826143344/https://highkey.com/blogs/all/5-keto-diet-myths
d8b023e252dfff09,highkey.com,inc.com_api_i5list,ecommerce_retail,Road Trip Snacks: Staying Keto During Summer Travel,1146,20210622140748,https://highkey.com/blogs/all/road-trip-snacks-staying-keto-during-summer-travel,https://web.archive.org/web/20210622140748/https://highkey.com/blogs/all/road-trip-snacks-staying-keto-during-summer-travel
1e2ec884e8c8c0f4,honeylove.com,yc,ecommerce_retail,Ace the Interview,1239,20191212132537,https://www.honeylove.com/blogs/essays/interview-tips,https://web.archive.org/web/20191212132537/https://www.honeylove.com/blogs/essays/interview-tips
5076989f31e8f19c,honeylove.com,yc,ecommerce_retail,Resolutions are overrated,948,20210412223259,https://www.honeylove.com/blogs/essays/resolutions-are-overrated,https://web.archive.org/web/20210412223259/https://www.honeylove.com/blogs/essays/resolutions-are-overrated
64de1a795e3d5291,honeylove.com,yc,ecommerce_retail,End of year check-in,1335,20210412211959,https://www.honeylove.com/blogs/essays/end-of-year-check-in,https://web.archive.org/web/20210412211959/https://www.honeylove.com/blogs/essays/end-of-year-check-in
0bcb8a9a1aa710fe,humaans.io,yc,software_saas,HRMS vs HRIS: What's the Difference?,1728,20220816061905,https://humaans.io/blog/hrms-vs-hris-the-difference/,https://web.archive.org/web/20220816061905/https://humaans.io/blog/hrms-vs-hris-the-difference/
27e374675bd9b961,humaans.io,yc,software_saas,How to provide a better remote onboarding experience,2017,20210703121137,https://humaans.io/blog/how-to-provide-a-better-remote-onboarding-experience/,https://web.archive.org/web/20210703121137/https://humaans.io/blog/how-to-provide-a-better-remote-onboarding-experience/
7246b8e102ec245f,humaans.io,yc,software_saas,How to build effective HR and People Operations budget,1586,20191020230422,https://humaans.io/blog/how-to-build-a-people-operations-budget/,https://web.archive.org/web/20191020230422/https://humaans.io/blog/how-to-build-a-people-operations-budget/
bcec222977ffc128,humaans.io,yc,software_saas,Top HR Challenges in a Startup,1696,20220816064200,https://humaans.io/blog/hr-challenges-startup-solutions/,https://web.archive.org/web/20220816064200/https://humaans.io/blog/hr-challenges-startup-solutions/
ca37fcd2f418b5e0,humaans.io,yc,software_saas,How HR tech can help your startup focus on people and scale better,764,20191020230341,https://humaans.io/blog/how-hr-tech-can-help-your-startup-focus-on-people-and-scale-better/,https://web.archive.org/web/20191020230341/https://humaans.io/blog/how-hr-tech-can-help-your-startup-focus-on-people-and-scale-better/
4c9966a157625135,humi.ca,yc_directory,software_saas,What are the different types of leave? - Humi Blog,1069,20210902192015,https://www.humi.ca/blog-post/what-are-the-different-types-of-leave,https://web.archive.org/web/20210902192015/https://www.humi.ca/blog-post/what-are-the-different-types-of-leave
c4f0d5f0312675e2,humi.ca,yc_directory,software_saas,Answers to EDI questions you're afraid to ask - Humi Blog,848,20210624220309,https://www.humi.ca/blog-post/answers-to-edi-questions-youre-afraid-to-ask,https://web.archive.org/web/20210624220309/https://www.humi.ca/blog-post/answers-to-edi-questions-youre-afraid-to-ask
14eba7a03bd8f75d,hypercontext.com,yc,software_saas,Why trust is important on a hybrid team (and how to build it) | Hypercontext,1478,20211027071837,https://hypercontext.com/blog/communication/trust-at-work-core-to-high-performance,https://web.archive.org/web/20211027071837/https://hypercontext.com/blog/communication/trust-at-work-core-to-high-performance
223aed13c60ff7cb,hypercontext.com,yc,software_saas,Engineering managers: How to reduce drag on your team | Hypercontext,2449,20220110040348,https://hypercontext.com/blog/management-skills/engineering-managers-how-to-reduce-drag,https://web.archive.org/web/20220110040348/https://hypercontext.com/blog/management-skills/engineering-managers-how-to-reduce-drag
265092c5f322101e,hypercontext.com,yc,software_saas,Remote-first meetings improve productivity and communication | Hypercontext,896,20210616174308,https://hypercontext.com/blog/meetings/remote-first-meetings,https://web.archive.org/web/20210616174308/https://hypercontext.com/blog/meetings/remote-first-meetings
3a3da80ab4885fad,hypercontext.com,yc,software_saas,Top 10 One-on-one Questions Managers ask in Meetings | SoapBox,1162,20210920180059,https://hypercontext.com/blog/meetings/best-one-on-one-questions,https://web.archive.org/web/20210920180059/https://hypercontext.com/blog/meetings/best-one-on-one-questions
51ca2893915abdbe,hypercontext.com,yc,software_saas,Reward vs Recognition: Engaging and Motivating Employees | SoapBox,799,20211206211425,https://hypercontext.com/blog/management-skills/engaging-motivating-employees-reward-vs-recognition,https://web.archive.org/web/20211206211425/https://hypercontext.com/blog/management-skills/engaging-motivating-employees-reward-vs-recognition
53b723e1e4f62ac8,hypercontext.com,yc,software_saas,Nail Your Remote One-on-one Meetings (Including Agenda Template!) | Hypercontext,1985,20210621030729,https://hypercontext.com/blog/meetings/remote-one-on-one-meeting-agenda-template,https://web.archive.org/web/20210621030729/https://hypercontext.com/blog/meetings/remote-one-on-one-meeting-agenda-template
687ddc4cc55f489a,hypercontext.com,yc,software_saas,What to Do When Your Employees Hate Your Meetings | SoapBox,1093,20210621030350,https://hypercontext.com/blog/management-skills/what-to-do-when-your-employees-hate-meetings,https://web.archive.org/web/20210621030350/https://hypercontext.com/blog/management-skills/what-to-do-when-your-employees-hate-meetings
6b88e529d3c9de68,hypercontext.com,yc,software_saas,10 Secrets to productive team meetings | Hypercontext,798,20210623122508,https://hypercontext.com/blog/meetings/productive-team-meetings,https://web.archive.org/web/20210623122508/https://hypercontext.com/blog/meetings/productive-team-meetings
81979f19db960ff8,hypercontext.com,yc,software_saas,How Venngage does one-on-one meetings,1246,20220628094642,https://hypercontext.com/blog/meetings/how-venngage-does-one-on-one-meetings,https://web.archive.org/web/20220628094642/https://hypercontext.com/blog/meetings/how-venngage-does-one-on-one-meetings
8a5222bc168bed1b,hypercontext.com,yc,software_saas,5 Ways to increase productivity on your team,2325,20220523103621,https://hypercontext.com/blog/employee-motivation/increase-productivity-on-your-team,https://web.archive.org/web/20220523103621/https://hypercontext.com/blog/employee-motivation/increase-productivity-on-your-team
8c3c452a457b4e0d,hypercontext.com,yc,software_saas,The pros and cons of manager READMEs,722,20220629191853,https://hypercontext.com/blog/communication/manager-readme,https://web.archive.org/web/20220629191853/https://hypercontext.com/blog/communication/manager-readme
9ba27d0fd4f8108e,hypercontext.com,yc,software_saas,5 First-time Manager Mistakes to Avoid | SoapBox,1605,20210621043402,https://hypercontext.com/blog/management-skills/first-time-manager-mistakes-to-avoid,https://web.archive.org/web/20210621043402/https://hypercontext.com/blog/management-skills/first-time-manager-mistakes-to-avoid
af78f3a7ae542709,hypercontext.com,yc,software_saas,7 tips to ensure success in 1:1 meetings (for remote managers) | Hypercontext,1784,20210726200543,https://hypercontext.com/blog/management-skills/1-on-1-meeting-tips-remote-managers,https://web.archive.org/web/20210726200543/https://hypercontext.com/blog/management-skills/1-on-1-meeting-tips-remote-managers
b416938bf3975dd4,hypercontext.com,yc,software_saas,Vertical Collaboration: The Next Trend in Enterprise Software,816,20211027070700,https://hypercontext.com/blog/management-skills/vertical-collaboration-the-next-trend-in-enterprise-software,https://web.archive.org/web/20211027070700/https://hypercontext.com/blog/management-skills/vertical-collaboration-the-next-trend-in-enterprise-software
cebebeb93b0584fa,hypercontext.com,yc,software_saas,"Remote Leaders: Q&A With Shreyansh Sanghani, Founder of SKS Enterpprises | Hypercontext",674,20210621044007,https://hypercontext.com/blog/modern-manager-community/remote-leaders-sks-enterprises-shreyansh-sanghani,https://web.archive.org/web/20210621044007/https://hypercontext.com/blog/modern-manager-community/remote-leaders-sks-enterprises-shreyansh-sanghani
d3c25744ac72ff58,hypercontext.com,yc,software_saas,How to Be a Great Manager | Hypercontext,1534,20210621031801,https://hypercontext.com/blog/management-skills/how-to-be-a-great-manager,https://web.archive.org/web/20210621031801/https://hypercontext.com/blog/management-skills/how-to-be-a-great-manager
e2afe7e264b332b2,hypercontext.com,yc,software_saas,9 Things a Boss Should Never Say to an Employee in a Meeting | SoapBox,955,20210621030823,https://hypercontext.com/blog/management-skills/things-a-boss-should-never-say-to-an-employee,https://web.archive.org/web/20210621030823/https://hypercontext.com/blog/management-skills/things-a-boss-should-never-say-to-an-employee
13752179c36f0636,hypotenuse.ai,yc_directory,software_saas,The 6 Best Ways to End your Blog Post,2039,20220529024927,https://www.hypotenuse.ai/blog/blog-conclusion,https://web.archive.org/web/20220529024927/https://www.hypotenuse.ai/blog/blog-conclusion
23ce2b97a5385664,hypotenuse.ai,yc_directory,software_saas,Grammar Rules for Everyone: How & When to Use a Semicolon,1137,20220703202622,https://www.hypotenuse.ai/blog/how-to-use-a-semicolon,https://web.archive.org/web/20220703202622/https://www.hypotenuse.ai/blog/how-to-use-a-semicolon
2c32bf47a6e90a1d,hypotenuse.ai,yc_directory,software_saas,Omnichannel Marketing Automation at Every Stage of the Conversion Funnel,1812,20211021071805,https://www.hypotenuse.ai/blog/omnichannel-marketing-automation,https://web.archive.org/web/20211021071805/https://www.hypotenuse.ai/blog/omnichannel-marketing-automation
3a54447586395a4c,hypotenuse.ai,yc_directory,software_saas,How to Write a Blog Introduction that Hooks Readers In,2276,20220529024741,https://www.hypotenuse.ai/blog/blog-introduction,https://web.archive.org/web/20220529024741/https://www.hypotenuse.ai/blog/blog-introduction
511fe440a6895759,hypotenuse.ai,yc_directory,software_saas,How to Write Blogs that Boost SEO for Your Ecommerce Brand: A Step-by-Step Guide,2323,20211127014319,https://www.hypotenuse.ai/blog/blog-seo-ecommerce-guide,https://web.archive.org/web/20211127014319/https://www.hypotenuse.ai/blog/blog-seo-ecommerce-guide
99103b26375ecd04,hypotenuse.ai,yc_directory,software_saas,A Product Description Study Guide,1672,20210724035344,https://www.hypotenuse.ai/blog/product-description-study-guide,https://web.archive.org/web/20210724035344/https://www.hypotenuse.ai/blog/product-description-study-guide
b7dcfcce2d8d7c8b,hypotenuse.ai,yc_directory,software_saas,Writing social media posts? Here's how you can give your brand an edge.,1211,20210920084923,https://www.hypotenuse.ai/blog/social-media-posts-conversion,https://web.archive.org/web/20210920084923/https://www.hypotenuse.ai/blog/social-media-posts-conversion
c8c4baa86bab9e4b,hypotenuse.ai,yc_directory,software_saas,How to Develop a Blog Content Strategy,2064,20220529030513,https://www.hypotenuse.ai/blog/how-to-develop-a-blog-content-strategy,https://web.archive.org/web/20220529030513/https://www.hypotenuse.ai/blog/how-to-develop-a-blog-content-strategy
e58d4ad659f48dbf,hypotenuse.ai,yc_directory,software_saas,6 Quick Tips for Awesome Product Detail Pages,1248,20210920084457,https://www.hypotenuse.ai/blog/product-detail-pages-conversion,https://web.archive.org/web/20210920084457/https://www.hypotenuse.ai/blog/product-detail-pages-conversion
e6827c8732a0364f,hypotenuse.ai,yc_directory,software_saas,Product Description Generators: Write SEO Product Descriptions Quicker and Better,1214,20220120205030,https://www.hypotenuse.ai/blog/product-description-generators-write-seo-product-descriptions,https://web.archive.org/web/20220120205030/https://www.hypotenuse.ai/blog/product-description-generators-write-seo-product-descriptions
06962d5644659e9e,iconicit.com,inc.com_api_i5list,services_other,"Single Sign On: The Secure, Simple Log-in Tool That Stops Hackers in Their Tracks | Iconic IT - Better Together",734,20210613133200,https://iconicit.com/blog/the-single-sign-on-solution-that-hack-proofs-your-company/,https://web.archive.org/web/20210613133200/https://iconicit.com/blog/the-single-sign-on-solution-that-hack-proofs-your-company/
177f3fc7611e3157,iconicit.com,inc.com_api_i5list,services_other,Adaptive Manufacturing Technology and the Modern Factory,1004,20211223161605,https://iconicit.com/blog/adaptive-manufacturing-technology-and-the-modern-factory/,https://web.archive.org/web/20211223161605/https://iconicit.com/blog/adaptive-manufacturing-technology-and-the-modern-factory/
1b7a15305c0c5f80,iconicit.com,inc.com_api_i5list,services_other,Financial Institution Cyberattacks: Are You Ready?,905,20200812142233,https://iconicit.com/blog/threats-facing-financial-institutions-today/,https://web.archive.org/web/20200812142233/https://iconicit.com/blog/threats-facing-financial-institutions-today/
2d54354a8ad6871b,iconicit.com,inc.com_api_i5list,services_other,The Five Ways Cloud Computing Saves Your Company Money,1132,20210925220322,https://iconicit.com/blog/the-five-ways-cloud-computing-saves-your-company-money/,https://web.archive.org/web/20210925220322/https://iconicit.com/blog/the-five-ways-cloud-computing-saves-your-company-money/
3a211153bb1f9643,iconicit.com,inc.com_api_i5list,services_other,"VOIP Advantages, and Why You Should Run Your Company's Phones on the Internet",1226,20210925202951,https://iconicit.com/blog/voip-the-pros-and-cons/,https://web.archive.org/web/20210925202951/https://iconicit.com/blog/voip-the-pros-and-cons/
56d3a2076ee70551,iconicit.com,inc.com_api_i5list,services_other,What Is Manufacturing Technology Going to Look Like in the Future?,957,20210925221659,https://iconicit.com/blog/what-is-manufacturing-technology-going-to-look-like-in-the-future/,https://web.archive.org/web/20210925221659/https://iconicit.com/blog/what-is-manufacturing-technology-going-to-look-like-in-the-future/
7270a4ec2882320f,iconicit.com,inc.com_api_i5list,services_other,"Indoor and Outdoor Fun This Summertime? Yes, Please",1363,20210506063411,https://iconicit.com/blog/indoor-and-outdoor-summer-fun/,https://web.archive.org/web/20210506063411/https://iconicit.com/blog/indoor-and-outdoor-summer-fun/
811f648fe3b7b18c,iconicit.com,inc.com_api_i5list,services_other,How to Hold a Meeting: Online Screen Sharing Made Easy,675,20210212170834,https://iconicit.com/blog/how-to-hold-a-meeting-with-screen-sharing/,https://web.archive.org/web/20210212170834/https://iconicit.com/blog/how-to-hold-a-meeting-with-screen-sharing/
98d2b13a1bf156aa,iconicit.com,inc.com_api_i5list,services_other,The Bold New Future of AR Manufacturing,1013,20211128153535,https://iconicit.com/blog/the-bold-new-future-of-ar-manufacturing/,https://web.archive.org/web/20211128153535/https://iconicit.com/blog/the-bold-new-future-of-ar-manufacturing/
bfdf9d310252c056,iconicit.com,inc.com_api_i5list,services_other,Are Office Football Pools a Good Idea?,1566,20210129160627,https://iconicit.com/blog/are-football-pools-a-good-idea-in-the-office/,https://web.archive.org/web/20210129160627/https://iconicit.com/blog/are-football-pools-a-good-idea-in-the-office/
d4a52a69b53a0d6e,iconicit.com,inc.com_api_i5list,services_other,How to Draft an Acceptable Use Policy,623,20220124171758,https://iconicit.com/blog/how-to-draft-an-acceptable-use-policy/,https://web.archive.org/web/20220124171758/https://iconicit.com/blog/how-to-draft-an-acceptable-use-policy/
dd218d111602480d,iconicit.com,inc.com_api_i5list,services_other,"Labor Day Facts: Why is a Day Off Called Labor Day, Anyway?",918,20200921093153,https://iconicit.com/blog/labor-day-facts-why-a-day-of-rest-is-called-labor-day/,https://web.archive.org/web/20200921093153/https://iconicit.com/blog/labor-day-facts-why-a-day-of-rest-is-called-labor-day/
f434e21cc36f5bd4,iconicit.com,inc.com_api_i5list,services_other,How To Keep Your Business Connected Trhough a Storm Power Outage,987,20210423024051,https://iconicit.com/blog/stay-connected-storm-business-power-outage/,https://web.archive.org/web/20210423024051/https://iconicit.com/blog/stay-connected-storm-business-power-outage/
f6a7b72623685781,iconicit.com,inc.com_api_i5list,services_other,Email Best Practices to Stay Safe Through COVID19 and Beyond,927,20210222210432,https://iconicit.com/blog/email-best-practices-for-businesses-covid-19-and-beyond/,https://web.archive.org/web/20210222210432/https://iconicit.com/blog/email-best-practices-for-businesses-covid-19-and-beyond/
f7a8ec5899e33e41,iconicit.com,inc.com_api_i5list,services_other,Is Your Organization Eligible for the Nonprofit Security Grant Program? | Iconic IT - Better Together,701,20210728200233,https://iconicit.com/blog/is-your-organization-eligible-for-the-nonprofit-security-grant-program/,https://web.archive.org/web/20210728200233/https://iconicit.com/blog/is-your-organization-eligible-for-the-nonprofit-security-grant-program/
ffef8758d17c8621,iconicit.com,inc.com_api_i5list,services_other,"Are You Connected to WiFi, But Have No Internet Connection? Here's What To Do.",1244,20210925220733,https://iconicit.com/blog/are-you-connected-to-wifi-but-have-no-internet-connection-heres-what-to-do/,https://web.archive.org/web/20210925220733/https://iconicit.com/blog/are-you-connected-to-wifi-but-have-no-internet-connection-heres-what-to-do/
13c54a11c667095a,incauthority.com,inc.com_api_i5list,services_other,How to Start an LLC in North Carolina: Step by Step | Inc Authority,2218,20210619083230,https://www.incauthority.com/blog/how-to-start-an-llc-in-nc-step-by-step/,https://web.archive.org/web/20210619083230/https://www.incauthority.com/blog/how-to-start-an-llc-in-nc-step-by-step/
2c6ed06044742981,incauthority.com,inc.com_api_i5list,services_other,Protect Your Assets Before You Get Sued | Inc Authority,795,20210423093651,https://www.incauthority.com/blog/protect-your-assets-before-you-get-sued/,https://web.archive.org/web/20210423093651/https://www.incauthority.com/blog/protect-your-assets-before-you-get-sued/
67839a0b48a2912c,incauthority.com,inc.com_api_i5list,services_other,Starting a Pressure Washing Business: A Step by Step Guide - Inc Authority,887,20201119232216,https://www.incauthority.com/blog/2020/11/19/starting-a-pressure-washing-business-a-step-by-step-guide/,https://web.archive.org/web/20201119232216/https://www.incauthority.com/blog/2020/11/19/starting-a-pressure-washing-business-a-step-by-step-guide/
8c9e2b77233e52ed,incauthority.com,inc.com_api_i5list,services_other,How to Start a Bank | Inc Authority,2247,20210507024345,https://www.incauthority.com/blog/how-to-start-a-bank/,https://web.archive.org/web/20210507024345/https://www.incauthority.com/blog/how-to-start-a-bank/
c545ddd816e81256,incauthority.com,inc.com_api_i5list,services_other,How to Establish and Build Business Credit | Inc Authority,974,20220516121520,https://www.incauthority.com/blog/how-to-establish-and-build-business-credit/,https://web.archive.org/web/20220516121520/https://www.incauthority.com/blog/how-to-establish-and-build-business-credit/
05213e79bc2f9992,infoverity.com,inc.com_api_i5list,services_other,Using Data to Move From A Product-Centric to a Customer-Centric Organization - Infoverity,838,20180121072717,http://www.infoverity.com/blog/using-data-move-product-centric-customer-centric-organization/,https://web.archive.org/web/20180121072717/http://www.infoverity.com/blog/using-data-move-product-centric-customer-centric-organization/
45cdba41d80fe4ea,infoverity.com,inc.com_api_i5list,services_other,Well Head Intelligence With Big Data in Shale - Infoverity,643,20170421170923,http://www.infoverity.com:80/blog/well-head-intelligence-big-data-shale/,https://web.archive.org/web/20170421170923/http://www.infoverity.com:80/blog/well-head-intelligence-big-data-shale/
811c8c2b8974d4a2,infoverity.com,inc.com_api_i5list,services_other,Blog,1076,20121205054939,http://www.infoverity.com:80/blog/purisma-to-mdm-transition-part-2/,https://web.archive.org/web/20121205054939/http://www.infoverity.com:80/blog/purisma-to-mdm-transition-part-2/
f8943cb4e71f418c,infoverity.com,inc.com_api_i5list,services_other,Upgrading to Informatica MDM 10,697,20150815081831,http://www.infoverity.com:80/blog/upgrading-informatica-mdm-10-part-2-migrating-current-functionality/,https://web.archive.org/web/20150815081831/http://www.infoverity.com:80/blog/upgrading-informatica-mdm-10-part-2-migrating-current-functionality/
0e39b7d6d031da2d,inito.com,yc_directory,health,How Long After Miscarriage Do You Get Your Period? - Inito,1325,20220516193716,https://blog.inito.com/long-after-miscarriage-do-you-get-your-period/,https://web.archive.org/web/20220516193716/https://blog.inito.com/long-after-miscarriage-do-you-get-your-period/
145c1fd185c0981d,inito.com,yc_directory,health,Anovulation: Everything you need to know about the #1 cause of infertility - Inito,1217,20220122082759,https://blog.inito.com/anovulation-everything-you-need-to-know-about-the-1-cause-of-infertility/,https://web.archive.org/web/20220122082759/https://blog.inito.com/anovulation-everything-you-need-to-know-about-the-1-cause-of-infertility/
1a51c21edcc95196,inito.com,yc_directory,health,The Importance of Progesterone Production During Early Pregnancy - Inito,988,20220516190253,https://blog.inito.com/progesterone-and-early-pregnancy/,https://web.archive.org/web/20220516190253/https://blog.inito.com/progesterone-and-early-pregnancy/
39d140bc0e94fe40,inito.com,yc_directory,health,What Is A Calcified Placenta? - Inito,806,20220516184757,https://blog.inito.com/calcified-placenta/,https://web.archive.org/web/20220516184757/https://blog.inito.com/calcified-placenta/
473acecca2f4384d,inito.com,yc_directory,health,Birth Control and Ovulation: Do You Ovulate on Birth Control? - Inito,1320,20220731040459,https://blog.inito.com/birth-control-and-ovulation/,https://web.archive.org/web/20220731040459/https://blog.inito.com/birth-control-and-ovulation/
56635f6f4dc64173,inito.com,yc_directory,health,Is Having Sex Everyday Bad When Trying to Conceive? - Inito,1778,20221128091332,https://blog.inito.com/is-having-sex-everyday-bad-when-trying-to-conceive/,https://web.archive.org/web/20221128091332/https://blog.inito.com/is-having-sex-everyday-bad-when-trying-to-conceive/
5e2202090a7c696a,inito.com,yc_directory,health,Low progesterone: All you need to know - Inito,1017,20220516193910,https://blog.inito.com/low-progesterone/,https://web.archive.org/web/20220516193910/https://blog.inito.com/low-progesterone/
756402e182a3c035,inito.com,yc_directory,health,A Closer Look At Follicular Scanning For Ovulation Tracking: Is It Worth All The Inconvenience? - Inito,1000,20220516175205,https://blog.inito.com/follicular-scanning/,https://web.archive.org/web/20220516175205/https://blog.inito.com/follicular-scanning/
9687650583c3ad03,inito.com,yc_directory,health,What Is Implantation Window? - Inito,847,20220516183720,https://blog.inito.com/implantation-window/,https://web.archive.org/web/20220516183720/https://blog.inito.com/implantation-window/
9b1bfaccea83f457,inito.com,yc_directory,health,10 DPO Symptoms: The Earliest Indicators of Pregnancy - Inito,1171,20220516173126,https://blog.inito.com/10-dpo-symptoms/,https://web.archive.org/web/20220516173126/https://blog.inito.com/10-dpo-symptoms/
9e710691e8c962a2,inito.com,yc_directory,health,Ovulation pain: what to know about mittelschmerz - Inito,850,20220516174234,https://blog.inito.com/ovulation-pain/,https://web.archive.org/web/20220516174234/https://blog.inito.com/ovulation-pain/
9e7ac53c5e3b8ee9,inito.com,yc_directory,health,What is an Evaporation Line on a Pregnancy Test? - Inito,1059,20220614170203,https://blog.inito.com/evaporation-line-on-a-pregnancy-test/,https://web.archive.org/web/20220614170203/https://blog.inito.com/evaporation-line-on-a-pregnancy-test/
a75c1220e210caa8,inito.com,yc_directory,health,14 DPO Symptoms: What to Expect at 14 Days Past Ovulation - Inito,1509,20220803054718,https://blog.inito.com/14-dpo-symptoms/,https://web.archive.org/web/20220803054718/https://blog.inito.com/14-dpo-symptoms/
ac876f0edb2e751d,inito.com,yc_directory,health,What Are My Chances of Getting Pregnant by Age? Check Out Our Chart - Inito,1387,20220810230953,https://blog.inito.com/chances-of-getting-pregnant-by-age/,https://web.archive.org/web/20220810230953/https://blog.inito.com/chances-of-getting-pregnant-by-age/
b269b4abcf4378d3,inito.com,yc_directory,health,Is Bloating During Ovulation Normal? - Inito,635,20220516190912,https://blog.inito.com/bloating-during-ovulation/,https://web.archive.org/web/20220516190912/https://blog.inito.com/bloating-during-ovulation/
d64f033a6b95b483,inito.com,yc_directory,health,Getting pregnant: When are you most fertile? - Inito,1165,20220423130819,https://blog.inito.com/when-are-you-most-fertile/,https://web.archive.org/web/20220423130819/https://blog.inito.com/when-are-you-most-fertile/
df1dec470b9e7d86,inito.com,yc_directory,health,Lobsters Or Crabs During Pregnancy: Should You Avoid? - Inito,1436,20221027073614,https://blog.inito.com/lobsters-or-crabs-during-pregnancy-should-you-avoid/,https://web.archive.org/web/20221027073614/https://blog.inito.com/lobsters-or-crabs-during-pregnancy-should-you-avoid/
ed6280cf3c127117,inito.com,yc_directory,health,Do ovarian cysts lower your chances of pregnancy? - Inito,1542,20221126123134,https://blog.inito.com/can-ovarian-cyst-cause-infertility/,https://web.archive.org/web/20221126123134/https://blog.inito.com/can-ovarian-cyst-cause-infertility/
0e4a79729902119e,inovapayroll.com,inc.com_api_i5list,software_saas,Essentials to Earning Work Opportunity Tax Credits,1531,20161004212312,http://blog.inovapayroll.com:80/essentials-to-earning-work-opportunity-tax-credits-wotc,https://web.archive.org/web/20161004212312/http://blog.inovapayroll.com:80/essentials-to-earning-work-opportunity-tax-credits-wotc
15379459ca437403,inovapayroll.com,inc.com_api_i5list,software_saas,5 Tips for Reassuring Your Employees During a Time of Crisis,1203,20200930045459,https://blog.inovapayroll.com/5-tips-for-reassuring-your-employees-during-a-time-of-crisis,https://web.archive.org/web/20200930045459/https://blog.inovapayroll.com/5-tips-for-reassuring-your-employees-during-a-time-of-crisis
2b4afa0c32ff573b,inovapayroll.com,inc.com_api_i5list,software_saas,How to safely choose the absolute best payroll service for you and your employees,1050,20190824120458,https://blog.inovapayroll.com/how-to-safely-choose-the-absolute-best-payroll-service-provider,https://web.archive.org/web/20190824120458/https://blog.inovapayroll.com/how-to-safely-choose-the-absolute-best-payroll-service-provider
58ad2c35475c2c73,inovapayroll.com,inc.com_api_i5list,software_saas,What Is a Pooled Employer Plan (PEP)?,1147,20220623205918,https://blog.inovapayroll.com/pooled-employer-plan-pep,https://web.archive.org/web/20220623205918/https://blog.inovapayroll.com/pooled-employer-plan-pep
5b077447fb13b118,inovapayroll.com,inc.com_api_i5list,software_saas,Common LMS Features – Most Important in 2022,2176,20220310201524,https://blog.inovapayroll.com/common-lms-features,https://web.archive.org/web/20220310201524/https://blog.inovapayroll.com/common-lms-features
b52e85c30c47df8b,inovapayroll.com,inc.com_api_i5list,software_saas,Magic numbers: Employee counts and federal employer reporting,963,20160528122857,http://blog.inovapayroll.com/employee-counts-and-employer-reporting,https://web.archive.org/web/20160528122857/http://blog.inovapayroll.com/employee-counts-and-employer-reporting
fbf33c7386df7c6d,inovapayroll.com,inc.com_api_i5list,software_saas,Employee Development in 2021,1849,20210619070712,https://blog.inovapayroll.com/employee-development-in-2021,https://web.archive.org/web/20210619070712/https://blog.inovapayroll.com/employee-development-in-2021
885ca50a279a5651,insightpestnorthwest.com,inc.com_api_i5list,services_other,How to Get Rid of Ants,719,20190918062708,https://insightpestnorthwest.com/blog/how-to-get-rid-of-ants/,https://web.archive.org/web/20190918062708/https://insightpestnorthwest.com/blog/how-to-get-rid-of-ants/
0e67ef3fdd11a865,inspectify.com,yc,ecommerce_retail,10 hidden costs to be aware of when buying a home,716,20211028073033,https://blog.inspectify.com/blog/10-costs-to-be-aware-of-when-buying-a-home,https://web.archive.org/web/20211028073033/https://blog.inspectify.com/blog/10-costs-to-be-aware-of-when-buying-a-home
1035bad06b83b833,inspectify.com,yc,ecommerce_retail,What is a maintenance inspection and when should you get one?,888,20220128082128,http://blog.inspectify.com/blog/what-is-a-maintenance-inspection-and-when-should-you-get-one,https://web.archive.org/web/20220128082128/http://blog.inspectify.com/blog/what-is-a-maintenance-inspection-and-when-should-you-get-one
10cdc5898db78d8b,inspectify.com,yc,ecommerce_retail,The home buying journey: From start to finish,1357,20220706171903,https://blog.inspectify.com/blog/the-home-buying-journey-from-start-to-finish,https://web.archive.org/web/20220706171903/https://blog.inspectify.com/blog/the-home-buying-journey-from-start-to-finish
10f5e3eeaac81b9d,inspectify.com,yc,ecommerce_retail,How to get the most out of your home inspection,1429,20220405210126,http://blog.inspectify.com/blog/how-to-get-the-most-out-of-your-home-inspection,https://web.archive.org/web/20220405210126/http://blog.inspectify.com/blog/how-to-get-the-most-out-of-your-home-inspection
137172c651cc541b,inspectify.com,yc,ecommerce_retail,What is the due diligence period?,1595,20220228221505,http://blog.inspectify.com/blog/what-is-the-due-diligence-period,https://web.archive.org/web/20220228221505/http://blog.inspectify.com/blog/what-is-the-due-diligence-period
4a5fa247ff95553d,inspectify.com,yc,ecommerce_retail,Tips for winterizing your home,956,20211203165452,http://blog.inspectify.com/blog/tips-for-winterizing-your-home,https://web.archive.org/web/20211203165452/http://blog.inspectify.com/blog/tips-for-winterizing-your-home
502cd7eef866f75e,inspectify.com,yc,ecommerce_retail,Everything you need to know about home inspections,1599,20211028073501,https://blog.inspectify.com/blog/everything-you-need-to-know-about-home-inspections,https://web.archive.org/web/20211028073501/https://blog.inspectify.com/blog/everything-you-need-to-know-about-home-inspections
6268fec65e5fdcc2,inspectify.com,yc,ecommerce_retail,5 time saving tips for real estate professionals,668,20210728162058,https://blog.inspectify.com/blog/5-time-saving-tips-for-real-estate-professionals,https://web.archive.org/web/20210728162058/https://blog.inspectify.com/blog/5-time-saving-tips-for-real-estate-professionals
78842df0675fb40f,inspectify.com,yc,ecommerce_retail,3 reasons realtors need to stop marketing to everyone,900,20210728172430,https://blog.inspectify.com/blog/3-reasons-realtors-need-to-stop-marketing-to-everyone,https://web.archive.org/web/20210728172430/https://blog.inspectify.com/blog/3-reasons-realtors-need-to-stop-marketing-to-everyone
97e892c2ed894579,inspectify.com,yc,ecommerce_retail,How much damage can termites do? Everything you need to know about WDOs,1475,20220611010146,https://blog.inspectify.com/blog/how-much-damage-can-termites-do-everything-you-need-to-know-about-wdos,https://web.archive.org/web/20220611010146/https://blog.inspectify.com/blog/how-much-damage-can-termites-do-everything-you-need-to-know-about-wdos
a9714ec1d539d647,inspectify.com,yc,ecommerce_retail,11 things that home inspectors don’t look for during a home inspection,1362,20220128081549,https://blog.inspectify.com/blog/11-things-that-home-inspectors-dont-look-for-during-a-home-inspection,https://web.archive.org/web/20220128081549/https://blog.inspectify.com/blog/11-things-that-home-inspectors-dont-look-for-during-a-home-inspection
bcadfbc4b8f882cd,inspectify.com,yc,ecommerce_retail,6 reasons why you should never skip a home inspection,1014,20220221220738,http://blog.inspectify.com/blog/why-you-should-never-skip-a-home-inspection,https://web.archive.org/web/20220221220738/http://blog.inspectify.com/blog/why-you-should-never-skip-a-home-inspection
fa244e2d7b4f5390,inspectify.com,yc,ecommerce_retail,How long does a home inspection take?,945,20220128081130,https://blog.inspectify.com/blog/how-long-does-a-home-inspection-take,https://web.archive.org/web/20220128081130/https://blog.inspectify.com/blog/how-long-does-a-home-inspection-take
fcbbc69f5c7c622f,inspectify.com,yc,ecommerce_retail,Interest rates and inflation: understanding the market in 2022,1767,20220706160746,https://blog.inspectify.com/blog/interest-rates-and-inflation-understanding-the-market-in-2022,https://web.archive.org/web/20220706160746/https://blog.inspectify.com/blog/interest-rates-and-inflation-understanding-the-market-in-2022
691e4bc75a898f6e,instapainting.com,yc,ecommerce_retail,How To Showcase Your Pet With The Perfect Pet Portrait Painting,754,20200507140641,https://www.instapainting.com/blog/how-to-showcase-your-pet-with-the-perfect-pet-portrait-painting/,https://web.archive.org/web/20200507140641/https://www.instapainting.com/blog/how-to-showcase-your-pet-with-the-perfect-pet-portrait-painting/
21fdcf74af16a451,instrumentl.com,yc,software_saas,How to Never Miss a Grant Deadline: 9 Actionable Strategies,2082,20211021141336,https://www.instrumentl.com/blog/how-to-never-miss-grant-deadlines,https://web.archive.org/web/20211021141336/https://www.instrumentl.com/blog/how-to-never-miss-grant-deadlines
3c81e15637d9b9fb,instrumentl.com,yc,software_saas,How to Write an Impact Narrative for Nonprofits,2355,20220706221409,https://www.instrumentl.com/blog/how-to-write-impact-narratives,https://web.archive.org/web/20220706221409/https://www.instrumentl.com/blog/how-to-write-impact-narratives
4cddd3df57742a58,instrumentl.com,yc,software_saas,What Makes a Good Grant Proposal?,2303,20220929023011,https://www.instrumentl.com/blog/what-makes-good-grant-proposals,https://web.archive.org/web/20220929023011/https://www.instrumentl.com/blog/what-makes-good-grant-proposals
616880288b335e3c,instrumentl.com,yc,software_saas,Capacity Building Grants for Nonprofits: Grant Writing 101,2046,20211021005805,https://www.instrumentl.com/blog/capacity-building-grants-for-nonprofits,https://web.archive.org/web/20211021005805/https://www.instrumentl.com/blog/capacity-building-grants-for-nonprofits
8ec4330bf117e752,instrumentl.com,yc,software_saas,What is a Budget Narrative? Grant Writing 101,1677,20220522072346,https://www.instrumentl.com/blog/what-is-a-budget-narrative,https://web.archive.org/web/20220522072346/https://www.instrumentl.com/blog/what-is-a-budget-narrative
91447c0bddf9bcd0,instrumentl.com,yc,software_saas,Gift Ideas for Grant Writers,1897,20220813052301,https://www.instrumentl.com/blog/gift-ideas-for-grant-writers,https://web.archive.org/web/20220813052301/https://www.instrumentl.com/blog/gift-ideas-for-grant-writers
96386b204f7daae2,instrumentl.com,yc,software_saas,21 Grant Writing Examples for Nonprofits,1862,20220706215241,https://www.instrumentl.com/blog/grant-writing-examples-for-nonprofits,https://web.archive.org/web/20220706215241/https://www.instrumentl.com/blog/grant-writing-examples-for-nonprofits
a6d8292d6e6ec3e4,instrumentl.com,yc,software_saas,How Many Grants Should I Apply For?,2288,20211020162808,https://www.instrumentl.com/blog/how-many-grants-to-apply-for,https://web.archive.org/web/20211020162808/https://www.instrumentl.com/blog/how-many-grants-to-apply-for
fabd190b92277cf2,instrumentl.com,yc,software_saas,How to Engage Your Board to Help You Win More Grants,2153,20220809235420,https://www.instrumentl.com/blog/how-to-engage-your-board-to-win-more-grants,https://web.archive.org/web/20220809235420/https://www.instrumentl.com/blog/how-to-engage-your-board-to-win-more-grants
fd66ac7b328a60ee,instrumentl.com,yc,software_saas,What Does a Grant Writer Do? A Day in the Life of a Grant Writer,2167,20211203043422,https://www.instrumentl.com/blog/what-does-a-grant-writer-do,https://web.archive.org/web/20211203043422/https://www.instrumentl.com/blog/what-does-a-grant-writer-do
040a1046a672129b,intekfreight-logistics.com,inc.com_api_i5list,services_other,Benefits of Intermodal Transportation. (Beyond the Typical List),1328,20200809114847,https://blog.intekfreight-logistics.com/benefits-of-intermodal-transportation,https://web.archive.org/web/20200809114847/https://blog.intekfreight-logistics.com/benefits-of-intermodal-transportation
0a6c87655af357d5,intekfreight-logistics.com,inc.com_api_i5list,services_other,What Is the AB5 Protest and What Does the Law Mean for Supply Chains?,942,20220720170209,https://blog.intekfreight-logistics.com/ab5-protest-supply-chains,https://web.archive.org/web/20220720170209/https://blog.intekfreight-logistics.com/ab5-protest-supply-chains
0d6e21593f70d80a,intekfreight-logistics.com,inc.com_api_i5list,services_other,Logistics and Supply Chain Trends: 2022 and Beyond,1030,20220106220250,https://blog.intekfreight-logistics.com/freight-logistics-and-supply-chain-trends-2022,https://web.archive.org/web/20220106220250/https://blog.intekfreight-logistics.com/freight-logistics-and-supply-chain-trends-2022
22e76278387fd7d0,intekfreight-logistics.com,inc.com_api_i5list,services_other,2022 Supply Chain & Port Status Updates - May,816,20220706011907,https://blog.intekfreight-logistics.com/2022-supply-chain-port-status-updates-may,https://web.archive.org/web/20220706011907/https://blog.intekfreight-logistics.com/2022-supply-chain-port-status-updates-may
2810a9e3bfdb8635,intekfreight-logistics.com,inc.com_api_i5list,services_other,How to reduce freight costs,1019,20220121180956,https://blog.intekfreight-logistics.com/how-to-reduce-freight-costs,https://web.archive.org/web/20220121180956/https://blog.intekfreight-logistics.com/how-to-reduce-freight-costs
87a16ab503813416,intekfreight-logistics.com,inc.com_api_i5list,services_other,"Intermodal Spot Rate Pricing Trendline Analysis - Oct 8, 2019",665,20191020223142,https://blog.intekfreight-logistics.com/intermodal-spot-rate-trendline-pricing-analysis-oct-8-2019,https://web.archive.org/web/20191020223142/https://blog.intekfreight-logistics.com/intermodal-spot-rate-trendline-pricing-analysis-oct-8-2019
9d768b6d4aa1bd73,intekfreight-logistics.com,inc.com_api_i5list,services_other,Freight Capacity & Price Benefits with 40' & 45' Intermodal Service,1181,20201126213611,https://blog.intekfreight-logistics.com/capacity-and-price-benefits-40ft-45ft-intermodal-iso-repo-programs-bring-shippers,https://web.archive.org/web/20201126213611/https://blog.intekfreight-logistics.com/capacity-and-price-benefits-40ft-45ft-intermodal-iso-repo-programs-bring-shippers
a5a422ffaabb972a,intekfreight-logistics.com,inc.com_api_i5list,services_other,"Lunar New Year, Olympics & Covid - A Supply Chain Trifecta in China",746,20220202172615,https://blog.intekfreight-logistics.com/lunar-new-year-olympics-covid-supply-chain-china,https://web.archive.org/web/20220202172615/https://blog.intekfreight-logistics.com/lunar-new-year-olympics-covid-supply-chain-china
a763a364f9f6e9f4,intekfreight-logistics.com,inc.com_api_i5list,services_other,"Intermodal Marketing Company (IMC) - (Definition, Purpose & Value)",1071,20190720195707,https://blog.intekfreight-logistics.com/intermodal-marketing-company-imc-definition-purpose-value,https://web.archive.org/web/20190720195707/https://blog.intekfreight-logistics.com/intermodal-marketing-company-imc-definition-purpose-value
aa2f883cc081f936,intekfreight-logistics.com,inc.com_api_i5list,services_other,Blocking & Bracing for Intermodal Freight Shipments,699,20201025112323,https://blog.intekfreight-logistics.com/block-and-bracing-intermodal-freight-shipments,https://web.archive.org/web/20201025112323/https://blog.intekfreight-logistics.com/block-and-bracing-intermodal-freight-shipments
ab992962dae2cb5d,intekfreight-logistics.com,inc.com_api_i5list,services_other,Harmonized Tariff Schedule (HTS) Classification System Explained,689,20191020214248,https://blog.intekfreight-logistics.com/harmonized-tariff-schedule-hts-classification-system-explained,https://web.archive.org/web/20191020214248/https://blog.intekfreight-logistics.com/harmonized-tariff-schedule-hts-classification-system-explained
b60184b5ee9996f2,intekfreight-logistics.com,inc.com_api_i5list,services_other,Let's Talk Turkey,632,20221111205945,https://blog.intekfreight-logistics.com/lets-talk-turkey,https://web.archive.org/web/20221111205945/https://blog.intekfreight-logistics.com/lets-talk-turkey
b793ce5c49b779b8,intekfreight-logistics.com,inc.com_api_i5list,services_other,Advantages of Outsourcing Your Freight Logistics to an LSP,1185,20190718193139,https://blog.intekfreight-logistics.com/advantages-of-outsourcing-your-freight-to-an-lsp,https://web.archive.org/web/20190718193139/https://blog.intekfreight-logistics.com/advantages-of-outsourcing-your-freight-to-an-lsp
b8881fbab42f1f1b,intekfreight-logistics.com,inc.com_api_i5list,services_other,Best Logistics & Supply Chain KPI & Metrics Companies Should Monitor,1810,20201025101513,https://blog.intekfreight-logistics.com/best-logistics-supply-chain-metrics-to-monitor,https://web.archive.org/web/20201025101513/https://blog.intekfreight-logistics.com/best-logistics-supply-chain-metrics-to-monitor
c7587f7a95e1e113,intekfreight-logistics.com,inc.com_api_i5list,services_other,How to Prepare a Freight and Logistics RFP,695,20220114220335,https://blog.intekfreight-logistics.com/how-to-prepare-freight-logistics-rfp,https://web.archive.org/web/20220114220335/https://blog.intekfreight-logistics.com/how-to-prepare-freight-logistics-rfp
d5b5d4262b555a87,intekfreight-logistics.com,inc.com_api_i5list,services_other,Reasons for Outbound Freight Capacity Shortages in SoCal - Los Angeles,1328,20210725085719,https://blog.intekfreight-logistics.com/causes-of-los-angeles-freight-capacity-shortages,https://web.archive.org/web/20210725085719/https://blog.intekfreight-logistics.com/causes-of-los-angeles-freight-capacity-shortages
def83a25cbbd314b,intekfreight-logistics.com,inc.com_api_i5list,services_other,Benefits of Partnering with a Non-Asset IMC Intermodal Provider,1057,20210227095756,https://blog.intekfreight-logistics.com/benefits-of-partnering-with-non-asset-imc-intermodal-3pl,https://web.archive.org/web/20210227095756/https://blog.intekfreight-logistics.com/benefits-of-partnering-with-non-asset-imc-intermodal-3pl
e5d35b116c9ebe51,intekfreight-logistics.com,inc.com_api_i5list,services_other,Headhaul vs Backhaul Freight Market: Why it Matters for Pricing,1061,20200809113123,https://blog.intekfreight-logistics.com/definition-headhaul-backhaul-importance-to-freight-pricing,https://web.archive.org/web/20200809113123/https://blog.intekfreight-logistics.com/definition-headhaul-backhaul-importance-to-freight-pricing
ef224aa1f80f1ddb,intekfreight-logistics.com,inc.com_api_i5list,services_other,Population and Supply Chains,657,20220711164127,https://blog.intekfreight-logistics.com/population-supply-chains,https://web.archive.org/web/20220711164127/https://blog.intekfreight-logistics.com/population-supply-chains
f1b61f075f7cbeb2,intekfreight-logistics.com,inc.com_api_i5list,services_other,Logistics and Supply Chain Strategies for 2022,2360,20220110143728,https://blog.intekfreight-logistics.com/logistics-and-supply-chain-strategies-2022,https://web.archive.org/web/20220110143728/https://blog.intekfreight-logistics.com/logistics-and-supply-chain-strategies-2022
34f252cf7439ae05,intelycare.com,inc.com_api_i5list,health,"What Does a Home Health Nurse Do? - IntelyCare, Inc.",613,20220930232742,https://www.intelycare.com/blog/nursing-professionals/what-does-a-home-health-nurse-do/,https://web.archive.org/web/20220930232742/https://www.intelycare.com/blog/nursing-professionals/what-does-a-home-health-nurse-do/
512f9aa11716492f,intelycare.com,inc.com_api_i5list,health,"A Fresh Look at PRN Nurse Staffing Strategy in Long Term Care - IntelyCare, Inc.",1008,20220810134508,https://www.intelycare.com/blog/nursing-facilities/a-fresh-look-at-prn-nurse-staffing-strategy-in-long-term-care/,https://web.archive.org/web/20220810134508/https://www.intelycare.com/blog/nursing-facilities/a-fresh-look-at-prn-nurse-staffing-strategy-in-long-term-care/
56cad6fc8d44ba67,intelycare.com,inc.com_api_i5list,health,What does an RN do? | IntelyCare,690,20210917195057,https://www.intelycare.com/blog/what-does-an-rn-do/,https://web.archive.org/web/20210917195057/https://www.intelycare.com/blog/what-does-an-rn-do/
af878d8ad799cccd,intelycare.com,inc.com_api_i5list,health,Nursing Assistant's Week 2021: Everything You Need To Know | IntelyCare,928,20210617161426,https://www.intelycare.com/blog/nursing-assistants-week-2021-everything-you-need-to-know/,https://web.archive.org/web/20210617161426/https://www.intelycare.com/blog/nursing-assistants-week-2021-everything-you-need-to-know/
0a3dd4a16eff1bbe,intimetec.com,inc.com_api_i5list,services_other,Discover Yourself as a Leader,1580,20210304120242,https://blog.intimetec.com/blog/discover-yourself-as-a-leader,https://web.archive.org/web/20210304120242/https://blog.intimetec.com/blog/discover-yourself-as-a-leader
a9a6abed28e3db09,intimetec.com,inc.com_api_i5list,services_other,Behind the Scenes: How Did Treefort Build its App?,812,20220707135703,https://blog.intimetec.com/behind-the-scenes-how-did-treefort-build-its-app,https://web.archive.org/web/20220707135703/https://blog.intimetec.com/behind-the-scenes-how-did-treefort-build-its-app
c439e757c23ed5fe,intimetec.com,inc.com_api_i5list,services_other,Shifting Performance to the Mainstream,796,20210304130355,https://blog.intimetec.com/blog/shifting-performance,https://web.archive.org/web/20210304130355/https://blog.intimetec.com/blog/shifting-performance
041eeac524c96f18,jenfi.com,yc,fintech_insurance,How To Obtain A Small Business Loan Through PayPal,1041,20210507092849,https://jenfi.com/blog/how-to-obtain-a-small-business-loan-through-paypal/,https://web.archive.org/web/20210507092849/https://jenfi.com/blog/how-to-obtain-a-small-business-loan-through-paypal/
051ed9a1ac3923a0,jenfi.com,yc,fintech_insurance,Obtaining a Company’s Financial Statements in Singapore,686,20210507111518,https://jenfi.com/blog/obtaining-a-companys-financial-statements-in-singapore/,https://web.archive.org/web/20210507111518/https://jenfi.com/blog/obtaining-a-companys-financial-statements-in-singapore/
19677ca8b02036be,jenfi.com,yc,fintech_insurance,Start Your E-Commerce Business In Singapore The Right Way,751,20210507091244,https://jenfi.com/blog/start-your-e-commerce-business-in-singapore-the-right-way/,https://web.archive.org/web/20210507091244/https://jenfi.com/blog/start-your-e-commerce-business-in-singapore-the-right-way/
2581b6905cc6d1d8,jenfi.com,yc,fintech_insurance,4 Powerful Email Marketing Strategies for Small Businesses,784,20210418234822,https://jenfi.com/blog/4-powerful-email-marketing-strategies-for-small-businesses/,https://web.archive.org/web/20210418234822/https://jenfi.com/blog/4-powerful-email-marketing-strategies-for-small-businesses/
2725126fd6706344,jenfi.com,yc,fintech_insurance,Stand Out As A Desirable VC Investment Opportunity,929,20210419004642,https://jenfi.com/blog/business-tips/stand-out-as-a-desirable-vc-investment-opportunity/,https://web.archive.org/web/20210419004642/https://jenfi.com/blog/business-tips/stand-out-as-a-desirable-vc-investment-opportunity/
45f6985086e95ef0,jenfi.com,yc,fintech_insurance,5 Ways To Reduce Google Ads Spending - Jenfi,749,20210616200243,https://jenfi.com/blog/5-ways-to-reduce-google-ads-spending/,https://web.archive.org/web/20210616200243/https://jenfi.com/blog/5-ways-to-reduce-google-ads-spending/
50a1b747b41f7f7f,jenfi.com,yc,fintech_insurance,How To Write An Impressive Case Study - Jenfi,797,20210616190604,https://jenfi.com/blog/how-to-write-an-impressive-case-study/,https://web.archive.org/web/20210616190604/https://jenfi.com/blog/how-to-write-an-impressive-case-study/
b0abb04d6b666179,jenfi.com,yc,fintech_insurance,Facebook Marketing Tips for Small Businesses,881,20210419000325,https://jenfi.com/blog/business-tips/facebook-marketing-tips-for-small-businesses/,https://web.archive.org/web/20210419000325/https://jenfi.com/blog/business-tips/facebook-marketing-tips-for-small-businesses/
bb33452978306d2e,jenfi.com,yc,fintech_insurance,Top 5 eCommerce Business Trends for 2021,766,20210419005108,https://jenfi.com/blog/business-tips/top-5-ecommerce-business-trends-for-2021/,https://web.archive.org/web/20210419005108/https://jenfi.com/blog/business-tips/top-5-ecommerce-business-trends-for-2021/
e7f07c5d4281e11d,jenfi.com,yc,fintech_insurance,6 Ways Digital Marketing Is Crucial For Small Businesses’ Success - Jenfi,730,20210616202506,https://jenfi.com/blog/6-ways-digital-marketing-is-crucial-for-small-businesses-success/,https://web.archive.org/web/20210616202506/https://jenfi.com/blog/6-ways-digital-marketing-is-crucial-for-small-businesses-success/
fafc78f77f133f3b,jenfi.com,yc,fintech_insurance,5 Customer Retention Strategies For Start-Up Growth,740,20210418232129,https://jenfi.com/blog/business-tips/5-customer-retention-strategies-for-start-up-growth/,https://web.archive.org/web/20210418232129/https://jenfi.com/blog/business-tips/5-customer-retention-strategies-for-start-up-growth/
ffd444b67f5d7cdb,jenfi.com,yc,fintech_insurance,Skyrocket Sales by Optimizing Your Facebook Target Audience,848,20210507100350,https://jenfi.com/blog/skyrocket-sales-by-optimizing-your-facebook-target-audience-%E2%80%A8/,https://web.archive.org/web/20210507100350/https://jenfi.com/blog/skyrocket-sales-by-optimizing-your-facebook-target-audience-%E2%80%A8/
379da89c9b0185ca,joinfightcamp.com,yc,ecommerce_retail,THREE Beginner At-Home Boxing Drills To Train Like a Pro,1070,20201202091544,http://joinfightcamp.com/blog/boxing-workouts-drills/three-beginner-at-home-boxing-drills-to-train-like-a-pro,https://web.archive.org/web/20201202091544/http://joinfightcamp.com/blog/boxing-workouts-drills/three-beginner-at-home-boxing-drills-to-train-like-a-pro
576ede60dd3748c6,joinfightcamp.com,yc,ecommerce_retail,How To Start A New Year’s Diet (For Boxers),856,20210303084551,http://joinfightcamp.com/blog/boxing-training/how-to-start-a-new-year-s-diet-for-boxers,https://web.archive.org/web/20210303084551/http://joinfightcamp.com/blog/boxing-training/how-to-start-a-new-year-s-diet-for-boxers
6fd281347fe0241a,joinfightcamp.com,yc,ecommerce_retail,How to Train Like a Boxer 🥊 (COMPLETE BEGINNER'S GUIDE),741,20200922015336,http://joinfightcamp.com/blog/boxing-training/how-to-train-like-a-boxer-beginners-guide,https://web.archive.org/web/20200922015336/http://joinfightcamp.com/blog/boxing-training/how-to-train-like-a-boxer-beginners-guide
7cbc814c98ae8f33,joinfightcamp.com,yc,ecommerce_retail,Easy New Year’s Boxing Workout For Beginners,670,20210127201257,http://joinfightcamp.com/blog/boxing-workouts-drills/easy-new-year-s-boxing-workout-for-beginners,https://web.archive.org/web/20210127201257/http://joinfightcamp.com/blog/boxing-workouts-drills/easy-new-year-s-boxing-workout-for-beginners
9495949b9ae26415,joinfightcamp.com,yc,ecommerce_retail,How to Choose the Right Punching Bag for Your Workout,1324,20201026150043,https://joinfightcamp.com/blog/home-boxing-equipment/how-to-choose-the-right-punching-bag-for-your-workout,https://web.archive.org/web/20201026150043/https://joinfightcamp.com/blog/home-boxing-equipment/how-to-choose-the-right-punching-bag-for-your-workout
9bdb73f7aa9ecead,joinfightcamp.com,yc,ecommerce_retail,What Equipment Do You Need to Start Boxing?,1081,20200922022714,http://joinfightcamp.com/blog/home-boxing-equipment/what-equipment-do-you-need-to-start-boxing,https://web.archive.org/web/20200922022714/http://joinfightcamp.com/blog/home-boxing-equipment/what-equipment-do-you-need-to-start-boxing
ccceffb958728db0,joinfightcamp.com,yc,ecommerce_retail,Step-By-Step: How To Fill Your Heavy Bag Base,784,20210415181341,https://joinfightcamp.com/blog/home-boxing-equipment/step-by-step-how-to-fill-your-heavy-bag-base,https://web.archive.org/web/20210415181341/https://joinfightcamp.com/blog/home-boxing-equipment/step-by-step-how-to-fill-your-heavy-bag-base
f6a75d7490eb3e96,joinfightcamp.com,yc,ecommerce_retail,How to Use At-Home Workouts to Supplement Your Gym or Studio Time,1058,20201126061337,https://joinfightcamp.com/blog/news/how-to-use-at-home-workouts-to-supplement-your-gym-or-studio-time,https://web.archive.org/web/20201126061337/https://joinfightcamp.com/blog/news/how-to-use-at-home-workouts-to-supplement-your-gym-or-studio-time
033674cde217bbc8,juliannarae.com,inc.com_api_i5list,ecommerce_retail,Hurray for Soup Season! 7 Soup Recipes to keep you Warm and Healthy,654,20191015093015,https://www.juliannarae.com/blog/hurray-for-soup-season-7-soup-recipes-to-keep-you-warm-and-healthy,https://web.archive.org/web/20191015093015/https://www.juliannarae.com/blog/hurray-for-soup-season-7-soup-recipes-to-keep-you-warm-and-healthy
06972d50b5ce85e7,juliannarae.com,inc.com_api_i5list,ecommerce_retail,“Pop” Culture: 5 Awesome Examples of Fatherhood,815,20191117194307,https://www.juliannarae.com/blog/pop-culture-5-awesome-examples-of-fatherhood,https://web.archive.org/web/20191117194307/https://www.juliannarae.com/blog/pop-culture-5-awesome-examples-of-fatherhood
5b108fcc35080070,juliannarae.com,inc.com_api_i5list,ecommerce_retail,Hello January!!!,782,20191015090047,https://www.juliannarae.com/blog/hello-january,https://web.archive.org/web/20191015090047/https://www.juliannarae.com/blog/hello-january
6aa4a6df8f4b10db,juliannarae.com,inc.com_api_i5list,ecommerce_retail,"Pleasure Pedaling, Honor your Foremothers and Go for a Ride!",943,20190923180300,https://www.juliannarae.com/blog/pleasure-pedaling-honor-your-foremothers-and-go-for-a-ride,https://web.archive.org/web/20190923180300/https://www.juliannarae.com/blog/pleasure-pedaling-honor-your-foremothers-and-go-for-a-ride
6e67b6384969947d,juliannarae.com,inc.com_api_i5list,ecommerce_retail,"Panties, Bras and Other Awesome Garb-related Origin Stories",1235,20191015094925,https://www.juliannarae.com/blog/panties-bras-and-other-awesome-garb-related-origin-stories,https://web.archive.org/web/20191015094925/https://www.juliannarae.com/blog/panties-bras-and-other-awesome-garb-related-origin-stories
7bc36d074e672653,juliannarae.com,inc.com_api_i5list,ecommerce_retail,"Lingerie styles from the past: a peek at the &#8217;50s, &#8217;60s and &#8217;70s",851,20191015085558,https://www.juliannarae.com/blog/lingerie-styles-from-the-past-a-peek-at-the-50s-60s-and-70s,https://web.archive.org/web/20191015085558/https://www.juliannarae.com/blog/lingerie-styles-from-the-past-a-peek-at-the-50s-60s-and-70s
a7e558a9302ab516,juliannarae.com,inc.com_api_i5list,ecommerce_retail,14 songs to put the “POW” in empowerment for International Women’s Day,1058,20190823032311,https://www.juliannarae.com/blog/14-songs-to-put-the-pow-in-empowerment-for-international-womens-day,https://web.archive.org/web/20190823032311/https://www.juliannarae.com/blog/14-songs-to-put-the-pow-in-empowerment-for-international-womens-day
bfd26b9c07169436,juliannarae.com,inc.com_api_i5list,ecommerce_retail,#FridayVibes &#8211; The Joys of Motherhood,690,20210510040929,https://www.juliannarae.com/blog/fridayvibes-the-joys-of-motherhood,https://web.archive.org/web/20210510040929/https://www.juliannarae.com/blog/fridayvibes-the-joys-of-motherhood
df14458b7dc36ad0,juliannarae.com,inc.com_api_i5list,ecommerce_retail,Don&#8217;t be LATE for your Valentine!,645,20210225050254,https://www.juliannarae.com/blog/dont-be-late-for-your-valentine,https://web.archive.org/web/20210225050254/https://www.juliannarae.com/blog/dont-be-late-for-your-valentine
e4b4d7cce9ed4dc2,juliannarae.com,inc.com_api_i5list,ecommerce_retail,8 Summer Beach Reads to take you to your Happy Place,927,20210802192414,https://www.juliannarae.com/blog/8-summer-beach-reads-to-take-you-to-your-happy-place,https://web.archive.org/web/20210802192414/https://www.juliannarae.com/blog/8-summer-beach-reads-to-take-you-to-your-happy-place
2bcb0cd2019d4ec8,junipersquare.com,inc.com_api_i5list,fintech_insurance,Bakersfield to billions: Gelt Inc.’s Keith Wasserman gets results,2207,20220630134013,https://www.junipersquare.com/blog/keith-wasserman-gets-results,https://web.archive.org/web/20220630134013/https://www.junipersquare.com/blog/keith-wasserman-gets-results
b678c8d57a561b23,junipersquare.com,inc.com_api_i5list,fintech_insurance,So you want to raise capital from institutions…,1072,20220630123844,https://www.junipersquare.com/blog/so-you-want-to-raise-capital-from-institutions,https://web.archive.org/web/20220630123844/https://www.junipersquare.com/blog/so-you-want-to-raise-capital-from-institutions
f3e7ca60c843f765,junipersquare.com,inc.com_api_i5list,fintech_insurance,What the changing definition of “accredited investor” means for commercial real estate,1254,20220630135404,https://www.junipersquare.com/blog/what-the-changing-definition-of-accredited-investor-means-for-commercial-real-estate,https://web.archive.org/web/20220630135404/https://www.junipersquare.com/blog/what-the-changing-definition-of-accredited-investor-means-for-commercial-real-estate
dbe3440cfd6d59b8,kadenze.com,g2.com_wayback,edtech,10 Ableton Live Tutorials for Learning Music Production,887,20190507233504,https://blog.kadenze.com/creative-technology/10-ableton-live-tutorials-for-learning-music-production/,https://web.archive.org/web/20190507233504/https://blog.kadenze.com/creative-technology/10-ableton-live-tutorials-for-learning-music-production/
1df43a561eb79d02,kapitaldata.com,inc.com_api_i5list,services_other,5 Facts You Need To Know To Find Quality Candidates In 2022,650,20220630071538,https://www.kapitaldata.com/blog2/5-facts-you-need-to-know-to-find-quality-candidates-in-2022,https://web.archive.org/web/20220630071538/https://www.kapitaldata.com/blog2/5-facts-you-need-to-know-to-find-quality-candidates-in-2022
7bf580b4c4462c41,kapitaldata.com,inc.com_api_i5list,services_other,Retained v/s Contingent Recruitment - Which one should you choose?,816,20211207000924,https://www.kapitaldata.com/blog/retained-vs-contingent,https://web.archive.org/web/20211207000924/https://www.kapitaldata.com/blog/retained-vs-contingent
9bfd20428854d76f,kapitaldata.com,inc.com_api_i5list,services_other,Ticket to Freedom,1352,20191122031354,https://www.kapitaldata.com/blog/2016/07/09/ticket-to-freedom,https://web.archive.org/web/20191122031354/https://www.kapitaldata.com/blog/2016/07/09/ticket-to-freedom
f10d5675d8c649f0,kapitaldata.com,inc.com_api_i5list,services_other,How To Ask For A Raise,688,20220809082802,https://www.kapitaldata.com/blog/how-to-ask-for-a-raise,https://web.archive.org/web/20220809082802/https://www.kapitaldata.com/blog/how-to-ask-for-a-raise
1619c6132a0ff01d,kipsu.com,inc.com_api_i5list,software_saas,How system integrations are making life at the front desk easier | Kipsu,896,20220606130216,https://www.kipsu.com/blog/how-system-integrations-are-making-life-at-the-front-desk-easier-2,https://web.archive.org/web/20220606130216/https://www.kipsu.com/blog/how-system-integrations-are-making-life-at-the-front-desk-easier-2
1fb51257106b5ffd,kipsu.com,inc.com_api_i5list,software_saas,Unexpected Snowpocalypse? Make Sure Your Hotel is Prepared,616,20190721155524,https://kipsu.com/blog/unexpected-snowpocalypse-make-sure-your-hotel-is-prepared/,https://web.archive.org/web/20190721155524/https://kipsu.com/blog/unexpected-snowpocalypse-make-sure-your-hotel-is-prepared/
49d8ffda0dc5ebde,kipsu.com,inc.com_api_i5list,software_saas,5 Ways Kipsu Drives Hotel Efficiency | Kipsu,734,20210731154209,https://www.kipsu.com/blog/5-ways-kipsu-drives-hotel-efficiency,https://web.archive.org/web/20210731154209/https://www.kipsu.com/blog/5-ways-kipsu-drives-hotel-efficiency
4ecbb4e6362666f0,kipsu.com,inc.com_api_i5list,software_saas,A Deep Dive into the Paranormal Tourism Industry,1580,20191121192310,https://kipsu.com/blog/spooky-season/,https://web.archive.org/web/20191121192310/https://kipsu.com/blog/spooky-season/
562fe24e0f2a0a51,kipsu.com,inc.com_api_i5list,software_saas,“Bleisure”: Everything you need to know about the new travel trend | Kipsu,651,20220719000533,https://www.kipsu.com/blog/bleisure-everything-you-need-to-know-about-the-new-travel-trend,https://web.archive.org/web/20220719000533/https://www.kipsu.com/blog/bleisure-everything-you-need-to-know-about-the-new-travel-trend
6239d70546b79fd7,kipsu.com,inc.com_api_i5list,software_saas,How a pandemic world accelerated the growth of guest messaging | Kipsu,631,20220204192141,https://www.kipsu.com/blog/how-a-pandemic-world-accelerated-the-growth-of-guest-messaging,https://web.archive.org/web/20220204192141/https://www.kipsu.com/blog/how-a-pandemic-world-accelerated-the-growth-of-guest-messaging
664c5dd9e2fa7c6a,kipsu.com,inc.com_api_i5list,software_saas,How digital messaging can improve key metrics | Kipsu,660,20220703135921,https://www.kipsu.com/blog/how-digital-messaging-can-improve-key-metrics,https://web.archive.org/web/20220703135921/https://www.kipsu.com/blog/how-digital-messaging-can-improve-key-metrics
9896058aac9c64f8,kipsu.com,inc.com_api_i5list,software_saas,5 Use Cases for Messaging That Are More Important Than Ever | Kipsu,714,20210902030521,https://www.kipsu.com/blog/5-use-cases-for-messaging-that-are-more-important-than-ever,https://web.archive.org/web/20210902030521/https://www.kipsu.com/blog/5-use-cases-for-messaging-that-are-more-important-than-ever
a689d33093eb7d2c,kipsu.com,inc.com_api_i5list,software_saas,10 Tips to Improving Hotel Customer Service,1200,20190920204833,https://www.kipsu.com/blog/10-tips-to-improving-hotel-customer-service/,https://web.archive.org/web/20190920204833/https://www.kipsu.com/blog/10-tips-to-improving-hotel-customer-service/
bf182797e4be5b5c,kipsu.com,inc.com_api_i5list,software_saas,"Digital Messaging Erupted for Hotels During the Pandemic, and is Here to Stay | Kipsu",690,20210927152552,https://www.kipsu.com/blog/digital-messaging-is-here-to-stay,https://web.archive.org/web/20210927152552/https://www.kipsu.com/blog/digital-messaging-is-here-to-stay
c08b5446fdad9ed4,kipsu.com,inc.com_api_i5list,software_saas,10 Best Bot Blunders,1140,20190721154039,https://kipsu.com/blog/10-best-bot-blunders/,https://web.archive.org/web/20190721154039/https://kipsu.com/blog/10-best-bot-blunders/
dad2e33b1b894210,kipsu.com,inc.com_api_i5list,software_saas,Merry Christmas and Happy Hospitalidays!,1168,20200805170723,https://kipsu.com/blog/merry-christmas-and-happy-hospitalidays/,https://web.archive.org/web/20200805170723/https://kipsu.com/blog/merry-christmas-and-happy-hospitalidays/
f935b6c5124fa210,kipsu.com,inc.com_api_i5list,software_saas,HITEC Minneapolis Special: The Best Things To Do While You’re In Town,613,20190721151854,https://kipsu.com/blog/the-best-things-to-do-when-youre-in-town/,https://web.archive.org/web/20190721151854/https://kipsu.com/blog/the-best-things-to-do-when-youre-in-town/
ffb813b5e62948b3,kipsu.com,inc.com_api_i5list,software_saas,HITEC Minneapolis Special: The Ultimate Guide to Minneapolis Restaurants,944,20190820134810,https://www.kipsu.com/blog/the-ultimate-guide-to-minneapolis-restaurants/,https://web.archive.org/web/20190820134810/https://www.kipsu.com/blog/the-ultimate-guide-to-minneapolis-restaurants/
39cde645e0d66053,kitrum.com,inc.com_api_i5list,services_other,Create Custom CRM: How Much Money and Time Does It Take?,1816,20210228033134,https://kitrum.com/blog/create-custom-crm/,https://web.archive.org/web/20210228033134/https://kitrum.com/blog/create-custom-crm/
50b6f97dec38c94b,kitrum.com,inc.com_api_i5list,services_other,How to Find Senior Software Developers in 2022 - KITRUM,1881,20220117040509,https://kitrum.com/blog/how-to-find-senior-software-developers-in-2022/,https://web.archive.org/web/20220117040509/https://kitrum.com/blog/how-to-find-senior-software-developers-in-2022/
54ef1cc53652183d,kitrum.com,inc.com_api_i5list,services_other,How to Use Docker for Microservices,1209,20220629230754,https://kitrum.com/blog/how-to-use-docker-for-microservices/,https://web.archive.org/web/20220629230754/https://kitrum.com/blog/how-to-use-docker-for-microservices/
9af81dde4739a551,kitrum.com,inc.com_api_i5list,services_other,Do You Need DevOps? How to Know if Your Company or Product Requires DevOps,1878,20211027090049,https://kitrum.com/blog/do-you-need-devops-how-to-know-if-your-company-or-product-requires-devops/,https://web.archive.org/web/20211027090049/https://kitrum.com/blog/do-you-need-devops-how-to-know-if-your-company-or-product-requires-devops/
c12fa8e5fb35429e,kitrum.com,inc.com_api_i5list,services_other,"Difference Between MongoDB, MySQL, and PostgreSQL￼",1371,20220327175036,https://kitrum.com/blog/difference-between-mongodb-mysql-and-postgresql/,https://web.archive.org/web/20220327175036/https://kitrum.com/blog/difference-between-mongodb-mysql-and-postgresql/
ef8071196f628a88,kitrum.com,inc.com_api_i5list,services_other,Artificial iIntelligence and Machine Learning in The Financial Sector,636,20191211132456,https://kitrum.com/blog/ai-and-ml-in-financial-sector/,https://web.archive.org/web/20191211132456/https://kitrum.com/blog/ai-and-ml-in-financial-sector/
fafbb46c4a254f6e,kitrum.com,inc.com_api_i5list,services_other,When Is it Time to Hire a Solutions Architect? - KITRUM,1378,20210920102835,https://kitrum.com/blog/when-is-it-time-to-hire-a-solutions-architect/,https://web.archive.org/web/20210920102835/https://kitrum.com/blog/when-is-it-time-to-hire-a-solutions-architect/
05b73396ef1a5c36,kopa.co,yc,ecommerce_retail,How We Use Notion As a Startup,1432,20200924102008,https://www.kopa.co/blog/posts/how-we-use-notion-as-a-startup,https://web.archive.org/web/20200924102008/https://www.kopa.co/blog/posts/how-we-use-notion-as-a-startup
0e60edd28568515b,kopa.co,yc,ecommerce_retail,15 Things to Know Before Moving to Houston,1252,20200922194642,https://www.kopa.co/blog/posts/15-things-to-know-before-moving-to-houston,https://web.archive.org/web/20200922194642/https://www.kopa.co/blog/posts/15-things-to-know-before-moving-to-houston
3ac8fc54ab5c67b5,kopa.co,yc,ecommerce_retail,17 Things to Know Before Moving to Boston,1181,20200923213155,https://www.kopa.co/blog/posts/17-things-to-know-before-moving-to-boston,https://web.archive.org/web/20200923213155/https://www.kopa.co/blog/posts/17-things-to-know-before-moving-to-boston
435b577868d3f9f1,kopa.co,yc,ecommerce_retail,How do you find a roommate?,1181,20200923221747,https://www.kopa.co/blog/posts/how-do-you-find-a-roommate,https://web.archive.org/web/20200923221747/https://www.kopa.co/blog/posts/how-do-you-find-a-roommate
4e75a657dfcd8dc6,kopa.co,yc,ecommerce_retail,13 Things to Know Before Moving to San Francisco,1453,20200919212022,https://www.kopa.co/blog/posts/13-things-to-know-before-moving-to-san-francisco,https://web.archive.org/web/20200919212022/https://www.kopa.co/blog/posts/13-things-to-know-before-moving-to-san-francisco
61e595f6f2b67cde,kopa.co,yc,ecommerce_retail,12 Things to Know Before Moving to Denver,1296,20200812005721,https://www.kopa.co/blog/posts/12-things-to-know-before-moving-to-denver,https://web.archive.org/web/20200812005721/https://www.kopa.co/blog/posts/12-things-to-know-before-moving-to-denver
6885c318be261a44,kopa.co,yc,ecommerce_retail,"The Difference Between Studio, Efficiency, and 1-Bedroom Apartments",1083,20200806155622,https://www.kopa.co/blog/posts/the-difference-between-studio-efficiency-and-1-bedroom-apartments,https://web.archive.org/web/20200806155622/https://www.kopa.co/blog/posts/the-difference-between-studio-efficiency-and-1-bedroom-apartments
6dea09bb2c59368e,kopa.co,yc,ecommerce_retail,12 Things to Know Before You Move to Brooklyn,1352,20200923224821,https://www.kopa.co/blog/posts/12-things-to-know-before-you-move-to-brooklyn,https://web.archive.org/web/20200923224821/https://www.kopa.co/blog/posts/12-things-to-know-before-you-move-to-brooklyn
92cb8d3f5ce913a6,kopa.co,yc,ecommerce_retail,How to Avoid Renting to Squatters,974,20200923224900,https://www.kopa.co/blog/posts/how-to-avoid-renting-to-squatters,https://web.archive.org/web/20200923224900/https://www.kopa.co/blog/posts/how-to-avoid-renting-to-squatters
c01c50a9bb01b6f6,kopa.co,yc,ecommerce_retail,The Difference Between Short-Term Leases and Mid-Term Leases,1008,20200923223805,https://www.kopa.co/blog/posts/the-difference-between-short-term-leases-and-mid-term-leases,https://web.archive.org/web/20200923223805/https://www.kopa.co/blog/posts/the-difference-between-short-term-leases-and-mid-term-leases
ca875dcdb68d7ad0,kopa.co,yc,ecommerce_retail,Top 3 Important Steps for Picking the Best Tenants for Your Rentals,1128,20200812102254,https://kopa.co/blog/posts/top-3-important-steps-for-picking-the-best-tenants-for-your-rentals,https://web.archive.org/web/20200812102254/https://kopa.co/blog/posts/top-3-important-steps-for-picking-the-best-tenants-for-your-rentals
d54f2c929d42a3ac,kopa.co,yc,ecommerce_retail,Kopa Blog Latest Posts,746,20200806151525,https://www.kopa.co/blog/latest-posts,https://web.archive.org/web/20200806151525/https://www.kopa.co/blog/latest-posts
d56e7ee3fa968971,kopa.co,yc,ecommerce_retail,13 Things to Know Before Moving to Austin,1352,20200923220317,https://www.kopa.co/blog/posts/13-things-to-know-before-moving-to-austin,https://web.archive.org/web/20200923220317/https://www.kopa.co/blog/posts/13-things-to-know-before-moving-to-austin
073013de50a7152a,languagenetworkusa.com,inc.com_api_i5list,services_other,Results of the 2020 U.S. Census Data and What it Means for City Officials,1042,20211029205405,https://www.languagenetworkusa.com/blog/results-of-the-2020-u.s.-census-data-and-what-it-means-for-city-officials,https://web.archive.org/web/20211029205405/https://www.languagenetworkusa.com/blog/results-of-the-2020-u.s.-census-data-and-what-it-means-for-city-officials
1486448c94f2586d,languagenetworkusa.com,inc.com_api_i5list,services_other,Language Access Plans (LAP) and City Governments,614,20221005081839,https://www.languagenetworkusa.com/blog/language-access-plans-and-city-governments,https://web.archive.org/web/20221005081839/https://www.languagenetworkusa.com/blog/language-access-plans-and-city-governments
164a0f3cd575677c,languagenetworkusa.com,inc.com_api_i5list,services_other,A Guide to Translation and Interpreting in Education,771,20210421183213,https://www.languagenetworkusa.com/blog/a-guide-to-translation-and-interpreting-in-education,https://web.archive.org/web/20210421183213/https://www.languagenetworkusa.com/blog/a-guide-to-translation-and-interpreting-in-education
2e74028d1101fe26,languagenetworkusa.com,inc.com_api_i5list,services_other,America's Growing Diversity,1980,20200809045911,https://www.languagenetworkusa.com/blog/americas-growing-diversity,https://web.archive.org/web/20200809045911/https://www.languagenetworkusa.com/blog/americas-growing-diversity
3e53fde9897bc47a,languagenetworkusa.com,inc.com_api_i5list,services_other,6 Best Practices for Video Remote Interpreters,1071,20200809053842,https://www.languagenetworkusa.com/blog/6-best-practices-for-video-remote-interpreters,https://web.archive.org/web/20200809053842/https://www.languagenetworkusa.com/blog/6-best-practices-for-video-remote-interpreters
5b2bab10024a99c2,languagenetworkusa.com,inc.com_api_i5list,services_other,The History of California's Population Diversity,1619,20190722083310,https://www.languagenetworkusa.com/blog/the-history-of-californias-population-diversity,https://web.archive.org/web/20190722083310/https://www.languagenetworkusa.com/blog/the-history-of-californias-population-diversity
79fb6165250c3cdd,languagenetworkusa.com,inc.com_api_i5list,services_other,Understanding Localization and Globalization in Marketing,1070,20221005091627,https://www.languagenetworkusa.com/blog/understanding-localization-and-globalization-in-marketing,https://web.archive.org/web/20221005091627/https://www.languagenetworkusa.com/blog/understanding-localization-and-globalization-in-marketing
7b26f7fb56d26495,languagenetworkusa.com,inc.com_api_i5list,services_other,American Sign Language Interpreting During the Age of COVID-19,2239,20201030183228,https://www.languagenetworkusa.com/blog/american-sign-language-interpreting-during-the-age-of-covid-19,https://web.archive.org/web/20201030183228/https://www.languagenetworkusa.com/blog/american-sign-language-interpreting-during-the-age-of-covid-19
a1182f1a5e6dc591,languagenetworkusa.com,inc.com_api_i5list,services_other,Brief History of Translation: Everything You Need to Know,972,20210930230616,https://www.languagenetworkusa.com/blog/brief-history-of-translation-everything-you-need-to-know,https://web.archive.org/web/20210930230616/https://www.languagenetworkusa.com/blog/brief-history-of-translation-everything-you-need-to-know
a6bfeee3b035909f,languagenetworkusa.com,inc.com_api_i5list,services_other,The History of Language in Washington State,2429,20191122083115,https://www.languagenetworkusa.com/blog/the-history-of-language-in-washington-state,https://web.archive.org/web/20191122083115/https://www.languagenetworkusa.com/blog/the-history-of-language-in-washington-state
c95aadbac4f3a498,languagenetworkusa.com,inc.com_api_i5list,services_other,Language Support in Human Resources,967,20210311191834,https://www.languagenetworkusa.com/blog/language-support-in-human-resources,https://web.archive.org/web/20210311191834/https://www.languagenetworkusa.com/blog/language-support-in-human-resources
cb3f5985cba811ef,languagenetworkusa.com,inc.com_api_i5list,services_other,"The Role of Classroom Interpreters, and How to Select the Right One",1001,20190826030922,https://www.languagenetworkusa.com/blog/the-role-of-classroom-interpreters-and-how-to-select-the-right-one,https://web.archive.org/web/20190826030922/https://www.languagenetworkusa.com/blog/the-role-of-classroom-interpreters-and-how-to-select-the-right-one
63333c7508be4869,launchdarkly.com,g2.com_wayback,devtools,Feature Flag-Driven Releases,839,20190724084019,https://launchdarkly.com/blog/feature-flag-driven-releases/,https://web.archive.org/web/20190724084019/https://launchdarkly.com/blog/feature-flag-driven-releases/
a7cf6fbd3d223aab,launchdarkly.com,g2.com_wayback,devtools,All the Pretty Ponies,1051,20190825221810,https://launchdarkly.com/blog/all-the-pretty-ponies/,https://web.archive.org/web/20190825221810/https://launchdarkly.com/blog/all-the-pretty-ponies/
e05dcd75b00fc0c8,launchdarkly.com,g2.com_wayback,devtools,Great GameDays: Thinking About Failure Holistically,1849,20180727173136,https://launchdarkly.com/blog/great-gamedays-thinking-about-failure-holistically/,https://web.archive.org/web/20180727173136/https://launchdarkly.com/blog/great-gamedays-thinking-about-failure-holistically/
f9fcafaec92c2477,launchdarkly.com,g2.com_wayback,devtools,Feature Flags (Toggles) in DevOps: How These Concepts Relate,1637,20201230185214,https://launchdarkly.com/blog/feature-flags-toggles-in-devops-how-these-concepts-relate/,https://web.archive.org/web/20201230185214/https://launchdarkly.com/blog/feature-flags-toggles-in-devops-how-these-concepts-relate/
347f51feb9eb1e55,leadspace.com,inc.com_api_i5list,software_saas,"Martech Interview with Amnon Mishor, Founder and CTO, Leadspace",1843,20220808070206,https://www.leadspace.com/blog/martech-interview-with-amnon-mishor-founder-and-cto-leadspace/,https://web.archive.org/web/20220808070206/https://www.leadspace.com/blog/martech-interview-with-amnon-mishor-founder-and-cto-leadspace/
3aa44880bbc33fd7,leadspace.com,inc.com_api_i5list,software_saas,7 Best Practices for Effective Data Management in 2019,1507,20220117105048,https://www.leadspace.com/blog/best-practices-for-effective-data-management/,https://web.archive.org/web/20220117105048/https://www.leadspace.com/blog/best-practices-for-effective-data-management/
45c8f92a3ab7adf6,leadspace.com,inc.com_api_i5list,software_saas,Top 25 Inside Sales and Sales Enablement Blogs,656,20130622213253,http://www.leadspace.com:80/blog/post/top-25-inside-sales-and-sales-enablement-blogs,https://web.archive.org/web/20130622213253/http://www.leadspace.com:80/blog/post/top-25-inside-sales-and-sales-enablement-blogs
749bacfab7e3ceef,leadspace.com,inc.com_api_i5list,software_saas,Why Social Selling Should Be Part of Your 2014 Marketing Plan,814,20130813153620,http://www.leadspace.com/blog/post/why-social-selling-should-be-part-your-2014-marketing-plan,https://web.archive.org/web/20130813153620/http://www.leadspace.com/blog/post/why-social-selling-should-be-part-your-2014-marketing-plan
ef3e72f6e1bbc188,leadspace.com,inc.com_api_i5list,software_saas,Optimizing Account Hierarchy with Leadspace’s Lead-to-Account Matching Maximizes Sales & Marketing Efficiency,1098,20220528043903,https://www.leadspace.com/blog/optimizing-account-hierarchy-with-leadspaces-lead-to-account-matching-maximizes-sales-marketing-efficiency/,https://web.archive.org/web/20220528043903/https://www.leadspace.com/blog/optimizing-account-hierarchy-with-leadspaces-lead-to-account-matching-maximizes-sales-marketing-efficiency/
04d23439be50582f,legionfarm.com,yc,ecommerce_retail,Destiny 2 Gambit Prime - how to play?,971,20210518135739,https://legionfarm.com/blog/destiny-2-gambit-prime-how-to-play,https://web.archive.org/web/20210518135739/https://legionfarm.com/blog/destiny-2-gambit-prime-how-to-play
080ecba42b4c8358,legionfarm.com,yc,ecommerce_retail,The Dawning 2020 Full Guide,1363,20210124162254,https://legionfarm.com/blog/the-dawning-2020-full-guide,https://web.archive.org/web/20210124162254/https://legionfarm.com/blog/the-dawning-2020-full-guide
094146c986a61edd,legionfarm.com,yc,ecommerce_retail,Top 5 Apex Legends Loadouts from LegionFarm Pro Players,656,20210623215036,https://legionfarm.com/blog/top-5-apex-legends-loadouts-from-legionfarm-pro-players,https://web.archive.org/web/20210623215036/https://legionfarm.com/blog/top-5-apex-legends-loadouts-from-legionfarm-pro-players
0f3de5caacadd82e,legionfarm.com,yc,ecommerce_retail,Best Shadowlands Season 1 Meta Composition and Pro Tips on Dungeons,1104,20210226042422,https://legionfarm.com/blog/best-shadowlands-season-1-meta-composition-and-pro-tips-on-dungeons,https://web.archive.org/web/20210226042422/https://legionfarm.com/blog/best-shadowlands-season-1-meta-composition-and-pro-tips-on-dungeons
20956483ce384a63,legionfarm.com,yc,ecommerce_retail,The Grand Review of Apex Legends’ Ranked Arenas,1035,20220928024156,https://legionfarm.com/blog/the-grand-review-of-apex-legends-ranked-arenas,https://web.archive.org/web/20220928024156/https://legionfarm.com/blog/the-grand-review-of-apex-legends-ranked-arenas
22c1491ad2c56f13,legionfarm.com,yc,ecommerce_retail,Legionfarm’s Overview of Fan Made Stat Trackers for Apex Legends,1023,20210416200036,https://legionfarm.com/blog/legionfarm-s-overview-of-fan-made-stat-trackers-for-apex-legends,https://web.archive.org/web/20210416200036/https://legionfarm.com/blog/legionfarm-s-overview-of-fan-made-stat-trackers-for-apex-legends
3a31a2be51500525,legionfarm.com,yc,ecommerce_retail,Our First Impressions and 5 Things You Need to Know About Season of the Chosen,1337,20210226042449,https://legionfarm.com/blog/our-first-impressions-and-5-things-you-need-to-know-about-season-of-the-chosen,https://web.archive.org/web/20210226042449/https://legionfarm.com/blog/our-first-impressions-and-5-things-you-need-to-know-about-season-of-the-chosen
3aeec724553fe47f,legionfarm.com,yc,ecommerce_retail,"Leaks, Updates, and Other Things You Need to Know About Apex Season 8",1138,20210226032527,https://legionfarm.com/blog/leaks-updates-and-other-things-you-need-to-know-about-apex-season-8,https://web.archive.org/web/20210226032527/https://legionfarm.com/blog/leaks-updates-and-other-things-you-need-to-know-about-apex-season-8
3ddc7609bfaad479,legionfarm.com,yc,ecommerce_retail,Best Cold War Loadouts for All Weapon Classes,1051,20210124163451,https://legionfarm.com/blog/best-cold-war-loadouts-for-all-weapon-classes,https://web.archive.org/web/20210124163451/https://legionfarm.com/blog/best-cold-war-loadouts-for-all-weapon-classes
558af42bc2d707eb,legionfarm.com,yc,ecommerce_retail,What Are These Blueprints For in CoD?,676,20220928032815,https://legionfarm.com/blog/what-are-these-blueprints-for-in-cod,https://web.archive.org/web/20220928032815/https://legionfarm.com/blog/what-are-these-blueprints-for-in-cod
5a83b742068e3dd5,legionfarm.com,yc,ecommerce_retail,Is Royal Entry the New Meta?,936,20210416211938,https://legionfarm.com/blog/is-royal-entry-the-new-meta,https://web.archive.org/web/20210416211938/https://legionfarm.com/blog/is-royal-entry-the-new-meta
6e5289fb2fe875f8,legionfarm.com,yc,ecommerce_retail,You wanna be on top? Best Apex streamers reveal their secrets,1106,20210119184340,https://legionfarm.com/blog/you-wanna-be-on-top-best-apex-streamers-reveal-their-secrets,https://web.archive.org/web/20210119184340/https://legionfarm.com/blog/you-wanna-be-on-top-best-apex-streamers-reveal-their-secrets
92553fdc1b4de321,legionfarm.com,yc,ecommerce_retail,Our First Look At Call of Duty’s Season 2,1131,20210518144619,https://legionfarm.com/blog/our-first-look-at-call-of-duty-s-season-2,https://web.archive.org/web/20210518144619/https://legionfarm.com/blog/our-first-look-at-call-of-duty-s-season-2
96ba7aef343463f4,legionfarm.com,yc,ecommerce_retail,Top Warzone Settings Tips for XboX S | X | One,957,20220928031428,https://legionfarm.com/blog/top-warzone-settings-tips-for-xbox-s-x-one,https://web.archive.org/web/20220928031428/https://legionfarm.com/blog/top-warzone-settings-tips-for-xbox-s-x-one
9bae171afb7bf3d0,legionfarm.com,yc,ecommerce_retail,Apex Legends Tournaments Overview,1473,20220928034745,https://legionfarm.com/blog/apex-legends-tournaments-overview,https://web.archive.org/web/20220928034745/https://legionfarm.com/blog/apex-legends-tournaments-overview
b777ea1b6e701c4a,legionfarm.com,yc,ecommerce_retail,The Complete Overview of Apex Legends Weapons,1002,20220928031102,https://legionfarm.com/blog/the-complete-overview-of-apex-legends-weapons,https://web.archive.org/web/20220928031102/https://legionfarm.com/blog/the-complete-overview-of-apex-legends-weapons
bca10b90853a425e,legionfarm.com,yc,ecommerce_retail,King Slayer Mode Guide: Get These Kills with Ease,961,20210416191531,https://legionfarm.com/blog/king-slayer-mode-guide-get-these-kills-with-ease,https://web.archive.org/web/20210416191531/https://legionfarm.com/blog/king-slayer-mode-guide-get-these-kills-with-ease
e31615204e64bb23,legionfarm.com,yc,ecommerce_retail,Understanding CoD’s New League Mode,1195,20210226031009,https://legionfarm.com/blog/understanding-cod-s-new-league-mode,https://web.archive.org/web/20210226031009/https://legionfarm.com/blog/understanding-cod-s-new-league-mode
e455ccdf8c406381,legionfarm.com,yc,ecommerce_retail,LegionFarm Weekly Game News #1,665,20210618061946,https://legionfarm.com/blog/legionfarm-weekly-game-news-1,https://web.archive.org/web/20210618061946/https://legionfarm.com/blog/legionfarm-weekly-game-news-1
eac1b198d189e36a,legionfarm.com,yc,ecommerce_retail,14 Best AR Builds In Warzone,882,20210623203744,https://legionfarm.com/blog/14-best-ar-builds-in-warzone,https://web.archive.org/web/20210623203744/https://legionfarm.com/blog/14-best-ar-builds-in-warzone
12d022051a46c22c,lendingworks.co.uk,ft1000_wayback:20210331132419,fintech_insurance,The Innovative Finance ISA debt vs equity conundrum,788,20151208082500,http://www.lendingworks.co.uk:80/blog-post/innovative-finance-isa-debt-vs-equity-conundrum,https://web.archive.org/web/20151208082500/http://www.lendingworks.co.uk:80/blog-post/innovative-finance-isa-debt-vs-equity-conundrum
156b3c7885679f12,lendingworks.co.uk,ft1000_wayback:20210331132419,fintech_insurance,Brexit - What does it mean for Peer To Peer Lending? | Lending Works,1592,20190723213308,https://www.lendingworks.co.uk/blog/finance/brexit-what-it-means-for-peer-to-peer-lending,https://web.archive.org/web/20190723213308/https://www.lendingworks.co.uk/blog/finance/brexit-what-it-means-for-peer-to-peer-lending
19b61b9e38f1a617,lendingworks.co.uk,ft1000_wayback:20210331132419,fintech_insurance,The dangers facing the current financial system | Lending Works,1407,20190820210902,https://www.lendingworks.co.uk/blog/finance/dangers-facing-current-financial-system,https://web.archive.org/web/20190820210902/https://www.lendingworks.co.uk/blog/finance/dangers-facing-current-financial-system
2ac6051c3e316b3d,lendingworks.co.uk,ft1000_wayback:20210331132419,fintech_insurance,Are personal loans better than secured loans? | Lending Works,1560,20190722005146,https://www.lendingworks.co.uk/blog/finance/are-personal-loans-better-secured-loans,https://web.archive.org/web/20190722005146/https://www.lendingworks.co.uk/blog/finance/are-personal-loans-better-secured-loans
325d7e4f2799c0f0,lendingworks.co.uk,ft1000_wayback:20210331132419,fintech_insurance,What are the risks involved with P2P lending?,1036,20140719165947,http://www.lendingworks.co.uk/blog-post/what-are-risks-involved-p2p-lending,https://web.archive.org/web/20140719165947/http://www.lendingworks.co.uk/blog-post/what-are-risks-involved-p2p-lending
6e145f7119781ccb,lendingworks.co.uk,ft1000_wayback:20210331132419,fintech_insurance,The ultimate guide to your first P2P investment | Lending Works,2048,20190722003419,https://www.lendingworks.co.uk/blog/peer-to-peer/ultimate-guide-your-first-p2p-investment,https://web.archive.org/web/20190722003419/https://www.lendingworks.co.uk/blog/peer-to-peer/ultimate-guide-your-first-p2p-investment
94c5a312e956a676,lendingworks.co.uk,ft1000_wayback:20210331132419,fintech_insurance,3 handy tips when saving for your first home,812,20150609030239,http://www.lendingworks.co.uk:80/blog-post/3-handy-tips-when-saving-your-first-home,https://web.archive.org/web/20150609030239/http://www.lendingworks.co.uk:80/blog-post/3-handy-tips-when-saving-your-first-home
fa6c016f93bd350b,lendingworks.co.uk,ft1000_wayback:20210331132419,fintech_insurance,Quick guide to the Personal Savings Allowance | Lending Works,912,20170929054407,https://www.lendingworks.co.uk/blog-post/quick-guide-personal-savings-allowance,https://web.archive.org/web/20170929054407/https://www.lendingworks.co.uk/blog-post/quick-guide-personal-savings-allowance
c9013521de677154,lendup.com,yc,fintech_insurance,"Tyra Fennell on Art, Community and Economic Activation",1087,20180528133545,http://www.lendup.com:80/blog/lendup-talks-tyra-fennell.html,https://web.archive.org/web/20180528133545/http://www.lendup.com:80/blog/lendup-talks-tyra-fennell.html
eb8cd7d39c7f06ba,lendup.com,yc,fintech_insurance,Protecting Yourself From Identity Fraud | LendUp Blog,816,20190719171019,https://www.lendup.com/blog/protecting-against-identity-fraud.html.html,https://web.archive.org/web/20190719171019/https://www.lendup.com/blog/protecting-against-identity-fraud.html.html
b9f2619178526d28,letstalkinteractive.com,g2.com_wayback,health,World Mental Health Day - How Virtual Care Benefits Behavioral Health,876,20221010112256,https://letstalkinteractive.com/blog/world-mental-health-day-how-virtual-care-benefits-behavioral-health,https://web.archive.org/web/20221010112256/https://letstalkinteractive.com/blog/world-mental-health-day-how-virtual-care-benefits-behavioral-health
bd54e817d3610f33,letstalkinteractive.com,g2.com_wayback,health,Why the Emergency Supplemental Appropriations Bill is Needed During…,675,20200926062238,https://letstalkinteractive.com/blog/why-the-emergency-supplemental-appropriations-bill-is-needed-during-the-coronavirus-epidemic,https://web.archive.org/web/20200926062238/https://letstalkinteractive.com/blog/why-the-emergency-supplemental-appropriations-bill-is-needed-during-the-coronavirus-epidemic
ff115bf705dac828,letstalkinteractive.com,g2.com_wayback,health,How To Grow Your Practice With Telehealth,732,20210405172043,https://letstalkinteractive.com/blog/how-to-grow-your-practice-with-telehealth,https://web.archive.org/web/20210405172043/https://letstalkinteractive.com/blog/how-to-grow-your-practice-with-telehealth
04e02d797505ce2e,letterdrop.com,yc,software_saas,Low-Quality Content and It’s Impact on SEO,1550,20220124172135,https://letterdrop.com/blog/p/low-quality-content,https://web.archive.org/web/20220124172135/https://letterdrop.com/blog/p/low-quality-content
085ff3f1e64cda04,letterdrop.com,yc,software_saas,So you want to run a paid newsletter?,1562,20220117214006,https://letterdrop.com/blog/p/so-you-want-to-run-a-paid-newsletter,https://web.archive.org/web/20220117214006/https://letterdrop.com/blog/p/so-you-want-to-run-a-paid-newsletter
1125befc1bab66ed,letterdrop.com,yc,software_saas,How to Schedule Posts on LinkedIn,1115,20220902160058,https://letterdrop.com/blog/p/how-to-schedule-posts-on-linkedin,https://web.archive.org/web/20220902160058/https://letterdrop.com/blog/p/how-to-schedule-posts-on-linkedin
356f5fa73094462d,letterdrop.com,yc,software_saas,A Guide to Identifying Your Content Marketing Goals,1588,20211103174120,https://letterdrop.com/blog/p/content-marketing-goals,https://web.archive.org/web/20211103174120/https://letterdrop.com/blog/p/content-marketing-goals
4d39d40354cc0d11,letterdrop.com,yc,software_saas,Write a High-Performing Blog Post With Content Outlines,1361,20210920144124,https://letterdrop.com/blog/p/content-outline,https://web.archive.org/web/20210920144124/https://letterdrop.com/blog/p/content-outline
620b54c8a0d2abcb,letterdrop.com,yc,software_saas,A Guide to Writing Email Newsletters for Startups,905,20220117224733,https://letterdrop.com/blog/p/a-guide-to-writing-email-newsletters-for-startups,https://web.archive.org/web/20220117224733/https://letterdrop.com/blog/p/a-guide-to-writing-email-newsletters-for-startups
78039ca7b19b4537,letterdrop.com,yc,software_saas,Everything You Need to Know About Content Pillars,1328,20210909193519,https://blog.letterdrop.com/p/everything-you-need-to-know-about-content-pillars--a-guide,https://web.archive.org/web/20210909193519/https://blog.letterdrop.com/p/everything-you-need-to-know-about-content-pillars--a-guide
8326b58a848f082f,letterdrop.com,yc,software_saas,How to Build Backlinks: 8 Tactics to Get More Traffic to Your Site,1516,20220420150910,https://letterdrop.com/blog/p/how-to-build-backlinks,https://web.archive.org/web/20220420150910/https://letterdrop.com/blog/p/how-to-build-backlinks
8f04fe29ac3c2e27,letterdrop.com,yc,software_saas,How to Create a Writing Style Guide for Your Company,1758,20211026094509,https://letterdrop.com/blog/p/writing-style-guide,https://web.archive.org/web/20211026094509/https://letterdrop.com/blog/p/writing-style-guide
a7ec791dacce902d,letterdrop.com,yc,software_saas,Want to start a newsletter? Read this! | A Guide to Content Marketing from Letterdrop,2480,20210925101607,https://blog.letterdrop.com/blog/p/want-to-start-a-newsletter-read-this,https://web.archive.org/web/20210925101607/https://blog.letterdrop.com/blog/p/want-to-start-a-newsletter-read-this
aba8935a471527aa,letterdrop.com,yc,software_saas,Top 8 Blog Post Templates to Fuel Your Writing Process | A Guide to Content Marketing from Letterdrop,1886,20210929061042,https://letterdrop.com/blog/p/top-8-blog-post-templates-to-fuel-your-writing-process,https://web.archive.org/web/20210929061042/https://letterdrop.com/blog/p/top-8-blog-post-templates-to-fuel-your-writing-process
ca8bdce513fb7515,letterdrop.com,yc,software_saas,Finding sponsors for your newsletter: an ultimate guide,900,20220117231607,https://letterdrop.com/blog/p/finding-sponsors-for-your-newsletter,https://web.archive.org/web/20220117231607/https://letterdrop.com/blog/p/finding-sponsors-for-your-newsletter
df2d6e3c855882aa,letterdrop.com,yc,software_saas,How to start a Paid Newsletter Business,1957,20220117222117,https://letterdrop.com/blog/p/how-to-start-a-paid-newsletter-business,https://web.archive.org/web/20220117222117/https://letterdrop.com/blog/p/how-to-start-a-paid-newsletter-business
258c8821a5c039a0,liquidweb.com,inc.com_api_i5list,services_other,CapEx vs OpEx in Cloud Computing,1252,20220209195859,https://www.liquidweb.com/blog/capex-vs-opex-cloud/,https://web.archive.org/web/20220209195859/https://www.liquidweb.com/blog/capex-vs-opex-cloud/
2e1aff304ab2823d,liquidweb.com,inc.com_api_i5list,services_other,Avoid A Disastrous Website Migration With These Tips | Liquid Web,1140,20190820001323,https://www.liquidweb.com/blog/avoid-a-disastrous-website-migration-with-these-tips/,https://web.archive.org/web/20190820001323/https://www.liquidweb.com/blog/avoid-a-disastrous-website-migration-with-these-tips/
6da521597bb9fd01,liquidweb.com,inc.com_api_i5list,services_other,What is Bring Your Own Device and How to Create Your BYOD Policy Today,1464,20210628030304,https://www.liquidweb.com/blog/bring-your-own-device/,https://web.archive.org/web/20210628030304/https://www.liquidweb.com/blog/bring-your-own-device/
6f97ee797ca00e3e,liquidweb.com,inc.com_api_i5list,services_other,3 Proven Factors You Need to Consider for Your Next WordPress Theme,1129,20190818082707,https://www.liquidweb.com/blog/3-proven-factors-need-consider-next-wordpress-theme/,https://web.archive.org/web/20190818082707/https://www.liquidweb.com/blog/3-proven-factors-need-consider-next-wordpress-theme/
7928b228a388d463,liquidweb.com,inc.com_api_i5list,services_other,Automations for WooCommerce Stores | Liquid Web,2444,20190723034711,https://www.liquidweb.com/blog/automations-for-woocommerce-stores/,https://web.archive.org/web/20190723034711/https://www.liquidweb.com/blog/automations-for-woocommerce-stores/
8737929af55a05ce,liquidweb.com,inc.com_api_i5list,services_other,5 Tips on Improving Your Online Store to Increase Conversion Rates | Liquid Web,714,20190716005803,https://www.liquidweb.com/blog/5-tips-improve-online-store-increase-conversion-rate/,https://web.archive.org/web/20190716005803/https://www.liquidweb.com/blog/5-tips-improve-online-store-increase-conversion-rate/
ae33df5fba38522c,liquidweb.com,inc.com_api_i5list,services_other,Building a WordPress Agency Into a Media Brand,1118,20190916073541,https://www.liquidweb.com/blog/build-agency-into-media-brand/,https://web.archive.org/web/20190916073541/https://www.liquidweb.com/blog/build-agency-into-media-brand/
b39ca64b8173491d,liquidweb.com,inc.com_api_i5list,services_other,Business Continuity During A Pandemic,1815,20210508083042,https://www.liquidweb.com/blog/business-continuity-plan-for-pandemic/,https://web.archive.org/web/20210508083042/https://www.liquidweb.com/blog/business-continuity-plan-for-pandemic/
b3aa6a9e4e60a9e7,liquidweb.com,inc.com_api_i5list,services_other,The Top Four Data Challenges CIOs Face Today,1152,20191114082915,https://www.liquidweb.com/blog/business-data-challenges/,https://web.archive.org/web/20191114082915/https://www.liquidweb.com/blog/business-data-challenges/
b4c0ad22539a1e30,liquidweb.com,inc.com_api_i5list,services_other,5 Ways Managed WooCommerce Hosting Increases Revenue and Makes You Profitable | Liquid Web,1188,20190720041051,https://www.liquidweb.com/blog/5-ways-managed-woocommerce-hosting-increases-revenue-and-makes-you-profitable/,https://web.archive.org/web/20190720041051/https://www.liquidweb.com/blog/5-ways-managed-woocommerce-hosting-increases-revenue-and-makes-you-profitable/
c2f1bf75b5aa4a6d,liquidweb.com,inc.com_api_i5list,services_other,3 Common Myths to Agency Growth and Scale | Liquid Web,888,20190818081940,https://www.liquidweb.com/blog/3-mythbusters-agency-growth-scale/,https://web.archive.org/web/20190818081940/https://www.liquidweb.com/blog/3-mythbusters-agency-growth-scale/
daba4b189d24f857,liquidweb.com,inc.com_api_i5list,services_other,Second Half of the Year Day,1116,20200812101645,https://www.liquidweb.com/blog/business-performance-metrics/,https://web.archive.org/web/20200812101645/https://www.liquidweb.com/blog/business-performance-metrics/
588ceccdd6326a2d,liquipel.com,inc.com_api_i5list,ecommerce_retail,How to Stay Healthy at Home During the COVID-19 Lockdown,633,20200813052322,https://blog.liquipel.com/2020/04/02/stay-healthy-home-during-covid-19-lockdown/,https://web.archive.org/web/20200813052322/https://blog.liquipel.com/2020/04/02/stay-healthy-home-during-covid-19-lockdown/
5b1c4ce1f2930072,liquipel.com,inc.com_api_i5list,ecommerce_retail,5 Reasons Why You Need to Book Your Next Trip ASAP - Liquipel Blog,651,20210228034642,https://blog.liquipel.com/2017/08/09/5-reasons-why-you-need-to-book-your-next-trip-asap/,https://web.archive.org/web/20210228034642/https://blog.liquipel.com/2017/08/09/5-reasons-why-you-need-to-book-your-next-trip-asap/
618f1bc9515407d3,liquipel.com,inc.com_api_i5list,ecommerce_retail,7 Expert Safety Tips for Solo Female Travelers - Liquipel Blog,811,20190822002423,https://blog.liquipel.com/2017/11/16/7-expert-safety-tips-for-solo-female-travelers/,https://web.archive.org/web/20190822002423/https://blog.liquipel.com/2017/11/16/7-expert-safety-tips-for-solo-female-travelers/
adca236fd49c7e29,liquipel.com,inc.com_api_i5list,ecommerce_retail,8 World Cuisines You Need to Try Right Now - Liquipel Blog,1187,20210228042758,https://blog.liquipel.com/2017/08/09/8-world-cuisines-you-need-to-try-right-now/,https://web.archive.org/web/20210228042758/https://blog.liquipel.com/2017/08/09/8-world-cuisines-you-need-to-try-right-now/
efe9758f5ba99cca,liquipel.com,inc.com_api_i5list,ecommerce_retail,4 Ways You're Killing Your Phone (Without Even Realizing It) - Liquipel Blog,656,20210228040234,https://blog.liquipel.com/2017/08/09/4-ways-you-break-your-phone-without-even-realizing-it/,https://web.archive.org/web/20210228040234/https://blog.liquipel.com/2017/08/09/4-ways-you-break-your-phone-without-even-realizing-it/
0cea0451e562a98c,listingspark.com,inc.com_api_i5list,services_other,7 Social Media Tricks to Increase Flip Profit and Home Equity - ListingSpark Blog,1090,20191209212910,https://www.listingspark.com/blog/social-media-tricks-to-increase-flip-profit/,https://web.archive.org/web/20191209212910/https://www.listingspark.com/blog/social-media-tricks-to-increase-flip-profit/
1815ee0b53d0e4d0,listingspark.com,inc.com_api_i5list,services_other,Opendoor Reviews: What you Need to Know in 2021 - ListingSpark,1412,20211203071035,https://www.listingspark.com/blog/opendoor-reviews-what-you-need-to-know-in-2021/,https://web.archive.org/web/20211203071035/https://www.listingspark.com/blog/opendoor-reviews-what-you-need-to-know-in-2021/
3a81fbaf2ee2913a,listingspark.com,inc.com_api_i5list,services_other,Should Home Sellers Accept FHA Offer? What you need to know. - ListingSpark,1587,20200922114226,https://www.listingspark.com/blog/should-home-sellers-accept-fha-offer-what-you-need-to-know/,https://web.archive.org/web/20200922114226/https://www.listingspark.com/blog/should-home-sellers-accept-fha-offer-what-you-need-to-know/
6333039286d04542,listingspark.com,inc.com_api_i5list,services_other,Get Your Home Ready to Sell in 2019 - ListingSpark,1553,20190717065724,https://www.listingspark.com/blog/get-your-home-ready-to-sell-in-2019/,https://web.archive.org/web/20190717065724/https://www.listingspark.com/blog/get-your-home-ready-to-sell-in-2019/
965469fa82f499d5,listingspark.com,inc.com_api_i5list,services_other,Should you sell your home with your Realtor friend? - ListingSpark,913,20191209220024,https://www.listingspark.com/blog/should-you-sell-your-home-with-your-realtor-friend/,https://web.archive.org/web/20191209220024/https://www.listingspark.com/blog/should-you-sell-your-home-with-your-realtor-friend/
997509989ace003d,listingspark.com,inc.com_api_i5list,services_other,The 5 most important factors when selling your home - ListingSpark Blog,1205,20190923114958,https://www.listingspark.com/blog/the-5-most-important-factors-when-selling-your-home/,https://web.archive.org/web/20190923114958/https://www.listingspark.com/blog/the-5-most-important-factors-when-selling-your-home/
a850328a6df9e43a,listingspark.com,inc.com_api_i5list,services_other,"Top Discount Realtors in San Antonio, TX - ListingSpark",2715,20211203071752,https://www.listingspark.com/blog/top-discount-realtors-in-san-antonio-tx/,https://web.archive.org/web/20211203071752/https://www.listingspark.com/blog/top-discount-realtors-in-san-antonio-tx/
b9e29bb5e210a42b,listingspark.com,inc.com_api_i5list,services_other,DIY Projects that Will Help You Sell For More - ListingSpark,1228,20211026155252,https://www.listingspark.com/blog/diy-projects-that-will-help-you-sell-for-more/,https://web.archive.org/web/20211026155252/https://www.listingspark.com/blog/diy-projects-that-will-help-you-sell-for-more/
e508ff21755155c8,listingspark.com,inc.com_api_i5list,services_other,December Real Estate Market Update - ListingSpark,901,20210121080351,https://www.listingspark.com/blog/december-real-estate-market-update/,https://web.archive.org/web/20210121080351/https://www.listingspark.com/blog/december-real-estate-market-update/
e9cba3640aaf3ed3,listingspark.com,inc.com_api_i5list,services_other,Buyer's Agent Commissions - ListingSpark,1079,20210613175140,https://www.listingspark.com/blog/buyers-agent-commissions/,https://web.archive.org/web/20210613175140/https://www.listingspark.com/blog/buyers-agent-commissions/
0551d6b17ddf0142,lofty.ai,yc,fintech_insurance,What is the 70% Rule in House Flipping?,606,20200813200419,https://www.lofty.ai/blog/what-is-70-rule-in-house-flipping,https://web.archive.org/web/20200813200419/https://www.lofty.ai/blog/what-is-70-rule-in-house-flipping
278506b6c50b98ce,lofty.ai,yc,fintech_insurance,How To Invest In Real Estate,1580,20200813203044,https://www.lofty.ai/blog/how-to-invest-in-real-estate,https://web.archive.org/web/20200813203044/https://www.lofty.ai/blog/how-to-invest-in-real-estate
3d45d59743a96998,lofty.ai,yc,fintech_insurance,Contract Assignment 101: Tips for Wholesaling Real Estate,2057,20200813193448,https://www.lofty.ai/blog/assigning-real-estate-contracts,https://web.archive.org/web/20200813193448/https://www.lofty.ai/blog/assigning-real-estate-contracts
5bc1daa291eca269,lofty.ai,yc,fintech_insurance,Real estate investing 101: Tips for Beginners,1984,20200813203530,https://www.lofty.ai/blog/real-estate-investing-101-for-beginners,https://web.archive.org/web/20200813203530/https://www.lofty.ai/blog/real-estate-investing-101-for-beginners
7b337eb4f8b2fd63,lofty.ai,yc,fintech_insurance,Why Form a Real Estate LLC?,626,20210414190232,https://www.lofty.ai/blog/why-form-a-real-estate-llc,https://web.archive.org/web/20210414190232/https://www.lofty.ai/blog/why-form-a-real-estate-llc
804d27d5e003925e,lofty.ai,yc,fintech_insurance,What Investors Need to Know About Buying a Condo for Investment,1037,20200813201041,https://www.lofty.ai/blog/buying-a-condo-for-investment,https://web.archive.org/web/20200813201041/https://www.lofty.ai/blog/buying-a-condo-for-investment
8ab169f4817e71b4,lofty.ai,yc,fintech_insurance,3 Steps on How to Start a Rental Property Business,1462,20200813200810,https://www.lofty.ai/blog/how-to-start-a-rental-property-business,https://web.archive.org/web/20200813200810/https://www.lofty.ai/blog/how-to-start-a-rental-property-business
8e4746c616137edf,lofty.ai,yc,fintech_insurance,Property Data: The Office Sector During COVID-19,846,20200813200209,https://www.lofty.ai/blog/property-data,https://web.archive.org/web/20200813200209/https://www.lofty.ai/blog/property-data
9bb07826a8662cc4,lofty.ai,yc,fintech_insurance,How we Use Data to Predict Property Appreciation,2107,20201001043642,https://www.lofty.ai/blog/how-we-use-data-to-predict-appreciation,https://web.archive.org/web/20201001043642/https://www.lofty.ai/blog/how-we-use-data-to-predict-appreciation
a4a375edf72b3678,lofty.ai,yc,fintech_insurance,Condo vs. Townhouse: Which is a Better Investment?,774,20200813203452,https://www.lofty.ai/blog/condo-vs-townhouse,https://web.archive.org/web/20200813203452/https://www.lofty.ai/blog/condo-vs-townhouse
aeb18ed40de6d6f0,lofty.ai,yc,fintech_insurance,What is Real Estate Tokenization?,655,20210722154820,https://www.lofty.ai/blog/what-is-real-estate-tokenization-defi,https://web.archive.org/web/20210722154820/https://www.lofty.ai/blog/what-is-real-estate-tokenization-defi
c7e7d0bab9000be9,lofty.ai,yc,fintech_insurance,How to Calculate Cash Flow for a Rental Property,1281,20200813195949,https://www.lofty.ai/blog/cash-flow-of-a-rental-property-an-example,https://web.archive.org/web/20200813195949/https://www.lofty.ai/blog/cash-flow-of-a-rental-property-an-example
c7ffc960e63a8785,lofty.ai,yc,fintech_insurance,8 Steps for Buying a House to Rent Out,2127,20200813203231,https://www.lofty.ai/blog/buying-a-house-to-rent-out,https://web.archive.org/web/20200813203231/https://www.lofty.ai/blog/buying-a-house-to-rent-out
c83ec651a82b79c2,lofty.ai,yc,fintech_insurance,"What is a Class A, B, and C property?",1946,20200813205156,https://www.lofty.ai/blog/class-a-b-c-property,https://web.archive.org/web/20200813205156/https://www.lofty.ai/blog/class-a-b-c-property
d5e4113bd170c525,lofty.ai,yc,fintech_insurance,Real Estate Investing Online with the Lofty AI App,805,20200813200315,https://www.lofty.ai/blog/real-estate-investing-online-app,https://web.archive.org/web/20200813200315/https://www.lofty.ai/blog/real-estate-investing-online-app
f0879ceedf56ef25,lofty.ai,yc,fintech_insurance,6 Reasons Why You Should Buy a Duplex for Sale,780,20200813194330,https://www.lofty.ai/blog/buying-a-duplex-for-sale,https://web.archive.org/web/20200813194330/https://www.lofty.ai/blog/buying-a-duplex-for-sale
f10e4daf90048a50,lofty.ai,yc,fintech_insurance,4 Property Valuation Methods for Real Estate Investors,1328,20200813203757,https://www.lofty.ai/blog/property-valuation-methods-real-estate-investors,https://web.archive.org/web/20200813203757/https://www.lofty.ai/blog/property-valuation-methods-real-estate-investors
f4a2d7fde88f7897,lofty.ai,yc,fintech_insurance,5 Steps on How to Buy a Pre Foreclosure Home,2023,20200813202348,https://www.lofty.ai/blog/how-to-buy-a-pre-foreclosures-home,https://web.archive.org/web/20200813202348/https://www.lofty.ai/blog/how-to-buy-a-pre-foreclosures-home
4e4b4ffeeca87774,logicbroker.com,inc.com_api_i5list,software_saas,Wayfair EDI Integration,1241,20180617010221,http://blog.logicbroker.com:80/blog/2017/12/27/wayfair-edi-integration,https://web.archive.org/web/20180617010221/http://blog.logicbroker.com:80/blog/2017/12/27/wayfair-edi-integration
565052c84254e71c,logicbroker.com,inc.com_api_i5list,software_saas,Streamline Setting up Items in MS Dynamics GP 2010,728,20190717093211,https://blog.logicbroker.com/blog/2012/09/24/streamline-setting-up-items-in-ms-dynamics-gp-2010,https://web.archive.org/web/20190717093211/https://blog.logicbroker.com/blog/2012/09/24/streamline-setting-up-items-in-ms-dynamics-gp-2010
5c7ff0cf8a81b1e5,logicbroker.com,inc.com_api_i5list,software_saas,Jet.com EDI Integration,616,20190719235339,https://blog.logicbroker.com/blog/2018/01/09/jet-com-edi-integration,https://web.archive.org/web/20190719235339/https://blog.logicbroker.com/blog/2018/01/09/jet-com-edi-integration
668170ab561e100c,logicbroker.com,inc.com_api_i5list,software_saas,Best Practices in Affiliate Marketing,671,20180409213510,http://blog.logicbroker.com:80/blog/2016/11/15/best-practices-affiliate-marketing,https://web.archive.org/web/20180409213510/http://blog.logicbroker.com:80/blog/2016/11/15/best-practices-affiliate-marketing
67c0fd5fefb5f867,logicbroker.com,inc.com_api_i5list,software_saas,API for EDI: The Future of B2B Commerce,1244,20190717093332,https://blog.logicbroker.com/blog/2017/05/20/api-for-edi-the-future-of-b2b-commerce,https://web.archive.org/web/20190717093332/https://blog.logicbroker.com/blog/2017/05/20/api-for-edi-the-future-of-b2b-commerce
70b132f596ba7215,logicbroker.com,inc.com_api_i5list,software_saas,5 Powerful Tips for the eCommerce Holiday Season,668,20190719235531,https://blog.logicbroker.com/blog/2014/08/28/5-powerful-tips-ecommerce-holiday-season,https://web.archive.org/web/20190719235531/https://blog.logicbroker.com/blog/2014/08/28/5-powerful-tips-ecommerce-holiday-season
93f67241436d1b37,logicbroker.com,inc.com_api_i5list,software_saas,Get Personal with eCommerce,723,20190719235807,https://blog.logicbroker.com/blog/2013/12/23/get-personal-ecommerce,https://web.archive.org/web/20190719235807/https://blog.logicbroker.com/blog/2013/12/23/get-personal-ecommerce
a8c3045e61774441,logicbroker.com,inc.com_api_i5list,software_saas,Customer Experience is Key for B2B ecommerce,625,20190717093618,https://blog.logicbroker.com/blog/2017/12/22/customer-experience-key-b2b-ecommerce,https://web.archive.org/web/20190717093618/https://blog.logicbroker.com/blog/2017/12/22/customer-experience-key-b2b-ecommerce
da37f0bf32472d7a,logicbroker.com,inc.com_api_i5list,software_saas,Eliminate manual work by using Dynamics GP workflows,846,20190719235738,https://blog.logicbroker.com/blog/2012/12/10/eliminate-manual-work-by-using-dynamics-gp-workflows,https://web.archive.org/web/20190719235738/https://blog.logicbroker.com/blog/2012/12/10/eliminate-manual-work-by-using-dynamics-gp-workflows
de166f599dd59b62,logicbroker.com,inc.com_api_i5list,software_saas,What’s Holding You Back from eCommerce Success?,876,20190719235428,https://blog.logicbroker.com/blog/2015/02/24/whats-holding-back-ecommerce-success,https://web.archive.org/web/20190719235428/https://blog.logicbroker.com/blog/2015/02/24/whats-holding-back-ecommerce-success
df7cb123fcc4eb30,logicbroker.com,inc.com_api_i5list,software_saas,How Apple Pay will Improve Mobile Commerce,650,20190719235333,https://blog.logicbroker.com/blog/2014/11/21/apple-pay-will-improve-mobile-commerce,https://web.archive.org/web/20190719235333/https://blog.logicbroker.com/blog/2014/11/21/apple-pay-will-improve-mobile-commerce
116e73f758b8e6b7,lovd.com,yc,ecommerce_retail,3 ways tech and fitness work together - Lovd NYC,927,20220930100203,https://www.lovd.com/blog/3-ways-tech-and-fitness-work-together/,https://web.archive.org/web/20220930100203/https://www.lovd.com/blog/3-ways-tech-and-fitness-work-together/
dd74bf30eaa049e1,lumaforge.com,inc.com_api_i5list,services_other,1GbE vs. 10GbE and What it Means for your Video Workflow,984,20200805100942,https://lumaforge.com/blog/1gbe-vs-10gbe-and-what-it-means-for-your-video-workflow,https://web.archive.org/web/20200805100942/https://lumaforge.com/blog/1gbe-vs-10gbe-and-what-it-means-for-your-video-workflow
05af0ac88096faa5,magicbell.com,yc,devtools,"What is P2P, and How Does It Work?",829,20220125143547,https://www.magicbell.com/blog/what-is-p2p-and-how-does-it-work,https://web.archive.org/web/20220125143547/https://www.magicbell.com/blog/what-is-p2p-and-how-does-it-work
1a508a846c029224,magicbell.com,yc,devtools,How to Use Firebase to Send Push Notifications,2049,20220504155119,https://www.magicbell.com/blog/how-to-use-firebase-to-send-push-notifications,https://web.archive.org/web/20220504155119/https://www.magicbell.com/blog/how-to-use-firebase-to-send-push-notifications
21ca817978d655ff,magicbell.com,yc,devtools,"What Is an Android Push Notification, and How Does It Work?",830,20221126131156,https://www.magicbell.com/blog/what-is-an-android-push-notification-and-how-does-it-work,https://web.archive.org/web/20221126131156/https://www.magicbell.com/blog/what-is-an-android-push-notification-and-how-does-it-work
39b9763715528ae1,magicbell.com,yc,devtools,Webhook vs. API: What's the Difference?,833,20220504155117,https://www.magicbell.com/blog/webhook-vs-api-whats-the-difference,https://web.archive.org/web/20220504155117/https://www.magicbell.com/blog/webhook-vs-api-whats-the-difference
3e0221daecaee1ea,magicbell.com,yc,devtools,How Alert Fatigue Impacts User Behavior and Retention (and What We Can Do About it),1051,20210730104550,https://magicbell.com/blog/alert-fatigue,https://web.archive.org/web/20210730104550/https://magicbell.com/blog/alert-fatigue
52f71056355de83a,magicbell.com,yc,devtools,How to Set Up Android Push Notifications,886,20211016003934,https://magicbell.com/blog/how-to-set-up-android-push-notifications,https://web.archive.org/web/20211016003934/https://magicbell.com/blog/how-to-set-up-android-push-notifications
58626ad5977a9342,magicbell.com,yc,devtools,40 Best Open Source Notification Systems,2341,20220528200443,https://www.magicbell.com/blog/best-open-source-notification-systems,https://web.archive.org/web/20220528200443/https://www.magicbell.com/blog/best-open-source-notification-systems
68450d05de77cf68,magicbell.com,yc,devtools,React Toast Notifications Made Easy,1125,20210507102828,https://magicbell.com/blog/react-toast-notifications-made-easy,https://web.archive.org/web/20210507102828/https://magicbell.com/blog/react-toast-notifications-made-easy
93622c700edc52e9,magicbell.com,yc,devtools,How To Set Up Your SMTP Server,1015,20220812214638,https://www.magicbell.com/blog/how-to-set-up-your-smtp-server,https://web.archive.org/web/20220812214638/https://www.magicbell.com/blog/how-to-set-up-your-smtp-server
9cfaf82719af7cd8,magicbell.com,yc,devtools,What to Look for When Choosing an Email API Service,840,20211016001047,https://magicbell.com/blog/what-to-look-for-when-choosing-an-email-api-service,https://web.archive.org/web/20211016001047/https://magicbell.com/blog/what-to-look-for-when-choosing-an-email-api-service
a329dff76e97c537,magicbell.com,yc,devtools,"What Are SMS Notifications, and Why Are They Important?",1012,20220504155124,https://www.magicbell.com/blog/what-are-sms-notifications-and-why-are-they-important,https://web.archive.org/web/20220504155124/https://www.magicbell.com/blog/what-are-sms-notifications-and-why-are-they-important
bc0aa2d4121c3044,magicbell.com,yc,devtools,How to Use Attention Resistance to Fight Notification Fatigue,1639,20220512074128,https://www.magicbell.com/blog/how-to-use-attention-resistance-to-fight-notification-fatigue,https://web.archive.org/web/20220512074128/https://www.magicbell.com/blog/how-to-use-attention-resistance-to-fight-notification-fatigue
c80786c63ee15e94,magicbell.com,yc,devtools,5 Examples of Highly Effective Browser Notifications,1283,20220706092310,https://www.magicbell.com/blog/examples-of-highly-effective-browser-notifications,https://web.archive.org/web/20220706092310/https://www.magicbell.com/blog/examples-of-highly-effective-browser-notifications
fe07e7f95771ef4d,magicbell.com,yc,devtools,5 Benefits of iOS Push Notifications,1226,20220528204939,https://www.magicbell.com/blog/benefits-of-ios-push-notifications,https://web.archive.org/web/20220528204939/https://www.magicbell.com/blog/benefits-of-ios-push-notifications
181673f11218f9ad,makeschool.com,yc,services_other,Top 8 Colleges with Project-Based Computer Science Degree Programs,653,20190719100408,https://www.makeschool.com/blog/top-8-colleges-with-projectbased-computer-science-degree-programs,https://web.archive.org/web/20190719100408/https://www.makeschool.com/blog/top-8-colleges-with-projectbased-computer-science-degree-programs
90d807e1868085a9,makeschool.com,yc,services_other,4 Things to Consider Before Choosing a College,921,20190818040017,https://www.makeschool.com/blog/4-things-to-consider-before-choosing-a-college,https://web.archive.org/web/20190818040017/https://www.makeschool.com/blog/4-things-to-consider-before-choosing-a-college
ef025373ea3b0f6b,makeschool.com,yc,services_other,How to Get Started With Programming in 2021,847,20210209004606,https://www.makeschool.com/blog/how-to-get-started-with-programming-in-2021,https://web.archive.org/web/20210209004606/https://www.makeschool.com/blog/how-to-get-started-with-programming-in-2021
3e4ee1895837ff0e,manatal.com,g2.com_wayback,software_saas,9 Reasons Why You Need an Applicant Tracking System,930,20220725130302,https://www.manatal.com/blog/9-reasons-need-ats,https://web.archive.org/web/20220725130302/https://www.manatal.com/blog/9-reasons-need-ats
4effea8003940e1e,manatal.com,g2.com_wayback,software_saas,HRIS Vs. Recruitment App: Which Solution Is the Best for You?,2411,20220810085653,https://www.manatal.com/blog/hris-vs-recruitment-app-which-solution-best,https://web.archive.org/web/20220810085653/https://www.manatal.com/blog/hris-vs-recruitment-app-which-solution-best
969e8a543ece4d70,manatal.com,g2.com_wayback,software_saas,2023 Recruitment Trends: How to Get Better Results with An ATS,1985,20221128083539,https://www.manatal.com/blog/recruitment-trends-how-to-get-better-results-with-an-ats,https://web.archive.org/web/20221128083539/https://www.manatal.com/blog/recruitment-trends-how-to-get-better-results-with-an-ats
b3cee250576906f5,manatal.com,g2.com_wayback,software_saas,6 Phrases To Say And Avoid In A Performance Review,2328,20221013020731,https://www.manatal.com/blog/6-phrases-to-say-and-avoid-in-a-performance-review,https://web.archive.org/web/20221013020731/https://www.manatal.com/blog/6-phrases-to-say-and-avoid-in-a-performance-review
c802a589242a7e71,manatal.com,g2.com_wayback,software_saas,Recruitment Strategies for 2022 Facing a Downturn,1652,20220810082426,https://www.manatal.com/blog/recruitment-strategies-facing-a-downturn,https://web.archive.org/web/20220810082426/https://www.manatal.com/blog/recruitment-strategies-facing-a-downturn
32f436280b9f064d,marcumllp.com,inc.com_api_i5list,services_other,Blog - Insights and Alerts | Marcum LLP | Accountants and Advisors,1978,20111015045138,http://marcumllp.com/blog-insights,https://web.archive.org/web/20111015045138/http://marcumllp.com/blog-insights
338c608db21d5159,marcumllp.com,inc.com_api_i5list,services_other,Income of Real Estate Professionals May Not Be Subject to 3.8% Medicare Tax,932,20140224044658,http://www.marcumllp.com:80/blog-tax-and-business/income-of-real-estate-professionals-may-not-be-subject-to-3-8-medicare-tax,https://web.archive.org/web/20140224044658/http://www.marcumllp.com:80/blog-tax-and-business/income-of-real-estate-professionals-may-not-be-subject-to-3-8-medicare-tax
43f3e59c5806cd41,marcumllp.com,inc.com_api_i5list,services_other,How the R&D Credit Can Transform the Food and Beverage Industry,896,20160806083404,http://www.marcumllp.com:80/blog-tax-and-business/how-the-r-d-credit-can-transform-the-food-and-beverage-industry,https://web.archive.org/web/20160806083404/http://www.marcumllp.com:80/blog-tax-and-business/how-the-r-d-credit-can-transform-the-food-and-beverage-industry
bec1b6d33ed55c8e,marcumllp.com,inc.com_api_i5list,services_other,Tax Treatment of Stock Received on Demutualization of Insurance,780,20160112020602,http://www.marcumllp.com:80/blog-tax-and-business/tax-treatment-of-stock-received-on-demutualization-of-insurance,https://web.archive.org/web/20160112020602/http://www.marcumllp.com:80/blog-tax-and-business/tax-treatment-of-stock-received-on-demutualization-of-insurance
cc5ff1ec5a52022f,marcumllp.com,inc.com_api_i5list,services_other,COSO’s 2013 Internal Control – Integrated Framework 21 Years Later,917,20150827193203,http://www.marcumllp.com:80/blog-assurance-services/coso-s-2013-internal-control-integrated-framework-21-years-later,https://web.archive.org/web/20150827193203/http://www.marcumllp.com:80/blog-assurance-services/coso-s-2013-internal-control-integrated-framework-21-years-later
0880f52b3f96a1c6,markaz.app,yc_directory,ecommerce_retail,8 Ways to Grow on Instagram and Increase Your Followers,1717,20221006044921,https://www.markaz.app/blog-post/instagram-followers,https://web.archive.org/web/20221006044921/https://www.markaz.app/blog-post/instagram-followers
0d96f3161c346685,markaz.app,yc_directory,ecommerce_retail,Ultimate Social Commerce Guide in Pakistan for 2022,2331,20220816021807,https://www.markaz.app/blog-post/social-commerce,https://web.archive.org/web/20220816021807/https://www.markaz.app/blog-post/social-commerce
0f6e858255326c5e,markaz.app,yc_directory,ecommerce_retail,The Top Fashion Branding Strategies to Adopt in 2022,1588,20221006043447,https://www.markaz.app/blog-post/the-top-fashion-branding-strategies-to-adopt-in-2022,https://web.archive.org/web/20221006043447/https://www.markaz.app/blog-post/the-top-fashion-branding-strategies-to-adopt-in-2022
0fee5a9a748f4e39,markaz.app,yc_directory,ecommerce_retail,What is a Buyer Persona and How Do You Build One?,1610,20221006044406,https://www.markaz.app/blog-post/buyer-persona-definition,https://web.archive.org/web/20221006044406/https://www.markaz.app/blog-post/buyer-persona-definition
333c78b9cdb41013,markaz.app,yc_directory,ecommerce_retail,7 Easy Ways on How to Make Money Online in Pakistan,2122,20220816021744,https://www.markaz.app/blog-post/7-easy-ways-on-how-to-make-money-online-in-pakistan,https://web.archive.org/web/20220816021744/https://www.markaz.app/blog-post/7-easy-ways-on-how-to-make-money-online-in-pakistan
3fe1e8f05b64bbaa,markaz.app,yc_directory,ecommerce_retail,What is the Best Way to Organize A Warehouse,1508,20221006040201,https://www.markaz.app/blog-post/best-way-to-organize-a-warehouse,https://web.archive.org/web/20221006040201/https://www.markaz.app/blog-post/best-way-to-organize-a-warehouse
4068d9184b04355f,markaz.app,yc_directory,ecommerce_retail,Rising Trends in E-Commerce in Pakistan,1475,20221006033430,https://www.markaz.app/blog-post/e-commerce-in-pakistan,https://web.archive.org/web/20221006033430/https://www.markaz.app/blog-post/e-commerce-in-pakistan
4946b6265eb834b3,markaz.app,yc_directory,ecommerce_retail,9 Ideas for How to Start a Small Business Online in 2022,1574,20221006032734,https://www.markaz.app/blog-post/small-business-online,https://web.archive.org/web/20221006032734/https://www.markaz.app/blog-post/small-business-online
53a3954270bf322c,markaz.app,yc_directory,ecommerce_retail,15 Best Ideas for Small Businesses in 2022,1787,20221006042317,https://www.markaz.app/blog-post/ideas-for-small-businesses,https://web.archive.org/web/20221006042317/https://www.markaz.app/blog-post/ideas-for-small-businesses
55cd0a9519a2b605,markaz.app,yc_directory,ecommerce_retail,5 Pakistani Tech Startups That Will Change The Ecommerce Landscape,1192,20220816021740,https://www.markaz.app/blog-post/5-pakistani-tech-startups-that-will-change-the-ecommerce-landscape,https://web.archive.org/web/20220816021740/https://www.markaz.app/blog-post/5-pakistani-tech-startups-that-will-change-the-ecommerce-landscape
9e26611f87858405,markaz.app,yc_directory,ecommerce_retail,5 Useful Tips for Small Business Owners in Pakistan,1411,20220816021742,https://www.markaz.app/blog-post/5-useful-tips-for-small-business-owners-in-pakistan,https://web.archive.org/web/20220816021742/https://www.markaz.app/blog-post/5-useful-tips-for-small-business-owners-in-pakistan
a359be9d181b445f,markaz.app,yc_directory,ecommerce_retail,How to Maximize Selling During Peak Seasons,2097,20221006033701,https://www.markaz.app/blog-post/peak-sales-strategies-for-companies,https://web.archive.org/web/20221006033701/https://www.markaz.app/blog-post/peak-sales-strategies-for-companies
b4f0c32495ca108b,markaz.app,yc_directory,ecommerce_retail,What is a Marketing Plan and Why It Works?,2517,20220816021737,https://www.markaz.app/blog-post/marketing-plan,https://web.archive.org/web/20220816021737/https://www.markaz.app/blog-post/marketing-plan
c1390617058e9c06,markaz.app,yc_directory,ecommerce_retail,The Easiest Ways To Promote Your Business,1375,20220816021743,https://www.markaz.app/blog-post/promote-your-business,https://web.archive.org/web/20220816021743/https://www.markaz.app/blog-post/promote-your-business
d70c77c9d99bae4b,markaz.app,yc_directory,ecommerce_retail,8 Things To Watch Out for When Earning Money Online,1284,20220816021740,https://www.markaz.app/blog-post/8-things-to-watch-out-for-when-earning-money-online,https://web.archive.org/web/20220816021740/https://www.markaz.app/blog-post/8-things-to-watch-out-for-when-earning-money-online
e6e306ee637eb503,markaz.app,yc_directory,ecommerce_retail,How to Start a Clothing Business with Low Investment,1492,20220816021740,https://www.markaz.app/blog-post/business-with-low-investment,https://web.archive.org/web/20220816021740/https://www.markaz.app/blog-post/business-with-low-investment
ac8b982ab40f0eda,mckeehomesnc.com,inc.com_api_i5list,services_other,Difference between builder grade and retail products,712,20150912234256,http://www.mckeehomesnc.com:80/blog/difference-between-builder-grade-and-retail-products/,https://web.archive.org/web/20150912234256/http://www.mckeehomesnc.com:80/blog/difference-between-builder-grade-and-retail-products/
9c1dd005100345bf,mentorcollective.org,inc.com_api_i5list,edtech,The State of Higher Education in Texas: How Texas Universities are Expanding Education Access for Equity,973,20221005230847,https://blog.mentorcollective.org/the-state-of-higher-education-in-texas,https://web.archive.org/web/20221005230847/https://blog.mentorcollective.org/the-state-of-higher-education-in-texas
16a41711593ce926,mequilibrium.com,inc.com_api_i5list,software_saas,5 Scheduling Tips for Busy People | meQuilibrium,673,20190825022812,https://www.mequilibrium.com/resources/5-scheduling-tips-for-busy-people/,https://web.archive.org/web/20190825022812/https://www.mequilibrium.com/resources/5-scheduling-tips-for-busy-people/
1c1855761c5298f4,mequilibrium.com,inc.com_api_i5list,software_saas,A Better Way to Think About Feedback | meQuilibrium,877,20201223211355,https://www.mequilibrium.com/resources/a-better-way-to-think-about-feedback/,https://web.archive.org/web/20201223211355/https://www.mequilibrium.com/resources/a-better-way-to-think-about-feedback/
22110db2546497bd,mequilibrium.com,inc.com_api_i5list,software_saas,4 Ways to Strengthen Your Self-Image | meQuilibrium,795,20190917062709,https://www.mequilibrium.com/resources/4-ways-to-strengthen-your-self-image/,https://web.archive.org/web/20190917062709/https://www.mequilibrium.com/resources/4-ways-to-strengthen-your-self-image/
3b244cbe730381f8,mequilibrium.com,inc.com_api_i5list,software_saas,Eat for Energy | meQuilibrium,606,20220816191524,https://www.mequilibrium.com/resources/eat-for-energy/,https://web.archive.org/web/20220816191524/https://www.mequilibrium.com/resources/eat-for-energy/
4b70e27b693d2e1e,mequilibrium.com,inc.com_api_i5list,software_saas,"Employees want more help dealing with workplace stress, new report finds | meQuilibrium",712,20190825070142,https://www.mequilibrium.com/resources/employees-want-more-help-dealing-with-workplace-stress-new-report-finds/,https://web.archive.org/web/20190825070142/https://www.mequilibrium.com/resources/employees-want-more-help-dealing-with-workplace-stress-new-report-finds/
4fea16f614a902fd,mequilibrium.com,inc.com_api_i5list,software_saas,3 Ways to Stress Less About the Future | meQuilibrium,762,20190821100359,https://www.mequilibrium.com/resources/3-ways-to-stress-less-about-the-future/,https://web.archive.org/web/20190821100359/https://www.mequilibrium.com/resources/3-ways-to-stress-less-about-the-future/
8c4f8e4455d39ee1,mequilibrium.com,inc.com_api_i5list,software_saas,2020 Workplace Trends: The Top Five that Rely on Resilience | meQuilibrium,832,20220808224444,https://www.mequilibrium.com/resources/5-workplace-trends-rely-on-resilience/,https://web.archive.org/web/20220808224444/https://www.mequilibrium.com/resources/5-workplace-trends-rely-on-resilience/
a4b2a6b6a5901bdb,mequilibrium.com,inc.com_api_i5list,software_saas,De-Stress Mind and Body with This Simple Detox | meQuilibrium,986,20220817221158,https://www.mequilibrium.com/resources/de-stress-mind-and-body-with-this-simple-summer-detox/,https://web.archive.org/web/20220817221158/https://www.mequilibrium.com/resources/de-stress-mind-and-body-with-this-simple-summer-detox/
a66928744c24f372,mequilibrium.com,inc.com_api_i5list,software_saas,5 Ways to Help a Friend in Distress | meQuilibrium,677,20190822074026,https://www.mequilibrium.com/resources/5-ways-to-help-a-friend-in-distress/,https://web.archive.org/web/20190822074026/https://www.mequilibrium.com/resources/5-ways-to-help-a-friend-in-distress/
aa5fd6ae75470541,mequilibrium.com,inc.com_api_i5list,software_saas,Fight the End-of-Summer Blues | meQuilibrium,627,20220816184036,https://www.mequilibrium.com/resources/fight-the-end-of-summer-blues/,https://web.archive.org/web/20220816184036/https://www.mequilibrium.com/resources/fight-the-end-of-summer-blues/
c6a9cccc86372a9c,mequilibrium.com,inc.com_api_i5list,software_saas,Create a Workplace Culture of Psychological Safety,726,20191022115000,https://www.mequilibrium.com/resources/create-culture-psychological-safety/,https://web.archive.org/web/20191022115000/https://www.mequilibrium.com/resources/create-culture-psychological-safety/
cae1547253bcf3c7,mequilibrium.com,inc.com_api_i5list,software_saas,3 Ways to Make Peace with Holiday Sweets—and Avoid a Sugar Overdose | meQuilibrium,902,20190917070133,https://www.mequilibrium.com/resources/3-ways-make-peace-holiday-sweets-avoid-sugar-overdose/,https://web.archive.org/web/20190917070133/https://www.mequilibrium.com/resources/3-ways-make-peace-holiday-sweets-avoid-sugar-overdose/
cc5102f9458fba91,mequilibrium.com,inc.com_api_i5list,software_saas,4 Surprising Weight Loss Tactics (That Don't Involve Exercise) | meQuilibrium,843,20191114082818,https://www.mequilibrium.com/resources/4-surprising-weight-loss-tactics-dont-involve-exercise/,https://web.archive.org/web/20191114082818/https://www.mequilibrium.com/resources/4-surprising-weight-loss-tactics-dont-involve-exercise/
d8597e9142a52db5,mequilibrium.com,inc.com_api_i5list,software_saas,3 Ways You Zap Happiness (and How to Get It Back) | meQuilibrium,823,20220816050150,https://www.mequilibrium.com/resources/3-ways-zap-happiness-get-back/,https://web.archive.org/web/20220816050150/https://www.mequilibrium.com/resources/3-ways-zap-happiness-get-back/
da3478c21dc88076,mequilibrium.com,inc.com_api_i5list,software_saas,Fear of Missing Out? | meQuilibrium,729,20220816184321,https://www.mequilibrium.com/resources/fear-of-missing-out/,https://web.archive.org/web/20220816184321/https://www.mequilibrium.com/resources/fear-of-missing-out/
f0519445fd90b620,mequilibrium.com,inc.com_api_i5list,software_saas,4 High-Energy Power Snacks | meQuilibrium,689,20220816034339,https://www.mequilibrium.com/resources/4-high-energy-power-snacks/,https://web.archive.org/web/20220816034339/https://www.mequilibrium.com/resources/4-high-energy-power-snacks/
f59c22b4ee817823,mequilibrium.com,inc.com_api_i5list,software_saas,4 Power Tips for Making Small Talk | meQuilibrium,730,20220816050923,https://www.mequilibrium.com/resources/4-power-tips-for-making-small-talk/,https://web.archive.org/web/20220816050923/https://www.mequilibrium.com/resources/4-power-tips-for-making-small-talk/
fa35c0bb774e6989,mequilibrium.com,inc.com_api_i5list,software_saas,How to Find Purpose and Meaning at Work | meQuilibrium,639,20201028151431,https://www.mequilibrium.com/resources/find-purpose-meaning-work/,https://web.archive.org/web/20201028151431/https://www.mequilibrium.com/resources/find-purpose-meaning-work/
fb9f9fc753325f28,mequilibrium.com,inc.com_api_i5list,software_saas,4 Keys to Sanely Working From Home | meQuilibrium,800,20220808232219,https://www.mequilibrium.com/resources/4-keys-to-sanely-working-from-home/,https://web.archive.org/web/20220808232219/https://www.mequilibrium.com/resources/4-keys-to-sanely-working-from-home/
47608321b327c924,meridianpacificproperties.com,inc.com_api_i5list,services_other,The Tax Advantages of Investment Real Estate (1 of 3) - Depreciation & Shielding Your Investment,673,20170422064651,http://www.meridianpacificproperties.com:80/blog/shield-your-investment-the-tax-advantages-of-real-estate-1-of-3/,https://web.archive.org/web/20170422064651/http://www.meridianpacificproperties.com:80/blog/shield-your-investment-the-tax-advantages-of-real-estate-1-of-3/
6ed319c0caa5f3fb,meridianpacificproperties.com,inc.com_api_i5list,services_other,Residential Real Estate Investment Makes a Comeback - www.meridianpacificproperties.com/blog,787,20140727064427,http://www.meridianpacificproperties.com:80/blog/residential-real-estate-investment-makes-a-comeback/,https://web.archive.org/web/20140727064427/http://www.meridianpacificproperties.com:80/blog/residential-real-estate-investment-makes-a-comeback/
c6f3db7269c900c5,meridianpacificproperties.com,inc.com_api_i5list,services_other,Investing with an IRA - www.meridianpacificproperties.com/blog,692,20140727063242,http://www.meridianpacificproperties.com:80/blog/investing-with-an-ira/,https://web.archive.org/web/20140727063242/http://www.meridianpacificproperties.com:80/blog/investing-with-an-ira/
31c0ee9f59ba8461,metaplane.dev,yc,devtools,A Framework to Understand How Low-Quality Data Hurts Business Performance,1637,20220815122103,https://www.metaplane.dev/blog/how-low-quality-data-hurts-business-performance,https://web.archive.org/web/20220815122103/https://www.metaplane.dev/blog/how-low-quality-data-hurts-business-performance
4b2bba0f76e93b84,metaplane.dev,yc,devtools,How to Evaluate Data Observability Tools,1037,20211209210721,https://www.metaplane.dev/blog/how-to-evaluate-data-observability-tools,https://web.archive.org/web/20211209210721/https://www.metaplane.dev/blog/how-to-evaluate-data-observability-tools
5faaa6c05f5f24ca,metaplane.dev,yc,devtools,"The Origins, Purpose, and Practice of Data Observability",1975,20220815010943,https://www.metaplane.dev/blog/the-origins-purpose-and-practice-of-data-observability,https://web.archive.org/web/20220815010943/https://www.metaplane.dev/blog/the-origins-purpose-and-practice-of-data-observability
69c512a9856f3484,metaplane.dev,yc,devtools,How To Justify Investing in Data Observability,1760,20210923095525,https://www.metaplane.dev/blog/how-to-justify-investing-in-data-observability,https://web.archive.org/web/20210923095525/https://www.metaplane.dev/blog/how-to-justify-investing-in-data-observability
89e3fa3463329f91,metaplane.dev,yc,devtools,Concepts and practices to ensure data quality,2363,20220817231405,https://www.metaplane.dev/blog/concepts-and-practices-to-ensure-data-quality,https://web.archive.org/web/20220817231405/https://www.metaplane.dev/blog/concepts-and-practices-to-ensure-data-quality
9099dbbba1e693d3,metaplane.dev,yc,devtools,The Four Pillars of Data Observability,1779,20211203133106,https://www.metaplane.dev/blog/the-four-pillars-of-data-observability,https://web.archive.org/web/20211203133106/https://www.metaplane.dev/blog/the-four-pillars-of-data-observability
d7bd127f268b3802,metaplane.dev,yc,devtools,The Ultimate Data Observability Playbook: Best Practices for Data Engineers,2257,20221005014332,https://www.metaplane.dev/blog/data-observability-best-practices,https://web.archive.org/web/20221005014332/https://www.metaplane.dev/blog/data-observability-best-practices
dbd74be59686b3ce,metaplane.dev,yc,devtools,The Most Common Misconceptions About Data Observability,1425,20221005012537,https://www.metaplane.dev/blog/data-observability-misconceptions,https://web.archive.org/web/20221005012537/https://www.metaplane.dev/blog/data-observability-misconceptions
e5d08f6ad9a30fab,metaplane.dev,yc,devtools,Data Quality Begins and Ends Outside of the Analytics Team,1001,20220325173757,https://www.metaplane.dev/blog/data-quality-begins-and-ends-outside-of-the-analytics-team,https://web.archive.org/web/20220325173757/https://www.metaplane.dev/blog/data-quality-begins-and-ends-outside-of-the-analytics-team
f8f4d706af7780d8,metaplane.dev,yc,devtools,How to Maximize the Value of Your Metadata,1929,20220120024217,https://www.metaplane.dev/blog/how-to-maximize-the-value-of-your-metadata,https://web.archive.org/web/20220120024217/https://www.metaplane.dev/blog/how-to-maximize-the-value-of-your-metadata
fc378da0275fe25c,metaplane.dev,yc,devtools,"What Data Observability Is, What It’s Not, and Why it Matters",1967,20221004103059,https://www.metaplane.dev/blog/what-is-data-observability,https://web.archive.org/web/20221004103059/https://www.metaplane.dev/blog/what-is-data-observability
3cab4a115a8a493c,modloft.com,inc.com_api_i5list,ecommerce_retail,Modern Dining Room Sets Ultimate Buyers Guide,1468,20220128231629,https://modloft.com/blog/modern-dining-room-sets,https://web.archive.org/web/20220128231629/https://modloft.com/blog/modern-dining-room-sets
9f3ca69882c64752,modloft.com,inc.com_api_i5list,ecommerce_retail,Wood Interior Design: The Complete Guide,1599,20220128224810,https://modloft.com/blog/wood-interior-design,https://web.archive.org/web/20220128224810/https://modloft.com/blog/wood-interior-design
b374331671912a13,modloft.com,inc.com_api_i5list,ecommerce_retail,Modern Sofas: Complete Buyers Guide,1475,20220128221103,https://modloft.com/blog/modern-sofas,https://web.archive.org/web/20220128221103/https://modloft.com/blog/modern-sofas
bfe51448145b9da0,modloft.com,inc.com_api_i5list,ecommerce_retail,How to Decorate a Large Blank Wall,1516,20220128225901,https://modloft.com/blog/how-to-decorate-a-large-wall,https://web.archive.org/web/20220128225901/https://modloft.com/blog/how-to-decorate-a-large-wall
cafc358319c1c157,modloft.com,inc.com_api_i5list,ecommerce_retail,5 Popular Contemporary Living Room Furniture,1504,20220128225950,https://modloft.com/blog/contemporary-living-room-furniture,https://web.archive.org/web/20220128225950/https://modloft.com/blog/contemporary-living-room-furniture
eac87ea10c203c63,modloft.com,inc.com_api_i5list,ecommerce_retail,Platform Beds vs. Box Springs: Which is Better?,1495,20220128232553,https://modloft.com/blog/platform-bed-vs-box-spring,https://web.archive.org/web/20220128232553/https://modloft.com/blog/platform-bed-vs-box-spring
f4ac94d5320f04b0,modloft.com,inc.com_api_i5list,ecommerce_retail,The Beginner’s Guide to Decorating Living Rooms,1452,20220128214104,https://modloft.com/blog/family-room-decor,https://web.archive.org/web/20220128214104/https://modloft.com/blog/family-room-decor
0b278c7c6c90247e,moltin.com,yc,fintech_insurance,Moltin magic modifiers,1379,20191119181243,https://www.moltin.com/blog/magic-modifiers,https://web.archive.org/web/20191119181243/https://www.moltin.com/blog/magic-modifiers
10a5f8b9ca4e411e,moltin.com,yc,fintech_insurance,eCommerce Stats and Trends to watch in 2019,636,20190720013932,https://www.moltin.com/blog/6-stats-2019-ecommerce-trends/,https://web.archive.org/web/20190720013932/https://www.moltin.com/blog/6-stats-2019-ecommerce-trends/
2198da90fa81b06a,moltin.com,yc,fintech_insurance,10 Ways to Get Ready for NRF’s Big Show,738,20190720013442,https://www.moltin.com/blog/prepare-for-nrfs-big-show/,https://web.archive.org/web/20190720013442/https://www.moltin.com/blog/prepare-for-nrfs-big-show/
26952637b400b8e3,moltin.com,yc,fintech_insurance,Headless commerce 101,2321,20190918194706,https://www.moltin.com/blog/ebook-headless-commerce-101,https://web.archive.org/web/20190918194706/https://www.moltin.com/blog/ebook-headless-commerce-101
28198ffe57e3a6e9,moltin.com,yc,fintech_insurance,Moltin Flows in Practice,932,20190916201436,https://www.moltin.com/blog/flows-in-practice,https://web.archive.org/web/20190916201436/https://www.moltin.com/blog/flows-in-practice
2f4221596f51bf97,moltin.com,yc,fintech_insurance,3 Unconventional Black Friday Campaigns and Why They Worked,1081,20191216105506,https://www.moltin.com/blog/unconventional-black-friday-campaigns,https://web.archive.org/web/20191216105506/https://www.moltin.com/blog/unconventional-black-friday-campaigns
3e605ed337be0995,moltin.com,yc,fintech_insurance,Moltin | Blog - OAuth2 authentication with Lua,758,20180930092943,https://moltin.com/blog/2016/01/oauth2-authentication-with-lua/,https://web.archive.org/web/20180930092943/https://moltin.com/blog/2016/01/oauth2-authentication-with-lua/
7e0c9b688cad4224,moltin.com,yc,fintech_insurance,Moltin V2 + TaxJar = 👌,1760,20190916201420,https://www.moltin.com/blog/taxjar-moltin-winning/,https://web.archive.org/web/20190916201420/https://www.moltin.com/blog/taxjar-moltin-winning/
85f8bea3f4ff6b7c,moltin.com,yc,fintech_insurance,Elements to consider in your eCommerce Design,1004,20190918201615,https://www.moltin.com/blog/elements-to-consider-in-your-ecommerce-design,https://web.archive.org/web/20190918201615/https://www.moltin.com/blog/elements-to-consider-in-your-ecommerce-design
a77ca9075b9bc461,moltin.com,yc,fintech_insurance,Moltin - Buying fashion straight from the catwalk,663,20161125115813,https://moltin.com/blog/2016/09/buying-fashion-straight-from-the-catwalk/,https://web.archive.org/web/20161125115813/https://moltin.com/blog/2016/09/buying-fashion-straight-from-the-catwalk/
b8a87a626e232160,moltin.com,yc,fintech_insurance,Improving eCommerce website performance,1107,20190918201246,https://www.moltin.com/blog/improving-ecommerce-website-performance,https://web.archive.org/web/20190918201246/https://www.moltin.com/blog/improving-ecommerce-website-performance
d3ab29eb465e1f2c,moltin.com,yc,fintech_insurance,Migrating to Moltin,1359,20190720143204,https://www.moltin.com/blog/migrating-to-moltin,https://web.archive.org/web/20190720143204/https://www.moltin.com/blog/migrating-to-moltin
d4255005bbe01bc2,moltin.com,yc,fintech_insurance,Headless eCommerce vs traditional eCommerce platforms,634,20190824204321,https://www.moltin.com/blog/headless-ecommerce-vs-traditional,https://web.archive.org/web/20190824204321/https://www.moltin.com/blog/headless-ecommerce-vs-traditional
ec0c72620653005a,moltin.com,yc,fintech_insurance,Onboarding with Moltin,1044,20191019204101,https://www.moltin.com/blog/onboarding-with-moltin,https://web.archive.org/web/20191019204101/https://www.moltin.com/blog/onboarding-with-moltin
00485ffd67ec7e2b,moonshotbrands.com,yc,fintech_insurance,How to Audit an eCommerce Business | Moonshot Brands,1050,20210907161839,https://www.moonshotbrands.com/blog/how-to-audit-an-ecommerce-business,https://web.archive.org/web/20210907161839/https://www.moonshotbrands.com/blog/how-to-audit-an-ecommerce-business
013e55fdde147934,moonshotbrands.com,yc,fintech_insurance,The Complete Guide to Understanding Consumer Psychology | Moonshot Brands,1668,20210816180219,https://www.moonshotbrands.com/blog/complete-guide-to-consumer-psychology,https://web.archive.org/web/20210816180219/https://www.moonshotbrands.com/blog/complete-guide-to-consumer-psychology
0e248ce80d75edfc,moonshotbrands.com,yc,fintech_insurance,What Does the Fed Rate Hike Mean for Amazon Sellers and Other Small Businesses Looking to Exit? | Moonshot Brands,950,20220703060951,https://www.moonshotbrands.com/blog/sale-price-amazon-fba,https://web.archive.org/web/20220703060951/https://www.moonshotbrands.com/blog/sale-price-amazon-fba
1dfa524b167de2e5,moonshotbrands.com,yc,fintech_insurance,Business Exit Strategy: Everything You Need To Know | Moonshot Brands,1269,20210804212927,https://www.moonshotbrands.com/blog/business-exit-strategy,https://web.archive.org/web/20210804212927/https://www.moonshotbrands.com/blog/business-exit-strategy
415717f44fe40758,moonshotbrands.com,yc,fintech_insurance,How To Sell Your eCommerce Business | Moonshot Brands Blog,2076,20210623195911,https://www.moonshotbrands.com/blog/how-to-sell-your-ecommerce-business,https://web.archive.org/web/20210623195911/https://www.moonshotbrands.com/blog/how-to-sell-your-ecommerce-business
508fdba9dcc8b180,moonshotbrands.com,yc,fintech_insurance,Referral Marketing Examples To Dramatically Boost Leads | Moonshot Brands,1164,20210924173432,https://www.moonshotbrands.com/blog/referral-marketing-examples,https://web.archive.org/web/20210924173432/https://www.moonshotbrands.com/blog/referral-marketing-examples
90a930af88cff43f,moonshotbrands.com,yc,fintech_insurance,How To Sell An FBA Business | Moonshot Brands,2242,20210804212752,https://www.moonshotbrands.com/blog/how-to-sell-an-fba-business,https://web.archive.org/web/20210804212752/https://www.moonshotbrands.com/blog/how-to-sell-an-fba-business
9928c21968676c1b,moonshotbrands.com,yc,fintech_insurance,How To Make More Money With Google Ads | Moonshot Brands,1595,20211007171223,https://www.moonshotbrands.com/blog/how-to-make-more-money-with-google-ads,https://web.archive.org/web/20211007171223/https://www.moonshotbrands.com/blog/how-to-make-more-money-with-google-ads
b301964563e8e280,moonshotbrands.com,yc,fintech_insurance,Business Transfer Checklist | Moonshot Brands,1012,20210924175037,https://www.moonshotbrands.com/blog/business-transfer-checklist,https://web.archive.org/web/20210924175037/https://www.moonshotbrands.com/blog/business-transfer-checklist
c8ef959aa9bc7766,moonshotbrands.com,yc,fintech_insurance,Moonshot Brand Research Report: The Aftermath of Covid for Ecommerce | Moonshot Brands,928,20220315191030,https://www.moonshotbrands.com/blog/moonshot-brand-research-report-the-aftermath-of-covid-for-ecommerce,https://web.archive.org/web/20220315191030/https://www.moonshotbrands.com/blog/moonshot-brand-research-report-the-aftermath-of-covid-for-ecommerce
d4e651ba423e0788,moonshotbrands.com,yc,fintech_insurance,How to Scale Your Amazon FBA Business | Moonshot Brands,1467,20211012172551,https://www.moonshotbrands.com/blog/how-to-scale-your-amazon-fba-business,https://web.archive.org/web/20211012172551/https://www.moonshotbrands.com/blog/how-to-scale-your-amazon-fba-business
fa2984f5076f7840,moonshotbrands.com,yc,fintech_insurance,How to Write A Product Description for Amazon | Moonshot Brands,1126,20211206235415,https://www.moonshotbrands.com/blog/how-to-write-a-product-description-for-amazon,https://web.archive.org/web/20211206235415/https://www.moonshotbrands.com/blog/how-to-write-a-product-description-for-amazon
58f07c1b8edde279,moresurfacecare.com,inc.com_api_i5list,ecommerce_retail,6 Reasons to Choose Concrete Flooring Over Traditional,639,20200809210430,https://www.moresurfacecare.com/blogs/news/6-reasons-to-choose-concrete-flooring-over-traditional,https://web.archive.org/web/20200809210430/https://www.moresurfacecare.com/blogs/news/6-reasons-to-choose-concrete-flooring-over-traditional
7c7b29949f16cb80,moresurfacecare.com,inc.com_api_i5list,ecommerce_retail,How To Clean Luxury Vinyl Flooring 101,627,20200925122223,https://www.moresurfacecare.com/blogs/news/how-to-clean-luxury-vinyl-flooring-101,https://web.archive.org/web/20200925122223/https://www.moresurfacecare.com/blogs/news/how-to-clean-luxury-vinyl-flooring-101
c65c05632f632eec,moresurfacecare.com,inc.com_api_i5list,ecommerce_retail,Marble Etching vs. Staining,628,20200925124336,https://www.moresurfacecare.com/blogs/news/marble-etching-vs-staining,https://web.archive.org/web/20200925124336/https://www.moresurfacecare.com/blogs/news/marble-etching-vs-staining
f4d0afed7994bdb0,moresurfacecare.com,inc.com_api_i5list,ecommerce_retail,The 3 Convincing Reasons Why You Should Seal Your Stone Countertops Today,1012,20210123140333,https://www.moresurfacecare.com/blogs/architects-designers-quotes/the-3-convincing-reasons-why-you-should-seal-your-stone-countertops-today,https://web.archive.org/web/20210123140333/https://www.moresurfacecare.com/blogs/architects-designers-quotes/the-3-convincing-reasons-why-you-should-seal-your-stone-countertops-today
fd9ecf803be35506,moresurfacecare.com,inc.com_api_i5list,ecommerce_retail,What Causes Marble Etching?,616,20200929032014,https://www.moresurfacecare.com/blogs/news/what-causes-marble-etching,https://web.archive.org/web/20200929032014/https://www.moresurfacecare.com/blogs/news/what-causes-marble-etching
240724fe5a6e9629,mydbsync.com,inc.com_api_i5list,software_saas,DBSync Blogs |5 Backup Issues of Google Workspace,1273,20210728160546,https://www.mydbsync.com/blogs/5-backup-issues-of-google-workspace/,https://web.archive.org/web/20210728160546/https://www.mydbsync.com/blogs/5-backup-issues-of-google-workspace/
0af3bbcc31a94030,naborly.com,yc,fintech_insurance,The Dos and Don’ts of Tenant Screening - Naborly Inc.,1191,20200807033207,https://naborly.com/blog/dos-donts-tenant-screening/,https://web.archive.org/web/20200807033207/https://naborly.com/blog/dos-donts-tenant-screening/
0fd28c33dc353768,naborly.com,yc,fintech_insurance,Top Three Ways to Collect Rent - Naborly Inc.,651,20200807033742,https://naborly.com/blog/collect-rent-top-three-ways/,https://web.archive.org/web/20200807033742/https://naborly.com/blog/collect-rent-top-three-ways/
168456260aea1c42,naborly.com,yc,fintech_insurance,How Much Renters Insurance Do I Need? | Naborly Inc.,707,20191021222316,https://naborly.com/blog/how-much-renters-insurance-do-i-need/,https://web.archive.org/web/20191021222316/https://naborly.com/blog/how-much-renters-insurance-do-i-need/
19ad0929447ae23b,naborly.com,yc,fintech_insurance,Are Property Managers Entitled to Pull Your Credit Score?,890,20211115204806,https://www.naborly.com/blog/are-property-managers-entitled-to-pull-your-credit-score,https://web.archive.org/web/20211115204806/https://www.naborly.com/blog/are-property-managers-entitled-to-pull-your-credit-score
2c1ce4e246583eb1,naborly.com,yc,fintech_insurance,Evicting a tenant in Toronto | Naborly Inc.,695,20191021223754,https://naborly.com/blog/evicting-a-tenant-in-toronto/,https://web.archive.org/web/20191021223754/https://naborly.com/blog/evicting-a-tenant-in-toronto/
2d6c56fe07502bfb,naborly.com,yc,fintech_insurance,Evictions 101: How to Evict a Tenant in Ontario - Naborly Inc.,1161,20190723033756,https://naborly.com/blog/evictions-101/,https://web.archive.org/web/20190723033756/https://naborly.com/blog/evictions-101/
436df575f1da2067,naborly.com,yc,fintech_insurance,Resources for USA Landlords & Tenants - Naborly Inc.,2213,20200807041955,https://naborly.com/blog/resources-for-usa-landlords-tenants/,https://web.archive.org/web/20200807041955/https://naborly.com/blog/resources-for-usa-landlords-tenants/
5a4f88cd9ac224b2,naborly.com,yc,fintech_insurance,Rental Trends for 2022,1052,20211215121746,https://www.naborly.com/blog/rental-trends-for-2022,https://web.archive.org/web/20211215121746/https://www.naborly.com/blog/rental-trends-for-2022
7affc8ab3c7c55c3,naborly.com,yc,fintech_insurance,How to Find Tenants in the Winter Months,855,20220706170646,https://www.naborly.com/blog/find-tenants-winter-months,https://web.archive.org/web/20220706170646/https://www.naborly.com/blog/find-tenants-winter-months
93202c5b52cad69b,naborly.com,yc,fintech_insurance,"No Income, No Return: Help Your Tenants Prove Their Income - Naborly Inc.",1003,20190920223406,https://naborly.com/blog/no-income-no-return/,https://web.archive.org/web/20190920223406/https://naborly.com/blog/no-income-no-return/
9e16d4e69141808c,naborly.com,yc,fintech_insurance,5 Tips For Moving Across Country,899,20220706162533,https://www.naborly.com/blog/5-tips-traveling-across-country,https://web.archive.org/web/20220706162533/https://www.naborly.com/blog/5-tips-traveling-across-country
cc7c090ed0c0b193,naborly.com,yc,fintech_insurance,2020 Vacancy Rate in Toronto: What It Means for Landlords - Naborly Inc.,688,20200807040251,https://naborly.com/blog/2020-vacancy-rate-toronto/,https://web.archive.org/web/20200807040251/https://naborly.com/blog/2020-vacancy-rate-toronto/
f5c9f71eb0fa4303,naborly.com,yc,fintech_insurance,EIV: Electronic Identity Verification Transforming the Rental Space,647,20211117162644,https://www.naborly.com/blog/technology-transforming-rentals-electronic-identity-verification,https://web.archive.org/web/20211117162644/https://www.naborly.com/blog/technology-transforming-rentals-electronic-identity-verification
f8b7f3a442986d0b,naborly.com,yc,fintech_insurance,5 Steps to Starting Your Rental Real Estate Empire - Naborly Inc.,812,20190817172138,https://naborly.com/blog/5-steps-to-starting-your-rental-real-estate-empire/,https://web.archive.org/web/20190817172138/https://naborly.com/blog/5-steps-to-starting-your-rental-real-estate-empire/
5156b8e7b1a46744,nanonets.com,yc,devtools,4 Ways to Parse Excel Data like a Pro,992,20221104182223,https://nanonets.com/blog/how-to-parse-excel-data/,https://web.archive.org/web/20221104182223/https://nanonets.com/blog/how-to-parse-excel-data/
5b1c026c23046514,nanonets.com,yc,devtools,Document Understanding Solution with AI-based OCR Software,2063,20220122084642,https://nanonets.com/blog/document-understanding/,https://web.archive.org/web/20220122084642/https://nanonets.com/blog/document-understanding/
5dd058064da2f4a3,nanonets.com,yc,devtools,Extract Text from Image & PDF | Free Online OCR API,1834,20200930174230,https://nanonets.com/blog/how-extract-text-from-image-pdf-files/,https://web.archive.org/web/20200930174230/https://nanonets.com/blog/how-extract-text-from-image-pdf-files/
9000c10af04d9d9f,nanonets.com,yc,devtools,How to Export Outlook Emails to Excel,764,20221127080422,https://nanonets.com/blog/export-outlook-emails-to-excel/,https://web.archive.org/web/20221127080422/https://nanonets.com/blog/export-outlook-emails-to-excel/
9d9c5e705ce17f83,nanonets.com,yc,devtools,Extract Tables from Invoices (Structured & Unstructured) with Nanonets,2061,20220122082810,https://nanonets.com/blog/extract-invoice-table/,https://web.archive.org/web/20220122082810/https://nanonets.com/blog/extract-invoice-table/
9e1947a469347e7e,nanonets.com,yc,devtools,A 2020 guide to Invoice Data Capture,1545,20201104130216,https://nanonets.com/blog/invoice-capture/,https://web.archive.org/web/20201104130216/https://nanonets.com/blog/invoice-capture/
b74970521bf36241,nanonets.com,yc,devtools,An In-Depth Guide to Document Management Workflow,1777,20210831041051,https://nanonets.com/blog/document-management-workflow/,https://web.archive.org/web/20210831041051/https://nanonets.com/blog/document-management-workflow/
e59fd5b9fc8cc8e7,nanonets.com,yc,devtools,Top 10 Accounts Payable Best Practices of 2021,1203,20210915175912,https://nanonets.com/blog/accounts-payable-best-practices/,https://web.archive.org/web/20210915175912/https://nanonets.com/blog/accounts-payable-best-practices/
e9cbb04a1405081c,nanonets.com,yc,devtools,Document Classification | Nanonets Document Classifier,2092,20210927101538,https://nanonets.com/blog/document-classification/,https://web.archive.org/web/20210927101538/https://nanonets.com/blog/document-classification/
f899459895e3f338,nanonets.com,yc,devtools,Business Process Optimization - A 2022 BPO Guide | Nanonets,2448,20221002153239,https://nanonets.com/blog/business-process-optimization/,https://web.archive.org/web/20221002153239/https://nanonets.com/blog/business-process-optimization/
c98de2e3ba4bca6b,natero.com,yc,software_saas,4 Customer Success Mistakes (and how to fix them),1022,20190401145900,https://blog.natero.com/customer-success-mistakes,https://web.archive.org/web/20190401145900/https://blog.natero.com/customer-success-mistakes
5c885b1e7912d0b1,nextcaller.com,yc,software_saas,15 for 2015 – Customer Service Trends - Next Caller Blog,933,20150414033411,http://blog.nextcaller.com/post/103416044004/15-for-2015-customer-service-trends,https://web.archive.org/web/20150414033411/http://blog.nextcaller.com/post/103416044004/15-for-2015-customer-service-trends
99cd1abf8e680b86,nextcaller.com,yc,software_saas,How Data Can Grow Sales Productivity - Next Caller Blog,931,20140803220709,http://blog.nextcaller.com:80/post/92552328209/how-data-can-grow-sales-productivity,https://web.archive.org/web/20140803220709/http://blog.nextcaller.com:80/post/92552328209/how-data-can-grow-sales-productivity
a521be8fd269127e,nextcaller.com,yc,software_saas,Top Call Center And Telecom Trends For 2016,725,20160530120134,http://www.blog.nextcaller.com:80/blog/top-call-center-and-telecom-trends-for-2016,https://web.archive.org/web/20160530120134/http://www.blog.nextcaller.com:80/blog/top-call-center-and-telecom-trends-for-2016
ccd5e8a3df6368f2,nextcaller.com,yc,software_saas,See What I'm Talking About?: The Future of Visual IVR - Next Caller Blog,912,20141017000707,http://blog.nextcaller.com:80/post/91053118144/see-what-im-talking-about-the-future-of-visual-ivr,https://web.archive.org/web/20141017000707/http://blog.nextcaller.com:80/post/91053118144/see-what-im-talking-about-the-future-of-visual-ivr
d89ff5cb7e77a3da,nextcaller.com,yc,software_saas,Top Tips For A Successful Data Management Strategy,632,20160530121130,http://www.blog.nextcaller.com:80/blog/top-tips-for-a-successful-data-management-strategy,https://web.archive.org/web/20160530121130/http://www.blog.nextcaller.com:80/blog/top-tips-for-a-successful-data-management-strategy
096a854ab969b39f,nextravel.com,yc,software_saas,The Best Out of Basic Economy Fares,1063,20200918131338,https://blog.nextravel.com/the-best-out-of-basic-economy-fares,https://web.archive.org/web/20200918131338/https://blog.nextravel.com/the-best-out-of-basic-economy-fares
2de49ae8e88297b1,nextravel.com,yc,software_saas,Your Hotel Cheat Sheet,755,20201025054536,https://blog.nextravel.com/hotel-cheat-sheet,https://web.archive.org/web/20201025054536/https://blog.nextravel.com/hotel-cheat-sheet
5594bcf7d33665a3,nextravel.com,yc,software_saas,Travel Safety: How Hotels are Keeping You Safe During the Pandemic,692,20200808210902,https://blog.nextravel.com/travel-safety-how-hotels-are-keeping-you-safe-during-the-pandemic,https://web.archive.org/web/20200808210902/https://blog.nextravel.com/travel-safety-how-hotels-are-keeping-you-safe-during-the-pandemic
5aeb20d995d24f08,nextravel.com,yc,software_saas,What Happens When You Double-Book,772,20201209163107,https://blog.nextravel.com/what-happens-when-you-double-book,https://web.archive.org/web/20201209163107/https://blog.nextravel.com/what-happens-when-you-double-book
681e6e04aee194c3,nextravel.com,yc,software_saas,Your Guide to Flight Modifications and Cancellations during the Global Pandemic,1200,20200918133653,https://blog.nextravel.com/your-guide-to-flight-modifications-and-cancellations-during-the-global-pandemic,https://web.archive.org/web/20200918133653/https://blog.nextravel.com/your-guide-to-flight-modifications-and-cancellations-during-the-global-pandemic
6b48fa0aaa959b2c,nextravel.com,yc,software_saas,Hotel Unexpected Charges: Don’t Let it Ruin your Vacation,1089,20201025045347,https://blog.nextravel.com/hotel-unexpected-charges,https://web.archive.org/web/20201025045347/https://blog.nextravel.com/hotel-unexpected-charges
90ce776ca3f7a9ab,nextravel.com,yc,software_saas,Best Places to Enjoy Your Remote Work,976,20201025051247,https://blog.nextravel.com/best-places-to-enjoy-your-remote-work,https://web.archive.org/web/20201025051247/https://blog.nextravel.com/best-places-to-enjoy-your-remote-work
a3129bf7d3d985d5,nextravel.com,yc,software_saas,Blog - 12 Incredibly Useful Gadgets That Every Frequent Business Flyer Needs,613,20190721221559,https://blog.nextravel.com/2016/05/11/12-incredibly-useful-gadgets-that-every-frequent-business-flyer-nneeds/,https://web.archive.org/web/20190721221559/https://blog.nextravel.com/2016/05/11/12-incredibly-useful-gadgets-that-every-frequent-business-flyer-nneeds/
af7097e637ac8a3f,nextravel.com,yc,software_saas,A Peek at What Post-COVID Travel Will Look Like,771,20200918124635,https://blog.nextravel.com/a-peek-at-what-post-covid-travel-will-look-like,https://web.archive.org/web/20200918124635/https://blog.nextravel.com/a-peek-at-what-post-covid-travel-will-look-like
c6800b8dda4dd09a,nextravel.com,yc,software_saas,What COVID-19 Travel Looks Like,698,20200808195319,https://blog.nextravel.com/covid-19-travel-trends,https://web.archive.org/web/20200808195319/https://blog.nextravel.com/covid-19-travel-trends
1a3f3552fdc71045,nickelandsuede.com,inc.com_api_i5list,ecommerce_retail,How To Style Pink Desert,913,20190723161008,https://www.nickelandsuede.com/blog/how-to-style-pink-desert/,https://web.archive.org/web/20190723161008/https://www.nickelandsuede.com/blog/how-to-style-pink-desert/
1e4cc81e92417c88,nickelandsuede.com,inc.com_api_i5list,ecommerce_retail,Summer Travel,821,20190916001259,https://www.nickelandsuede.com/blog/travel-light-summer-travel-tips,https://web.archive.org/web/20190916001259/https://www.nickelandsuede.com/blog/travel-light-summer-travel-tips
8d36a3bcf92e1af8,nickelandsuede.com,inc.com_api_i5list,ecommerce_retail,FAQ,703,20190723154307,https://www.nickelandsuede.com/blog/frequently-asked-questions,https://web.archive.org/web/20190723154307/https://www.nickelandsuede.com/blog/frequently-asked-questions
f800b9765e072445,nickelandsuede.com,inc.com_api_i5list,ecommerce_retail,Fall Styling,631,20191022160913,https://www.nickelandsuede.com/blog/fall-styling/,https://web.archive.org/web/20191022160913/https://www.nickelandsuede.com/blog/fall-styling/
023d8216d9e12bb6,northgatevehiclehire.co.uk,ft1000_wayback:20230425220624,services_other,Safety features to look for when choosing vehicles,739,20190724072948,https://www.northgatevehiclehire.co.uk/blog/safety-features-to-look-for-when-choosing-vehicles,https://web.archive.org/web/20190724072948/https://www.northgatevehiclehire.co.uk/blog/safety-features-to-look-for-when-choosing-vehicles
a8ac34c354bee6c6,northgatevehiclehire.co.uk,ft1000_wayback:20230425220624,services_other,Change your driving habits and lower your costs | Northgate Vehicle Hire Blog,635,20170115055305,http://www.northgatevehiclehire.co.uk:80/blog/change-your-driving-habits-and-lower-your-costs,https://web.archive.org/web/20170115055305/http://www.northgatevehiclehire.co.uk:80/blog/change-your-driving-habits-and-lower-your-costs
346e889b6337d10b,ntiva.com,inc.com_api_i5list,services_other,Bring Your Own Device (BYOD) Policy Tips and Best Practices,1448,20200805111841,https://www.ntiva.com/blog/bring-your-own-device-byod-policy,https://web.archive.org/web/20200805111841/https://www.ntiva.com/blog/bring-your-own-device-byod-policy
8fe7809afa69e3e3,ntiva.com,inc.com_api_i5list,services_other,How to Grow Your Business with the Right Technology,981,20190824044856,https://www.ntiva.com/blog/how-to-grow-your-business-with-technology,https://web.archive.org/web/20190824044856/https://www.ntiva.com/blog/how-to-grow-your-business-with-technology
93b39b97de1b44b0,ntiva.com,inc.com_api_i5list,services_other,5 Things Your IT Help Desk Should Do For You,1046,20200811163710,https://www.ntiva.com/blog/5-things-your-it-help-desk-should-do-for-you,https://web.archive.org/web/20200811163710/https://www.ntiva.com/blog/5-things-your-it-help-desk-should-do-for-you
b1f3350630a75a72,ntiva.com,inc.com_api_i5list,services_other,How Are CEOs Responding To The Coronavirus Impact?,1300,20200805111543,https://www.ntiva.com/blog/how-are-ceos-responding-to-the-coronavirus-impact,https://web.archive.org/web/20200805111543/https://www.ntiva.com/blog/how-are-ceos-responding-to-the-coronavirus-impact
beb43b807b32aa38,ntiva.com,inc.com_api_i5list,services_other,Archives,616,20120311091312,http://www.ntiva.com:80/blog/2012/03/google-policy-change-you/,https://web.archive.org/web/20120311091312/http://www.ntiva.com:80/blog/2012/03/google-policy-change-you/
cc456c113392b386,ntiva.com,inc.com_api_i5list,services_other,5 Benefits of Office 365 for Remote Teams,869,20190716023152,https://www.ntiva.com/blog/five-benefits-office-365-team-collaboration,https://web.archive.org/web/20190716023152/https://www.ntiva.com/blog/five-benefits-office-365-team-collaboration
a94fcb705a2100b7,observe.ai,yc_directory,software_saas,All about setting up Tensorflow Serving,873,20190721070615,https://www.observe.ai/blog/all-about-setting-up-tensorflow-serving,https://web.archive.org/web/20190721070615/https://www.observe.ai/blog/all-about-setting-up-tensorflow-serving
0b73a8aaf4311c54,octopart.com,yc,services_other,Current Sense Amplifier Options for Precision Power Regulation,979,20211118042556,https://octopart.com/blog/archives/2020/06/current-sense-amplifier-options-for-precision-power-regulation,https://web.archive.org/web/20211118042556/https://octopart.com/blog/archives/2020/06/current-sense-amplifier-options-for-precision-power-regulation
14a39e34893e0aec,octopart.com,yc,services_other,Bill of Materials : Necessary and Sufficient Items,1529,20210422151043,https://octopart.com/blog/archives/2015/04/bill-of-materials-necessary-and-sufficient-items,https://web.archive.org/web/20210422151043/https://octopart.com/blog/archives/2015/04/bill-of-materials-necessary-and-sufficient-items
2286c770e2f0b22b,octopart.com,yc,services_other,How to Choose a DAC for Waveform Generation,1067,20220524180408,https://octopart.com/blog/archives/2022/05/how-to-choose-a-dac-for-waveform-generation,https://web.archive.org/web/20220524180408/https://octopart.com/blog/archives/2022/05/how-to-choose-a-dac-for-waveform-generation
323f4fb1ee1b999b,octopart.com,yc,services_other,How to Drive a Servo Motor and the Components You Need,1007,20210721191611,https://octopart.com/blog/archives/2021/07/how-to-drive-a-servo-motor-and-the-components-you-need,https://web.archive.org/web/20210721191611/https://octopart.com/blog/archives/2021/07/how-to-drive-a-servo-motor-and-the-components-you-need
4326e037d52c6eb1,octopart.com,yc,services_other,"Octopart on Elasticsearch: all new, basically the same",753,20201108120245,https://octopart.com/blog/archives/2015/11/octopart-elasticsearch,https://web.archive.org/web/20201108120245/https://octopart.com/blog/archives/2015/11/octopart-elasticsearch
626c6b7bd118fa01,octopart.com,yc,services_other,Electronic Component Purchasing for Manufacturing,683,20201107165151,https://octopart.com/blog/archives/2013/10/electronic-component-purchasing-for-manufacturing,https://web.archive.org/web/20201107165151/https://octopart.com/blog/archives/2013/10/electronic-component-purchasing-for-manufacturing
894d654272efc4ad,octopart.com,yc,services_other,Selecting a Varistor for Transient Voltage Suppression,987,20220513174902,https://octopart.com/blog/archives/2022/05/selecting-a-varistor-for-transient-voltage-suppression,https://web.archive.org/web/20220513174902/https://octopart.com/blog/archives/2022/05/selecting-a-varistor-for-transient-voltage-suppression
913943de7bacbfe5,octopart.com,yc,services_other,Do You Need an Analog Comparator in Your MCU?,1205,20210622181633,https://octopart.com/blog/archives/2021/06/do-you-need-an-analog-comparator-in-your-mcu,https://web.archive.org/web/20210622181633/https://octopart.com/blog/archives/2021/06/do-you-need-an-analog-comparator-in-your-mcu
96963ae6d3af02b4,octopart.com,yc,services_other,Blog Archives,658,20130212065256,http://octopart.com/blog/archives/2007/9/science-blog%253A-the-secret-life-of-gold,https://web.archive.org/web/20130212065256/http://octopart.com/blog/archives/2007/9/science-blog%253A-the-secret-life-of-gold
9e659d9a94d17f2b,octopart.com,yc,services_other,How to Choose a Connector,2579,20190119141625,https://octopart.com/blog/archives/2016/10/how-to-choose-a-connector,https://web.archive.org/web/20190119141625/https://octopart.com/blog/archives/2016/10/how-to-choose-a-connector
9e7688a0244e444a,octopart.com,yc,services_other,New Wifi 6 Chipsets Give Wireless an Upgrade,1663,20220420161435,https://octopart.com/blog/archives/2022/04/new-wifi-6-chipsets-give-wireless-an-upgrade,https://web.archive.org/web/20220420161435/https://octopart.com/blog/archives/2022/04/new-wifi-6-chipsets-give-wireless-an-upgrade
b2d8199563d5edf8,octopart.com,yc,services_other,How to Select a High Speed Backplane Connector,1117,20201212211317,https://octopart.com/blog/archives/2020/12/how-to-select-a-high-speed-backplane-connector,https://web.archive.org/web/20201212211317/https://octopart.com/blog/archives/2020/12/how-to-select-a-high-speed-backplane-connector
ba9e6df55f91ec8a,octopart.com,yc,services_other,Op-Amps Can do More: Specialty Amplifiers for Analog Building Blocks,1775,20201109034257,https://octopart.com/blog/archives/2018/06/op-amps-specialty-amplifiers-for-analog-building-blocks,https://web.archive.org/web/20201109034257/https://octopart.com/blog/archives/2018/06/op-amps-specialty-amplifiers-for-analog-building-blocks
dd2f9340e5c62d0b,octopart.com,yc,services_other,What to Know About Surface Mount Ferrite Inductors for EMI Suppression,1127,20211118042246,https://octopart.com/blog/archives/2018/05/surface-mount-ferrite-inductors-for-emi-suppression,https://web.archive.org/web/20211118042246/https://octopart.com/blog/archives/2018/05/surface-mount-ferrite-inductors-for-emi-suppression
e2909830bee4c900,octopart.com,yc,services_other,Multiplexer vs. Switch: Which Should You Use?,1025,20210401181640,https://octopart.com/blog/archives/2021/04/multiplexer-vs-switch-which-should-you-use,https://web.archive.org/web/20210401181640/https://octopart.com/blog/archives/2021/04/multiplexer-vs-switch-which-should-you-use
ef23beed4a5b1208,octopart.com,yc,services_other,Connected Services And Product Development,686,20210105032519,https://octopart.com/blog/archives/2021/01/connected-services-and-product-development,https://web.archive.org/web/20210105032519/https://octopart.com/blog/archives/2021/01/connected-services-and-product-development
3819723c99ec7f0a,okcredit.in,yc,fintech_insurance,10+ Business Ideas for Women in Goa to Start Easily,1547,20210618021419,https://okcredit.in/blog/business-ideas-for-women-in-goa/,https://web.archive.org/web/20210618021419/https://okcredit.in/blog/business-ideas-for-women-in-goa/
4578c8b545e72599,okcredit.in,yc,fintech_insurance,GST: Types of GST in detail & all you need to know about this tax,1000,20201130203633,https://okcredit.in/blog/gst-and-types-of-gst-in-detail/,https://web.archive.org/web/20201130203633/https://okcredit.in/blog/gst-and-types-of-gst-in-detail/
45e18f1c98f7cc50,okcredit.in,yc,fintech_insurance,Why do Brands now prefer smaller cities & towns over bigger cities?,1463,20220702150353,https://okcredit.in/blog/emerging-business-in-smaller-towns/,https://web.archive.org/web/20220702150353/https://okcredit.in/blog/emerging-business-in-smaller-towns/
49750c993a083612,okcredit.in,yc,fintech_insurance,Top 10 Booming Small Business Ideas in 2021,1361,20210922153801,https://okcredit.in/blog/fantastic-small-business-ideas-in-2021/,https://web.archive.org/web/20210922153801/https://okcredit.in/blog/fantastic-small-business-ideas-in-2021/
4dca1331353b452d,okcredit.in,yc,fintech_insurance,Innovative steps and ideas to start a business with less than 10000,1410,20211014104234,https://okcredit.in/blog/business-ideas-under-rupees-10000/,https://web.archive.org/web/20211014104234/https://okcredit.in/blog/business-ideas-under-rupees-10000/
53c237a7881974d0,okcredit.in,yc,fintech_insurance,6 High Paying & Flexible Online Jobs For Housewives,1476,20211206055000,https://okcredit.in/blog/best-internet-jobs-for-housewives/,https://web.archive.org/web/20211206055000/https://okcredit.in/blog/best-internet-jobs-for-housewives/
5522ae5d86966b42,okcredit.in,yc,fintech_insurance,Cheque Bounce Reasons: Check out the reasons and know how to avoid it,1431,20220814191722,https://okcredit.in/blog/cheque-bounce-reasons/,https://web.archive.org/web/20220814191722/https://okcredit.in/blog/cheque-bounce-reasons/
58a457d027e7922f,okcredit.in,yc,fintech_insurance,Top-10 Business Ideas for Bihar: Businesses That You Can Consider,1551,20220814190627,https://okcredit.in/blog/business-ideas-for-bihar/,https://web.archive.org/web/20220814190627/https://okcredit.in/blog/business-ideas-for-bihar/
6151946cf5f48dae,okcredit.in,yc,fintech_insurance,Brick Manufacturers in India: Top 7 Brick Manufacturers of India,1293,20220524025307,https://okcredit.in/blog/brick-manufacturers-in-india/,https://web.archive.org/web/20220524025307/https://okcredit.in/blog/brick-manufacturers-in-india/
63c5f75490d2a5a1,okcredit.in,yc,fintech_insurance,Wholesale Business Ideas In India: Best wholesale businesses in 2021-22,1525,20220121020150,https://okcredit.in/blog/best-wholesale-business-ideas/,https://web.archive.org/web/20220121020150/https://okcredit.in/blog/best-wholesale-business-ideas/
640600d85b6e8981,okcredit.in,yc,fintech_insurance,Air Compressor Manufacturer in India: A Detailed Review,1545,20220426131458,https://okcredit.in/blog/air-compressor-manufacturer-in-india/,https://web.archive.org/web/20220426131458/https://okcredit.in/blog/air-compressor-manufacturer-in-india/
66725b26518c3dff,okcredit.in,yc,fintech_insurance,Garden Pipe Manufacturers in India: Here the best Garden Pipe Manufacturers,1239,20221001233954,https://okcredit.in/blog/garden-pipe-manufacturers-in-india/,https://web.archive.org/web/20221001233954/https://okcredit.in/blog/garden-pipe-manufacturers-in-india/
96ab3b90ead49c02,okcredit.in,yc,fintech_insurance,FMCG Distributors In Indore: Get complete details here,959,20220816223118,https://okcredit.in/blog/fmcg-distributors-in-indore/,https://web.archive.org/web/20220816223118/https://okcredit.in/blog/fmcg-distributors-in-indore/
9e451eecf61bb638,okcredit.in,yc,fintech_insurance,Cattle Feed Manufacturers in India: A Detailed Review,1368,20220524022014,https://okcredit.in/blog/cattle-feed-manufacturers-in-india/,https://web.archive.org/web/20220524022014/https://okcredit.in/blog/cattle-feed-manufacturers-in-india/
a2ce34cd2cecb835,okcredit.in,yc,fintech_insurance,FMCG Distributors in Ahmedabad: Check out the complete list here,1230,20220816213547,https://okcredit.in/blog/fmcg-distributors-in-ahmedabad/,https://web.archive.org/web/20220816213547/https://okcredit.in/blog/fmcg-distributors-in-ahmedabad/
a2cfc3bf593e4ae8,okcredit.in,yc,fintech_insurance,Carpet Manufacturers in India: Best Carpet Manufacturing Companies,1594,20220524032358,https://okcredit.in/blog/best-carpet-manufacturers-across-india/,https://web.archive.org/web/20220524032358/https://okcredit.in/blog/best-carpet-manufacturers-across-india/
a789d3d7806f749e,okcredit.in,yc,fintech_insurance,Grocery Stores In Gurgaon: 10 Best Grocery Stores In Gurgaon,971,20220815151328,https://okcredit.in/blog/grocery-stores-in-gurgaon/,https://web.archive.org/web/20220815151328/https://okcredit.in/blog/grocery-stores-in-gurgaon/
b156d215b5021af3,okcredit.in,yc,fintech_insurance,Amul franchise cost in India: Check process to start and requirements,1306,20221001231228,https://okcredit.in/blog/amul-franchise-cost-in-india/,https://web.archive.org/web/20221001231228/https://okcredit.in/blog/amul-franchise-cost-in-india/
b312d14685ad6a5f,okcredit.in,yc,fintech_insurance,Best Chemical Companies in Bharuch: Here's The List of Top Companies,1571,20220524040226,https://okcredit.in/blog/chemical-companies-in-bharuch/,https://web.archive.org/web/20220524040226/https://okcredit.in/blog/chemical-companies-in-bharuch/
b3714d1a85d66b33,okcredit.in,yc,fintech_insurance,What are the top-10 most profitable businesses in India?,1114,20210127003112,https://okcredit.in/blog/10-most-profitable-businesses-in-india/,https://web.archive.org/web/20210127003112/https://okcredit.in/blog/10-most-profitable-businesses-in-india/
b627cc684ef1f4f1,okcredit.in,yc,fintech_insurance,Best Distributorship Opportunities In FMCG In 2022 Check out the list,1540,20220814182621,https://okcredit.in/blog/best-fmcg-distributorship-opportunities/,https://web.archive.org/web/20220814182621/https://okcredit.in/blog/best-fmcg-distributorship-opportunities/
bdac3c71a8c9f0d5,okcredit.in,yc,fintech_insurance,Famous Food Of Meghalaya: Most Popular Dishes In Meghalaya,1564,20211206044933,https://okcredit.in/blog/famous-street-food-of-meghalaya/,https://web.archive.org/web/20211206044933/https://okcredit.in/blog/famous-street-food-of-meghalaya/
d1a2544c643161c4,okcredit.in,yc,fintech_insurance,FMCG Distributors in Bangalore: Get complete details here,1154,20220816213908,https://okcredit.in/blog/fmcg-distributors-in-bangalore/,https://web.archive.org/web/20220816213908/https://okcredit.in/blog/fmcg-distributors-in-bangalore/
d8729a68741659d7,okcredit.in,yc,fintech_insurance,10 tips you should know about before starting a small business,1441,20210422020837,https://okcredit.in/blog/best-tips-for-starting-small-business/,https://web.archive.org/web/20210422020837/https://okcredit.in/blog/best-tips-for-starting-small-business/
e2232ff67de2a564,okcredit.in,yc,fintech_insurance,Garment Manufacturers in India: Top Garment Manufacturing Companies,1592,20220524015829,https://okcredit.in/blog/garment-manufacturers-in-india/,https://web.archive.org/web/20220524015829/https://okcredit.in/blog/garment-manufacturers-in-india/
e915559d2d195764,okcredit.in,yc,fintech_insurance,Cake Shops in Jaipur: Get complete details here,1228,20220815155445,https://okcredit.in/blog/cake-shops-in-jaipur/,https://web.archive.org/web/20220815155445/https://okcredit.in/blog/cake-shops-in-jaipur/
ecb9ae757ba59d41,okcredit.in,yc,fintech_insurance,25+ Mind-Blowing Business Ideas For Writing Entrepreneurs,1763,20210422013948,https://okcredit.in/blog/business-ideas-for-writing-entrepreneurs/,https://web.archive.org/web/20210422013948/https://okcredit.in/blog/business-ideas-for-writing-entrepreneurs/
ed09f79da7d4902d,okcredit.in,yc,fintech_insurance,Best Cycle Brands in India: Here's the list of the best cycle brands,1276,20220702144952,https://okcredit.in/blog/best-cycle-brands-in-india/,https://web.archive.org/web/20220702144952/https://okcredit.in/blog/best-cycle-brands-in-india/
f2d0237bd4ea09a9,okcredit.in,yc,fintech_insurance,Computer Hardware Manufacturers In India: Best Manufacturers in India,1261,20221002010728,https://okcredit.in/blog/computer-hardware-manufacturers-in-india/,https://web.archive.org/web/20221002010728/https://okcredit.in/blog/computer-hardware-manufacturers-in-india/
219495602c1543ce,oneschema.co,yc,software_saas,How to Reduce Customer Churn with Better Customer Onboarding? - Tech - Webflow Ecommerce Website Template,845,20220517182703,https://www.oneschema.co/blog/how-to-reduce-customer-churn-with-better-customer-onboarding,https://web.archive.org/web/20220517182703/https://www.oneschema.co/blog/how-to-reduce-customer-churn-with-better-customer-onboarding
50f2ce41d252dc8e,oneschema.co,yc,software_saas,ETL vs Data Onboarding: Making an Informed Decision - Tech - Webflow Ecommerce Website Template,1198,20220517164415,https://www.oneschema.co/blog/etl-vs-data-onboarding,https://web.archive.org/web/20220517164415/https://www.oneschema.co/blog/etl-vs-data-onboarding
6e334bafa81a13bc,oneschema.co,yc,software_saas,6 Reasons Why You Can't Import Your CSV File - Tech - Webflow Ecommerce Website Template,1254,20220517164557,https://www.oneschema.co/blog/csv-import-error,https://web.archive.org/web/20220517164557/https://www.oneschema.co/blog/csv-import-error
7cdf62766372026d,oneschema.co,yc,software_saas,The Cost to Build and Maintain a CSV Importer,1757,20220908211827,https://www.oneschema.co/blog/csv-importer-cost,https://web.archive.org/web/20220908211827/https://www.oneschema.co/blog/csv-importer-cost
80b37f29af6a1867,oneschema.co,yc,software_saas,How to separate first and last names in Excel - Tech - Webflow Ecommerce Website Template,1150,20220124135526,https://www.oneschema.co/blog/how-to-separate-first-and-last-names-in-excel,https://web.archive.org/web/20220124135526/https://www.oneschema.co/blog/how-to-separate-first-and-last-names-in-excel
9de3c3945455651d,oneschema.co,yc,software_saas,How Do You Format Dates in Excel? - Tech - Webflow Ecommerce Website Template,787,20220124131507,https://www.oneschema.co/blog/how-do-you-format-dates-in-excel,https://web.archive.org/web/20220124131507/https://www.oneschema.co/blog/how-do-you-format-dates-in-excel
b9fd9279527d5cac,oneschema.co,yc,software_saas,Tutorial: How to use the OneSchema Branding Suite,994,20221001060600,https://www.oneschema.co/blog/oneschema-branding-suite,https://web.archive.org/web/20221001060600/https://www.oneschema.co/blog/oneschema-branding-suite
d7f1f5ff255ff47e,oneschema.co,yc,software_saas,Flatfile Competitors: The 4 Best Alternatives,1265,20221001040702,https://www.oneschema.co/blog/flatfile-competitors-alternatives,https://web.archive.org/web/20221001040702/https://www.oneschema.co/blog/flatfile-competitors-alternatives
dfe52ab581fec499,oneschema.co,yc,software_saas,How to Design An Attractive And Usable Data Importer UI,1070,20220713215050,https://www.oneschema.co/blog/how-to-design-an-attractive-and-usable-data-importer-ui,https://web.archive.org/web/20220713215050/https://www.oneschema.co/blog/how-to-design-an-attractive-and-usable-data-importer-ui
fb9349b917ee205a,oneschema.co,yc,software_saas,Troubleshooting The 6 Most Common CSV Import Errors - Tech - Webflow Ecommerce Website Template,868,20220517180454,https://www.oneschema.co/blog/csv-import-errors,https://web.archive.org/web/20220517180454/https://www.oneschema.co/blog/csv-import-errors
29282851c380f9a4,onesignal.com,yc,devtools,Reduce App Churn After New Downloads,1012,20210128235842,https://onesignal.com/blog/easy-strategies-to-increase-app-retention/,https://web.archive.org/web/20210128235842/https://onesignal.com/blog/easy-strategies-to-increase-app-retention/
9af020c13633aa17,onesignal.com,yc,devtools,Best Practices for Web Push Notifications - The ULTIMATE 2019 Guide!,648,20190825162439,https://onesignal.com/blog/best-practices-to-master-web-notifications-a-7-step-guide/,https://web.archive.org/web/20190825162439/https://onesignal.com/blog/best-practices-to-master-web-notifications-a-7-step-guide/
244262307aee3973,orchard.com,inc.com_api_i5list,services_other,Does a New Construction Home Need an Inspection?,1436,20211211173006,https://orchard.com/blog/posts/new-construction-home-inspection,https://web.archive.org/web/20211211173006/https://orchard.com/blog/posts/new-construction-home-inspection
478166b633843da3,orchard.com,inc.com_api_i5list,services_other,"What Does Home Staging Cost, And Is It Worth It?",1385,20210619120947,https://orchard.com/blog/posts/home-staging-cost,https://web.archive.org/web/20210619120947/https://orchard.com/blog/posts/home-staging-cost
54561f7a233d7219,orchard.com,inc.com_api_i5list,services_other,The Complete House Hunting Checklist | Free Printable List for Buyers,1705,20210603002911,https://orchard.com/blog/posts/house-hunting-checklist-for-buyers,https://web.archive.org/web/20210603002911/https://orchard.com/blog/posts/house-hunting-checklist-for-buyers
5534fba75bff7b85,orchard.com,inc.com_api_i5list,services_other,What States Pay You to Move There? - Orchard,1263,20220810145416,https://orchard.com/blog/posts/what-states-pay-you-to-move-there,https://web.archive.org/web/20220810145416/https://orchard.com/blog/posts/what-states-pay-you-to-move-there
63072a8bb3452ea6,orchard.com,inc.com_api_i5list,services_other,"The Best Places to Live in Northern Virginia | Families, Professionals, Seniors",1760,20211026073555,https://orchard.com/blog/posts/the-best-places-to-live-in-northern-virginia-families-professionals-seniors,https://web.archive.org/web/20211026073555/https://orchard.com/blog/posts/the-best-places-to-live-in-northern-virginia-families-professionals-seniors
702b9aea7c71edf2,orchard.com,inc.com_api_i5list,services_other,Is Buying a Tiny Home Worth It? - Orchard,1244,20221128043158,https://orchard.com/blog/posts/is-buying-a-tiny-home-worth-it,https://web.archive.org/web/20221128043158/https://orchard.com/blog/posts/is-buying-a-tiny-home-worth-it
88eccb631ea6212d,orchard.com,inc.com_api_i5list,services_other,What to Look for During Your Final Home Walkthrough,1273,20220509192710,https://orchard.com/blog/posts/things-to-look-for-in-final-home-walkthrough,https://web.archive.org/web/20220509192710/https://orchard.com/blog/posts/things-to-look-for-in-final-home-walkthrough
99c4f5c4b7e7cbbf,orchard.com,inc.com_api_i5list,services_other,How to Qualify for a Mortgage Before Selling Your Old Home,1244,20220519014916,https://orchard.com/blog/posts/qualifying-for-mortgage-before-selling,https://web.archive.org/web/20220519014916/https://orchard.com/blog/posts/qualifying-for-mortgage-before-selling
b4e4aa4e2d442d7a,orchard.com,inc.com_api_i5list,services_other,How Soon Can You Refinance After Buying a House? - Orchard,1310,20220518000736,https://orchard.com/blog/posts/how-soon-can-you-refinance-after-buying-a-house,https://web.archive.org/web/20220518000736/https://orchard.com/blog/posts/how-soon-can-you-refinance-after-buying-a-house
c3c197f63555beb0,orchard.com,inc.com_api_i5list,services_other,Denver Real Estate Report | April 2020 | Orchard,723,20200814083034,https://orchard.com/blog/posts/denver-real-estate-report-april-2020,https://web.archive.org/web/20200814083034/https://orchard.com/blog/posts/denver-real-estate-report-april-2020
c69e3b745d107422,orchard.com,inc.com_api_i5list,services_other,"How Atlanta Real Estate Has Changed Since 2020, By ZIP Code",930,20211013183852,https://orchard.com/blog/posts/where-in-atlanta-toughest-to-buy-a-home-zip-code-report,https://web.archive.org/web/20211013183852/https://orchard.com/blog/posts/where-in-atlanta-toughest-to-buy-a-home-zip-code-report
e25b4b1f134b82ba,orchard.com,inc.com_api_i5list,services_other,How to Increase Home Value: The 8 Best ROI Projects,1847,20211029150523,https://orchard.com/blog/posts/how-to-increase-home-value,https://web.archive.org/web/20211029150523/https://orchard.com/blog/posts/how-to-increase-home-value
02ae8cdcac329fd4,oxylabs.io,ft1000_wayback:20220301043147,devtools,Web Scraping in Automotive Industry,813,20191208163336,https://oxylabs.io/blog/web-scraping-in-automotive-industry,https://web.archive.org/web/20191208163336/https://oxylabs.io/blog/web-scraping-in-automotive-industry
0322f9f62e4affab,oxylabs.io,ft1000_wayback:20220301043147,devtools,Firmographic Data for Marketing: Everything You Need to Know,1356,20210925031827,https://oxylabs.io/blog/firmographic-data,https://web.archive.org/web/20210925031827/https://oxylabs.io/blog/firmographic-data
0640caadefb19ef6,oxylabs.io,ft1000_wayback:20220301043147,devtools,Data Pipeline Architecture Explained,1740,20221005093009,https://oxylabs.io/blog/data-pipeline-architecture,https://web.archive.org/web/20221005093009/https://oxylabs.io/blog/data-pipeline-architecture
1e2c41bea0f00c55,oxylabs.io,ft1000_wayback:20220301043147,devtools,Web Crawling vs. Web Scraping,895,20190718223523,https://oxylabs.io/blog/crawling-vs-scraping,https://web.archive.org/web/20190718223523/https://oxylabs.io/blog/crawling-vs-scraping
334f36c7f7960a98,oxylabs.io,ft1000_wayback:20220301043147,devtools,Data Wrangling: What Is It and Why Is It Important?,1031,20211026022844,https://oxylabs.io/blog/data-wrangling,https://web.archive.org/web/20211026022844/https://oxylabs.io/blog/data-wrangling
39c55c9751f4fa6f,oxylabs.io,ft1000_wayback:20220301043147,devtools,Proxies for Web Scraping: a Complete Guide | OxyCast #5,805,20220523200442,https://oxylabs.io/blog/oxycast-episode-5,https://web.archive.org/web/20220523200442/https://oxylabs.io/blog/oxycast-episode-5
404e02a87c26175d,oxylabs.io,ft1000_wayback:20220301043147,devtools,Web Scraping for Machine Learning,1819,20220315133509,https://oxylabs.io/blog/web-scraping-for-machine-learning,https://web.archive.org/web/20220315133509/https://oxylabs.io/blog/web-scraping-for-machine-learning
40cd2d02cfa69293,oxylabs.io,ft1000_wayback:20220301043147,devtools,What is cURL and What Does It Mean?,1082,20201021163352,https://oxylabs.io/blog/what-is-curl,https://web.archive.org/web/20201021163352/https://oxylabs.io/blog/what-is-curl
46dbdbe15cffaaa0,oxylabs.io,ft1000_wayback:20220301043147,devtools,Web Scraping With RegEx,1017,20220521000537,https://oxylabs.io/blog/regex-web-scraping,https://web.archive.org/web/20220521000537/https://oxylabs.io/blog/regex-web-scraping
700207bd0def30e4,oxylabs.io,ft1000_wayback:20220301043147,devtools,What Is an ETL Pipeline?,1472,20221027092253,https://oxylabs.io/blog/etl-pipeline,https://web.archive.org/web/20221027092253/https://oxylabs.io/blog/etl-pipeline
7582b5ed5f5473da,oxylabs.io,ft1000_wayback:20220301043147,devtools,How to Use cURL With Proxy?,1492,20200926113434,https://oxylabs.io/blog/curl-with-proxy,https://web.archive.org/web/20200926113434/https://oxylabs.io/blog/curl-with-proxy
97308199af130e92,oxylabs.io,ft1000_wayback:20220301043147,devtools,The Importance of Having an Ethical Data Collection Policy,1079,20220313014335,https://oxylabs.io/blog/ethical-data-collection-policy,https://web.archive.org/web/20220313014335/https://oxylabs.io/blog/ethical-data-collection-policy
a7128017eef886d1,oxylabs.io,ft1000_wayback:20220301043147,devtools,Semi-Dedicated Proxies: What Are They?,1054,20210119090414,https://oxylabs.io/blog/semi-dedicated-proxies,https://web.archive.org/web/20210119090414/https://oxylabs.io/blog/semi-dedicated-proxies
aafaac69b2aff12d,oxylabs.io,ft1000_wayback:20220301043147,devtools,What Is HTTP Proxy?,841,20211123065324,https://oxylabs.io/blog/what-is-http-proxy,https://web.archive.org/web/20211123065324/https://oxylabs.io/blog/what-is-http-proxy
b72677bed28ae7d8,oxylabs.io,ft1000_wayback:20220301043147,devtools,E-Commerce Keywords Research: Data Collection Challenges and Solutions,1506,20210411152604,https://oxylabs.io/blog/ecommerce-keywords,https://web.archive.org/web/20210411152604/https://oxylabs.io/blog/ecommerce-keywords
b7bc6445c4e255cd,oxylabs.io,ft1000_wayback:20220301043147,devtools,How to Reduce the Data Collection Costs,1832,20220629224335,https://oxylabs.io/blog/cost-of-data-collection,https://web.archive.org/web/20220629224335/https://oxylabs.io/blog/cost-of-data-collection
bd0f4906dd7db36d,oxylabs.io,ft1000_wayback:20220301043147,devtools,"AI/ML in 2022: More Real-world Deployments, Focus on AI Ethics and Blockchain Hopes",628,20220129045015,https://oxylabs.io/blog/ai-ml-in-2022,https://web.archive.org/web/20220129045015/https://oxylabs.io/blog/ai-ml-in-2022
c0b6bc6204943d99,oxylabs.io,ft1000_wayback:20220301043147,devtools,What is Dynamic Pricing?,933,20200926122601,https://oxylabs.io/blog/what-is-dynamic-pricing,https://web.archive.org/web/20200926122601/https://oxylabs.io/blog/what-is-dynamic-pricing
d202e3910723b8d7,oxylabs.io,ft1000_wayback:20220301043147,devtools,What Are Backconnect Proxies?,945,20210305044810,https://oxylabs.io/blog/backconnect-proxies,https://web.archive.org/web/20210305044810/https://oxylabs.io/blog/backconnect-proxies
f02cb1c926c6f227,oxylabs.io,ft1000_wayback:20220301043147,devtools,What is a Transparent Proxy and How is It Used?,1581,20221127231337,https://oxylabs.io/blog/what-is-transparent-proxy,https://web.archive.org/web/20221127231337/https://oxylabs.io/blog/what-is-transparent-proxy
1a41dce4e33e583e,paddle.com,g2.com_wayback,fintech_insurance,How to Determine your Customer Personas,724,20190821223609,https://paddle.com/blog/how-to-determine-your-customer-personas/,https://web.archive.org/web/20190821223609/https://paddle.com/blog/how-to-determine-your-customer-personas/
23c018372e1e94a7,paddle.com,g2.com_wayback,fintech_insurance,Determining your SaaS Buyer Personas,1520,20191017230211,https://paddle.com/blog/determining-your-saas-buyer-personas/,https://web.archive.org/web/20191017230211/https://paddle.com/blog/determining-your-saas-buyer-personas/
25e6cf95c3efb196,paddle.com,g2.com_wayback,fintech_insurance,Top 5 marketing tactics to get your first 100 SaaS users,1015,20210421113513,https://paddle.com/blog/top-5-marketing-tactics-to-get-your-first-100-saas-users/,https://web.archive.org/web/20210421113513/https://paddle.com/blog/top-5-marketing-tactics-to-get-your-first-100-saas-users/
3301ecb17c287cdf,paddle.com,g2.com_wayback,fintech_insurance,Hybrid billing: The secret sauce for project management software and productivity tooling,1454,20220528100138,https://www.paddle.com/blog/hybrid-billing-for-project-management-software,https://web.archive.org/web/20220528100138/https://www.paddle.com/blog/hybrid-billing-for-project-management-software
3b38e355e5635cec,paddle.com,g2.com_wayback,fintech_insurance,What is freemium and why is it a winning model for SaaS businesses?,1195,20210917160022,https://paddle.com/blog/what-is-freemium-for-saas/,https://web.archive.org/web/20210917160022/https://paddle.com/blog/what-is-freemium-for-saas/
4827148e31e89d58,paddle.com,g2.com_wayback,fintech_insurance,What We Learned Working From Two Locations,1508,20190722093308,https://paddle.com/blog/what-we-learned-working-from-two-locations/,https://web.archive.org/web/20190722093308/https://paddle.com/blog/what-we-learned-working-from-two-locations/
4bea9ca7708d8009,paddle.com,g2.com_wayback,fintech_insurance,Which of these 4 factors is your biggest invoicing headache?,849,20220626203848,https://www.paddle.com/blog/4-headaches-of-invoice-reconciliation,https://web.archive.org/web/20220626203848/https://www.paddle.com/blog/4-headaches-of-invoice-reconciliation
55799356fb207664,paddle.com,g2.com_wayback,fintech_insurance,SaaS churn rate: What does good look like?,2123,20210525180234,https://paddle.com/blog/saas-churn-rate/,https://web.archive.org/web/20210525180234/https://paddle.com/blog/saas-churn-rate/
755fb2c55e78890e,paddle.com,g2.com_wayback,fintech_insurance,6 reasons for low payment acceptance in SaaS and what you can do about it,1478,20210201123200,https://paddle.com/blog/6-reasons-for-low-payment-acceptance-in-saas/,https://web.archive.org/web/20210201123200/https://paddle.com/blog/6-reasons-for-low-payment-acceptance-in-saas/
75ba8258b1c6c00e,paddle.com,g2.com_wayback,fintech_insurance,Finding the Right Subscription Billing Model,1292,20190821231305,https://paddle.com/blog/finding-the-right-subscription-billing-model/,https://web.archive.org/web/20190821231305/https://paddle.com/blog/finding-the-right-subscription-billing-model/
7a73f0d1825bacd2,paddle.com,g2.com_wayback,fintech_insurance,Challenges SaaS CFOs face and how to overcome them: A conversation with Peter Nesbitt,1454,20220326011614,https://www.paddle.com/blog/challenges-saas-cfos-face-and-how-to-overcome-them,https://web.archive.org/web/20220326011614/https://www.paddle.com/blog/challenges-saas-cfos-face-and-how-to-overcome-them
895338ed18178db0,paddle.com,g2.com_wayback,fintech_insurance,Why We Created An Email System Using React,828,20190821220726,https://paddle.com/blog/why-we-created-an-email-system-using-react/,https://web.archive.org/web/20190821220726/https://paddle.com/blog/why-we-created-an-email-system-using-react/
9aae61fcc500b0c4,paddle.com,g2.com_wayback,fintech_insurance,Selling product-led SaaS? The future is hybrid - be ready.,1133,20220528101230,https://www.paddle.com/blog/the-future-of-saas-sales-is-hybrid,https://web.archive.org/web/20220528101230/https://www.paddle.com/blog/the-future-of-saas-sales-is-hybrid
9e82cb5942b7f039,paddle.com,g2.com_wayback,fintech_insurance,How to Achieve Negative Churn the Paddle Way,1617,20190724072729,https://paddle.com/blog/how-to-achieve-negative-churn-the-paddle-way/,https://web.archive.org/web/20190724072729/https://paddle.com/blog/how-to-achieve-negative-churn-the-paddle-way/
cb6267469be4b65b,paddle.com,g2.com_wayback,fintech_insurance,How to Make an Impact Through Pricing Optimization,1241,20190821223105,https://paddle.com/blog/make-impact-through-pricing-optimization/,https://web.archive.org/web/20190821223105/https://paddle.com/blog/make-impact-through-pricing-optimization/
cbee343eb8e5dc22,paddle.com,g2.com_wayback,fintech_insurance,Succeed at Recurring Billing: How to Increase Payment Acceptance,1776,20190824180254,https://paddle.com/blog/succeed-at-recurring-billing/,https://web.archive.org/web/20190824180254/https://paddle.com/blog/succeed-at-recurring-billing/
d05ce17889542e5c,paddle.com,g2.com_wayback,fintech_insurance,Acquisition vs. Retention: Which should be your Q2 focus?,1608,20200520023440,https://paddle.com/blog/acquisition-vs-retention/,https://web.archive.org/web/20200520023440/https://paddle.com/blog/acquisition-vs-retention/
d8d34f0c78ed4975,paddle.com,g2.com_wayback,fintech_insurance,4 Tips to Ace Your Next Hackathon,1111,20200521020204,https://paddle.com/blog/4-tips-to-ace-your-next-hackathon/,https://web.archive.org/web/20200521020204/https://paddle.com/blog/4-tips-to-ace-your-next-hackathon/
db0ecc60f9f2b615,paddle.com,g2.com_wayback,fintech_insurance,More than reporting: How to draw (and use) meaningful insights from SaaS metrics,940,20220922211412,https://www.paddle.com/blog/how-to-draw-and-use-meaningful-insights-from-saas-metrics,https://web.archive.org/web/20220922211412/https://www.paddle.com/blog/how-to-draw-and-use-meaningful-insights-from-saas-metrics
e377ee8e7a08d142,paddle.com,g2.com_wayback,fintech_insurance,Building Your Optimal Billing Model: Top 8 Models for SaaS Companies,1406,20190824174044,https://paddle.com/blog/building-your-optimal-billing-model-top-8-models-for-saas-companies/,https://web.archive.org/web/20190824174044/https://paddle.com/blog/building-your-optimal-billing-model-top-8-models-for-saas-companies/
aa1a732d570a8005,padmapper.com,yc,ecommerce_retail,5 Things to Watch Out For When Searching for an Apartment on Craigslist,1705,20100606190941,http://www.padmapper.com:80/blog/2010/05/24/5-things-to-watch-out-for-when-searching-for-an-apartment-on-craigslist/,https://web.archive.org/web/20100606190941/http://www.padmapper.com:80/blog/2010/05/24/5-things-to-watch-out-for-when-searching-for-an-apartment-on-craigslist/
ec1d21d607fcb18b,padmapper.com,yc,ecommerce_retail,How to Find Free Moving Boxes,787,20110523134111,http://blog.padmapper.com:80/2010/07/22/how-to-find-free-moving-boxes/,https://web.archive.org/web/20110523134111/http://blog.padmapper.com:80/2010/07/22/how-to-find-free-moving-boxes/
018f057ad45ff9ac,papa.com,yc,ecommerce_retail,Older Adults and Loneliness: Digging Out Post-Pandemic | Papa,793,20220624024045,https://www.papa.com/resources/blog/older-adults-and-loneliness-digging-out-post-pandemic,https://web.archive.org/web/20220624024045/https://www.papa.com/resources/blog/older-adults-and-loneliness-digging-out-post-pandemic
37ffd559e3b4eb58,papa.com,yc,ecommerce_retail,Activities for Seniors in Providence | Papa,1228,20220812125821,https://www.papa.com/resources/blog/activities-for-seniors-in-providence/,https://web.archive.org/web/20220812125821/https://www.papa.com/resources/blog/activities-for-seniors-in-providence/
3fdd759b31aa06f2,papa.com,yc,ecommerce_retail,Promising Pivots in Medicare Advantage Health Plans | Papa,1234,20220922150828,https://www.papa.com/resources/blog/promising-pivots-in-medicare-advantage-health-plans,https://web.archive.org/web/20220922150828/https://www.papa.com/resources/blog/promising-pivots-in-medicare-advantage-health-plans
41dbfa8336f1e6d3,papa.com,yc,ecommerce_retail,Senior Activities in Palm Beach County | Papa,842,20220521184743,https://www.papa.com/resources/blog/senior-activities-in-palm-beach-county/,https://web.archive.org/web/20220521184743/https://www.papa.com/resources/blog/senior-activities-in-palm-beach-county/
4ee804c9107362b8,papa.com,yc,ecommerce_retail,"Activities for Seniors in Lake County, Illinois | Papa",1623,20221001220425,https://www.papa.com/resources/blog/activities-for-seniors-in-lake-county-illinois/,https://web.archive.org/web/20221001220425/https://www.papa.com/resources/blog/activities-for-seniors-in-lake-county-illinois/
6412f9b307b7b1be,papa.com,yc,ecommerce_retail,The Best Part-Time Jobs in Miami for College Students | Papa,1079,20220523045624,https://www.papa.com/resources/blog/the-best-part-time-jobs-in-miami-for-college-students/,https://web.archive.org/web/20220523045624/https://www.papa.com/resources/blog/the-best-part-time-jobs-in-miami-for-college-students/
8be1596622af59ef,papa.com,yc,ecommerce_retail,The Best Yoga Exercises for Seniors | Papa,703,20220521175357,https://www.papa.com/resources/blog/the-best-yoga-exercises-for-seniors/,https://web.archive.org/web/20220521175357/https://www.papa.com/resources/blog/the-best-yoga-exercises-for-seniors/
8c4ec71c7f1bf90e,papa.com,yc,ecommerce_retail,Activities for Seniors in Tampa and St. Petersburg | Papa,1115,20220521175532,https://www.papa.com/resources/blog/activities-for-seniors-in-tampa-and-st-petersburg/,https://web.archive.org/web/20220521175532/https://www.papa.com/resources/blog/activities-for-seniors-in-tampa-and-st-petersburg/
a9eb318733dbbc6d,papa.com,yc,ecommerce_retail,Mind the Gap: Why Health Care Navigation is Critical for Health Plans,778,20220523055055,https://www.papa.com/resources/blog/mind-the-gap-why-health-care-navigation-is-critical-for-health-plans/,https://web.archive.org/web/20220523055055/https://www.papa.com/resources/blog/mind-the-gap-why-health-care-navigation-is-critical-for-health-plans/
c364e30e6edf0f0e,papa.com,yc,ecommerce_retail,4 Factors That Lead to Improved Member Experience That May Surprise You | Papa,1095,20220728150409,https://www.papa.com/resources/blog/4-factors-that-lead-to-improved-member-experience-that-may-surprise-you,https://web.archive.org/web/20220728150409/https://www.papa.com/resources/blog/4-factors-that-lead-to-improved-member-experience-that-may-surprise-you
d80dfb3643646578,papa.com,yc,ecommerce_retail,How to Start a Conversation with Someone New | Papa,1586,20221001215843,https://www.papa.com/resources/blog/how-to-start-a-conversation-with-someone-new/,https://web.archive.org/web/20221001215843/https://www.papa.com/resources/blog/how-to-start-a-conversation-with-someone-new/
fb97573c75fb9820,papa.com,yc,ecommerce_retail,Loneliness and Social Isolation: More Than a Social Concern | Papa,1165,20221020181719,https://www.papa.com/resources/blog/loneliness-and-social-isolation-more-than-a-social-concern,https://web.archive.org/web/20221020181719/https://www.papa.com/resources/blog/loneliness-and-social-isolation-more-than-a-social-concern
fcbe7ba1f22bc31c,papa.com,yc,ecommerce_retail,Five No-Fail Art Activities for Seniors | Papa,660,20220523060122,https://www.papa.com/resources/blog/five-no-fail-art-activities-for-seniors/,https://web.archive.org/web/20220523060122/https://www.papa.com/resources/blog/five-no-fail-art-activities-for-seniors/
06429c9b74d1027e,patternlife.com,inc.com_api_i5list,fintech_insurance,How Much Does Disability Insurance Cost?,973,20191210162331,https://www.patternlife.com/blog/disability-insurance/how-much-does-disability-insurance-cost,https://web.archive.org/web/20191210162331/https://www.patternlife.com/blog/disability-insurance/how-much-does-disability-insurance-cost
09473ba2c76493b0,patternlife.com,inc.com_api_i5list,fintech_insurance,4 Tips to Perfect Your CV,1052,20200807010000,https://www.patternlife.com/blog/4-tips-perfect-your-cv,https://web.archive.org/web/20200807010000/https://www.patternlife.com/blog/4-tips-perfect-your-cv
31ab8ce9fda5d0c7,patternlife.com,inc.com_api_i5list,fintech_insurance,doctors disability and life insurance,1414,20200612061722,https://www.patternlife.com/blog/opportunities-and-changes-for-doctors-with-covid-19,https://web.archive.org/web/20200612061722/https://www.patternlife.com/blog/opportunities-and-changes-for-doctors-with-covid-19
31ff1634849d28c4,patternlife.com,inc.com_api_i5list,fintech_insurance,Pattern Life,775,20210729203801,https://www.patternlife.com/blog/the-importance-of-purchasing-disability-insurance-during-training,https://web.archive.org/web/20210729203801/https://www.patternlife.com/blog/the-importance-of-purchasing-disability-insurance-during-training
45ce2e51ec9e994f,patternlife.com,inc.com_api_i5list,fintech_insurance,Do You Need Life Insurance?,1104,20191115032258,https://www.patternlife.com/blog/life-insurance/do-you-need-life-insurance/,https://web.archive.org/web/20191115032258/https://www.patternlife.com/blog/life-insurance/do-you-need-life-insurance/
4c24bade2ed06f13,patternlife.com,inc.com_api_i5list,fintech_insurance,5 Things You Should Pay Attention to Before Signing an Employment Contract,929,20191115021835,https://www.patternlife.com/blog/contract-review/5-things-you-should-pay-attention-signing-employment-contract/,https://web.archive.org/web/20191115021835/https://www.patternlife.com/blog/contract-review/5-things-you-should-pay-attention-signing-employment-contract/
71ae841a377d59fb,patternlife.com,inc.com_api_i5list,fintech_insurance,Pattern Life,1095,20210517023946,https://www.patternlife.com/blog/can-physicians-achieve-work-life-balance,https://web.archive.org/web/20210517023946/https://www.patternlife.com/blog/can-physicians-achieve-work-life-balance
d8059a901d9e026e,patternlife.com,inc.com_api_i5list,fintech_insurance,Pattern Life,710,20220810231942,https://www.patternlife.com/blog/what-rvu-and-why-does-it-matter,https://web.archive.org/web/20220810231942/https://www.patternlife.com/blog/what-rvu-and-why-does-it-matter
f084cf0cb0654a04,patternlife.com,inc.com_api_i5list,fintech_insurance,Physician Contract Review Q&A,2350,20191115021030,https://www.patternlife.com/blog/contract-review/physician-contract-review-qa/,https://web.archive.org/web/20191115021030/https://www.patternlife.com/blog/contract-review/physician-contract-review-qa/
faa710bae097242a,patternlife.com,inc.com_api_i5list,fintech_insurance,A Financial Planning Checklist | Pattern,787,20210421065914,https://www.patternlife.com/blog/a-financial-planning-checklist,https://web.archive.org/web/20210421065914/https://www.patternlife.com/blog/a-financial-planning-checklist
3fa3f13b7ff0489b,peakflo.co,yc_directory,fintech_insurance,Calculating Your Accounts Receivable Collection Period - Achieve peak cashflows 📈,1497,20220522145747,https://peakflo.co/blog/learning-center/calculating-your-accounts-receivable-collection-period/,https://web.archive.org/web/20220522145747/https://peakflo.co/blog/learning-center/calculating-your-accounts-receivable-collection-period/
608e96e335c262c6,peakflo.co,yc_directory,fintech_insurance,What is The Importance Of Cash Flow Monitoring,748,20220225071018,https://peakflo.co/blog/learning-center/what-is-the-importance-of-cash-flow-monitoring/,https://web.archive.org/web/20220225071018/https://peakflo.co/blog/learning-center/what-is-the-importance-of-cash-flow-monitoring/
6d405204646cee11,peakflo.co,yc_directory,fintech_insurance,Why Accounts Receivable Management is the Most Underrated Lever for Business Growth - PeakFlo,945,20220522142743,https://peakflo.co/blog/learning-center/why-accounts-receivable-management-is-the-most-underrated-lever-for-business-growth/,https://web.archive.org/web/20220522142743/https://peakflo.co/blog/learning-center/why-accounts-receivable-management-is-the-most-underrated-lever-for-business-growth/
80a8b443648cc03d,peakflo.co,yc_directory,fintech_insurance,What makes a great modern CFO? - Achieve peak cashflows 📈,1116,20211127204337,https://peakflo.co/blog/learning-center/what-makes-a-great-modern-cfo/,https://web.archive.org/web/20211127204337/https://peakflo.co/blog/learning-center/what-makes-a-great-modern-cfo/
81fed9e28daed15c,peakflo.co,yc_directory,fintech_insurance,How to Prepare Insightful Cash Flow Statement Projections - Achieve peak cashflows 📈,1780,20220522133520,https://peakflo.co/blog/learning-center/prepare-cash-flow-statement-projections/,https://web.archive.org/web/20220522133520/https://peakflo.co/blog/learning-center/prepare-cash-flow-statement-projections/
8dbbced6dfce5d91,peakflo.co,yc_directory,fintech_insurance,A Guide to Small Businesses Financial Statements - Achieve peak cashflows 📈,2119,20220425101646,https://peakflo.co/blog/learning-center/a-guide-to-small-businesses-financial-statements/,https://web.archive.org/web/20220425101646/https://peakflo.co/blog/learning-center/a-guide-to-small-businesses-financial-statements/
ba370a1d269d56a1,peakflo.co,yc_directory,fintech_insurance,"What are Smart Invoice Reminders, and How to Automate Them? - Achieve peak cashflows 📈",775,20220125100635,https://peakflo.co/blog/learning-center/smart-invoice-reminders/,https://web.archive.org/web/20220125100635/https://peakflo.co/blog/learning-center/smart-invoice-reminders/
bc1447797d6cc8f2,peakflo.co,yc_directory,fintech_insurance,Control Your CashFlow In Your Business Like A Pro,1019,20220125114713,https://peakflo.co/blog/learning-center/control-your-cashflow-in-your-business-like-a-pro/,https://web.archive.org/web/20220125114713/https://peakflo.co/blog/learning-center/control-your-cashflow-in-your-business-like-a-pro/
d98c1bb07cfb9914,peakflo.co,yc_directory,fintech_insurance,Accounts Payable: Asset or Liability - Achieve peak cashflows 📈,1767,20220522144335,https://peakflo.co/blog/learning-center/accounts-payable-asset-or-liability/,https://web.archive.org/web/20220522144335/https://peakflo.co/blog/learning-center/accounts-payable-asset-or-liability/
db36087653801d63,peakflo.co,yc_directory,fintech_insurance,Here are 5 Financial Reports Your Business Should Run - Achieve peak cashflows 📈,2235,20220328225229,https://peakflo.co/blog/learning-center/five-finance-reports/,https://web.archive.org/web/20220328225229/https://peakflo.co/blog/learning-center/five-finance-reports/
e146766ab5051302,peakflo.co,yc_directory,fintech_insurance,All You Need To Know About Accounts Payable - Peakflo,2000,20220522141133,https://peakflo.co/blog/learning-center/all-about-accounts-payable/,https://web.archive.org/web/20220522141133/https://peakflo.co/blog/learning-center/all-about-accounts-payable/
e8da1ddc6987cfd5,peakflo.co,yc_directory,fintech_insurance,"What is Accounts Receivable, How AR Works? - Peakflo",1101,20220317165652,https://peakflo.co/blog/learning-center/what-is-accounts-receivable/,https://web.archive.org/web/20220317165652/https://peakflo.co/blog/learning-center/what-is-accounts-receivable/
fa4bff91162d5a2b,peakflo.co,yc_directory,fintech_insurance,BENEFITS OF ACCOUNTS RECEIVABLE MANAGEMENT SOFTWARE - Achieve peak cashflows 📈,1099,20220125103213,https://peakflo.co/blog/learning-center/benefits-of-accounts-receivable-management-software/,https://web.archive.org/web/20220125103213/https://peakflo.co/blog/learning-center/benefits-of-accounts-receivable-management-software/
04ccac642d9010b2,peoplesuite.com,inc.com_api_i5list,services_other,4 Ways Executives can Break Into the Organic Natural Foods Market | PeopleSuite Talent Solutions,667,20221129170349,https://www.peoplesuite.com/blog/traditional-to-organic-four-ways-executives-can-break-into-the-natural-foods-market/,https://web.archive.org/web/20221129170349/https://www.peoplesuite.com/blog/traditional-to-organic-four-ways-executives-can-break-into-the-natural-foods-market/
2a1fdb9abe25bf34,peoplesuite.com,inc.com_api_i5list,services_other,Why Your New Hires Aren’t Sticking Around Long,1767,20210821011155,https://www.peoplesuite.com/blog/why-your-new-hires-arent-sticking-around-long,https://web.archive.org/web/20210821011155/https://www.peoplesuite.com/blog/why-your-new-hires-arent-sticking-around-long
434ba0fab30f7d1e,peoplesuite.com,inc.com_api_i5list,services_other,The Benefits of Including a Salary Range on Job Postings | PeopleSuite Talent Solutions,1617,20221129184316,https://www.peoplesuite.com/blog/the-benefits-of-including-a-salary-range-on-job-postings/,https://web.archive.org/web/20221129184316/https://www.peoplesuite.com/blog/the-benefits-of-including-a-salary-range-on-job-postings/
63c55c90de06b60a,peoplesuite.com,inc.com_api_i5list,services_other,4 Tips to Optimize the Business Matchmaking Process,1047,20210120161347,https://www.peoplesuite.com/blog/4-tips-to-optimize-the-business-matchmaking-process,https://web.archive.org/web/20210120161347/https://www.peoplesuite.com/blog/4-tips-to-optimize-the-business-matchmaking-process
88e9ebbac6c166c8,peoplesuite.com,inc.com_api_i5list,services_other,How to Gauge When It’s Time to Work With a Recruiter,1337,20211125183140,https://www.peoplesuite.com/blog/how-to-gauge-when-its-time-to-work-with-a-recruiter,https://web.archive.org/web/20211125183140/https://www.peoplesuite.com/blog/how-to-gauge-when-its-time-to-work-with-a-recruiter
b09145ff757bb88e,peoplesuite.com,inc.com_api_i5list,services_other,"Diversity, Equity, & Inclusion: Where Do We Go From Here? | PeopleSuite Talent Solutions",1096,20221129182518,https://www.peoplesuite.com/blog/diversity-inclusion-where-do-we-go-from-here/,https://web.archive.org/web/20221129182518/https://www.peoplesuite.com/blog/diversity-inclusion-where-do-we-go-from-here/
b54bd59a991f2d51,peoplesuite.com,inc.com_api_i5list,services_other,How Team Building Can Improve Work Culture,1283,20211028075309,https://www.peoplesuite.com/blog/how-team-building-can-improve-work-culture,https://web.archive.org/web/20211028075309/https://www.peoplesuite.com/blog/how-team-building-can-improve-work-culture
b8b6e22654feb992,peoplesuite.com,inc.com_api_i5list,services_other,6 LinkedIn Profile Tips for Job Seekers,725,20210128045748,https://www.peoplesuite.com/blog/6-linkedin-profile-tips-for-job-seekers,https://web.archive.org/web/20210128045748/https://www.peoplesuite.com/blog/6-linkedin-profile-tips-for-job-seekers
dff0bf8edf79a36c,peoplesuite.com,inc.com_api_i5list,services_other,Be Careful With Counteroffers: Weighing the Pros and Cons,1384,20210411011351,https://www.peoplesuite.com/blog/be-careful-with-counteroffers-weighing-pros-cons,https://web.archive.org/web/20210411011351/https://www.peoplesuite.com/blog/be-careful-with-counteroffers-weighing-pros-cons
e3a1aabd36f442f8,peoplesuite.com,inc.com_api_i5list,services_other,The Real Cost of Turnover and the Importance of Talent Retention,2065,20220714051116,https://www.peoplesuite.com/blog/the-real-cost-of-turnover-and-the-importance-of-talent-retention,https://web.archive.org/web/20220714051116/https://www.peoplesuite.com/blog/the-real-cost-of-turnover-and-the-importance-of-talent-retention
f48566e175c242f1,peoplesuite.com,inc.com_api_i5list,services_other,Assessment Tools: Myth vs. Truth,930,20210128061358,https://www.peoplesuite.com/blog/assessment-tools-myth-vs-truth,https://web.archive.org/web/20210128061358/https://www.peoplesuite.com/blog/assessment-tools-myth-vs-truth
fe81767787fac0eb,peoplesuite.com,inc.com_api_i5list,services_other,5 Benefits of Diversity in the Workplace,1645,20210128150738,https://www.peoplesuite.com/blog/5-benefits-of-diversity-in-the-workplace,https://web.archive.org/web/20210128150738/https://www.peoplesuite.com/blog/5-benefits-of-diversity-in-the-workplace
0d6a124fb9c7946d,pfleet.com,inc.com_api_i5list,fintech_insurance,How a Diesel Fuel Card Can Help Your Business,1064,20191015232813,https://www.pfleet.com/blog/how-a-diesel-fuel-card-can-help-your-business,https://web.archive.org/web/20191015232813/https://www.pfleet.com/blog/how-a-diesel-fuel-card-can-help-your-business
0d97d42f721532ac,pfleet.com,inc.com_api_i5list,fintech_insurance,5 Ways to Find Fuel Prices Online,816,20170311024818,http://www.pfleet.com:80/blog/5-ways-to-find-fuel-prices-online,https://web.archive.org/web/20170311024818/http://www.pfleet.com:80/blog/5-ways-to-find-fuel-prices-online
271ac92006776c85,pfleet.com,inc.com_api_i5list,fintech_insurance,How to Start a Trucking Business,1112,20191118061211,https://www.pfleet.com/blog/how-to-start-a-trucking-business,https://web.archive.org/web/20191118061211/https://www.pfleet.com/blog/how-to-start-a-trucking-business
564d05930ad7e772,pfleet.com,inc.com_api_i5list,fintech_insurance,4 Ways P-Fleet Helps Companies Control Driver Fuel Card Purchases,871,20170409002912,http://www.pfleet.com:80/blog/4-ways-p-fleet-helps-companies-control-driver-fuel-card-purchases,https://web.archive.org/web/20170409002912/http://www.pfleet.com:80/blog/4-ways-p-fleet-helps-companies-control-driver-fuel-card-purchases
5ccaac749ae2a8ee,pfleet.com,inc.com_api_i5list,fintech_insurance,Reduce Driver Turnover and Its Impact on your Fleet,1217,20191214045935,https://www.pfleet.com/blog/reduce-driver-turnover-and-its-impact-on-your-fleet,https://web.archive.org/web/20191214045935/https://www.pfleet.com/blog/reduce-driver-turnover-and-its-impact-on-your-fleet
7e5d4da7757fa316,pfleet.com,inc.com_api_i5list,fintech_insurance,7 Steps to Obtain Your Trucking Authority,886,20220517201247,https://www.pfleet.com/blog/7-steps-to-get-your-trucking-authority,https://web.archive.org/web/20220517201247/https://www.pfleet.com/blog/7-steps-to-get-your-trucking-authority
a06b6e285a314b44,pfleet.com,inc.com_api_i5list,fintech_insurance,Revised Regulation Offers Safe Harbor for Off Road Diesel Refunds,730,20170421071532,http://www.pfleet.com:80/blog/revised-regulation-offers-safe-harbor-for-off-road-diesel-refunds,https://web.archive.org/web/20170421071532/http://www.pfleet.com:80/blog/revised-regulation-offers-safe-harbor-for-off-road-diesel-refunds
c81d800c93f70bbf,pfleet.com,inc.com_api_i5list,fintech_insurance,10 Ways Your Business Can Benefit from Fleet Cards,608,20160422215448,http://www.pfleet.com:80/blog/10-reasons-your-business-can-benefit-from-fleet-cards,https://web.archive.org/web/20160422215448/http://www.pfleet.com:80/blog/10-reasons-your-business-can-benefit-from-fleet-cards
cd1abfb1c1d2ebd8,pfleet.com,inc.com_api_i5list,fintech_insurance,How to Start a Box Truck Business,1190,20220701221148,https://www.pfleet.com/blog/how-to-start-a-box-truck-business,https://web.archive.org/web/20220701221148/https://www.pfleet.com/blog/how-to-start-a-box-truck-business
d37de9927e53684a,pfleet.com,inc.com_api_i5list,fintech_insurance,What are the Hours of Service Rules?,901,20220517212606,https://www.pfleet.com/blog/what-are-the-hours-of-service-rules,https://web.archive.org/web/20220517212606/https://www.pfleet.com/blog/what-are-the-hours-of-service-rules
d83f12f4abe9278c,pfleet.com,inc.com_api_i5list,fintech_insurance,Fuel Card Fraud Policy Comparisons and What the Risks Are,1117,20190824204958,https://www.pfleet.com/blog/fuel-card-fraud-policy-comparisons-and-what-the-risks-are,https://web.archive.org/web/20190824204958/https://www.pfleet.com/blog/fuel-card-fraud-policy-comparisons-and-what-the-risks-are
fa0d91c4e11b03e9,pfleet.com,inc.com_api_i5list,fintech_insurance,How Business Gas Credit Cards Support Each Department,1291,20191214054835,https://www.pfleet.com/blog/how-business-gas-credit-cards-support-each-department,https://web.archive.org/web/20191214054835/https://www.pfleet.com/blog/how-business-gas-credit-cards-support-each-department
0d8a84b601241c4c,phoenix.ca,yc,ecommerce_retail,How To Know What Size Condoms To Buy - PHOENIX | Rise Again,1173,20220122142238,https://www.phoenix.ca/blog/how-to-know-what-size-condoms-to-buy,https://web.archive.org/web/20220122142238/https://www.phoenix.ca/blog/how-to-know-what-size-condoms-to-buy
4ab69c4b9931ed18,phoenix.ca,yc,ecommerce_retail,How to Be Sexually Confident - PHOENIX | Rise Again,1800,20221123170050,https://www.phoenix.ca/blog/how-to-be-sexually-confident,https://web.archive.org/web/20221123170050/https://www.phoenix.ca/blog/how-to-be-sexually-confident
58daee4e305ce283,phoenix.ca,yc,ecommerce_retail,Kissing With Cold Sores: What You Should Know - PHOENIX | Rise Again,1452,20220227191540,https://www.phoenix.ca/blog/kissing-with-cold-sores-what-you-should-know,https://web.archive.org/web/20220227191540/https://www.phoenix.ca/blog/kissing-with-cold-sores-what-you-should-know
5ec5e3a2347fea0a,phoenix.ca,yc,ecommerce_retail,Ingrown Pubic Hair: Causes and Treatments - PHOENIX | Rise Again,1295,20211202134241,https://www.phoenix.ca/blog/ingrown-pubic-hair-causes-and-treatments,https://web.archive.org/web/20211202134241/https://www.phoenix.ca/blog/ingrown-pubic-hair-causes-and-treatments
743ed155b4462386,phoenix.ca,yc,ecommerce_retail,What Blood Pressure Medication Does Not Cause Erectile Dysfunction? - PHOENIX | Rise Again,790,20211202125328,https://www.phoenix.ca/blog/what-blood-pressure-medication-does-not-cause-erectile-dysfunction,https://web.archive.org/web/20211202125328/https://www.phoenix.ca/blog/what-blood-pressure-medication-does-not-cause-erectile-dysfunction
77407d27e932f10b,phoenix.ca,yc,ecommerce_retail,Most Important Vitamins for Men over 50 - PHOENIX | Rise Again,1503,20220626105346,https://www.phoenix.ca/blog/most-important-vitamins-for-men-over-50,https://web.archive.org/web/20220626105346/https://www.phoenix.ca/blog/most-important-vitamins-for-men-over-50
8173fade6665133a,phoenix.ca,yc,ecommerce_retail,Can You Use Hyaluronic Acid and Retinol at the Same Time? - PHOENIX | Rise Again,903,20211127144321,https://www.phoenix.ca/blog/can-you-use-hyaluronic-acid-and-retinol-at-the-same-time,https://web.archive.org/web/20211127144321/https://www.phoenix.ca/blog/can-you-use-hyaluronic-acid-and-retinol-at-the-same-time
860ed97edf4b43af,phoenix.ca,yc,ecommerce_retail,Dandruff and Dry Scalp: What’s the Difference? - PHOENIX | Rise Again,1105,20211114191713,https://www.phoenix.ca/blog/dandruff-and-dry-scalp-whats-the-difference,https://web.archive.org/web/20211114191713/https://www.phoenix.ca/blog/dandruff-and-dry-scalp-whats-the-difference
8adaf4259a85741a,phoenix.ca,yc,ecommerce_retail,What You Should Know About the Little Blue Pill - PHOENIX | Rise Again,685,20220121192155,https://www.phoenix.ca/blog/what-you-should-know-about-the-little-blue-pill,https://web.archive.org/web/20220121192155/https://www.phoenix.ca/blog/what-you-should-know-about-the-little-blue-pill
921fe86e2603be23,phoenix.ca,yc,ecommerce_retail,How To Make Hair Grow Faster—for Men - PHOENIX | Rise Again,1351,20211003182248,https://www.phoenix.ca/blog/how-to-make-hair-grow-faster-for-men,https://web.archive.org/web/20211003182248/https://www.phoenix.ca/blog/how-to-make-hair-grow-faster-for-men
aab2eb437dbcbbd4,phoenix.ca,yc,ecommerce_retail,The Best Health Canada Approved Male Enhancement Products - PHOENIX | Rise Again,2145,20220626105940,https://www.phoenix.ca/blog/the-best-health-canada-approved-male-enhancement-products,https://web.archive.org/web/20220626105940/https://www.phoenix.ca/blog/the-best-health-canada-approved-male-enhancement-products
b36a991d2df65b12,phoenix.ca,yc,ecommerce_retail,Should You Pop Your Cold Sores? - PHOENIX | Rise Again,1351,20220626113341,https://www.phoenix.ca/blog/should-you-pop-your-cold-sores,https://web.archive.org/web/20220626113341/https://www.phoenix.ca/blog/should-you-pop-your-cold-sores
c8d5a9979593896b,phoenix.ca,yc,ecommerce_retail,How To Tell the Difference Between Herpes and Ingrown Hairs - PHOENIX | Rise Again,1383,20211223174931,https://www.phoenix.ca/blog/how-to-tell-the-difference-between-herpes-and-ingrown-hairs,https://web.archive.org/web/20211223174931/https://www.phoenix.ca/blog/how-to-tell-the-difference-between-herpes-and-ingrown-hairs
e35cbc43e3399d05,phoenix.ca,yc,ecommerce_retail,What Are the Causes of Sudden Hair Loss? - PHOENIX | Rise Again,1066,20210924022407,https://www.phoenix.ca/blog/what-are-the-causes-of-sudden-hair-loss,https://web.archive.org/web/20210924022407/https://www.phoenix.ca/blog/what-are-the-causes-of-sudden-hair-loss
e3ab0b8d2fe65506,phoenix.ca,yc,ecommerce_retail,Penis Weights: What You Should Know if You Are Considering Using Them - PHOENIX | Rise Again,1040,20220224230018,https://www.phoenix.ca/blog/penis-weights-what-you-should-know-if-you-are-considering-using-them,https://web.archive.org/web/20220224230018/https://www.phoenix.ca/blog/penis-weights-what-you-should-know-if-you-are-considering-using-them
e61382fddd795a71,phoenix.ca,yc,ecommerce_retail,How To Grow Out Hair in Men - PHOENIX | Rise Again,1992,20220221192126,https://www.phoenix.ca/blog/how-to-grow-out-hair-in-men,https://web.archive.org/web/20220221192126/https://www.phoenix.ca/blog/how-to-grow-out-hair-in-men
e904f8c4f3bc8a87,phoenix.ca,yc,ecommerce_retail,Penile and Testicular Exam: What to Expect - PHOENIX | Rise Again,1549,20220122145944,https://www.phoenix.ca/blog/penile-and-testicular-exam-what-to-expect,https://web.archive.org/web/20220122145944/https://www.phoenix.ca/blog/penile-and-testicular-exam-what-to-expect
06d5bb11a353faa7,pieinsurance.com,inc.com_api_i5list,fintech_insurance,12 Delta Variant Safety Measures for Small Businesses - Pie Insurance,1236,20210924160507,https://pieinsurance.com/blog/safety/delta-variant-safety/,https://web.archive.org/web/20210924160507/https://pieinsurance.com/blog/safety/delta-variant-safety/
87c30bf2c7c1a8dc,pieinsurance.com,inc.com_api_i5list,fintech_insurance,Business owners' policy vs. general liability insurance | Pie Insurance,812,20220804221459,https://pieinsurance.com/blog/small-business-insurance/business-owners-policy-vs-general-liability-insurance/,https://web.archive.org/web/20220804221459/https://pieinsurance.com/blog/small-business-insurance/business-owners-policy-vs-general-liability-insurance/
95e1ad88d6bc17d4,pieinsurance.com,inc.com_api_i5list,fintech_insurance,Small Business Tips for Working in the Heat | Safety,682,20200812125144,https://pieinsurance.com/blog/safety/working-in-the-heat/,https://web.archive.org/web/20200812125144/https://pieinsurance.com/blog/safety/working-in-the-heat/
f3c8c7e0c58008e1,pieinsurance.com,inc.com_api_i5list,fintech_insurance,Motor Vehicle Accidents in the Workplace | Safety | Pie Insurance,641,20220216171623,https://pieinsurance.com/blog/safety/motor-vehicle-accidents-workplace/,https://web.archive.org/web/20220216171623/https://pieinsurance.com/blog/safety/motor-vehicle-accidents-workplace/
9d3b310c662e39bf,popl.co,yc,software_saas,Pop Conversation Starters | September Networking Tips - Popl,856,20221005091038,https://popl.co/blogs/all/pop-conversation-starters-september-2022-networking-tips,https://web.archive.org/web/20221005091038/https://popl.co/blogs/all/pop-conversation-starters-september-2022-networking-tips
f0f52fed190146d1,popl.co,yc,software_saas,In-Person Sales Tactics | 5 Proven Methods - Popl,680,20221005075552,https://popl.co/blogs/all/5-proven-in-person-sales-tactics-historic-sales-tactics,https://web.archive.org/web/20221005075552/https://popl.co/blogs/all/5-proven-in-person-sales-tactics-historic-sales-tactics
123482dfd7184355,popularpays.com,yc_directory,software_saas,9 Instagram Product Photography Tips for High-Quality Photos - Popular Pays,1626,20220907193213,https://popularpays.com/blog/instagram-product-photography/,https://web.archive.org/web/20220907193213/https://popularpays.com/blog/instagram-product-photography/
28155171f4c70559,popularpays.com,yc_directory,software_saas,5 Ways To Use Influencers For Brand Awareness | Popular Pays,1771,20210507134819,https://popularpays.com/blog/influencers-brand-awareness/,https://web.archive.org/web/20210507134819/https://popularpays.com/blog/influencers-brand-awareness/
96cbff970f0b1fb4,popularpays.com,yc_directory,software_saas,A Brand’s Guide to Instagram Guides,744,20210123021350,https://popularpays.com/blog/a-guide-to-instagram-guides/,https://web.archive.org/web/20210123021350/https://popularpays.com/blog/a-guide-to-instagram-guides/
be62c0939862f890,popularpays.com,yc_directory,software_saas,Byte vs. TikTok | Popular Pays,733,20220807162603,https://popularpays.com/blog/byte-vs-tiktok/,https://web.archive.org/web/20220807162603/https://popularpays.com/blog/byte-vs-tiktok/
bed70cbd02c58ed8,popularpays.com,yc_directory,software_saas,Everything You Need to Know About TikTok Ads,624,20210123002052,https://popularpays.com/blog/everything-you-need-to-know-about-tiktok-ads/,https://web.archive.org/web/20210123002052/https://popularpays.com/blog/everything-you-need-to-know-about-tiktok-ads/
01df2b98cded5f61,posthog.com,yc,devtools,How we found our Ideal Customer Profile - PostHog,779,20221116114149,https://posthog.com/blog/creating-ideal-customer-profile,https://web.archive.org/web/20221116114149/https://posthog.com/blog/creating-ideal-customer-profile
1be53655c8aa4ad2,posthog.com,yc,devtools,How to choose and measure growth loops - PostHog,1637,20221108183924,https://posthog.com/blog/growth-loops,https://web.archive.org/web/20221108183924/https://posthog.com/blog/growth-loops
3681db8438ba2f06,posthog.com,yc,devtools,How we rebranded PostHog in four weeks - a postmortem - PostHog,1545,20211022103957,https://posthog.com/blog/postmortem-rebrand,https://web.archive.org/web/20211022103957/https://posthog.com/blog/postmortem-rebrand
45d2b001d47e9bd7,posthog.com,yc,devtools,Using Gatsby and Puppeteer to create dynamic Open Graph images - PostHog,1947,20220307203014,https://posthog.com/blog/dynamic-open-graph-images,https://web.archive.org/web/20220307203014/https://posthog.com/blog/dynamic-open-graph-images
501449c2f56057eb,posthog.com,yc,devtools,How to measure product engagement - PostHog,1124,20211205023728,https://posthog.com/blog/how-to-measure-product-engagement,https://web.archive.org/web/20211205023728/https://posthog.com/blog/how-to-measure-product-engagement
536c14db004d901a,posthog.com,yc,devtools,How to turn your engineers into product people - PostHog,908,20210610150703,https://posthog.com/blog/turning-engineers-into-product-people,https://web.archive.org/web/20210610150703/https://posthog.com/blog/turning-engineers-into-product-people
818da1b3894cb0f1,posthog.com,yc,devtools,The 7 best open source analytics tools - PostHog,1271,20211106092338,https://posthog.com/blog/best-open-source-analytics-tools,https://web.archive.org/web/20211106092338/https://posthog.com/blog/best-open-source-analytics-tools
826c71bc5f53aa6e,posthog.com,yc,devtools,"Building an open source data science publishing platform - An interview with Datapane CEO, Leo Anthias - PostHog",935,20210826054101,https://posthog.com/blog/leo-anthias-interview,https://web.archive.org/web/20210826054101/https://posthog.com/blog/leo-anthias-interview
8ac48c3e8fa78a9a,posthog.com,yc,devtools,How to achieve B2B product market fit - PostHog,851,20211214124446,https://posthog.com/blog/how-to-product-market-fit,https://web.archive.org/web/20211214124446/https://posthog.com/blog/how-to-product-market-fit
9d79d216e8970b0a,posthog.com,yc,devtools,The secrets of PostHog query performance - PostHog,1206,20220322144121,https://posthog.com/blog/secrets-of-posthog-query-performance,https://web.archive.org/web/20220322144121/https://posthog.com/blog/secrets-of-posthog-query-performance
ccf7763b1ed6759e,posthog.com,yc,devtools,Is Google Analytics HIPAA compliant? - PostHog,755,20220628171014,https://posthog.com/blog/is-google-analytics-hipaa-compliant,https://web.archive.org/web/20220628171014/https://posthog.com/blog/is-google-analytics-hipaa-compliant
d9f57553133522ea,posthog.com,yc,devtools,The 3 critical reasons companies choose self-hosted analytics - PostHog,1066,20220114152110,https://posthog.com/blog/why-companies-self-host,https://web.archive.org/web/20220114152110/https://posthog.com/blog/why-companies-self-host
e0b88b4defbfaa44,posthog.com,yc,devtools,How to speed up ClickHouse queries using materialized columns - PostHog,854,20211026123939,https://posthog.com/blog/clickhouse-materialized-columns,https://web.archive.org/web/20211026123939/https://posthog.com/blog/clickhouse-materialized-columns
e97f2c586f28b34f,posthog.com,yc,devtools,An introduction to product analytics and how it works - PostHog,1050,20211106092330,https://posthog.com/blog/what-is-product-analytics,https://web.archive.org/web/20211106092330/https://posthog.com/blog/what-is-product-analytics
ff66c3b0565bf3f7,posthog.com,yc,devtools,In-depth: ClickHouse vs PostgreSQL - PostHog,2162,20221031125121,https://posthog.com/blog/clickhouse-vs-postgres,https://web.archive.org/web/20221031125121/https://posthog.com/blog/clickhouse-vs-postgres
279f7c6157460d8b,postscript.io,yc,ecommerce_retail,7 Great Examples of Conversational SMS Campaigns,1177,20220824190336,https://postscript.io/blog/what-to-text-sms-subscribers-when-you-dont-know-what-to-say-7-great-examples,https://web.archive.org/web/20220824190336/https://postscript.io/blog/what-to-text-sms-subscribers-when-you-dont-know-what-to-say-7-great-examples
311be5af395e67ef,postscript.io,yc,ecommerce_retail,Don’t Fudge It on Budget: 8 Pro Tips for Planning Your Store’s 2022 Marketing Spend - Postscript,1553,20211215143639,https://www.postscript.io/blog/marketing-budget-tips/,https://web.archive.org/web/20211215143639/https://www.postscript.io/blog/marketing-budget-tips/
5b394343fff9a00d,postscript.io,yc,ecommerce_retail,How Brands Are Leveraging Email & SMS To Scale - Postscript,1447,20200810025222,https://www.postscript.io/blog/how-brands-are-leveraging-email-&-sms-to-scale/,https://web.archive.org/web/20200810025222/https://www.postscript.io/blog/how-brands-are-leveraging-email-&-sms-to-scale/
70f3615078c2a818,postscript.io,yc,ecommerce_retail,The Importance of Using Contact Cards in SMS Marketing,1218,20221102213818,https://postscript.io/blog/save-our-digits-how-to-use-contact-cards-to-build-a-better-subscriber,https://web.archive.org/web/20221102213818/https://postscript.io/blog/save-our-digits-how-to-use-contact-cards-to-build-a-better-subscriber
9050d14ca243487e,postscript.io,yc,ecommerce_retail,SMS Short Code Regulations are Changing. Here’s How Postscript is Helping. - Postscript,1160,20210219033626,https://www.postscript.io/blog/sms-short-code-regulations-are-changing/,https://web.archive.org/web/20210219033626/https://www.postscript.io/blog/sms-short-code-regulations-are-changing/
c273f9d11b69ab4b,postscript.io,yc,ecommerce_retail,The Case for an SMS-Heavy Strategy This Holiday Season - Postscript,1079,20211109161135,https://www.postscript.io/blog/send-more-sms-marketing-for-holidays/,https://web.archive.org/web/20211109161135/https://www.postscript.io/blog/send-more-sms-marketing-for-holidays/
d2396f2d7efe3bfc,postscript.io,yc,ecommerce_retail,5 Creative Ways to Kick Off the Holiday Season with SMS Marketing - Postscript,1298,20211111170815,https://www.postscript.io/blog/holiday-marketing-sms-strategies/,https://web.archive.org/web/20211111170815/https://www.postscript.io/blog/holiday-marketing-sms-strategies/
d80f437d5846055f,postscript.io,yc,ecommerce_retail,6 Creative Promotions for BFCM and Beyond - Postscript Blog,1124,20221006171214,https://postscript.io/blog/6-creative-promotions-for-bfcm-and-beyond,https://web.archive.org/web/20221006171214/https://postscript.io/blog/6-creative-promotions-for-bfcm-and-beyond
de525da846644b53,postscript.io,yc,ecommerce_retail,Back in Stock: The Most Important List Growth Tool of 2022,1166,20220502192052,https://postscript.io/blog/back-in-stock-opt-ins,https://web.archive.org/web/20220502192052/https://postscript.io/blog/back-in-stock-opt-ins
e1ad3bbe530292c7,postscript.io,yc,ecommerce_retail,How to Find and Market to Your VIPs for the Holidays - Postscript,1351,20211122210411,https://www.postscript.io/blog/identify-vip-customers/,https://web.archive.org/web/20211122210411/https://www.postscript.io/blog/identify-vip-customers/
e413124efe382aa6,postscript.io,yc,ecommerce_retail,What’s Next for Text: Top SMS Predictions for 2022 and Beyond - Postscript,2431,20220120025924,https://www.postscript.io/blog/sms-predictions-2022/,https://web.archive.org/web/20220120025924/https://www.postscript.io/blog/sms-predictions-2022/
f74f1b40add29d01,postscript.io,yc,ecommerce_retail,How to Increase Shopify Conversions Using a Holistic Strategy - Postscript,1004,20190822085335,https://www.postscript.io/blog/how-to-increase-shopify-conversions/,https://web.archive.org/web/20190822085335/https://www.postscript.io/blog/how-to-increase-shopify-conversions/
10d915f48c97d1f8,powerx.co,yc,services_other,How to Reduce Carbon Emissions,766,20220521055059,https://powerx.co/blogs/articles/how-to-reduce-carbon-emissions,https://web.archive.org/web/20220521055059/https://powerx.co/blogs/articles/how-to-reduce-carbon-emissions
3056efee69e28404,powerx.co,yc,services_other,Everything You Need to Know When Starting Home Renovations,841,20211216011824,https://powerx.co/blogs/news/everything-you-need-to-know-when-starting-home-renovations,https://web.archive.org/web/20211216011824/https://powerx.co/blogs/news/everything-you-need-to-know-when-starting-home-renovations
599ff1592afdbb5a,powerx.co,yc,services_other,Seven Reasons Why You Might Have a Water Leak Emerge in Your Home,1621,20210827220820,https://powerx.co/blogs/news/seven-reasons-why-you-might-have-a-water-leak-emerge-in-your-home,https://web.archive.org/web/20210827220820/https://powerx.co/blogs/news/seven-reasons-why-you-might-have-a-water-leak-emerge-in-your-home
77e91747734d721d,powerx.co,yc,services_other,Your Guide to Budgeting Money For Your Home,601,20220503123346,https://powerx.co/blogs/news/your-guide-to-budgeting-money-for-your-home,https://web.archive.org/web/20220503123346/https://powerx.co/blogs/news/your-guide-to-budgeting-money-for-your-home
7e1a7a8461b98751,powerx.co,yc,services_other,What Causes CO₂ Emissions?,1015,20210918022754,https://powerx.co/blogs/enterprise-news/what-causes-co-emissions,https://web.archive.org/web/20210918022754/https://powerx.co/blogs/enterprise-news/what-causes-co-emissions
a32b409eb5caa614,powerx.co,yc,services_other,Why Is My Electricity Bill So High? And How To Solve The Problem,701,20211005173712,https://powerx.co/blogs/news/why-is-my-electricity-bill-so-high-and-how-to-solve-the-problem,https://web.archive.org/web/20211005173712/https://powerx.co/blogs/news/why-is-my-electricity-bill-so-high-and-how-to-solve-the-problem
a58d73a905ab17d5,powerx.co,yc,services_other,Property Management Technology Trends,845,20220521052632,https://powerx.co/blogs/articles/property-management-technology-trends,https://web.archive.org/web/20220521052632/https://powerx.co/blogs/articles/property-management-technology-trends
a8650a3dfcabb4ff,powerx.co,yc,services_other,How Smart Home Energy Systems Help You Prepare For Colder Weather,609,20211017145044,https://powerx.co/blogs/news/how-smart-home-energy-systems-help-you-prepare-for-colder-weather,https://web.archive.org/web/20211017145044/https://powerx.co/blogs/news/how-smart-home-energy-systems-help-you-prepare-for-colder-weather
b1735dfd651c1896,powerx.co,yc,services_other,How Can Universities Save Money?,936,20220521045823,https://powerx.co/blogs/articles/how-can-universities-save-money,https://web.archive.org/web/20220521045823/https://powerx.co/blogs/articles/how-can-universities-save-money
d9cb13397eee4b61,powerx.co,yc,services_other,5 Top Tips to Save Energy This Fall,640,20210916205416,https://powerx.co/blogs/news/5-top-tips-to-save-energy-this-fall,https://web.archive.org/web/20210916205416/https://powerx.co/blogs/news/5-top-tips-to-save-energy-this-fall
f06cac1bbca07010,powerx.co,yc,services_other,How Countries Regulate Carbon Dioxide Emissions,1017,20220521054938,https://powerx.co/blogs/articles/how-countries-regulate-carbon-dioxide-emissions,https://web.archive.org/web/20220521054938/https://powerx.co/blogs/articles/how-countries-regulate-carbon-dioxide-emissions
f579043548dc3931,powerx.co,yc,services_other,Understanding Why Water Costs are Rising Across the U.S.,1402,20210918003652,https://powerx.co/blogs/news/understanding-why-water-utilities-are-rising-across-the-u-s,https://web.archive.org/web/20210918003652/https://powerx.co/blogs/news/understanding-why-water-utilities-are-rising-across-the-u-s
036b779bb1338b7d,queenly.com,yc,ecommerce_retail,Archives for The Queenly Blog - January 2022,965,20220527024229,https://queenly.com/blog-archives/january-2022,https://web.archive.org/web/20220527024229/https://queenly.com/blog-archives/january-2022
1c6c79cdbdbc59b6,queenly.com,yc,ecommerce_retail,2022 VMA Red Carpet Dress Dupes,699,20220923145532,https://queenly.com/blog/vma-red-carpet-dress-dupes,https://web.archive.org/web/20220923145532/https://queenly.com/blog/vma-red-carpet-dress-dupes
352dd56fb49ceb4c,queenly.com,yc,ecommerce_retail,2022 VMA Nominations and Fashion Predictions,2814,20220821160525,https://queenly.com/blog/2022-vma-nominations-fashion,https://web.archive.org/web/20220821160525/https://queenly.com/blog/2022-vma-nominations-fashion
742bcc220ef2beaa,queenly.com,yc,ecommerce_retail,Wearing Black to a Wedding: The Dos and Don’ts,1106,20220630162643,https://queenly.com/blog/wearing-black-to-a-wedding,https://web.archive.org/web/20220630162643/https://queenly.com/blog/wearing-black-to-a-wedding
8b13aa9e9a46c7d0,queenly.com,yc,ecommerce_retail,How To Dress for a Girls Night Out,1572,20220812130954,https://queenly.com/blog/girls-night-out-outfits,https://web.archive.org/web/20220812130954/https://queenly.com/blog/girls-night-out-outfits
a288ccb9ec766125,queenly.com,yc,ecommerce_retail,Queenly’s Sorority Rush Prep Guide,1506,20220817160126,https://queenly.com/blog/sorority-rush-guide,https://web.archive.org/web/20220817160126/https://queenly.com/blog/sorority-rush-guide
b89c3b38d575dbc2,queenly.com,yc,ecommerce_retail,How To Plan a Quinceanera: the Ultimate Guide,2351,20221109235427,https://queenly.com/blog/plan-quinceanera,https://web.archive.org/web/20221109235427/https://queenly.com/blog/plan-quinceanera
bce87dbfa47eeb8d,queenly.com,yc,ecommerce_retail,2022 Fall Wedding Dress Trends,1095,20221101144454,https://queenly.com/blog/fall-wedding-dress-trends,https://web.archive.org/web/20221101144454/https://queenly.com/blog/fall-wedding-dress-trends
bd48c393480c9eff,queenly.com,yc,ecommerce_retail,Meet the Pantone Color of 2022: Very Peri,969,20220728160158,https://queenly.com/blog/2022-pantone-color-very-peri,https://web.archive.org/web/20220728160158/https://queenly.com/blog/2022-pantone-color-very-peri
c21801545e8f9ab1,queenly.com,yc,ecommerce_retail,Queenly Blog - Why You Don’t Need to Have a “Pageant” Gown to Be Successful in Your Pageant,768,20211022192154,https://queenly.com/blog/why-you-dont-need-a-pageant-gown-to-be-successful-in-your-pageant,https://web.archive.org/web/20211022192154/https://queenly.com/blog/why-you-dont-need-a-pageant-gown-to-be-successful-in-your-pageant
ca76876ab0893068,queenly.com,yc,ecommerce_retail,7 Pageant Trends to Help You Win,877,20220804232131,https://queenly.com/blog/7-pageant-trends-to-help-you-win,https://web.archive.org/web/20220804232131/https://queenly.com/blog/7-pageant-trends-to-help-you-win
e679f59814a5a0db,queenly.com,yc,ecommerce_retail,Interview with Vienna Prom Fashion Designer Jimme Huang,844,20210411090010,https://queenly.com/blog/interview-with-vienna-prom-couture-designer,https://web.archive.org/web/20210411090010/https://queenly.com/blog/interview-with-vienna-prom-couture-designer
e874b573ef846cfd,queenly.com,yc,ecommerce_retail,15 Must-Have Summer Styles: Formalwear Edition,1091,20220712140758,https://queenly.com/blog/must-have-summer-formalwear,https://web.archive.org/web/20220712140758/https://queenly.com/blog/must-have-summer-formalwear
8146fcd11ae2a85b,radiusnetworks.com,inc.com_api_i5list,software_saas,How to Build a Bluetooth LE On/Off Power Switch — Radius Networks,1278,20190818173503,https://www.radiusnetworks.com/blog/2019/2/1/how-to-build-a-bluetooth-le-onoff-power-switch-tsmhb,https://web.archive.org/web/20190818173503/https://www.radiusnetworks.com/blog/2019/2/1/how-to-build-a-bluetooth-le-onoff-power-switch-tsmhb
02a70093cd827364,rakenapp.com,inc.com_api_i5list,services_other,How to Choose the Best Accounting Software for Construction,829,20210830200331,https://www.rakenapp.com/blog/how-to-choose-the-best-accounting-software-for-construction,https://web.archive.org/web/20210830200331/https://www.rakenapp.com/blog/how-to-choose-the-best-accounting-software-for-construction
135f0186835c5272,rakenapp.com,inc.com_api_i5list,services_other,Q&A With Egnyte: Why Cybersecurity is a Must in the Construction Industry (and How to Start Protecting Your Data),1183,20211018200145,https://www.rakenapp.com/blog/q-and-a-with-egnyte-why-cybersecurity-is-a-must-in-the-construction-industry-and-how-to-start-protecting-your-data,https://web.archive.org/web/20211018200145/https://www.rakenapp.com/blog/q-and-a-with-egnyte-why-cybersecurity-is-a-must-in-the-construction-industry-and-how-to-start-protecting-your-data
2ce13aaaf4c36ccd,rakenapp.com,inc.com_api_i5list,services_other,Communicating Construction Project Delays to the Office,905,20190722161745,https://www.rakenapp.com/blog/communicating-construction-project-delays-with-the-office,https://web.archive.org/web/20190722161745/https://www.rakenapp.com/blog/communicating-construction-project-delays-with-the-office
57207f28e4d1679e,rakenapp.com,inc.com_api_i5list,services_other,How Climate Change Affects Construction Conditions,1123,20220706161859,https://www.rakenapp.com/blog/how-could-climate-change-affect-construction-conditions,https://web.archive.org/web/20220706161859/https://www.rakenapp.com/blog/how-could-climate-change-affect-construction-conditions
90a7fcda8f408aa3,rakenapp.com,inc.com_api_i5list,services_other,Construction Technology Is Not an Army of Job-Hungry Robots,1088,20190722164549,https://www.rakenapp.com/blog/construction-technology-isnt-just-robots,https://web.archive.org/web/20190722164549/https://www.rakenapp.com/blog/construction-technology-isnt-just-robots
af95483726cab1ce,rakenapp.com,inc.com_api_i5list,services_other,Mastering the Creation of Construction Daily Reports,698,20190821091107,https://www.rakenapp.com/blog/mastering-creation-construction-daily-reports,https://web.archive.org/web/20190821091107/https://www.rakenapp.com/blog/mastering-creation-construction-daily-reports
f5fa6f6c40d9e762,rakenapp.com,inc.com_api_i5list,services_other,Women in Construction: How to Foster an Inclusive Environment,878,20220307203536,https://www.rakenapp.com/blog/how-to-foster-an-inclusive-workplace-environment,https://web.archive.org/web/20220307203536/https://www.rakenapp.com/blog/how-to-foster-an-inclusive-workplace-environment
28ad886978847660,ramp.com,yc,fintech_insurance,Vendor Management Best Practices,1396,20210124125243,https://ramp.com/blog/vendor-management-best-practices,https://web.archive.org/web/20210124125243/https://ramp.com/blog/vendor-management-best-practices
33d626fac9679999,ramp.com,yc,fintech_insurance,The best corporate cards compared (2022 business guide),2047,20220810135607,https://ramp.com/blog/corporate-cards-compared,https://web.archive.org/web/20220810135607/https://ramp.com/blog/corporate-cards-compared
48a2fbbb3f6b4d15,ramp.com,yc,fintech_insurance,Basic Guide to Starting a Business,1971,20210411001305,https://ramp.com/blog/basic-guide-to-starting-a-business,https://web.archive.org/web/20210411001305/https://ramp.com/blog/basic-guide-to-starting-a-business
7c70bee5fc142d65,ramp.com,yc,fintech_insurance,Digital transformation never stops: How CFOs can drive continuous change | Ramp,1261,20210617180714,https://ramp.com/blog/how-cfos-drive-digital-transformation,https://web.archive.org/web/20210617180714/https://ramp.com/blog/how-cfos-drive-digital-transformation
9f21d25861b94342,ramp.com,yc,fintech_insurance,Towards a healthy spending—and savings—culture | Ramp,1024,20210709153435,https://ramp.com/blog/create-healthy-spend-culture,https://web.archive.org/web/20210709153435/https://ramp.com/blog/create-healthy-spend-culture
a2f3f91709b70de2,ramp.com,yc,fintech_insurance,How to calculate and reduce burn rate for your business,1526,20211128052152,https://ramp.com/blog/how-to-calculate-and-reduce-burn-rate-for-your-business,https://web.archive.org/web/20211128052152/https://ramp.com/blog/how-to-calculate-and-reduce-burn-rate-for-your-business
a3227022ed9b142b,ramp.com,yc,fintech_insurance,How Ramp is responding to the market cooldown,1803,20220702031656,https://ramp.com/blog/ramp-market-cooldown,https://web.archive.org/web/20220702031656/https://ramp.com/blog/ramp-market-cooldown
a7507654619b75c7,ramp.com,yc,fintech_insurance,What is cash flow from operating activities?,1560,20221002220424,https://ramp.com/blog/what-is-cash-flow-from-operating-activities,https://web.archive.org/web/20221002220424/https://ramp.com/blog/what-is-cash-flow-from-operating-activities
bc90a4712f816598,ramp.com,yc,fintech_insurance,How to create a T&E policy for remote work,2003,20220810142602,https://ramp.com/blog/how-to-create-a-travel-and-expense-policy,https://web.archive.org/web/20220810142602/https://ramp.com/blog/how-to-create-a-travel-and-expense-policy
ce62980676d834bd,ramp.com,yc,fintech_insurance,How to simplify cash flow management for your e-commerce business,1859,20220528200430,https://ramp.com/blog/how-to-manage-e-commerce-cash-flow,https://web.archive.org/web/20220528200430/https://ramp.com/blog/how-to-manage-e-commerce-cash-flow
e112fcdcbffa7bef,ramp.com,yc,fintech_insurance,How to curb miscellaneous expenses with better tail spend management | Ramp,1464,20210811180214,https://ramp.com/blog/tail-spend-management,https://web.archive.org/web/20210811180214/https://ramp.com/blog/tail-spend-management
f110bb6580624251,ramp.com,yc,fintech_insurance,Profitability analysis 101: How-to guide with examples,958,20221002222330,https://ramp.com/blog/how-to-conduct-and-interpret-a-profitability-analysis,https://web.archive.org/web/20221002222330/https://ramp.com/blog/how-to-conduct-and-interpret-a-profitability-analysis
3bd976e3092942e8,re2.ai,yc,software_saas,It’s Never Been More Important to Have Multiple Sales Touchpoints,733,20210613105249,https://blog.re2.ai/sales-touchpoints,https://web.archive.org/web/20210613105249/https://blog.re2.ai/sales-touchpoints
b55b405a1143b39e,re2.ai,yc,software_saas,Digital & In-Person Prospecting Go Hand-in-Hand,718,20210916101344,https://blog.re2.ai/digital-in-person-prospecting-go-hand-in-hand,https://web.archive.org/web/20210916101344/https://blog.re2.ai/digital-in-person-prospecting-go-hand-in-hand
026dea0816cd4646,renthop.com,yc,ecommerce_retail,"How Compass is Different from Zillow, Redfin, and Typical Brokerages | RentHop",1982,20210419164656,https://www.renthop.com/blog/2021/03/how-compass-is-different-from-zillow-redfin-and-typical-brokerages/,https://web.archive.org/web/20210419164656/https://www.renthop.com/blog/2021/03/how-compass-is-different-from-zillow-redfin-and-typical-brokerages/
0ee82c001c2adda9,renthop.com,yc,ecommerce_retail,Exclusive Manhattan Listings Under $4500 | RentHop,693,20220527154424,https://www.renthop.com/blog/2022/05/exclusive-manhattan-listings-under-4500/,https://web.archive.org/web/20220527154424/https://www.renthop.com/blog/2022/05/exclusive-manhattan-listings-under-4500/
13856a8b2e3d77ca,renthop.com,yc,ecommerce_retail,NYC Public Pools Opening This Summer | RentHop,838,20220813103126,https://www.renthop.com/blog/2022/07/nyc-public-pools/,https://web.archive.org/web/20220813103126/https://www.renthop.com/blog/2022/07/nyc-public-pools/
3802c55917fc375e,renthop.com,yc,ecommerce_retail,How Trump Will Affect Your Rent? 8 Ways His Presidency May Affect You! | RentHop,834,20211201155125,https://www.renthop.com/blog/_/_/how-trump-will-affect-your-rent-8-ways-his-presidency-may-affect-you,https://web.archive.org/web/20211201155125/https://www.renthop.com/blog/_/_/how-trump-will-affect-your-rent-8-ways-his-presidency-may-affect-you
3df3c284936c70cf,renthop.com,yc,ecommerce_retail,Guarantor Vs. Cosigner: What You Need To Know | RentHop,976,20220609094252,https://www.renthop.com/blog/2022/02/guarantor-vs-cosigner-what-you-need-to-know/,https://web.archive.org/web/20220609094252/https://www.renthop.com/blog/2022/02/guarantor-vs-cosigner-what-you-need-to-know/
6086e92f4cbbc934,renthop.com,yc,ecommerce_retail,3 Ways that Smart Interior Design Makes Your Rented Apartment Feel Like Home,636,20150310091101,http://www.renthop.com:80/blog/2014/11/3-ways-that-smart-interior-design-makes-your-rented-apartment-feel-like-home/,https://web.archive.org/web/20150310091101/http://www.renthop.com:80/blog/2014/11/3-ways-that-smart-interior-design-makes-your-rented-apartment-feel-like-home/
178ef001300a2788,replit.com,yc,devtools,Top 7 CSS Interview Questions,818,20210413003519,https://blog.replit.com/Top-7-CSS-Interview-Questions-career-karma,https://web.archive.org/web/20210413003519/https://blog.replit.com/Top-7-CSS-Interview-Questions-career-karma
1b9ded16b9092b19,replit.com,yc,devtools,Will Nix Overtake Docker?,1451,20211130043627,https://blog.replit.com/nix-vs-docker,https://web.archive.org/web/20211130043627/https://blog.replit.com/nix-vs-docker
4d12b26e101ad36e,replit.com,yc,devtools,Top 7 CSS Interview Questions,792,20210413001618,https://blog.replit.com/Top-7-HTML-Interview-Questions-career-karma,https://web.archive.org/web/20210413001618/https://blog.replit.com/Top-7-HTML-Interview-Questions-career-karma
55153dc90baab507,replit.com,yc,devtools,How to Set Up Your Own Mastodon Instance with Replit,1363,20220319033350,https://blog.replit.com/setting-up-a-mastodon,https://web.archive.org/web/20220319033350/https://blog.replit.com/setting-up-a-mastodon
b143b0df6abcff30,replit.com,yc,devtools,"Python for Beginners: Interpreting My Amazon Spending with a Repl, Part Three",944,20221001185549,https://blog.replit.com/python-for-beginners-partthree,https://web.archive.org/web/20221001185549/https://blog.replit.com/python-for-beginners-partthree
bd80e8ecc68ea694,replit.com,yc,devtools,Popular Beginner JavaScript Concepts,855,20210413011152,https://blog.replit.com/popular-beginner-javascript-career-karma,https://web.archive.org/web/20210413011152/https://blog.replit.com/popular-beginner-javascript-career-karma
c583516f8072108d,replit.com,yc,devtools,Killing Containers at Scale,1749,20210319220500,https://blog.replit.com/killing-containers-at-scale,https://web.archive.org/web/20210319220500/https://blog.replit.com/killing-containers-at-scale
f5d64fcd92273838,replit.com,yc,devtools,Common Errors Python Beginners Encounter (with Solutions),840,20210316224635,https://blog.replit.com/beginner-python-errors-career-karma,https://web.archive.org/web/20210316224635/https://blog.replit.com/beginner-python-errors-career-karma
36d69647770666f4,rocketrip.com,yc,fintech_insurance,2017 Business Travel Outlook,638,20170316041216,http://blog.rocketrip.com:80/2017-business-travel-outlook,https://web.archive.org/web/20170316041216/http://blog.rocketrip.com:80/2017-business-travel-outlook
4dbce61230490581,rocketrip.com,yc,fintech_insurance,12 Travel New Year's Resolutions,1011,20160806101054,http://blog.rocketrip.com:80/travel-new-years-resolutions,https://web.archive.org/web/20160806101054/http://blog.rocketrip.com:80/travel-new-years-resolutions
580ad20258db5ce6,rocketrip.com,yc,fintech_insurance,of popes and hotel prices,727,20151008132416,http://blog.rocketrip.com:80/pope-francis-visit,https://web.archive.org/web/20151008132416/http://blog.rocketrip.com:80/pope-francis-visit
74e8bd92455b783a,rocketrip.com,yc,fintech_insurance,Leakage and Invisible Travel Spending,1092,20170915064720,http://blog.rocketrip.com/leakage-and-invisible-travel-spending,https://web.archive.org/web/20170915064720/http://blog.rocketrip.com/leakage-and-invisible-travel-spending
7cc38748752a46be,rocketrip.com,yc,fintech_insurance,An Open Booking Policy: 6 Reasons Why It's Right for Your Company,754,20190824104547,https://blog.rocketrip.com/2013/11/21/an-open-booking-policy-6-reasons-why-its-right,https://web.archive.org/web/20190824104547/https://blog.rocketrip.com/2013/11/21/an-open-booking-policy-6-reasons-why-its-right
7cecf42ef826381b,rocketrip.com,yc,fintech_insurance,16 Things to Know For SXSW 2016,902,20160318091537,http://blog.rocketrip.com:80/16-things-to-know-for-sxsw-2016,https://web.archive.org/web/20160318091537/http://blog.rocketrip.com:80/16-things-to-know-for-sxsw-2016
832429fdf11afcd9,rocketrip.com,yc,fintech_insurance,An Introduction to Online Booking Tools for Corporate Travel,824,20170128064819,http://blog.rocketrip.com:80/an-introduction-to-online-booking-tools-for-corporate-travel,https://web.archive.org/web/20170128064819/http://blog.rocketrip.com:80/an-introduction-to-online-booking-tools-for-corporate-travel
83cc1c573d7b0731,rocketrip.com,yc,fintech_insurance,Learning from the Travel Security Experts: Q+A with Brenda Davis at International SOS,965,20200809074857,https://blog.rocketrip.com/international-sos-travel-manager-interview,https://web.archive.org/web/20200809074857/https://blog.rocketrip.com/international-sos-travel-manager-interview
8eb44b2b05aeb2f1,rocketrip.com,yc,fintech_insurance,Travel Expense Management: Beginner's Guide,1148,20150511081349,http://blog.rocketrip.com:80/travel-expense-management-beginners-guide,https://web.archive.org/web/20150511081349/http://blog.rocketrip.com:80/travel-expense-management-beginners-guide
97925a5c0d553d6c,rocketrip.com,yc,fintech_insurance,Do You Need an Admin to Manage Your Business Travel?,795,20160808021058,http://blog.rocketrip.com:80/travel-booking-with-admin-support,https://web.archive.org/web/20160808021058/http://blog.rocketrip.com:80/travel-booking-with-admin-support
a3d9693960410320,rocketrip.com,yc,fintech_insurance,What to Know About Airbnb for Business Travel,1014,20151127154123,http://blog.rocketrip.com:80/airbnb-for-business-travelers,https://web.archive.org/web/20151127154123/http://blog.rocketrip.com:80/airbnb-for-business-travelers
b87a3eb083e02e73,rocketrip.com,yc,fintech_insurance,Artificial Intelligence and the Future of Travel,893,20160806212838,http://blog.rocketrip.com:80/artificial-intelligence-and-the-future-of-travel,https://web.archive.org/web/20160806212838/http://blog.rocketrip.com:80/artificial-intelligence-and-the-future-of-travel
c4b338e5115263fa,rocketrip.com,yc,fintech_insurance,The One Question You Should Be Asking Employees (But Probably Aren’t),750,20181009070359,http://blog.rocketrip.com:80/ask-your-employees-this-question,https://web.archive.org/web/20181009070359/http://blog.rocketrip.com:80/ask-your-employees-this-question
d1337638a5ea5b38,rocketrip.com,yc,fintech_insurance,Gain Acceptance of New Programs By Reducing Status Quo Bias,1068,20191113014540,https://blog.rocketrip.com/gain-acceptance-new-programs-reducing-status-quo-bias,https://web.archive.org/web/20191113014540/https://blog.rocketrip.com/gain-acceptance-new-programs-reducing-status-quo-bias
d943f7e506a8142b,rocketrip.com,yc,fintech_insurance,The Role of Accounting Departments in Travel Management,762,20161217024509,http://blog.rocketrip.com:80/the-role-of-accounting-departments-in-travel-management,https://web.archive.org/web/20161217024509/http://blog.rocketrip.com:80/the-role-of-accounting-departments-in-travel-management
e16e193758bf0e2a,rocketrip.com,yc,fintech_insurance,Travel Manager Roundtable: How to Get Employee Buy-In For Policy and Platforms,763,20190824083153,https://blog.rocketrip.com/travel-manager-roundtable,https://web.archive.org/web/20190824083153/https://blog.rocketrip.com/travel-manager-roundtable
e47ebef544612250,rocketrip.com,yc,fintech_insurance,Explaining the Alaska Airlines - Virgin America Merger,815,20170304060056,http://blog.rocketrip.com/explaining-the-alaska-airlines-virgin-america-merger,https://web.archive.org/web/20170304060056/http://blog.rocketrip.com/explaining-the-alaska-airlines-virgin-america-merger
fee77488968895eb,rocketrip.com,yc,fintech_insurance,Six Steps for Successfully Implementing New Technology,670,20171003085126,http://blog.rocketrip.com:80/six-steps-for-implementing-new-technology,https://web.archive.org/web/20171003085126/http://blog.rocketrip.com:80/six-steps-for-implementing-new-technology
7eb570c563011f4a,sandcloud.com,inc.com_api_i5list,ecommerce_retail,Turkish Towels 101: What are turkish towels?,973,20201108100350,https://www.sandcloud.com/blogs/news/37659457-turkish-towels-101-what-are-turkish-towels,https://web.archive.org/web/20201108100350/https://www.sandcloud.com/blogs/news/37659457-turkish-towels-101-what-are-turkish-towels
9b9d79ef643c5015,sandcloud.com,inc.com_api_i5list,ecommerce_retail,What To Expect On Your Whale Watching Trip,750,20201204233008,https://www.sandcloud.com/blogs/news/what-to-expect-on-your-whale-watching-trip/,https://web.archive.org/web/20201204233008/https://www.sandcloud.com/blogs/news/what-to-expect-on-your-whale-watching-trip/
d0131db06b7f5b53,scispot.io,yc,software_saas,Top 20 Innovative Immuno-Oncology Companies in the US,923,20220114163008,https://www.scispot.io/blog/top-20-innovative-immuno-oncology-companies-in-the-us,https://web.archive.org/web/20220114163008/https://www.scispot.io/blog/top-20-innovative-immuno-oncology-companies-in-the-us
e454a821fbf632ee,scispot.io,yc,software_saas,How to make your biotech startup a tech company?,1194,20211018015023,https://www.scispot.io/blog/how-to-make-your-biotech-startup-a-tech-company-digitize-your-biotech-startup-to-scale-like-a-tech-company,https://web.archive.org/web/20211018015023/https://www.scispot.io/blog/how-to-make-your-biotech-startup-a-tech-company-digitize-your-biotech-startup-to-scale-like-a-tech-company
e4b58c325eb60311,scispot.io,yc,software_saas,Talk is Biotech! with Guru Singh and Mike Tarselli,1166,20210813232225,https://www.scispot.io/blog/talk-is-biotech-w-mike-tarselli,https://web.archive.org/web/20210813232225/https://www.scispot.io/blog/talk-is-biotech-w-mike-tarselli
f8384f4259247bb5,scispot.io,yc,software_saas,10 Most Innovative 3D Bioprinting Startups in the World Right Now,661,20211108214222,https://www.scispot.io/blog/10-most-innovative-3d-bioprinting-startups-in-the-world-right-now,https://web.archive.org/web/20211108214222/https://www.scispot.io/blog/10-most-innovative-3d-bioprinting-startups-in-the-world-right-now
039c83eea7532576,scuba.io,yc,software_saas,Which Industries Suffer From Poor CX Management (and How to Change)?,1230,20210513094412,https://blog.scuba.io/blog/which-industries-suffer-from-poor-cx,https://web.archive.org/web/20210513094412/https://blog.scuba.io/blog/which-industries-suffer-from-poor-cx
1949d9236c1468b2,scuba.io,yc,software_saas,How Behavioral Analytics Can Help Your Organization Identify Cybersecurity Threats,1170,20210624131325,https://blog.scuba.io/blog/behavioral-analytics-cybersecurity-threats,https://web.archive.org/web/20210624131325/https://blog.scuba.io/blog/behavioral-analytics-cybersecurity-threats
20c5d6e6895d45bf,scuba.io,yc,software_saas,Understanding the Value of Your Data,1239,20210306081501,https://blog.scuba.io/blog/understanding-value-data,https://web.archive.org/web/20210306081501/https://blog.scuba.io/blog/understanding-value-data
3029d8613862f6e8,scuba.io,yc,software_saas,5 CX Trends Any Organization Can Implement Now,1319,20210728181158,https://blog.scuba.io/blog/5-cx-trends-to-implement-now,https://web.archive.org/web/20210728181158/https://blog.scuba.io/blog/5-cx-trends-to-implement-now
418a1ee54cbd24a4,scuba.io,yc,software_saas,What Your Customer’s Tweets Can Teach Your Brand About CX Strategy,1808,20210622210734,https://blog.scuba.io/blog/tweets-and-cx-strategy,https://web.archive.org/web/20210622210734/https://blog.scuba.io/blog/tweets-and-cx-strategy
5bd55064baf244e5,scuba.io,yc,software_saas,What’s Your First Party Data Strategy?,947,20210714181437,https://blog.scuba.io/blog/whats-your-first-party-data-strategy,https://web.archive.org/web/20210714181437/https://blog.scuba.io/blog/whats-your-first-party-data-strategy
7b3bc1f4d45bd191,scuba.io,yc,software_saas,6 Common Types of Behavioral Segmentation for Understanding Your Customers,1547,20210507051159,https://blog.scuba.io/blog/6-common-types-of-behavioral-segmentation,https://web.archive.org/web/20210507051159/https://blog.scuba.io/blog/6-common-types-of-behavioral-segmentation
7bf2653576f2e4d4,scuba.io,yc,software_saas,How to Perform Retention Analysis To Grow Your Revenue,1307,20210405211320,https://blog.scuba.io/blog/how-to-perform-retention-analysis,https://web.archive.org/web/20210405211320/https://blog.scuba.io/blog/how-to-perform-retention-analysis
87b74639194b2c83,scuba.io,yc,software_saas,"How Industries Like Media, SaaS, Tech, and Retail Use Behavioral Analytics (with Examples)",1146,20210525160825,https://blog.scuba.io/blog/industries-use-behavioral-analytics,https://web.archive.org/web/20210525160825/https://blog.scuba.io/blog/industries-use-behavioral-analytics
8ef7c485e9c3a221,scuba.io,yc,software_saas,Product Analytics Growing Pains: 4 Things Amplitude Users Need to Know,594,20210513094210,https://blog.scuba.io/blog/four-things-amplitude-users-need-to-know,https://web.archive.org/web/20210513094210/https://blog.scuba.io/blog/four-things-amplitude-users-need-to-know
deed33b4104467ed,scuba.io,yc,software_saas,How Publishers Can Track the Customer Journey,1634,20210306074045,https://blog.scuba.io/blog/how-publishers-can-track-the-customer-journey,https://web.archive.org/web/20210306074045/https://blog.scuba.io/blog/how-publishers-can-track-the-customer-journey
15f090f4f0e9fb7b,secondmeasure.com,yc,fintech_insurance,Why Stitch Fix isn’t like Blue Apron (and how it stacks up in its own industry) - Second Measure,752,20190615233453,https://blog.secondmeasure.com/datapoints/why-stitch-fix-isnt-like-blue-apron/,https://web.archive.org/web/20190615233453/https://blog.secondmeasure.com/datapoints/why-stitch-fix-isnt-like-blue-apron/
2cafa0df1ca8278f,secondmeasure.com,yc,fintech_insurance,From Avis to Zipcar: what’s driving change in how we get around,1187,20180206051333,http://blog.secondmeasure.com:80/2018/01/22/from-avis-to-zipcar/,https://web.archive.org/web/20180206051333/http://blog.secondmeasure.com:80/2018/01/22/from-avis-to-zipcar/
30c97950bc168bd2,secondmeasure.com,yc,fintech_insurance,"Rideshare: Uber leads market share, but Lyft is gaining ground",856,20181215024607,https://blog.secondmeasure.com/2018/10/17/rideshare-industry-overview/,https://web.archive.org/web/20181215024607/https://blog.secondmeasure.com/2018/10/17/rideshare-industry-overview/
81caa63846f0d628,secondmeasure.com,yc,fintech_insurance,Online daters chase love at first sight with Tinder and Bumble,819,20180226042007,http://blog.secondmeasure.com:80/2018/02/14/love-at-first-sight-with-tinder-and-bumble/,https://web.archive.org/web/20180226042007/http://blog.secondmeasure.com:80/2018/02/14/love-at-first-sight-with-tinder-and-bumble/
060fdda1f3c2b4d2,sellvia.com,inc.com_api_i5list,ecommerce_retail,Business Ideas For Women To Try In 2022,1071,20211201235501,https://sellvia.com/blog/business-ideas-for-women-to-try/,https://web.archive.org/web/20211201235501/https://sellvia.com/blog/business-ideas-for-women-to-try/
10ff6890f5543a12,sellvia.com,inc.com_api_i5list,ecommerce_retail,How To Sort Out Dropshipping Suppliers To Team Up With?,1280,20220517142925,https://sellvia.com/blog/dropshipping-suppliers-to-team-up-with/,https://web.archive.org/web/20220517142925/https://sellvia.com/blog/dropshipping-suppliers-to-team-up-with/
172a594a8bb2426e,sellvia.com,inc.com_api_i5list,ecommerce_retail,Product Pricing: How To Create A Winning Strategy With Sellvia,1234,20210803041853,https://sellvia.com/blog/product-pricing-strategy/,https://web.archive.org/web/20210803041853/https://sellvia.com/blog/product-pricing-strategy/
7b137015e8c7b94f,sellvia.com,inc.com_api_i5list,ecommerce_retail,"How To Make $6,027,075.00 On People’s Desire To Express Themselves",1026,20220810105826,https://sellvia.com/blog/why-sell-unique-hoodies/,https://web.archive.org/web/20220810105826/https://sellvia.com/blog/why-sell-unique-hoodies/
7ed8c47d037a31a6,sellvia.com,inc.com_api_i5list,ecommerce_retail,Oberlo Shutdown. What’s Next? Alternatives To Save Your Business,1750,20220630192235,https://sellvia.com/blog/oberlo-shutdown-what-are-the-alternatives-h-3/,https://web.archive.org/web/20220630192235/https://sellvia.com/blog/oberlo-shutdown-what-are-the-alternatives-h-3/
922e7319715dbc12,sellvia.com,inc.com_api_i5list,ecommerce_retail,Next Generation Dropshipping Business With No Weak Spots,1272,20220517144506,https://sellvia.com/blog/next-generation-dropshipping-business/,https://web.archive.org/web/20220517144506/https://sellvia.com/blog/next-generation-dropshipping-business/
c712247db758124d,sellvia.com,inc.com_api_i5list,ecommerce_retail,How To Start A Car Accessories Business With Little Effort?,1092,20210803050508,https://sellvia.com/blog/how-to-start-a-car-accessories-business/,https://web.archive.org/web/20210803050508/https://sellvia.com/blog/how-to-start-a-car-accessories-business/
e3d0b3ad153da1fc,sellvia.com,inc.com_api_i5list,ecommerce_retail,Dropshipping Beauty Products Tips: Create A Flourishing Online Store,2073,20220517152604,https://sellvia.com/blog/tips-dropshipping-beauty-products/,https://web.archive.org/web/20220517152604/https://sellvia.com/blog/tips-dropshipping-beauty-products/
f308e90b48e40dbf,sellvia.com,inc.com_api_i5list,ecommerce_retail,How To Promote Your Online Business On Autopilot And Make It Grow?,867,20220122014631,https://sellvia.com/blog/grow-your-online-business-on-autopilot/,https://web.archive.org/web/20220122014631/https://sellvia.com/blog/grow-your-online-business-on-autopilot/
060f486a626edda0,sendowl.com,g2.com_wayback,software_saas,Episode 1 - How to publish and sell an ebook:,1464,20220528140417,https://www.sendowl.com/blog/dh001-how-to-publish-sell-an-ebook.html,https://web.archive.org/web/20220528140417/https://www.sendowl.com/blog/dh001-how-to-publish-sell-an-ebook.html
4d9890f9b501a9f9,sendowl.com,g2.com_wayback,software_saas,Why Digital Products Fail + 5 Tips for Success:,1837,20220519182802,https://www.sendowl.com/blog/why-digital-products-fail.html,https://web.archive.org/web/20220519182802/https://www.sendowl.com/blog/why-digital-products-fail.html
58e1650751f2773b,sendowl.com,g2.com_wayback,software_saas,We answer your questions on the new EU VAT rules:,965,20150525120930,https://www.sendowl.com/blog/q-and-a-on-eu-vat-rules.html,https://web.archive.org/web/20150525120930/https://www.sendowl.com/blog/q-and-a-on-eu-vat-rules.html
5b241050b3ab0d16,sendowl.com,g2.com_wayback,software_saas,Digital File Delivery: What to look for in a digital file delivery provider,1552,20170517102055,https://www.sendowl.com/blog/digital-file-delivery.html,https://web.archive.org/web/20170517102055/https://www.sendowl.com/blog/digital-file-delivery.html
67f84b20f806ad6d,sendowl.com,g2.com_wayback,software_saas,Sell downloads (what's the easiest way for you?):,1254,20210507151118,https://www.sendowl.com/blog/sell-downloads.html,https://web.archive.org/web/20210507151118/https://www.sendowl.com/blog/sell-downloads.html
795e593c35fd0b0e,sendowl.com,g2.com_wayback,software_saas,Episode 2 - How to increase online sales conversion rates:,1957,20220528135632,https://www.sendowl.com/blog/dh002-how-to-increate-online-sales-conversion-rates.html,https://web.archive.org/web/20220528135632/https://www.sendowl.com/blog/dh002-how-to-increate-online-sales-conversion-rates.html
7fbd7e2c3f3cc2b7,sendowl.com,g2.com_wayback,software_saas,EU VAT reporting: Your helpful guide,1045,20160506013013,https://www.sendowl.com/blog/vat-moss-reporting.html,https://web.archive.org/web/20160506013013/https://www.sendowl.com/blog/vat-moss-reporting.html
8b1f54cf485735e2,sendowl.com,g2.com_wayback,software_saas,Don't forget to plan your marketing for Black Friday and Christmas!:,677,20220528140536,https://www.sendowl.com/blog/marketing-for-Black-Friday-Christmas.html,https://web.archive.org/web/20220528140536/https://www.sendowl.com/blog/marketing-for-Black-Friday-Christmas.html
108a4e9d077e4f68,sensehq.com,inc.com_api_i5list,software_saas,Top 10 resources for forward-thinking staffing pros,672,20190917103429,https://blog.sensehq.com/top-10-resources-for-forward-thinking-staffing-pros,https://web.archive.org/web/20190917103429/https://blog.sensehq.com/top-10-resources-for-forward-thinking-staffing-pros
28c1c8f0ab1fb7a5,sensehq.com,inc.com_api_i5list,software_saas,Different ways to automatically stay engaged with your talent database,1567,20200930104826,https://blog.sensehq.com/different-ways-to-automatically-stay-engaged-with-your-talent-database,https://web.archive.org/web/20200930104826/https://blog.sensehq.com/different-ways-to-automatically-stay-engaged-with-your-talent-database
31d4c1391730fa85,sensehq.com,inc.com_api_i5list,software_saas,The secret to automation done right for staffing firms,1091,20210121132707,https://blog.sensehq.com/the-secret-to-automation-done-right-for-staffing-firms,https://web.archive.org/web/20210121132707/https://blog.sensehq.com/the-secret-to-automation-done-right-for-staffing-firms
32b50ffecb266ce9,sensehq.com,inc.com_api_i5list,software_saas,How conversational recruiting makes staffing more personal,991,20200930101647,https://blog.sensehq.com/how-conversational-recruiting-makes-staffing-more-personal,https://web.archive.org/web/20200930101647/https://blog.sensehq.com/how-conversational-recruiting-makes-staffing-more-personal
51c13353038ac53b,sensehq.com,inc.com_api_i5list,software_saas,Using an omni channel approach to candidate engagement,842,20190824231037,https://blog.sensehq.com/using-an-omni-channel-approach-to-candidate-engagement,https://web.archive.org/web/20190824231037/https://blog.sensehq.com/using-an-omni-channel-approach-to-candidate-engagement
584d84cbe9401418,sensehq.com,inc.com_api_i5list,software_saas,Top 10 New Year’s resolutions for staffing firms,1336,20200806013855,https://blog.sensehq.com/top-10-new-years-resolutions-for-staffing-firms,https://web.archive.org/web/20200806013855/https://blog.sensehq.com/top-10-new-years-resolutions-for-staffing-firms
8fe068db94ede664,sensehq.com,inc.com_api_i5list,software_saas,"When it comes to NPS, timing is everything",983,20190917105504,https://blog.sensehq.com/when-it-comes-to-nps-timing-is-everything,https://web.archive.org/web/20190917105504/https://blog.sensehq.com/when-it-comes-to-nps-timing-is-everything
9826a9c2e38236ee,sensehq.com,inc.com_api_i5list,software_saas,Focus on these steps to modernize your staffing operations next year,1381,20190824223451,https://blog.sensehq.com/focus-on-these-steps-to-modernize-your-staffing-operations-next-year,https://web.archive.org/web/20190824223451/https://blog.sensehq.com/focus-on-these-steps-to-modernize-your-staffing-operations-next-year
b185b5bf54af7bb0,sensehq.com,inc.com_api_i5list,software_saas,5 reasons your top candidates drop off—and what you can do about it,1027,20210801164529,https://blog.sensehq.com/5-reasons-why-top-candidates-drop-off,https://web.archive.org/web/20210801164529/https://blog.sensehq.com/5-reasons-why-top-candidates-drop-off
ccb45f6b55b14aea,sensehq.com,inc.com_api_i5list,software_saas,"Hard to Love: Why Scaling Contractor Care Isn’t Easy - Part 1, Human Connection",1251,20190722074057,https://blog.sensehq.com/scaling-contractor-care,https://web.archive.org/web/20190722074057/https://blog.sensehq.com/scaling-contractor-care
de39f2196c19de51,sensehq.com,inc.com_api_i5list,software_saas,Staying Connected: How to Engage and Communicate with Furloughed Employees,1607,20200930085905,https://blog.sensehq.com/staying-connected-how-to-engage-and-communicate-with-furloughed-employees,https://web.archive.org/web/20200930085905/https://blog.sensehq.com/staying-connected-how-to-engage-and-communicate-with-furloughed-employees
e83655941a76b9c5,sensehq.com,inc.com_api_i5list,software_saas,How to Leverage Onboarding as a Competitive Advantage,1499,20190824231420,https://blog.sensehq.com/how-to-leverage-onboarding-as-a-competitive-advantage-83129d9df6b9,https://web.archive.org/web/20190824231420/https://blog.sensehq.com/how-to-leverage-onboarding-as-a-competitive-advantage-83129d9df6b9
74477e1e1b2c95ad,sfox.com,yc,fintech_insurance,New Correlation Data Reveal BTC — and ETH — Dominance - SFOX,1021,20210117101801,https://www.sfox.com/blog/new-correlation-data-reveal-btc-and-eth-dominance/,https://web.archive.org/web/20210117101801/https://www.sfox.com/blog/new-correlation-data-reveal-btc-and-eth-dominance/
084a6d4c66c2a601,siegfriedgroup.com,inc.com_api_i5list,services_other,Loyal guardian or entertaining optimist? The ancient wisdom of the Enneagram explained | Siegfried Blog,877,20190820131456,https://blog.siegfriedgroup.com/loyal-guardian-or-entertaining-optimist-the-ancient-wisdom-of-the-enneagram-explained/,https://web.archive.org/web/20190820131456/https://blog.siegfriedgroup.com/loyal-guardian-or-entertaining-optimist-the-ancient-wisdom-of-the-enneagram-explained/
151a26cc4ca29c8e,siegfriedgroup.com,inc.com_api_i5list,services_other,Build resilience to combat stress at work | Siegfried Blog,1176,20210827215430,https://blog.siegfriedgroup.com/build-resilience-to-combat-stress-at-work/,https://web.archive.org/web/20210827215430/https://blog.siegfriedgroup.com/build-resilience-to-combat-stress-at-work/
225c7ff86ed80767,siegfriedgroup.com,inc.com_api_i5list,services_other,Lessons from the Last Airbender | Siegfried Blog,1407,20210302115133,https://blog.siegfriedgroup.com/lessons-from-the-last-airbender/,https://web.archive.org/web/20210302115133/https://blog.siegfriedgroup.com/lessons-from-the-last-airbender/
248b8b74ec06261b,siegfriedgroup.com,inc.com_api_i5list,services_other,Innovations from intrapreneurship | Siegfried Group,1240,20210416144118,https://blog.siegfriedgroup.com/innovations-from-intrapreneurship/,https://web.archive.org/web/20210416144118/https://blog.siegfriedgroup.com/innovations-from-intrapreneurship/
4b71317cfb1b99be,siegfriedgroup.com,inc.com_api_i5list,services_other,3 collaboration best practices for home and work | Siegfried Blog,744,20191018023858,https://blog.siegfriedgroup.com/3-collaboration-best-practices-for-home-and-work/,https://web.archive.org/web/20191018023858/https://blog.siegfriedgroup.com/3-collaboration-best-practices-for-home-and-work/
8654de358d81f399,siegfriedgroup.com,inc.com_api_i5list,services_other,Artificial Intelligence: looking ahead,611,20211127063329,https://blog.siegfriedgroup.com/artificial-intelligence-looking-ahead/,https://web.archive.org/web/20211127063329/https://blog.siegfriedgroup.com/artificial-intelligence-looking-ahead/
b6d63b1d0e0f9b2e,siegfriedgroup.com,inc.com_api_i5list,services_other,Active listening for authentic connection,667,20220310180107,https://blog.siegfriedgroup.com/active-listening/,https://web.archive.org/web/20220310180107/https://blog.siegfriedgroup.com/active-listening/
d51c7e97a17a0518,siegfriedgroup.com,inc.com_api_i5list,services_other,Why we procrastinate and what to do about it | Siegfried Blog,737,20190820131544,https://blog.siegfriedgroup.com/why-we-procrastinate-and-what-to-do-about-it/,https://web.archive.org/web/20190820131544/https://blog.siegfriedgroup.com/why-we-procrastinate-and-what-to-do-about-it/
e12bc8150c1adca4,siegfriedgroup.com,inc.com_api_i5list,services_other,Emotional Intelligence: Why it matters and how to get it | Siegfried Blog,867,20191114210826,https://blog.siegfriedgroup.com/emotional-intelligence-why-it-matters-and-how-to-get-it/,https://web.archive.org/web/20191114210826/https://blog.siegfriedgroup.com/emotional-intelligence-why-it-matters-and-how-to-get-it/
6922a60135d610ef,silvercloudinc.com,inc.com_api_i5list,software_saas,Improve Customer Service at Your Bank with Live Chat,1035,20180913032130,https://silvercloudinc.com/blog/live-chat-for-banks/,https://web.archive.org/web/20180913032130/https://silvercloudinc.com/blog/live-chat-for-banks/
9c494ae6f25fc86e,silvercloudinc.com,inc.com_api_i5list,software_saas,Need New Ways to Improve Your Bank’s Cross Selling Strategy?,992,20170621231624,http://silvercloudinc.com/blog/cross-selling-banking/,https://web.archive.org/web/20170621231624/http://silvercloudinc.com/blog/cross-selling-banking/
e589c90b33c10313,silvercloudinc.com,inc.com_api_i5list,software_saas,4 Ways A Centralized Content Strategy Will Improve Your Employee Training Program,706,20190722091113,https://silvercloudinc.com/blog/4-ways-centralized-content-strategy-will-improve-your-employee-training/,https://web.archive.org/web/20190722091113/https://silvercloudinc.com/blog/4-ways-centralized-content-strategy-will-improve-your-employee-training/
133db3b519845843,singlestore.com,yc,devtools,Takeaways from the Gartner Business Intelligence and Analytics Summit,624,20210620215254,https://www.singlestore.com/blog/hana-and-hadoop/,https://web.archive.org/web/20210620215254/https://www.singlestore.com/blog/hana-and-hadoop/
1f544dd2951d7359,singlestore.com,yc,devtools,The Auto Macro: A Clean Approach to C++ Error Handling,632,20211208011912,https://www.singlestore.com/blog/c-error-handling-with-auto/,https://web.archive.org/web/20211208011912/https://www.singlestore.com/blog/c-error-handling-with-auto/
3131610cfd38f5d8,singlestore.com,yc,devtools,Common Pitfalls in Writing Lock-Free Algorithms - SingleStore Blog - MemSQL is Now SingleStore,2510,20201112031759,https://www.singlestore.com/blog/common-pitfalls-in-writing-lock-free-algorithms/,https://web.archive.org/web/20201112031759/https://www.singlestore.com/blog/common-pitfalls-in-writing-lock-free-algorithms/
6ff7c88e38ec97a9,singlestore.com,yc,devtools,Database Sharding vs. Partitioning: What’s the Difference?,1164,20211101185853,https://www.singlestore.com/blog/database-sharding-vs-partitioning-whats-the-difference/,https://web.archive.org/web/20211101185853/https://www.singlestore.com/blog/database-sharding-vs-partitioning-whats-the-difference/
7941639b2df3b58e,singlestore.com,yc,devtools,Market Guide for In-Memory DBMS,795,20220126150053,https://www.singlestore.com/blog/gartner-in-memory-guide/,https://web.archive.org/web/20220126150053/https://www.singlestore.com/blog/gartner-in-memory-guide/
905375033ec626da,singlestore.com,yc,devtools,Designing for a Database: What’s Beyond the Query?,1661,20220722205408,https://www.singlestore.com/blog/designing-for-a-database-whats-beyond-the-query/,https://web.archive.org/web/20220722205408/https://www.singlestore.com/blog/designing-for-a-database-whats-beyond-the-query/
a8d4915ad5a39b56,singlestore.com,yc,devtools,Introduction to SingleStore: Carl Sverre,1503,20210419122037,https://www.singlestore.com/blog/create-pipeline-kafka/,https://web.archive.org/web/20210419122037/https://www.singlestore.com/blog/create-pipeline-kafka/
dab84bdf2a6a9cd1,singlestore.com,yc,devtools,AWS Translate and SingleStore,1495,20211215164306,https://www.singlestore.com/blog/aws-translate-and-singlestore/,https://web.archive.org/web/20211215164306/https://www.singlestore.com/blog/aws-translate-and-singlestore/
fa95167b54d5de33,singlestore.com,yc,devtools,Scale-Out,1246,20210517185909,https://www.singlestore.com/blog/delivering-scalable-self-service-analytics/,https://web.archive.org/web/20210517185909/https://www.singlestore.com/blog/delivering-scalable-self-service-analytics/
0d45c27d2f2e2d41,siteimprove.com,ft1000_wayback:20230425220624,software_saas,Want to Understand Web Accessibility? Participate!,648,20171108073131,https://siteimprove.com/blog/want-to-understand-web-accessibility-participate,https://web.archive.org/web/20171108073131/https://siteimprove.com/blog/want-to-understand-web-accessibility-participate
4caefa4a4459ceed,siteimprove.com,ft1000_wayback:20230425220624,software_saas,SEO for Australian councils: How to get it right,2090,20220809104325,https://www.siteimprove.com/blog/seo-for-australian-councils-what-you-should-know/,https://web.archive.org/web/20220809104325/https://www.siteimprove.com/blog/seo-for-australian-councils-what-you-should-know/
69684658d17d36be,siteimprove.com,ft1000_wayback:20230425220624,software_saas,Exploit these Overlaps between SEO and Web Accessibility,1000,20160322023141,http://siteimprove.com/blog/overlaps-between-seo-and-web-accessibility/,https://web.archive.org/web/20160322023141/http://siteimprove.com/blog/overlaps-between-seo-and-web-accessibility/
6d9aa542e1c86cdf,siteimprove.com,ft1000_wayback:20230425220624,software_saas,How higher education institutions can improve page load time to boost competitiveness,1048,20220525200138,https://www.siteimprove.com/blog/how-higher-education-institutions-can-improve-page-load-time-to-boost-competitiveness/,https://web.archive.org/web/20220525200138/https://www.siteimprove.com/blog/how-higher-education-institutions-can-improve-page-load-time-to-boost-competitiveness/
7cc021c9c97ab671,siteimprove.com,ft1000_wayback:20230425220624,software_saas,Improve your Website Based on Internal Search Data,632,20171122012835,https://siteimprove.com/blog/improve-your-website-based-on-internal-search-data,https://web.archive.org/web/20171122012835/https://siteimprove.com/blog/improve-your-website-based-on-internal-search-data
a1f88f5309f8f6f3,siteimprove.com,ft1000_wayback:20230425220624,software_saas,Prepare your website for Core Web Vitals with Siteimprove,2472,20220706184706,https://www.siteimprove.com/blog/prepare-your-website-for-core-web-vitals-with-siteimprove2,https://web.archive.org/web/20220706184706/https://www.siteimprove.com/blog/prepare-your-website-for-core-web-vitals-with-siteimprove2
b64d2d37b9262597,siteimprove.com,ft1000_wayback:20230425220624,software_saas,How to Manage Duplicate Content with Canonicalization,669,20171124060924,https://siteimprove.com/blog/how-to-manage-duplicate-content-with-canonicalization,https://web.archive.org/web/20171124060924/https://siteimprove.com/blog/how-to-manage-duplicate-content-with-canonicalization
ef96ac0f2d44a663,siteimprove.com,ft1000_wayback:20230425220624,software_saas,4 Common Analytics Challenges and How to Combat Them,925,20171122205345,https://siteimprove.com/blog/4-common-analytics-challenges-and-how-to-combat-them,https://web.archive.org/web/20171122205345/https://siteimprove.com/blog/4-common-analytics-challenges-and-how-to-combat-them
f2dc93dc5d1efae2,siteimprove.com,ft1000_wayback:20230425220624,software_saas,Designing for accessibility beyond color contrast,1103,20220525192306,https://www.siteimprove.com/blog/designing-for-accessibility-beyond-color-contrast,https://web.archive.org/web/20220525192306/https://www.siteimprove.com/blog/designing-for-accessibility-beyond-color-contrast
0c27db481d18340b,sketchdeck.com,yc,software_saas,The value of brand authenticity–and how to increase yours,959,20210118222251,https://www.sketchdeck.com/blog/brand-authenticity,https://web.archive.org/web/20210118222251/https://www.sketchdeck.com/blog/brand-authenticity
2ccabff7cd31d3ff,sketchdeck.com,yc,software_saas,113 New Marketing Tools You Need To Grow In 2016 - Part 1: Analytics,818,20160328164659,http://www.sketchdeck.com:80/blog/113-new-marketing-tools-you-need-to-grow-in-2016-part-1-analytics,https://web.archive.org/web/20160328164659/http://www.sketchdeck.com:80/blog/113-new-marketing-tools-you-need-to-grow-in-2016-part-1-analytics
e04cbbf3cc1af533,sketchdeck.com,yc,software_saas,7 reasons to get your presentation professionally designed,1387,20200814104034,https://www.sketchdeck.com/blog/get-professional-design,https://web.archive.org/web/20200814104034/https://www.sketchdeck.com/blog/get-professional-design
fc9c22d920835902,sketchdeck.com,yc,software_saas,"Go big, go out-of-home: How billboards build brands",909,20200808094827,https://www.sketchdeck.com/blog/billboards-for-growth,https://web.archive.org/web/20200808094827/https://www.sketchdeck.com/blog/billboards-for-growth
026ac23daa28aa30,snapdocs.com,yc,software_saas,The 5 Rs: Summary | Snapdocs,666,20210616112053,https://snapdocs.com/blog/the-5-rs-summary/,https://web.archive.org/web/20210616112053/https://snapdocs.com/blog/the-5-rs-summary/
1369425b4dda4518,snapdocs.com,yc,software_saas,How to Know Which States Accept Digital Closings – Snapdocs,1574,20200918190603,https://snapdocs.com/blog/how-to-know-which-states-accept-digital-closings/,https://web.archive.org/web/20200918190603/https://snapdocs.com/blog/how-to-know-which-states-accept-digital-closings/
4cda92a37f815138,snapdocs.com,yc,software_saas,The 5 Rs of e-Eligibility: Requirements | Snapdocs,795,20210701202514,https://snapdocs.com/blog/the-5-rs-requirements/,https://web.archive.org/web/20210701202514/https://snapdocs.com/blog/the-5-rs-requirements/
5e3277c00bc220ab,snapdocs.com,yc,software_saas,A Lender's 5-Minute Guide to Remote Online Notarization – Snapdocs,698,20200918194611,https://snapdocs.com/blog/a-lenders-five-minute-guide-to-how-remote-online-notarization-works/,https://web.archive.org/web/20200918194611/https://snapdocs.com/blog/a-lenders-five-minute-guide-to-how-remote-online-notarization-works/
73b1708dd294f58e,snapdocs.com,yc,software_saas,Why Lenders are Digitizing Mortgage Closings Today | Snapdocs,735,20210611163946,https://snapdocs.com/blog/why-lenders-are-digitizing-today/,https://web.archive.org/web/20210611163946/https://snapdocs.com/blog/why-lenders-are-digitizing-today/
7444533dec3348bf,snapdocs.com,yc,software_saas,Marketing Tips for Signing Services,673,20150419160638,http://www.snapdocs.com/blog/marketing-tips-signing-services/,https://web.archive.org/web/20150419160638/http://www.snapdocs.com/blog/marketing-tips-signing-services/
87b0085eac9651d5,snapdocs.com,yc,software_saas,Where Should Lenders Begin With Digital Closings? – Snapdocs,831,20200918204259,https://snapdocs.com/blog/where-should-lenders-begin-with-digital-closings/,https://web.archive.org/web/20200918204259/https://snapdocs.com/blog/where-should-lenders-begin-with-digital-closings/
ab9563df8f670999,snapdocs.com,yc,software_saas,SnapDocs Notary Search: Boost Your Ranking,653,20150221190739,http://www.snapdocs.com:80/blog/notary-search-boost-ranking,https://web.archive.org/web/20150221190739/http://www.snapdocs.com:80/blog/notary-search-boost-ranking
ce634e1f84a0e750,snapdocs.com,yc,software_saas,How to Measure Your Success With eClosings | Snapdocs,1636,20210215180149,https://snapdocs.com/blog/how-to-measure-your-success-with-digital-closings/,https://web.archive.org/web/20210215180149/https://snapdocs.com/blog/how-to-measure-your-success-with-digital-closings/
d9eab68d0bb782a3,snapdocs.com,yc,software_saas,How to Put e-Eligibility into Practice | Snapdocs,807,20210616102303,https://snapdocs.com/blog/put-e-eligibility-into-practice/,https://web.archive.org/web/20210616102303/https://snapdocs.com/blog/put-e-eligibility-into-practice/
0f74e3e13b6c95df,somatechnology.com,inc.com_api_i5list,health,Different OEC 9900 Elite Configurations,965,20190819095519,https://www.somatechnology.com/blog/products/different-oec-9900-elite-configurations/,https://web.archive.org/web/20190819095519/https://www.somatechnology.com/blog/products/different-oec-9900-elite-configurations/
3660198f2f8b0536,somatechnology.com,inc.com_api_i5list,health,GE OEC 9800 Plus C-Arm Featuring Mobile X-Ray System,639,20170209091942,https://www.somatechnology.com/blog/products/ge-oec-9800-plus-c-arm/,https://web.archive.org/web/20170209091942/https://www.somatechnology.com/blog/products/ge-oec-9800-plus-c-arm/
3bcc3b80166729a0,somatechnology.com,inc.com_api_i5list,health,EKG Machines and ECG Machines - Electrocardiograms,2219,20181012124631,https://www.somatechnology.com/blog/products/ekg-machines/,https://web.archive.org/web/20181012124631/https://www.somatechnology.com/blog/products/ekg-machines/
5e117de0e3326e45,somatechnology.com,inc.com_api_i5list,health,The Clinical Importance of Bladder Scanners in Urinary Retention,2201,20190923203423,https://www.somatechnology.com/blog/medical-breakthroughs/clinical-importance-of-bladder-scanners-in-urinary-retention/,https://web.archive.org/web/20190923203423/https://www.somatechnology.com/blog/medical-breakthroughs/clinical-importance-of-bladder-scanners-in-urinary-retention/
d5dc5a11067e3424,somatechnology.com,inc.com_api_i5list,health,Is 52 Too Young for a Stroke?,643,20190923202404,https://www.somatechnology.com/blog/in-the-news/is-52-too-young-for-a-stroke/,https://web.archive.org/web/20190923202404/https://www.somatechnology.com/blog/in-the-news/is-52-too-young-for-a-stroke/
15d444a534609fed,soylent.com,yc,ecommerce_retail,Why You Should Switch to a Plant-Based Diet,1870,20200814000035,https://soylent.com/blogs/news/why-you-should-switch-to-a-plant-based-diet,https://web.archive.org/web/20200814000035/https://soylent.com/blogs/news/why-you-should-switch-to-a-plant-based-diet
47385f94c5da41f9,soylent.com,yc,ecommerce_retail,7 Ways To Exercise (Without Even Realizing It),1049,20220122055129,https://soylent.com/blogs/news/7-ways-to-exercise-without-even-realizing-it,https://web.archive.org/web/20220122055129/https://soylent.com/blogs/news/7-ways-to-exercise-without-even-realizing-it
5d2d607506604a1d,soylent.com,yc,ecommerce_retail,The Hidden Benefits of Your Lunch Break (Even If It’s A Short One) - Soylent,968,20220225043516,https://soylent.com/blogs/news/the-hidden-benefits-of-your-lunch-break-even-if-it-s-a-short-one,https://web.archive.org/web/20220225043516/https://soylent.com/blogs/news/the-hidden-benefits-of-your-lunch-break-even-if-it-s-a-short-one
80307012d79073ce,soylent.com,yc,ecommerce_retail,"How to Improve Your Work-Life Balance: 4 Effective, Undervalued Strate - Soylent",1211,20220326181300,https://soylent.com/blogs/news/how-to-improve-your-work-life-balance-4-effective-undervalued-strategies,https://web.archive.org/web/20220326181300/https://soylent.com/blogs/news/how-to-improve-your-work-life-balance-4-effective-undervalued-strategies
ac828e9a77a6def4,soylent.com,yc,ecommerce_retail,"How to Properly Use a Shaker Bottle (and Clean It, Too)",1317,20200813234747,https://soylent.com/blogs/news/how-to-properly-use-a-shaker-bottle-and-clean-it-too,https://web.archive.org/web/20200813234747/https://soylent.com/blogs/news/how-to-properly-use-a-shaker-bottle-and-clean-it-too
ce7df1ce2688920f,soylent.com,yc,ecommerce_retail,Healthy Fats and Their Role in Meal Replacements,1160,20200813235553,https://soylent.com/blogs/news/healthy-fats-and-their-role-in-meal-replacements,https://web.archive.org/web/20200813235553/https://soylent.com/blogs/news/healthy-fats-and-their-role-in-meal-replacements
049dec76a21b1410,sqreen.com,yc,software_saas,Sqreen’s architecture through the ages: part one - Sqreen Blog,1874,20210114190141,https://blog.sqreen.com/sqreens-architecture-through-the-ages-part-one/,https://web.archive.org/web/20210114190141/https://blog.sqreen.com/sqreens-architecture-through-the-ages-part-one/
095298efb948e9fb,sqreen.com,yc,software_saas,When users put your app at risk. The attack surface iceberg - Sqreen Blog,1364,20190719062114,https://blog.sqreen.com/attack-surface-of-a-web-app-when-user-accounts-are-putting-your-app-at-risk/,https://web.archive.org/web/20190719062114/https://blog.sqreen.com/attack-surface-of-a-web-app-when-user-accounts-are-putting-your-app-at-risk/
212e299fd7a69705,sqreen.com,yc,software_saas,Freeze your Python with str.encode and threads - Sqreen Blog,1625,20190717162242,https://blog.sqreen.com/freeze-python-str-encode-threads/,https://web.archive.org/web/20190717162242/https://blog.sqreen.com/freeze-python-str-encode-threads/
22a210b42f97c2d6,sqreen.com,yc,software_saas,Behind the Scenes: Building a Dynamic Instrumentation Agent for Ruby - Sqreen Blog,1641,20190719054331,https://blog.sqreen.com/dynamic-instrumentation-agent-for-ruby/,https://web.archive.org/web/20190719054331/https://blog.sqreen.com/dynamic-instrumentation-agent-for-ruby/
243a23688234cb10,sqreen.com,yc,software_saas,"Local File Inclusions, explained -- Sqreen blog for security tips",1409,20201127182844,https://blog.sqreen.com/local-file-inclusions-explained/,https://web.archive.org/web/20201127182844/https://blog.sqreen.com/local-file-inclusions-explained/
318ab1cadb6adfb8,sqreen.com,yc,software_saas,Single-page applications (SPAs) need better auditing,1282,20190719062913,https://blog.sqreen.com/single-page-application-auditing/,https://web.archive.org/web/20190719062913/https://blog.sqreen.com/single-page-application-auditing/
3f713d2daf26d18f,sqreen.com,yc,software_saas,Picking the best JS engine for your Node app’s performance - Sqreen Blog,705,20190719060938,https://blog.sqreen.com/javascript-engine-performance/,https://web.archive.org/web/20190719060938/https://blog.sqreen.com/javascript-engine-performance/
45b142834e5c6cc8,sqreen.com,yc,software_saas,Building a native add-on for Node.js in 2019 - Sqreen Blog,2088,20191105184245,https://blog.sqreen.com/building-a-native-add-on-for-node-js-in-2019/,https://web.archive.org/web/20191105184245/https://blog.sqreen.com/building-a-native-add-on-for-node-js-in-2019/
4a0de7fd6af3c18a,sqreen.com,yc,software_saas,Detecting and blocking bad bots - Sqreen Blog,2264,20190717165215,https://blog.sqreen.com/detect-block-bad-bots/,https://web.archive.org/web/20190717165215/https://blog.sqreen.com/detect-block-bad-bots/
4facc52aaea77a64,sqreen.com,yc,software_saas,"Server-side request forgery (SSRF), explained - Sqreen Blog",1882,20210304210802,https://blog.sqreen.com/ssrf-explained/,https://web.archive.org/web/20210304210802/https://blog.sqreen.com/ssrf-explained/
5524b55a59795df7,sqreen.com,yc,software_saas,OWASP Top 10 Cheat Sheet - Sqreen Blog,1507,20190717162213,https://blog.sqreen.com/owasp-top-10-cheat-sheet-startup-ctos/,https://web.archive.org/web/20190717162213/https://blog.sqreen.com/owasp-top-10-cheat-sheet-startup-ctos/
6b819183c5a4983d,sqreen.com,yc,software_saas,Monitoring the performance of a Node.js web application - Sqreen Blog,1263,20190719061409,https://blog.sqreen.com/diy-node-apm/,https://web.archive.org/web/20190719061409/https://blog.sqreen.com/diy-node-apm/
6ba040a1b6a35d8b,sqreen.com,yc,software_saas,Top 7 security best practices for APIs - Sqreen Blog,1487,20210401182308,https://blog.sqreen.com/security-best-practices-apis/,https://web.archive.org/web/20210401182308/https://blog.sqreen.com/security-best-practices-apis/
846a9abd46597f70,sqreen.com,yc,software_saas,Behind the Scenes: Building a Dynamic Instrumentation Agent for Node.js - Sqreen Blog,1609,20190719063153,https://blog.sqreen.com/building-a-dynamic-instrumentation-agent-for-node-js/,https://web.archive.org/web/20190719063153/https://blog.sqreen.com/building-a-dynamic-instrumentation-agent-for-node-js/
8f2f123af357201b,sqreen.com,yc,software_saas,The two most common vulnerabilities in Rails (with code) - Sqreen Blog,865,20190717170209,https://blog.sqreen.com/the-two-most-common-vulnerabilities-in-rails-with-code/,https://web.archive.org/web/20190717170209/https://blog.sqreen.com/the-two-most-common-vulnerabilities-in-rails-with-code/
959ae43adc0a31fb,sqreen.com,yc,software_saas,In code we Struts: in-depth review of a Java vulnerability for developers - Sqreen Blog,1640,20190719061234,https://blog.sqreen.com/in-code-we-struts/,https://web.archive.org/web/20190719061234/https://blog.sqreen.com/in-code-we-struts/
b52d22668877d16b,sqreen.com,yc,software_saas,How we built V8 natively on ARM : a postmortem of our experience,1399,20190717162911,https://blog.sqreen.com/how-we-built-v8-natively-on-arm/,https://web.archive.org/web/20190717162911/https://blog.sqreen.com/how-we-built-v8-natively-on-arm/
b685abb01564caa3,sqreen.com,yc,software_saas,Top 11 Node.js security best practices - Sqreen Blog,1717,20210105202355,https://blog.sqreen.com/nodejs-security-best-practices/,https://web.archive.org/web/20210105202355/https://blog.sqreen.com/nodejs-security-best-practices/
baf16eb31e1c5909,sqreen.com,yc,software_saas,7 HTTP headers to secure your app for the busy web developer - Sqreen Blog | Modern Application Security,921,20190319105640,https://blog.sqreen.com/7-http-headers-to-secure-your-app-for-the-busy-web-developer/,https://web.archive.org/web/20190319105640/https://blog.sqreen.com/7-http-headers-to-secure-your-app-for-the-busy-web-developer/
bbdd5e5a930b0c9c,sqreen.com,yc,software_saas,Top 5 security topics to consider when releasing your first mobile app,1513,20200811121655,https://blog.sqreen.com/mobile-app-security-topics/,https://web.archive.org/web/20200811121655/https://blog.sqreen.com/mobile-app-security-topics/
11eba0e6a541faac,sstid.com,inc.com_api_i5list,services_other,Selecting the Right Mobile Devices for Healthcare | Healthcare Mobile Devices,864,20190723002854,https://www.sstid.com/blog/mobile-devices-for-healthcare/,https://web.archive.org/web/20190723002854/https://www.sstid.com/blog/mobile-devices-for-healthcare/
37fab9d92776f151,sstid.com,inc.com_api_i5list,services_other,3 new developments that will disrupt rfid as you know it,960,20160730025439,http://www.sstid.com:80/blog/3-new-developments-that-will-disrupt-rfid-as-you-know-it/,https://web.archive.org/web/20160730025439/http://www.sstid.com:80/blog/3-new-developments-that-will-disrupt-rfid-as-you-know-it/
50ce6ad504c34581,sstid.com,inc.com_api_i5list,services_other,"Near Field Communication, and what it is.",804,20160412163017,http://www.sstid.com:80/blog/what-is-near-field-communication/,https://web.archive.org/web/20160412163017/http://www.sstid.com:80/blog/what-is-near-field-communication/
b98d418b2dfa2a0e,sstid.com,inc.com_api_i5list,services_other,RFID Needs Professional Services,1681,20161115140433,http://www.sstid.com:80/blog/rfid-needs-professional-services/,https://web.archive.org/web/20161115140433/http://www.sstid.com:80/blog/rfid-needs-professional-services/
0187d3d1d8d0bec4,starburst.io,inc.com_api_i5list,software_saas,Data Mesh TV: Leveraging International Data Management Standards In Your Data Mesh | Starburst,768,20220607163601,https://www.starburst.io/blog/data-mesh-tv-international-data-management-standards/,https://web.archive.org/web/20220607163601/https://www.starburst.io/blog/data-mesh-tv-international-data-management-standards/
1841930e599b3e2a,starburst.io,inc.com_api_i5list,software_saas,What Data Mesh Means for Data Analysts and Data Scientists,859,20220817161917,https://www.starburst.io/blog/what-data-mesh-means-for-data-analysts-and-data-scientists/,https://web.archive.org/web/20220817161917/https://www.starburst.io/blog/what-data-mesh-means-for-data-analysts-and-data-scientists/
1ae86bd021ec0cdc,starburst.io,inc.com_api_i5list,software_saas,Data Lakes without Hadoop,938,20220703024952,https://www.starburst.io/blog/data-lakes-without-hadoop/,https://web.archive.org/web/20220703024952/https://www.starburst.io/blog/data-lakes-without-hadoop/
2154b2e93d7332d6,starburst.io,inc.com_api_i5list,software_saas,4 Key Things You Should Know About Indexing,669,20220922170713,https://www.starburst.io/blog/4-key-things-you-should-know-about-indexing/,https://web.archive.org/web/20220922170713/https://www.starburst.io/blog/4-key-things-you-should-know-about-indexing/
2c5548cb4b1648b1,starburst.io,inc.com_api_i5list,software_saas,Data Mesh and Starburst: Domain-oriented Ownership & Architecture,1682,20220703024758,https://www.starburst.io/blog/data-mesh-and-starburst-domain-oriented-ownership-architecture/,https://web.archive.org/web/20220703024758/https://www.starburst.io/blog/data-mesh-and-starburst-domain-oriented-ownership-architecture/
3f16d5f5ff4b13fb,starburst.io,inc.com_api_i5list,software_saas,Data Mesh and Starburst: Federated Computational Governance,1973,20221004235925,https://www.starburst.io/blog/data-mesh-and-starburst-federated-computational-governance/,https://web.archive.org/web/20221004235925/https://www.starburst.io/blog/data-mesh-and-starburst-federated-computational-governance/
3ffff766f49abc06,starburst.io,inc.com_api_i5list,software_saas,The Intelligent Edge | Starburst,1281,20220604012149,https://www.starburst.io/blog/the-intelligent-edge/,https://web.archive.org/web/20220604012149/https://www.starburst.io/blog/the-intelligent-edge/
45ef41675d86774f,starburst.io,inc.com_api_i5list,software_saas,Data Mesh Book Bulletin: Principle of Data as a Product,1634,20220703014543,https://www.starburst.io/blog/data-mesh-book-bulletin-principle-of-data-as-a-product/,https://web.archive.org/web/20220703014543/https://www.starburst.io/blog/data-mesh-book-bulletin-principle-of-data-as-a-product/
4a3442a2ed9247d4,starburst.io,inc.com_api_i5list,software_saas,Part 1 of Current Data Patterns Blog Series: Hybrid Distributed Data Store and RDBMS,1013,20220703014408,https://www.starburst.io/blog/part-1-of-current-data-patterns-blog-series-hybrid-distributed-data-store-and-rdbms/,https://web.archive.org/web/20220703014408/https://www.starburst.io/blog/part-1-of-current-data-patterns-blog-series-hybrid-distributed-data-store-and-rdbms/
4f381cc823889775,starburst.io,inc.com_api_i5list,software_saas,Trino on Ice IV: Deep Dive Into Iceberg Internals,1379,20220703031120,https://www.starburst.io/blog/trino-on-ice-iv-deep-dive-into-iceberg-internals/,https://web.archive.org/web/20220703031120/https://www.starburst.io/blog/trino-on-ice-iv-deep-dive-into-iceberg-internals/
60157803bb9a63f2,starburst.io,inc.com_api_i5list,software_saas,Presto Join Enumeration,880,20221004225530,https://www.starburst.io/blog/presto-join-enumeration/,https://web.archive.org/web/20221004225530/https://www.starburst.io/blog/presto-join-enumeration/
6fb39bb5dc1e4aca,starburst.io,inc.com_api_i5list,software_saas,Scaling Up: When to Migrate from PostgreSQL to a Data Lake,1620,20220714000543,https://www.starburst.io/blog/scaling-up-when-to-migrate-from-postgresql-to-a-data-lake/,https://web.archive.org/web/20220714000543/https://www.starburst.io/blog/scaling-up-when-to-migrate-from-postgresql-to-a-data-lake/
81f608a878527ae1,starburst.io,inc.com_api_i5list,software_saas,Understanding the Starburst and Trino Hive Connector Architecture,1292,20220703014321,https://www.starburst.io/blog/understanding-the-starburst-and-trino-hive-connector-architecture/,https://web.archive.org/web/20220703014321/https://www.starburst.io/blog/understanding-the-starburst-and-trino-hive-connector-architecture/
8b3fee20bd1d6cc2,starburst.io,inc.com_api_i5list,software_saas,How to Prepare for Hadoop’s Uncertain Future,1092,20220703023615,https://www.starburst.io/blog/how-to-prepare-for-hadoops-uncertain-future/,https://web.archive.org/web/20220703023615/https://www.starburst.io/blog/how-to-prepare-for-hadoops-uncertain-future/
b18da44d2fe1e768,starburst.io,inc.com_api_i5list,software_saas,"Starburst Lakehouse: Data Warehouse Functionality, Without The Cost",2281,20220714153250,https://www.starburst.io/blog/starburst-lakehouse-data-warehouse-functionality-without-the-cost/,https://web.archive.org/web/20220714153250/https://www.starburst.io/blog/starburst-lakehouse-data-warehouse-functionality-without-the-cost/
c29d1c7da325d22d,starburst.io,inc.com_api_i5list,software_saas,How Data Access Helps with ML/AI Projects,832,20220703022222,https://www.starburst.io/blog/how-data-access-helps-with-ml-ai-projects/,https://web.archive.org/web/20220703022222/https://www.starburst.io/blog/how-data-access-helps-with-ml-ai-projects/
c9f388f3bbc6adeb,starburst.io,inc.com_api_i5list,software_saas,An Introduction to the Data Mesh Execution Model,982,20220703021351,https://www.starburst.io/blog/an-introduction-to-the-data-mesh-execution-model/,https://web.archive.org/web/20220703021351/https://www.starburst.io/blog/an-introduction-to-the-data-mesh-execution-model/
dd725188084d91cf,starburst.io,inc.com_api_i5list,software_saas,Part 2 of Current Data Patterns Blog Series: Data Lakehouse,1626,20220703022711,https://www.starburst.io/blog/part-2-of-current-data-patterns-blog-series-data-lakehouse/,https://web.archive.org/web/20220703022711/https://www.starburst.io/blog/part-2-of-current-data-patterns-blog-series-data-lakehouse/
f43c63628ee7430c,starburst.io,inc.com_api_i5list,software_saas,The Future of Analytics: In Conversation With Matt Fuller,1050,20220703021654,https://www.starburst.io/blog/the-future-of-analytics-in-conversation-with-matt-fuller/,https://web.archive.org/web/20220703021654/https://www.starburst.io/blog/the-future-of-analytics-in-conversation-with-matt-fuller/
fac009d073bcc2bb,starburst.io,inc.com_api_i5list,software_saas,Going from Data-Driven to Insights-Driven with a SQL Query Engine,679,20221025154812,https://www.starburst.io/blog/going-from-data-driven-to-insights-driven-with-a-sql-query-engine/,https://web.archive.org/web/20221025154812/https://www.starburst.io/blog/going-from-data-driven-to-insights-driven-with-a-sql-query-engine/
59cf43024d08afe8,storylane.io,yc,software_saas,What Is a Lead Magnet? 10 Useful Examples You Can Apply,1515,20220429071241,https://www.storylane.io/blog/what-is-a-lead-magnet-10-examples-you-can-use-now,https://web.archive.org/web/20220429071241/https://www.storylane.io/blog/what-is-a-lead-magnet-10-examples-you-can-use-now
d10384ffaaa450e6,storylane.io,yc,software_saas,What is Product-Led Growth? | Importance and Difference with SLG,1207,20220701083407,https://www.storylane.io/blog/what-is-productled-growth,https://web.archive.org/web/20220701083407/https://www.storylane.io/blog/what-is-productled-growth
dc87b1039a682e34,storylane.io,yc,software_saas,How to Reduce the B2b Saas Sales Process Timeline?,1927,20220809112515,https://www.storylane.io/blog/how-to-reduce-the-b2b-saas-sales-process-timeline,https://web.archive.org/web/20220809112515/https://www.storylane.io/blog/how-to-reduce-the-b2b-saas-sales-process-timeline
1df208c4dccb08ba,stownest.com,yc,ecommerce_retail,5 Reasons To Use A Self-Storage Unit,707,20220517213244,https://stownest.com/blog/5%20Reasons%20To%20Use%20A%20Self-Storage%20Unit,https://web.archive.org/web/20220517213244/https://stownest.com/blog/5%20Reasons%20To%20Use%20A%20Self-Storage%20Unit
640807b49423b989,stownest.com,yc,ecommerce_retail,How To Choose The Right Sized Storage Unit For Your Needs,694,20220116094756,https://stownest.com/blog/how-to-choose-the-right-sized-storage-unit-for-your-needs,https://web.archive.org/web/20220116094756/https://stownest.com/blog/how-to-choose-the-right-sized-storage-unit-for-your-needs
83b51fadee728e09,stownest.com,yc,ecommerce_retail,Tips For Luggage Storage – Things to Consider While Choosing a luggage storage Company,685,20220517194510,https://stownest.com/blog/tips-for-luggage-storage-%E2%80%93-things-to-consider-while-choosing-a-luggage-storage-company,https://web.archive.org/web/20220517194510/https://stownest.com/blog/tips-for-luggage-storage-%E2%80%93-things-to-consider-while-choosing-a-luggage-storage-company
9a811d421364b143,stownest.com,yc,ecommerce_retail,Questions to Ask About Self-Storage Before Renting,649,20191218172456,https://stownest.com/blog/questions-to-ask-about-self-storage-before-renting,https://web.archive.org/web/20191218172456/https://stownest.com/blog/questions-to-ask-about-self-storage-before-renting
e54be5f009cbe21f,stownest.com,yc,ecommerce_retail,How to Store your Beloved Bike: Tips and Tricks,1546,20210120050024,https://stownest.com/blog/how-to-store-your-beloved-bike-tips-and-tricks,https://web.archive.org/web/20210120050024/https://stownest.com/blog/how-to-store-your-beloved-bike-tips-and-tricks
2f22daab0950125e,strongdm.com,g2.com_wayback,software_saas,SSH Audit Made Simple | strongDM,2463,20210228085049,https://www.strongdm.com/blog/ssh-audit-log-made-simple,https://web.archive.org/web/20210228085049/https://www.strongdm.com/blog/ssh-audit-log-made-simple
3e2671c6f3870e5d,strongdm.com,g2.com_wayback,software_saas,Kubernetes Authentication | strongDM,1517,20210120134727,https://www.strongdm.com/blog/kuberentes-authentication,https://web.archive.org/web/20210120134727/https://www.strongdm.com/blog/kuberentes-authentication
45c55422726a5665,strongdm.com,g2.com_wayback,software_saas,Provisioning Your People to be Productive | strongDM,903,20210121005652,https://www.strongdm.com/blog/provisioning-people,https://web.archive.org/web/20210121005652/https://www.strongdm.com/blog/provisioning-people
4f97a9c010c7cd3a,strongdm.com,g2.com_wayback,software_saas,How To Make Network Segmentation More Secure & Less Difficult | strongDM,999,20210120120443,https://www.strongdm.com/blog/how-to-make-network-segmentation-more-secure-and-less-difficult-for-everyone,https://web.archive.org/web/20210120120443/https://www.strongdm.com/blog/how-to-make-network-segmentation-more-secure-and-less-difficult-for-everyone
7f5f69590710e17c,strongdm.com,g2.com_wayback,software_saas,How Better Access Improves Productivity of Tech Staff [New Research] | StrongDM,829,20221009003555,https://www.strongdm.com/blog/how-access-improves-productivity-of-tech-staff,https://web.archive.org/web/20221009003555/https://www.strongdm.com/blog/how-access-improves-productivity-of-tech-staff
809153bb896f52a5,strongdm.com,g2.com_wayback,software_saas,How To Stay SOC 2 Compliant | strongDM,832,20210121024017,https://www.strongdm.com/blog/stay-soc-2-compliant,https://web.archive.org/web/20210121024017/https://www.strongdm.com/blog/stay-soc-2-compliant
8c7307bf7ee2863d,strongdm.com,g2.com_wayback,software_saas,Creating a User in MongoDB | strongDM,940,20200923140228,https://www.strongdm.com/blog/creating-a-user-in-mongodb,https://web.archive.org/web/20200923140228/https://www.strongdm.com/blog/creating-a-user-in-mongodb
b90dc1473ac7c597,strongdm.com,g2.com_wayback,software_saas,Alternatives to Okta Advanced Server Access (ScaleFT) | strongDM,1328,20210417050831,https://www.strongdm.com/blog/alternatives-to-okta-advanced-server-access-scaleft,https://web.archive.org/web/20210417050831/https://www.strongdm.com/blog/alternatives-to-okta-advanced-server-access-scaleft
cbaaa0440a2b26bd,strongdm.com,g2.com_wayback,software_saas,"HIPAA, NIST, ISO, FedRAMP, FISMA, SOC2: What is the difference? | strongDM",677,20210228085822,https://www.strongdm.com/blog/fisma-vs-fedramp-nist-vs-iso-soc2-vs-hipaa-iso27001-vs-soc2,https://web.archive.org/web/20210228085822/https://www.strongdm.com/blog/fisma-vs-fedramp-nist-vs-iso-soc2-vs-hipaa-iso27001-vs-soc2
dedcade63ea7f582,strongdm.com,g2.com_wayback,software_saas,Alternatives to BeyondTrust (formerly Bomgar) | strongDM,1053,20211104033634,https://www.strongdm.com/blog/alternatives-to-beyondtrust-bomgar,https://web.archive.org/web/20211104033634/https://www.strongdm.com/blog/alternatives-to-beyondtrust-bomgar
e62bb5077c73d7de,strongdm.com,g2.com_wayback,software_saas,Data Classification Policy Best Practices | strongDM,763,20210119043448,https://www.strongdm.com/blog/data-classification-best-practices,https://web.archive.org/web/20210119043448/https://www.strongdm.com/blog/data-classification-best-practices
fc7a6bf5aef1ef15,strongdm.com,g2.com_wayback,software_saas,Managing Access to Ephemeral Infrastructure At Scale | strongDM,980,20200923113603,https://www.strongdm.com/blog/managing-access-to-ephemeral-infrastructure-at-scale,https://web.archive.org/web/20200923113603/https://www.strongdm.com/blog/managing-access-to-ephemeral-infrastructure-at-scale
3692c3ef154e678d,suiteness.com,yc,ecommerce_retail,Where To Stay For Art Basel Miami Beach,818,20210624162347,https://www.suiteness.com/blog/art-basel-miami-beach,https://web.archive.org/web/20210624162347/https://www.suiteness.com/blog/art-basel-miami-beach
6af51ca45fc271d0,suiteness.com,yc,ecommerce_retail,Most Gorgeous Los Angeles Suites With Private Pools and Jacuzzis,1578,20171206042206,https://www.suiteness.com/blog/los-angeles-suites-with-private-pools-jacuzzis,https://web.archive.org/web/20171206042206/https://www.suiteness.com/blog/los-angeles-suites-with-private-pools-jacuzzis
7a4cee0c0772ddd7,suiteness.com,yc,ecommerce_retail,Holiday Travel Can Be Better & Stress-Free With These Hacks,980,20171230131947,https://www.suiteness.com/blog/make-holiday-travel-better-stress-free,https://web.archive.org/web/20171230131947/https://www.suiteness.com/blog/make-holiday-travel-better-stress-free
f83c517054861eea,suiteness.com,yc,ecommerce_retail,Haunted Hotels to Explore this Halloween,1031,20200824105757,https://www.suiteness.com/blog/haunted-hotels-to-explore-this-halloween,https://web.archive.org/web/20200824105757/https://www.suiteness.com/blog/haunted-hotels-to-explore-this-halloween
ff3c2dc975511c61,suiteness.com,yc,ecommerce_retail,Affordable luxury suites in Vegas: the only list you will need,1700,20210624151136,https://www.suiteness.com/blog/affordable-luxury-suites-in-vegas,https://web.archive.org/web/20210624151136/https://www.suiteness.com/blog/affordable-luxury-suites-in-vegas
0105edd750fda53f,superb-ai.com,yc_directory,software_saas,How to Prioritize Data Quality for Computer Vision: An Expert Primer,2231,20220519182619,https://www.superb-ai.com/blog/how-to-prioritize-data-quality-for-computer-vision-an-expert-primer,https://web.archive.org/web/20220519182619/https://www.superb-ai.com/blog/how-to-prioritize-data-quality-for-computer-vision-an-expert-primer
143f720ae33042ed,superb-ai.com,yc_directory,software_saas,How to Choose the Right Data Annotation Service,1267,20220929121437,https://www.superb-ai.com/blog/how-to-choose-the-right-data-annotation-service,https://web.archive.org/web/20220929121437/https://www.superb-ai.com/blog/how-to-choose-the-right-data-annotation-service
4c767ed88dde1ebf,superb-ai.com,yc_directory,software_saas,How to Think Through Your Training Data Workflows Like an ML Expert,1219,20210517121222,https://www.superb-ai.com/blog/machine-learning-training-data-workflows,https://web.archive.org/web/20210517121222/https://www.superb-ai.com/blog/machine-learning-training-data-workflows
60315c3613510275,superb-ai.com,yc_directory,software_saas,Exploring Computer Vision Datasets,698,20211129020807,https://www.superb-ai.com/blog/exploring-computer-vision-datasets,https://web.archive.org/web/20211129020807/https://www.superb-ai.com/blog/exploring-computer-vision-datasets
a344d19de0681ea4,superb-ai.com,yc_directory,software_saas,Best Practices for Video Annotation for Computer Vision Datasets,2208,20221027211422,https://www.superb-ai.com/blog/best-practices-for-video-annotation-for-computer-vision-datasets,https://web.archive.org/web/20221027211422/https://www.superb-ai.com/blog/best-practices-for-video-annotation-for-computer-vision-datasets
ae8efb2e8c0120a2,superb-ai.com,yc_directory,software_saas,Computer Vision and AI in Transportation and Logistics (2022 Use Case Overview),1191,20221004074121,https://www.superb-ai.com/blog/computer-vision-and-ai-in-transportation-and-logistics-2022-use-case-overview,https://web.archive.org/web/20221004074121/https://www.superb-ai.com/blog/computer-vision-and-ai-in-transportation-and-logistics-2022-use-case-overview
b929d05d585f874e,superb-ai.com,yc_directory,software_saas,An Introduction to Bounding Boxes [+ Best Practices],1452,20220218195736,https://www.superb-ai.com/blog/an-introduction-to-bounding-boxes-best-practices,https://web.archive.org/web/20220218195736/https://www.superb-ai.com/blog/an-introduction-to-bounding-boxes-best-practices
bcbc69b0f8ca74ed,superb-ai.com,yc_directory,software_saas,Building a YOLOv3 pipeline with Valohai and Superb AI｜Superb AI Blog,849,20210728223354,https://www.superb-ai.com/blog/building-a-yolov3-pipeline-with-valohai-and-superb-ai,https://web.archive.org/web/20210728223354/https://www.superb-ai.com/blog/building-a-yolov3-pipeline-with-valohai-and-superb-ai
c37e9f2fa1043aa1,superb-ai.com,yc_directory,software_saas,Developing Data-Centric AI Applications with Superb AI Suite and Pachyderm Hub｜Superb AI Blog,767,20210927050953,https://www.superb-ai.com/blog/developing-data-centric-ai-applications-with-superb-ai-suite-and-pachyderm-hub,https://web.archive.org/web/20210927050953/https://www.superb-ai.com/blog/developing-data-centric-ai-applications-with-superb-ai-suite-and-pachyderm-hub
d3058df6799cf917,superb-ai.com,yc_directory,software_saas,Is DataPrepOps The Missing Piece of the ML Lifecycle Puzzle?,1998,20211027181705,https://www.superb-ai.com/blog/is-dataprepops-the-missing-piece-of-the-ml-lifecycle-puzzle,https://web.archive.org/web/20211027181705/https://www.superb-ai.com/blog/is-dataprepops-the-missing-piece-of-the-ml-lifecycle-puzzle
8d31b9c1b275382d,supertokens.com,yc_directory,devtools,Are you using JWTs for user sessions in the correct way?,2370,20220214024724,https://supertokens.com/blog/are-you-using-jwts-for-user-sessions-in-the-correct-way,https://web.archive.org/web/20220214024724/https://supertokens.com/blog/are-you-using-jwts-for-user-sessions-in-the-correct-way
903f2fdadadd58eb,supertokens.com,yc_directory,devtools,What is Roles-Based Access Control (RBAC)??,737,20221103212705,https://supertokens.com/blog/what-is-roles-based-access-control-vs-abac,https://web.archive.org/web/20221103212705/https://supertokens.com/blog/what-is-roles-based-access-control-vs-abac
a3a2ebf903de516f,supertokens.com,yc_directory,devtools,Implementing a forgot password flow (with pseudo code),1188,20220128190359,https://supertokens.com/blog/implementing-a-forgot-password-flow,https://web.archive.org/web/20220128190359/https://supertokens.com/blog/implementing-a-forgot-password-flow
a72f5212706fa4a5,supertokens.com,yc_directory,devtools,All you need to know about user session security,1364,20220205105124,https://supertokens.com/blog/all-you-need-to-know-about-user-session-security,https://web.archive.org/web/20220205105124/https://supertokens.com/blog/all-you-need-to-know-about-user-session-security
ad337c0447854768,supertokens.com,yc_directory,devtools,Cookies vs Localstorage for sessions – everything you need to know,1162,20220410055818,https://supertokens.com/blog/cookies-vs-localstorage-for-sessions-everything-you-need-to-know,https://web.archive.org/web/20220410055818/https://supertokens.com/blog/cookies-vs-localstorage-for-sessions-everything-you-need-to-know
c793aeec4d365915,supertokens.com,yc_directory,devtools,How to connect SuperTokens to a MySQL or to a PostgreSQL database,2229,20220630163146,https://supertokens.com/blog/connect-supertokens-to-database,https://web.archive.org/web/20220630163146/https://supertokens.com/blog/connect-supertokens-to-database
e3dac963a67db60e,supertokens.com,yc_directory,devtools,"SuperTokens, Open Source User Authentication",901,20220418145808,https://supertokens.com/blog/how-to-deploy-supertokens-with-react-nodejs-express-on-vercel,https://web.archive.org/web/20220418145808/https://supertokens.com/blog/how-to-deploy-supertokens-with-react-nodejs-express-on-vercel
f81597e008fae9eb,supertokens.com,yc_directory,devtools,Revoking Access with a JWT Blacklist/Deny List,798,20220222053630,https://supertokens.com/blog/revoking-access-with-a-jwt-blacklist,https://web.archive.org/web/20220222053630/https://supertokens.com/blog/revoking-access-with-a-jwt-blacklist
18394a4ebfd220dc,swellcx.com,g2.com_wayback,software_saas,Online Review Essentials for Automotive Businesses,1391,20210506131223,https://www.swellcx.com/resources/automotive-review-essentials,https://web.archive.org/web/20210506131223/https://www.swellcx.com/resources/automotive-review-essentials
2377a0761ae76889,swellcx.com,g2.com_wayback,software_saas,Subscribe to Our Newsletter,1092,20220814151434,https://www.swellcx.com/resources/google-reviews-for-your-practice,https://web.archive.org/web/20220814151434/https://www.swellcx.com/resources/google-reviews-for-your-practice
246025223e6256c8,swellcx.com,g2.com_wayback,software_saas,Subscribe to Our Newsletter,639,20210506130727,https://www.swellcx.com/resources/telehealth-security-basics-for-healthcare-practices,https://web.archive.org/web/20210506130727/https://www.swellcx.com/resources/telehealth-security-basics-for-healthcare-practices
24edd10036ca296e,swellcx.com,g2.com_wayback,software_saas,Subscribe to Our Newsletter,965,20220628063050,https://www.swellcx.com/resources/meeting-expectations-makes-is-profitable,https://web.archive.org/web/20220628063050/https://www.swellcx.com/resources/meeting-expectations-makes-is-profitable
2870004caaccc5cf,swellcx.com,g2.com_wayback,software_saas,Getting More (and Better) Yelp Reviews for Your Business,970,20210506131922,https://www.swellcx.com/resources/better-yelp-reviews,https://web.archive.org/web/20210506131922/https://www.swellcx.com/resources/better-yelp-reviews
479a4d34ab9638e9,swellcx.com,g2.com_wayback,software_saas,11 Ways To Stand Out With Online Reviews,1122,20210720160131,https://www.swellcx.com/resources/11-ways-to-stand-out-with-online-reviews,https://web.archive.org/web/20210720160131/https://www.swellcx.com/resources/11-ways-to-stand-out-with-online-reviews
6477528f2988bd78,swellcx.com,g2.com_wayback,software_saas,Subscribe to Our Newsletter,1633,20210506121014,https://www.swellcx.com/resources/customer-engagement-101-engaging-with-thousands-of-people-in-minutes-a-day,https://web.archive.org/web/20210506121014/https://www.swellcx.com/resources/customer-engagement-101-engaging-with-thousands-of-people-in-minutes-a-day
74b8d65be49c8e8f,swellcx.com,g2.com_wayback,software_saas,Subscribe to Our Newsletter,937,20210506132828,https://www.swellcx.com/resources/how-fix-bad-google-review,https://web.archive.org/web/20210506132828/https://www.swellcx.com/resources/how-fix-bad-google-review
7903b29fa8cece40,swellcx.com,g2.com_wayback,software_saas,Subscribe to Our Newsletter,676,20210506115137,https://www.swellcx.com/resources/3-simple-video-chat-tools-for-telehealth-and-prescreening,https://web.archive.org/web/20210506115137/https://www.swellcx.com/resources/3-simple-video-chat-tools-for-telehealth-and-prescreening
810eb14148cacf8c,swellcx.com,g2.com_wayback,software_saas,Subscribe to Our Newsletter,636,20220814162816,https://www.swellcx.com/resources/respond-to-reviews,https://web.archive.org/web/20220814162816/https://www.swellcx.com/resources/respond-to-reviews
c18fa6cdf8aab37d,swellcx.com,g2.com_wayback,software_saas,Subscribe to Our Newsletter,869,20220525130511,https://www.swellcx.com/resources/why-review-gating-is-a-bad-strategy-for-growth,https://web.archive.org/web/20220525130511/https://www.swellcx.com/resources/why-review-gating-is-a-bad-strategy-for-growth
10006a209bfb213b,symplr.com,inc.com_api_i5list,health,How Provider Management Software Allows External and Internal Data to Work Together,875,20211202121324,https://www.symplr.com/blog/how-provider-management-software-allows-external-and-internal-data-to-work-together,https://web.archive.org/web/20211202121324/https://www.symplr.com/blog/how-provider-management-software-allows-external-and-internal-data-to-work-together
2f28a12156d2ad49,symplr.com,inc.com_api_i5list,health,Make the Magnet Journey symplr | symplr,834,20220928195540,https://www.symplr.com/blog/make-the-magnet-journey-symplr,https://web.archive.org/web/20220928195540/https://www.symplr.com/blog/make-the-magnet-journey-symplr
37d8bc0f42629428,symplr.com,inc.com_api_i5list,health,"Fundamentals of FPPE/OPPE for Allied HealthPros, Part 1",810,20151115060959,http://www.symplr.com:80/blog/fundamentals-of-fppe/oppe-for-allied-healthpros-part-1,https://web.archive.org/web/20151115060959/http://www.symplr.com:80/blog/fundamentals-of-fppe/oppe-for-allied-healthpros-part-1
492bd8220d9c57d3,symplr.com,inc.com_api_i5list,health,"Healthcare Credentialing and New Technology: The Good, The Bad, And The Ugly",904,20150627000440,http://www.symplr.com:80/blog/healthcare-credentialing-and-new-technology-the-good-the-bad-and-the-ugly,https://web.archive.org/web/20150627000440/http://www.symplr.com:80/blog/healthcare-credentialing-and-new-technology-the-good-the-bad-and-the-ugly
54b8395cbcaa7cb0,symplr.com,inc.com_api_i5list,health,How Hospitals Get More Value from Physician Quality Review | symplr,1008,20221006224527,https://www.symplr.com/blog/hospitals-get-more-value-from-physician-quality-review,https://web.archive.org/web/20221006224527/https://www.symplr.com/blog/hospitals-get-more-value-from-physician-quality-review
571e2510f70ac97a,symplr.com,inc.com_api_i5list,health,3 Provider Data Management Trends to Look for in 2020,1299,20210507212020,https://www.symplr.com/blog/3-provider-data-management-trends-to-look-for-in-2020,https://web.archive.org/web/20210507212020/https://www.symplr.com/blog/3-provider-data-management-trends-to-look-for-in-2020
58b4481d6eec6549,symplr.com,inc.com_api_i5list,health,6 Tips to Engage Physicians in Value Analysis | symplr,920,20220630073313,https://www.symplr.com/blog/engage-physicians-in-value-analysis,https://web.archive.org/web/20220630073313/https://www.symplr.com/blog/engage-physicians-in-value-analysis
6d3c04b769560252,symplr.com,inc.com_api_i5list,health,How to Improve 5 Common Hospital Communication System Problems | symplr,1275,20220113183133,https://www.symplr.com/blog/improve-5-common-hospital-communication-system-problems,https://web.archive.org/web/20220113183133/https://www.symplr.com/blog/improve-5-common-hospital-communication-system-problems
76c070ac3f709df6,symplr.com,inc.com_api_i5list,health,COVID-19 Trends for Vendor Credentialing & Facility Access Screening | symplr,813,20200812234624,https://www.symplr.com/blog/covid-19-trends-for-vendor-credentialing-and-facility-access-screening,https://web.archive.org/web/20200812234624/https://www.symplr.com/blog/covid-19-trends-for-vendor-credentialing-and-facility-access-screening
797ed100a95fa619,symplr.com,inc.com_api_i5list,health,Defining and Implementing Value-Based Healthcare: A Strategic Framework | symplr,1934,20210902221539,https://www.symplr.com/blog/defining-implementing-value-based-healthcare,https://web.archive.org/web/20210902221539/https://www.symplr.com/blog/defining-implementing-value-based-healthcare
85155a4b0a8e5d9d,symplr.com,inc.com_api_i5list,health,Change Management: Understanding the Emotional Impact of New Technology in the Workplace,854,20160725145401,http://www.symplr.com:80/blog/change-management-understanding-the-emotional-impact-of-new-technology-in-the-workplace,https://web.archive.org/web/20160725145401/http://www.symplr.com:80/blog/change-management-understanding-the-emotional-impact-of-new-technology-in-the-workplace
8cd269f5f2f07b7a,symplr.com,inc.com_api_i5list,health,Multidisciplinary Collaboration: Healthcare’s Secret Weapon | symplr,860,20211228213423,https://www.symplr.com/blog/multidisciplinary-collaboration-healthcares-secret-weapon,https://web.archive.org/web/20211228213423/https://www.symplr.com/blog/multidisciplinary-collaboration-healthcares-secret-weapon
951efc27383a2d7a,symplr.com,inc.com_api_i5list,health,How to Avoid Stark Law and Anti-Kickback Statute Penalties | symplr,2148,20220131173431,https://www.symplr.com/blog/avoid-stark-law-anti-kickback-statute-penalties,https://web.archive.org/web/20220131173431/https://www.symplr.com/blog/avoid-stark-law-anti-kickback-statute-penalties
97a4668c409f7162,symplr.com,inc.com_api_i5list,health,5 Key Measures of a Visitor Management Program's Success | symplr,1396,20210212150914,https://www.symplr.com/blog/5-key-measures-of-a-visitor-management-programs-success,https://web.archive.org/web/20210212150914/https://www.symplr.com/blog/5-key-measures-of-a-visitor-management-programs-success
b4917144e93b585f,symplr.com,inc.com_api_i5list,health,Centralized Staffing During the COVID-19 Crisis | symplr,651,20200812230430,https://www.symplr.com/blog/leveraging-a-centralized-staffing-approach-during-the-covid-19-crisis,https://web.archive.org/web/20200812230430/https://www.symplr.com/blog/leveraging-a-centralized-staffing-approach-during-the-covid-19-crisis
ba1c33e520bb0fec,symplr.com,inc.com_api_i5list,health,Creating a Culture of Safety for Nurses and Patients | symplr,1452,20210507162730,https://www.symplr.com/blog/creating-a-culture-of-safety-for-nurses-and-patients,https://web.archive.org/web/20210507162730/https://www.symplr.com/blog/creating-a-culture-of-safety-for-nurses-and-patients
c764431296393bdb,symplr.com,inc.com_api_i5list,health,Most Important Metrics for a Healthcare Quality Management Dashboard | symplr,1937,20220121082540,https://www.symplr.com/blog/most-important-metrics-healthcare-quality-dashboard,https://web.archive.org/web/20220121082540/https://www.symplr.com/blog/most-important-metrics-healthcare-quality-dashboard
cb2fdb8868caaca3,symplr.com,inc.com_api_i5list,health,5 Ways to Encourage Employee Engagement in Healthcare | symplr,1438,20220528174038,https://www.symplr.com/blog/blog/employee-engagement-healthcare/,https://web.archive.org/web/20220528174038/https://www.symplr.com/blog/blog/employee-engagement-healthcare/
d54a53d3e412d045,symplr.com,inc.com_api_i5list,health,How Hospital Supply Chain Leaders Can Thrive in a Virtual Environment,1249,20210116095032,https://www.symplr.com/blog/how-hospital-supply-chain-leaders-can-thrive-in-a-virtual-environment,https://web.archive.org/web/20210116095032/https://www.symplr.com/blog/how-hospital-supply-chain-leaders-can-thrive-in-a-virtual-environment
eb47a220efd2b406,symplr.com,inc.com_api_i5list,health,CMS Guidance on Visitors in Long-Term Care Facilities,1097,20201130073130,https://www.symplr.com/blog/cms-guidance-on-visitors-in-long-term-care-facilities,https://web.archive.org/web/20201130073130/https://www.symplr.com/blog/cms-guidance-on-visitors-in-long-term-care-facilities
f6b3a5d6c1124c04,telliant.com,inc.com_api_i5list,services_other,5 Questions CIOs or CTOs Should Ask To Choose The Right Technology For A Project - Blog | Telliant Systems,618,20190919225949,https://blog.telliant.com/5-questions-cios-or-ctos-should-ask-to-choose-the-right-technology-for-a-project/,https://web.archive.org/web/20190919225949/https://blog.telliant.com/5-questions-cios-or-ctos-should-ask-to-choose-the-right-technology-for-a-project/
a5fcd57c18e05415,terralogic.com,inc.com_api_i5list,services_other,Schedule Meeting,689,20190822071847,https://www.terralogic.com/blog/what-guidelines-should-enterprises-follow-for-cloud-migration/,https://web.archive.org/web/20190822071847/https://www.terralogic.com/blog/what-guidelines-should-enterprises-follow-for-cloud-migration/
d772205761499930,terralogic.com,inc.com_api_i5list,services_other,Schedule Meeting,909,20190823155618,https://www.terralogic.com/blog/boost-business-with-technology-trends-and-innovations/,https://web.archive.org/web/20190823155618/https://www.terralogic.com/blog/boost-business-with-technology-trends-and-innovations/
069abb281a3b7376,territoryfoods.com,inc.com_api_i5list,ecommerce_retail,3 WAYS TO GET BACK ON TRACK AFTER A HOLIDAY WEEKEND WITH EASE - Territory Foods,1155,20190629183000,https://www.territoryfoods.com/blog/3-ways-to-get-back-on-track-after-a-holiday-weekend-with-ease/,https://web.archive.org/web/20190629183000/https://www.territoryfoods.com/blog/3-ways-to-get-back-on-track-after-a-holiday-weekend-with-ease/
12e86c3c9a6f310f,textiq.com,inc.com_api_i5list,software_saas,Are You Prepared For Privilege Review?,2061,20200922053252,https://www.textiq.com/blog/are-you-prepared-for-privilege-review,https://web.archive.org/web/20200922053252/https://www.textiq.com/blog/are-you-prepared-for-privilege-review
20ac2e7484b504eb,textiq.com,inc.com_api_i5list,software_saas,Advancing Document Review: From Regular Expressions To Artificial Intelligence,1257,20210115213340,https://www.textiq.com/blog/advancing-document-review-from-regular-expressions-to-artificial-intelligence,https://web.archive.org/web/20210115213340/https://www.textiq.com/blog/advancing-document-review-from-regular-expressions-to-artificial-intelligence
76aa108999f78f64,textiq.com,inc.com_api_i5list,software_saas,Prop 24: What California’s New Privacy Law Means To You & Your Data,921,20201106182540,https://www.textiq.com/blog/prop-24-what-californias-new-privacy-law-means-to-you-your-data,https://web.archive.org/web/20201106182540/https://www.textiq.com/blog/prop-24-what-californias-new-privacy-law-means-to-you-your-data
e5db044f0baef9a3,textiq.com,inc.com_api_i5list,software_saas,3 Critical Functions AI Performs That Predictive Coding Can’t,1259,20210511080404,https://www.textiq.com/blog/3-critical-functions-ai-performs-that-predictive-coding-cant,https://web.archive.org/web/20210511080404/https://www.textiq.com/blog/3-critical-functions-ai-performs-that-predictive-coding-cant
0f42519404c3ce3f,theforage.com,yc,software_saas,How to Respond to a Job Interview Email (With Examples),1786,20221128120449,https://www.theforage.com/blog/basics/how-to-respond-job-interview-email,https://web.archive.org/web/20221128120449/https://www.theforage.com/blog/basics/how-to-respond-job-interview-email
4fd696681a852fd6,theforage.com,yc,software_saas,13 Digital Tools Every Student Should Know About,1441,20221128120730,https://www.theforage.com/blog/basics/13-digital-tools-every-student-should-know-about,https://web.archive.org/web/20221128120730/https://www.theforage.com/blog/basics/13-digital-tools-every-student-should-know-about
57116fc53fd0e816,theforage.com,yc,software_saas,Cybersecurity and the Law: What You Need to Know,762,20220624220646,https://www.theforage.com/blog/skills/cybersecurity-and-the-law,https://web.archive.org/web/20220624220646/https://www.theforage.com/blog/skills/cybersecurity-and-the-law
608b1c590821958b,theforage.com,yc,software_saas,The Internet of Things and the Law: What You Need to Know,764,20220624223229,https://www.theforage.com/blog/skills/the-internet-of-things-and-the-law,https://web.archive.org/web/20220624223229/https://www.theforage.com/blog/skills/the-internet-of-things-and-the-law
a8d23d8ce9b64fa8,theforage.com,yc,software_saas,13 Digital Tools Every Student Should Know About,1441,20221007183326,https://www.theforage.com/blog/basics/13-digital-tools-every-student-should-know-about%EF%BF%BC%EF%BF%BC%EF%BF%BC,https://web.archive.org/web/20221007183326/https://www.theforage.com/blog/basics/13-digital-tools-every-student-should-know-about%EF%BF%BC%EF%BF%BC%EF%BF%BC
c8bab3748b21cb87,theforage.com,yc,software_saas,How to Choose an Accounting Career Path,1422,20221109131910,https://www.theforage.com/blog/careers/accounting-career-path,https://web.archive.org/web/20221109131910/https://www.theforage.com/blog/careers/accounting-career-path
ceb1c934cc5f9fee,theforage.com,yc,software_saas,Have a Remote Internship? Here Are 6 Ways to Stand Out,782,20220929011747,https://www.theforage.com/blog/basics/how-to-stand-out-at-a-remote-internship,https://web.archive.org/web/20220929011747/https://www.theforage.com/blog/basics/how-to-stand-out-at-a-remote-internship
fb2e55ff39f8b4f3,theforage.com,yc,software_saas,How Far Back Should a Resume Go?,1209,20220624225504,https://www.theforage.com/blog/basics/how-far-back-should-resume-go,https://web.archive.org/web/20220624225504/https://www.theforage.com/blog/basics/how-far-back-should-resume-go
8b3c019886baf4b9,theohmstore.co,inc.com_api_i5list,ecommerce_retail,The Key To Lasting Happiness,1526,20190720163700,https://www.theohmstore.co/blogs/our-stories/the-key-to-lasting-happiness,https://web.archive.org/web/20190720163700/https://www.theohmstore.co/blogs/our-stories/the-key-to-lasting-happiness
d1234ac016903b1e,theohmstore.co,inc.com_api_i5list,ecommerce_retail,How to Choose A Singing Bowl,866,20201126150422,https://www.theohmstore.co/blogs/our-stories/how-to-choose-a-singing-bowl,https://web.archive.org/web/20201126150422/https://www.theohmstore.co/blogs/our-stories/how-to-choose-a-singing-bowl
18c375f9edd0ba3b,thirdera.com,inc.com_api_i5list,services_other,IT Service Management Blog | Evergreen Systems | IT Asset Management,903,20211129173335,https://www.thirdera.com/blog/topic/it-asset-management,https://web.archive.org/web/20211129173335/https://www.thirdera.com/blog/topic/it-asset-management
43efb126b731fb99,ticketstumbler.com,yc,ecommerce_retail,Ticket Sales of the Week,2715,20090211184109,http://ticketstumbler.com:80/blog/2009/02/09/ticket-sales-of-the-week-3/,https://web.archive.org/web/20090211184109/http://ticketstumbler.com:80/blog/2009/02/09/ticket-sales-of-the-week-3/
5f3c1e298a92e283,ticketstumbler.com,yc,ecommerce_retail,5 Ways to Get Super Bowl Tickets,866,20090122174746,http://ticketstumbler.com:80/blog/2009/01/19/5-ways-to-get-super-bowl-tickets/,https://web.archive.org/web/20090122174746/http://ticketstumbler.com:80/blog/2009/01/19/5-ways-to-get-super-bowl-tickets/
7880fa65c7b62ced,ticketstumbler.com,yc,ecommerce_retail,Il Divo Presale Passwords and More!,622,20081205033218,http://ticketstumbler.com:80/blog/2008/12/01/il-divo-presale-passwords-and-more/,https://web.archive.org/web/20081205033218/http://ticketstumbler.com:80/blog/2008/12/01/il-divo-presale-passwords-and-more/
aa6ec3dd41780681,ticketstumbler.com,yc,ecommerce_retail,Sports Marketwatch - NCAA Football - Week 9,1645,20090107033139,http://ticketstumbler.com/blog/2008/10/24/sports-marketwatch-ncaa-football-week-9/,https://web.archive.org/web/20090107033139/http://ticketstumbler.com/blog/2008/10/24/sports-marketwatch-ncaa-football-week-9/
cb905cff20a4d033,ticketstumbler.com,yc,ecommerce_retail,Jonas Brothers World Tour 2009 - Concert Information,796,20090416052538,http://ticketstumbler.com:80/blog/2009/04/03/jonas-brothers-world-tour-2009-concert-information/,https://web.archive.org/web/20090416052538/http://ticketstumbler.com:80/blog/2009/04/03/jonas-brothers-world-tour-2009-concert-information/
2e8de0c84b26a1d6,totalexpert.com,inc.com_api_i5list,fintech_insurance,Digital Banking: If You Build It They Will Come... Won't They? | Total Expert,847,20211024112110,https://totalexpert.com/blog/digital-banking-if-you-build-it-they-will-come-wont-they/,https://web.archive.org/web/20211024112110/https://totalexpert.com/blog/digital-banking-if-you-build-it-they-will-come-wont-they/
a117bd5c4b18df43,totalexpert.com,inc.com_api_i5list,fintech_insurance,The Rising Risk of Operational Costs for Direct-to-Consumer Lenders | Total Expert,746,20220524205155,https://totalexpert.com/blog/operational-costs-direct-to-consumer-lenders/,https://web.archive.org/web/20220524205155/https://totalexpert.com/blog/operational-costs-direct-to-consumer-lenders/
d258ec2fc86d9bf5,totalexpert.com,inc.com_api_i5list,fintech_insurance,How Financial Institutions Can Tackle Three Critical Innovation Roadblocks | Total Expert,751,20220524221204,https://totalexpert.com/blog/financial-institutions-tackle-innovation-roadblocks/,https://web.archive.org/web/20220524221204/https://totalexpert.com/blog/financial-institutions-tackle-innovation-roadblocks/
ea17e25248a7b78f,totalexpert.com,inc.com_api_i5list,fintech_insurance,How Banks Can Identify the Right Partner for Innovation | Total Expert,685,20220524223749,https://totalexpert.com/blog/bank-tech-partner-innovation/,https://web.archive.org/web/20220524223749/https://totalexpert.com/blog/bank-tech-partner-innovation/
0bd47388645f131f,triaxtec.com,inc.com_api_i5list,software_saas,"For a safer, more efficient worksite, smart equipment is key",816,20220817165944,https://www.triaxtec.com/blog/equipment-tracking/for-a-safer-more-efficient-worksite-smart-equipment-is-key/,https://web.archive.org/web/20220817165944/https://www.triaxtec.com/blog/equipment-tracking/for-a-safer-more-efficient-worksite-smart-equipment-is-key/
0cf85eaa1b25a94b,triaxtec.com,inc.com_api_i5list,software_saas,Blog | Tackling healthcare construction challenges with technology,754,20201001194906,https://www.triaxtec.com/blog/technology/tackling-healthcare-construction-challenges-with-technology/,https://web.archive.org/web/20201001194906/https://www.triaxtec.com/blog/technology/tackling-healthcare-construction-challenges-with-technology/
269ade838c9e727a,triaxtec.com,inc.com_api_i5list,software_saas,Lean Construction: Using technology to help with implementation | Triax,711,20200814004412,https://www.triaxtec.com/blog/technology/technology-lean-construction/,https://web.archive.org/web/20200814004412/https://www.triaxtec.com/blog/technology/technology-lean-construction/
294f56c67c02ad16,triaxtec.com,inc.com_api_i5list,software_saas,Blog | Special Series: Cracking Construction’s Skilled Labor Shortage: Part Two,1289,20200809115443,https://www.triaxtec.com/blog/toolbox-talks/special-series-cracking-constructions-skilled-labor-shortage-part-two/,https://web.archive.org/web/20200809115443/https://www.triaxtec.com/blog/toolbox-talks/special-series-cracking-constructions-skilled-labor-shortage-part-two/
30bd8a2c2ecc8cc2,triaxtec.com,inc.com_api_i5list,software_saas,Tech You Should Try: The Spot-r EquipTag - Triax Technologies,821,20201001175803,https://www.triaxtec.com/blog/technology/triax-tech-tuesday-spot-r-equiptag/,https://web.archive.org/web/20201001175803/https://www.triaxtec.com/blog/technology/triax-tech-tuesday-spot-r-equiptag/
52d0361b652b45e8,triaxtec.com,inc.com_api_i5list,software_saas,Blog | Special Series: Cracking Construction’s Skilled Labor Shortage: Part One,1083,20201001183954,https://www.triaxtec.com/blog/toolbox-talks/special-series-cracking-constructions-skilled-labor-shortage-part-one/,https://web.archive.org/web/20201001183954/https://www.triaxtec.com/blog/toolbox-talks/special-series-cracking-constructions-skilled-labor-shortage-part-one/
5bb41894690174bf,triaxtec.com,inc.com_api_i5list,software_saas,Construction Cranes: Keeping Workers and Bystanders Safe,1107,20200809141423,https://www.triaxtec.com/blog/toolbox-talks/construction-cranes-workers-bystanders-safe/,https://web.archive.org/web/20200809141423/https://www.triaxtec.com/blog/toolbox-talks/construction-cranes-workers-bystanders-safe/
5e04161b8d4d6a71,triaxtec.com,inc.com_api_i5list,software_saas,Blog | How to Turn Data into Insights into Action,913,20200813173919,https://www.triaxtec.com/blog/data-insights-action/,https://web.archive.org/web/20200813173919/https://www.triaxtec.com/blog/data-insights-action/
66d773f6fd578da5,triaxtec.com,inc.com_api_i5list,software_saas,"What is Social Distancing Technology, and Why Your Workplace Needs It - Triax Technologies",681,20200928015356,https://www.triaxtec.com/blog/social-distancing/what-is-social-distancing-technology-and-why-your-workplace-needs-it/,https://web.archive.org/web/20200928015356/https://www.triaxtec.com/blog/social-distancing/what-is-social-distancing-technology-and-why-your-workplace-needs-it/
750e2e59cc7421a6,triaxtec.com,inc.com_api_i5list,software_saas,"The 3 I's of Installation, Identification, and Insurance",645,20200810052243,https://www.triaxtec.com/blog/toolbox-talks/installation-identification-insurance/,https://web.archive.org/web/20200810052243/https://www.triaxtec.com/blog/toolbox-talks/installation-identification-insurance/
87270875f4b8acb9,triaxtec.com,inc.com_api_i5list,software_saas,Toolbox Talk: Electrostatic Discharge and Safety Equipment on the Jobsite,810,20200809104027,https://www.triaxtec.com/blog/toolbox-talks/electrostatic-discharge-safety/,https://web.archive.org/web/20200809104027/https://www.triaxtec.com/blog/toolbox-talks/electrostatic-discharge-safety/
a42cba6692b1f0f3,triaxtec.com,inc.com_api_i5list,software_saas,"With safety and security tools, Triax is helping construction operate in this ‘new normal’ - Triax Technologies",607,20200929141828,https://www.triaxtec.com/blog/the-new-normal-covid-19/,https://web.archive.org/web/20200929141828/https://www.triaxtec.com/blog/the-new-normal-covid-19/
a80903dd7e2ac519,triaxtec.com,inc.com_api_i5list,software_saas,How OSHA is Getting Involved in the Technology Game,654,20200814001319,https://www.triaxtec.com/blog/toolbox-talks/osha-construction-safety-technology/,https://web.archive.org/web/20200814001319/https://www.triaxtec.com/blog/toolbox-talks/osha-construction-safety-technology/
c5efa638abf68613,triaxtec.com,inc.com_api_i5list,software_saas,How Work Quality Affects Jobsite Safety | Spot-r by Triax,767,20200813163608,https://www.triaxtec.com/blog/toolbox-talks/work-quality-jobsite-safety/,https://web.archive.org/web/20200813163608/https://www.triaxtec.com/blog/toolbox-talks/work-quality-jobsite-safety/
0c58573a366e3fe0,tropicalgardenslandscape.com,inc.com_api_i5list,services_other,"How Often Should You be Sealing Your Pavers? Wednesday, August 18, 2021",612,20220212021317,https://www.tropicalgardenslandscape.com/blog/how-often-should-you-be-sealing-your-pavers/,https://web.archive.org/web/20220212021317/https://www.tropicalgardenslandscape.com/blog/how-often-should-you-be-sealing-your-pavers/
2bb23a7c5eba6815,tropicalgardenslandscape.com,inc.com_api_i5list,services_other,"The Fastest Ways to Ruin Your Palm Trees with DIY Pruning Wednesday, December 29, 2021",624,20220523232045,https://www.tropicalgardenslandscape.com/blog/the-fastest-ways-to-ruin-your-palm-trees-with-diy-pruning/,https://web.archive.org/web/20220523232045/https://www.tropicalgardenslandscape.com/blog/the-fastest-ways-to-ruin-your-palm-trees-with-diy-pruning/
2efc55243c9d0a4c,tropicalgardenslandscape.com,inc.com_api_i5list,services_other,Caring For Your Lawn With Fertilization And Weed Control,726,20191216141215,https://www.tropicalgardenslandscape.com/blog/lawn-care-sarasota/caring-for-your-lawn-with-fertilization-and-weed-control/,https://web.archive.org/web/20191216141215/https://www.tropicalgardenslandscape.com/blog/lawn-care-sarasota/caring-for-your-lawn-with-fertilization-and-weed-control/
4d8936076d1ab3f6,tropicalgardenslandscape.com,inc.com_api_i5list,services_other,Care for Your Florida Lawn This Winter,913,20191112005709,https://www.tropicalgardenslandscape.com/blog/lawn-care-sarasota/care-for-your-florida-lawn-this-winter/,https://web.archive.org/web/20191112005709/https://www.tropicalgardenslandscape.com/blog/lawn-care-sarasota/care-for-your-florida-lawn-this-winter/
51fb1d6fd19dcffe,tropicalgardenslandscape.com,inc.com_api_i5list,services_other,"Gas Fire Pits vs. Wood-Burning Fire Pits Sunday, January 17, 2021",632,20210323002927,https://www.tropicalgardenslandscape.com/blog/gas-fire-pits-vs-wood-burning-fire-pits/,https://web.archive.org/web/20210323002927/https://www.tropicalgardenslandscape.com/blog/gas-fire-pits-vs-wood-burning-fire-pits/
67b54b527c423d57,tropicalgardenslandscape.com,inc.com_api_i5list,services_other,"Dreaming of a Low-Maintenance Landscape? Here Are Some Ideas Thursday, February 10, 2022",635,20220503170735,https://www.tropicalgardenslandscape.com/blog/dreaming-of-a-low-maintenance-landscape-here-are-some-ideas/,https://web.archive.org/web/20220503170735/https://www.tropicalgardenslandscape.com/blog/dreaming-of-a-low-maintenance-landscape-here-are-some-ideas/
79d3827bf717ab80,tropicalgardenslandscape.com,inc.com_api_i5list,services_other,"What’s So Great About LED Lighting, Anyway? Tuesday, October 19, 2021",603,20220304145242,https://www.tropicalgardenslandscape.com/blog/whats-so-great-about-led-lighting-anyway/,https://web.archive.org/web/20220304145242/https://www.tropicalgardenslandscape.com/blog/whats-so-great-about-led-lighting-anyway/
aa44a01b46ad4992,tropicalgardenslandscape.com,inc.com_api_i5list,services_other,"Frequently Asked Questions About Lawn Fertilizer Tuesday, April 12, 2022",609,20220915205301,https://www.tropicalgardenslandscape.com/blog/frequently-asked-questions-about-lawn-fertilizer/,https://web.archive.org/web/20220915205301/https://www.tropicalgardenslandscape.com/blog/frequently-asked-questions-about-lawn-fertilizer/
c06b0abaaa61bb3c,tropicalgardenslandscape.com,inc.com_api_i5list,services_other,"5 Popular Lighting Techniques to Enhance the Look of Your Property at Night Thursday, September 08, 2022",611,20220926130758,https://www.tropicalgardenslandscape.com/blog/5-popular-lighting-techniques-to-enhance-the-look-of-your-property-at-night/,https://web.archive.org/web/20220926130758/https://www.tropicalgardenslandscape.com/blog/5-popular-lighting-techniques-to-enhance-the-look-of-your-property-at-night/
c286241d31c67a0c,tropicalgardenslandscape.com,inc.com_api_i5list,services_other,"Hottest Trends for your Landscape Design and Build Projects This Year Monday, April 26, 2021",634,20210611192842,https://www.tropicalgardenslandscape.com/blog/hottest-trends-for-your-landscape-design-and-build-projects-this-year/,https://web.archive.org/web/20210611192842/https://www.tropicalgardenslandscape.com/blog/hottest-trends-for-your-landscape-design-and-build-projects-this-year/
d54e757ab5e6a20f,tropicalgardenslandscape.com,inc.com_api_i5list,services_other,"Sod or Seed? The Big Debate, Finally Settled! Thursday, March 10, 2022",636,20220518165525,https://www.tropicalgardenslandscape.com/blog/sod-or-seed-the-big-debate-finally-settled/,https://web.archive.org/web/20220518165525/https://www.tropicalgardenslandscape.com/blog/sod-or-seed-the-big-debate-finally-settled/
deace384f351803e,tropicalgardenslandscape.com,inc.com_api_i5list,services_other,Frequently Asked Irrigation and Sprinkler Repair Questions,631,20190718174043,https://www.tropicalgardenslandscape.com/blog/frequently-asked-irrigation-and-sprinkler-repair-questions/,https://web.archive.org/web/20190718174043/https://www.tropicalgardenslandscape.com/blog/frequently-asked-irrigation-and-sprinkler-repair-questions/
23c2533fe4cc3213,truelinkfinancial.com,inc.com_api_i5list,fintech_insurance,Survey shows financial tools can better support adults with disabilities. | True Link,654,20191122180718,https://www.truelinkfinancial.com/blog/survey-shows-financial-tools-can-better-support-adults-disabilities/,https://web.archive.org/web/20191122180718/https://www.truelinkfinancial.com/blog/survey-shows-financial-tools-can-better-support-adults-disabilities/
b3529306675d37de,truelinkfinancial.com,inc.com_api_i5list,fintech_insurance,Tough stuff: Cognitive impairment and difficult conversations with an aging parent. | True Link,610,20191020192519,https://www.truelinkfinancial.com/blog/tough-stuff-take-difficult-discussions-aging-parents/,https://web.archive.org/web/20191020192519/https://www.truelinkfinancial.com/blog/tough-stuff-take-difficult-discussions-aging-parents/
d0600dc7796bd6ae,truelinkfinancial.com,inc.com_api_i5list,fintech_insurance,ABLE Account or Special Needs Trust: Key Considerations for Fiduciaries,719,20220528231852,https://www.truelinkfinancial.com/blog/able-account-or-special-needs-trust-key-considerations-for-fiduciaries,https://web.archive.org/web/20220528231852/https://www.truelinkfinancial.com/blog/able-account-or-special-needs-trust-key-considerations-for-fiduciaries
ece80c4bed1f5a1f,trustradius.com,inc.com_api_i5list,services_other,Qualaroo,1490,20140612002532,http://blog.trustradius.com:80/2014/06/comparing-apples-to-apples-how-to.html,https://web.archive.org/web/20140612002532/http://blog.trustradius.com:80/2014/06/comparing-apples-to-apples-how-to.html
5361c28798cf7361,trycelery.com,yc,ecommerce_retail,6 Supreme Lessons 'The Coolest' Cooler Can Teach You,1036,20150207194447,http://blog.trycelery.com:80/coolest-cooler-6-lessons/,https://web.archive.org/web/20150207194447/http://blog.trycelery.com:80/coolest-cooler-6-lessons/
87407dc8a99c4614,trycelery.com,yc,ecommerce_retail,Startup Guide: Marketing Means Buying Customers,787,20151122070228,http://blog.trycelery.com:80/startup-guide-marketing/,https://web.archive.org/web/20151122070228/http://blog.trycelery.com:80/startup-guide-marketing/
d00a601ec4f052ab,trycelery.com,yc,ecommerce_retail,Step-by-Step Guide to Marketing Your Crowdfund. Part 1: Optimizing Landing Pages,1164,20150822184948,http://blog.trycelery.com:80/part-1-step-by-step-guide-to-marketing-your-crowdfund-optimizing-landing-pages/,https://web.archive.org/web/20150822184948/http://blog.trycelery.com:80/part-1-step-by-step-guide-to-marketing-your-crowdfund-optimizing-landing-pages/
e4949be6a20bff6b,trycelery.com,yc,ecommerce_retail,Convergence: What happens when virtual realities take over?,1242,20140308050104,http://blog.trycelery.com:80/post/77306301454/convergence-what-happens-when-virtual-realities-take,https://web.archive.org/web/20140308050104/http://blog.trycelery.com:80/post/77306301454/convergence-what-happens-when-virtual-realities-take
43e0f43f9efcf4c9,tydo.com,yc,fintech_insurance,"Brand Building 101 with Farryn Weiner, Founder of Farrynheight",1606,20220711162426,https://www.tydo.com/blog/deepdive-farrynheight,https://web.archive.org/web/20220711162426/https://www.tydo.com/blog/deepdive-farrynheight
cb0c4cea57c570c2,tydo.com,yc,fintech_insurance,The Nexus of eCommerce and Fintech with Ramp’s Karim Atiyeh,1440,20211205015235,https://www.tydo.com/blog/deepdive-ramp-2,https://web.archive.org/web/20211205015235/https://www.tydo.com/blog/deepdive-ramp-2
26b582281437239e,una.com,inc.com_api_i5list,services_other,How to Create an Amazing Procurement Strategy,1151,20191019203346,https://blog.una.com/news/create-amazing-procurement-strategy,https://web.archive.org/web/20191019203346/https://blog.una.com/news/create-amazing-procurement-strategy
a7fba90cdccf96f0,una.com,inc.com_api_i5list,services_other,How to Choose the Best Procurement Software,1143,20190921214500,https://blog.una.com/news/choose-best-procurement-software,https://web.archive.org/web/20190921214500/https://blog.una.com/news/choose-best-procurement-software
b6d0cc903f3e946a,una.com,inc.com_api_i5list,services_other,Technology Trends Impacting Procurement,705,20210118065236,https://blog.una.com/news/technology-trends-impacting-procurement,https://web.archive.org/web/20210118065236/https://blog.una.com/news/technology-trends-impacting-procurement
d80dd81833e2f66e,una.com,inc.com_api_i5list,services_other,Strategic Sourcing: Fearless Procurement Leaders You Should Follow,738,20190819075610,https://blog.una.com/news/strategic-sourcing-procurement-leaders,https://web.archive.org/web/20190819075610/https://blog.una.com/news/strategic-sourcing-procurement-leaders
1e67db5775fed271,upequity.com,yc,fintech_insurance,How Often do Mortgage Rates Change in the United States?,1129,20220121155012,https://blog.upequity.com/how-often-do-mortgage-rates-change-in-the-united-states,https://web.archive.org/web/20220121155012/https://blog.upequity.com/how-often-do-mortgage-rates-change-in-the-united-states
3c865bfdee3d0609,upequity.com,yc,fintech_insurance,How to Know Which Offer to Accept When Selling Your Home,748,20220819082724,https://blog.upequity.com/how-to-know-which-offer-to-accept-when-selling-your-home,https://web.archive.org/web/20220819082724/https://blog.upequity.com/how-to-know-which-offer-to-accept-when-selling-your-home
3fa5fd142c3e7e82,upequity.com,yc,fintech_insurance,"How is Bonus, Overtime, and Commission Income Calculated by My Mortgage Lender?",645,20211025224907,https://blog.upequity.com/how-is-variable-income-calculated-by-my-mortgage-lender,https://web.archive.org/web/20211025224907/https://blog.upequity.com/how-is-variable-income-calculated-by-my-mortgage-lender
4fb71da1ddf37845,upequity.com,yc,fintech_insurance,Should You Include Appraisal Gap Coverage In Your Next Offer?,613,20210925041759,https://blog.upequity.com/should-you-include-appraisal-gap-coverage-when-buying-a-home,https://web.archive.org/web/20210925041759/https://blog.upequity.com/should-you-include-appraisal-gap-coverage-when-buying-a-home
6b753735c5f944f3,upequity.com,yc,fintech_insurance,The Buyer's Guide to Temporary Rate Buydowns,753,20221115223136,https://blog.upequity.com/the-buyers-guide-to-temporary-rate-buydowns,https://web.archive.org/web/20221115223136/https://blog.upequity.com/the-buyers-guide-to-temporary-rate-buydowns
92b8ef8a4339ab13,upequity.com,yc,fintech_insurance,Use a Mortgage Calculator and Find Out Your Home-Buying Purchase Power,1217,20211112163818,https://blog.upequity.com/use-a-mortgage-calculator-and-find-out-your-home-buying-purchase-power,https://web.archive.org/web/20211112163818/https://blog.upequity.com/use-a-mortgage-calculator-and-find-out-your-home-buying-purchase-power
be2e332519f890c5,upequity.com,yc,fintech_insurance,Can a Mortgage Calculator Determine if You will Get Approved for a Mortgage Loan?,1210,20220127185005,https://blog.upequity.com/can-a-mortgage-calculator-determine-if-you-will-get-approved-for-a-mortgage-loan,https://web.archive.org/web/20220127185005/https://blog.upequity.com/can-a-mortgage-calculator-determine-if-you-will-get-approved-for-a-mortgage-loan
cd9d130e88574c70,upequity.com,yc,fintech_insurance,Can I Get a Mortgage if I Owe the IRS Money for Back Taxes?,821,20220927113914,https://blog.upequity.com/can-i-get-a-mortgage-if-i-owe-the-irs-back-taxes,https://web.archive.org/web/20220927113914/https://blog.upequity.com/can-i-get-a-mortgage-if-i-owe-the-irs-back-taxes
d8bd88bb558f7fcb,upequity.com,yc,fintech_insurance,"How Long Does a Title Search Take? Find Mortgages, Deeds and Liens",900,20220225223456,https://blog.upequity.com/how-long-does-a-title-search-take-find-mortgages-deeds-and-liens,https://web.archive.org/web/20220225223456/https://blog.upequity.com/how-long-does-a-title-search-take-find-mortgages-deeds-and-liens
e12edaa396cc0a81,upequity.com,yc,fintech_insurance,Why Does Your Credit Score Matter When Applying for a Mortgage?,1264,20220105145231,https://blog.upequity.com/why-does-your-credit-score-matter-when-applying-for-a-loan,https://web.archive.org/web/20220105145231/https://blog.upequity.com/why-does-your-credit-score-matter-when-applying-for-a-loan
e207966840afc02b,upequity.com,yc,fintech_insurance,Can You Still Apply for a Mortgage with a Low or Bad Credit Score?,1235,20211215142535,https://blog.upequity.com/if-you-have-a-low-or-bad-credit-score-can-you-still-apply-for-a-mortgage-loan,https://web.archive.org/web/20211215142535/https://blog.upequity.com/if-you-have-a-low-or-bad-credit-score-can-you-still-apply-for-a-mortgage-loan
e3780ea9b6aa6121,upequity.com,yc,fintech_insurance,What Does Contingent Mean In Real Estate? Here's What To Know,1007,20210925023628,https://blog.upequity.com/what-does-contingent-mean-in-real-estate,https://web.archive.org/web/20210925023628/https://blog.upequity.com/what-does-contingent-mean-in-real-estate
edba8b8687b39c83,upequity.com,yc,fintech_insurance,What Type Of Mortgage Should I Get? Weighing the Pros and Cons,747,20220120205508,https://blog.upequity.com/choosing-the-right-mortgage-type-for-you,https://web.archive.org/web/20220120205508/https://blog.upequity.com/choosing-the-right-mortgage-type-for-you
f89b04b688b6989f,upequity.com,yc,fintech_insurance,Picking the Perfect Home Style For You,1065,20210925032532,https://blog.upequity.com/picking-the-perfect-home-style-for-you,https://web.archive.org/web/20210925032532/https://blog.upequity.com/picking-the-perfect-home-style-for-you
b1643043b6fad5f2,upside.com,inc.com_api_i5list,fintech_insurance,How Upside helps fuel retailers as inflation rises | Upside,842,20220813211228,https://www.upside.com/blog/how-upside-helps-fuel-retailers-as-inflation-rises,https://web.archive.org/web/20220813211228/https://www.upside.com/blog/how-upside-helps-fuel-retailers-as-inflation-rises
45b49b580e440429,usefriz.com,yc,devtools,How to be Successful as a Freelancer in Singapore - Friz,1029,20220120104255,https://blog.usefriz.com/how-to-be-successful-as-a-freelancer-in-singapore/,https://web.archive.org/web/20220120104255/https://blog.usefriz.com/how-to-be-successful-as-a-freelancer-in-singapore/
4e80b281076fe53f,usefriz.com,yc,devtools,2 Easy Ways to Follow Through on your New Year Resolutions - Friz,1053,20220517145017,https://blog.usefriz.com/2-easy-ways-to-follow-through-on-your-new-year-resolutions/,https://web.archive.org/web/20220517145017/https://blog.usefriz.com/2-easy-ways-to-follow-through-on-your-new-year-resolutions/
5bf7cabd1c55c3e3,usefriz.com,yc,devtools,Best Credit Cards In Singapore To Earn Cashback (2022) - Friz,1153,20220120120521,https://blog.usefriz.com/best-credit-cards-in-singapore-to-earn-cashback-2022/,https://web.archive.org/web/20220120120521/https://blog.usefriz.com/best-credit-cards-in-singapore-to-earn-cashback-2022/
5c6962034758611e,usefriz.com,yc,devtools,Top 10 Best Accounting Software Tools For Freelancers To Manage Finances - Friz,1187,20220202130717,https://blog.usefriz.com/top-10-best-accounting-software-tools-for-freelancers-to-manage-finances/,https://web.archive.org/web/20220202130717/https://blog.usefriz.com/top-10-best-accounting-software-tools-for-freelancers-to-manage-finances/
764d6d3f929f3afe,usefriz.com,yc,devtools,The 8 Best Freelance Job Websites in Singapore - Friz,979,20220120115640,https://blog.usefriz.com/the-8-best-freelance-job-websites-in-singapore/,https://web.archive.org/web/20220120115640/https://blog.usefriz.com/the-8-best-freelance-job-websites-in-singapore/
a1585aa06dfb8f63,usefriz.com,yc,devtools,Freelancer’s guide to calculating your rates: Negotiating your fee - Friz,1604,20220517150242,https://blog.usefriz.com/freelancers-guide-to-calculating-your-rates-negotiating-your-fee/,https://web.archive.org/web/20220517150242/https://blog.usefriz.com/freelancers-guide-to-calculating-your-rates-negotiating-your-fee/
bccba1297240559c,usefriz.com,yc,devtools,Freelancer's guide to calculating your rates - Friz,1450,20220517151259,https://blog.usefriz.com/freelancers-guide-to-calculating-your-rates/,https://web.archive.org/web/20220517151259/https://blog.usefriz.com/freelancers-guide-to-calculating-your-rates/
bdb0692e55241a58,usefriz.com,yc,devtools,5 Freelance Payment Methods in Singapore - Friz,916,20220120115545,https://blog.usefriz.com/5-freelance-payment-methods-in-singapore/,https://web.archive.org/web/20220120115545/https://blog.usefriz.com/5-freelance-payment-methods-in-singapore/
d1df8cca0e8e1828,usefriz.com,yc,devtools,Freelancer’s guide to calculating your rates: Calculating your own fee - Friz,1457,20220517135138,https://blog.usefriz.com/calculating-your-own-fee/,https://web.archive.org/web/20220517135138/https://blog.usefriz.com/calculating-your-own-fee/
eacfabdc8e4016ef,usefriz.com,yc,devtools,Top Five Home Fibre Broadband Plans In Singapore (2022) - Friz,1067,20220202130643,https://blog.usefriz.com/top-five-home-fibre-broadband-plans-in-singapore-2022/,https://web.archive.org/web/20220202130643/https://blog.usefriz.com/top-five-home-fibre-broadband-plans-in-singapore-2022/
124cb077b6838d8d,validere.com,yc,services_other,5 building blocks for efficient regulatory reporting - Validere,884,20220803220113,https://blog.validere.com/5-building-blocks-regulatory-reporting,https://web.archive.org/web/20220803220113/https://blog.validere.com/5-building-blocks-regulatory-reporting
24c463d9260101bf,validere.com,yc,services_other,What to know about carbon pricing & CA emissions regulations in 2023 - Validere,1053,20220922130106,https://blog.validere.com/carbon-pricing-ca-emissions-regulations-2023,https://web.archive.org/web/20220922130106/https://blog.validere.com/carbon-pricing-ca-emissions-regulations-2023
3038c02000696a19,validere.com,yc,services_other,5 Things You Should Know About Artificial Intelligence (And How It Applies to Industry),1455,20171220031719,http://blog.validere.com:80/5-things-you-should-know-about-artificial-intelligence-and-how-it-applies-to-industry,https://web.archive.org/web/20171220031719/http://blog.validere.com:80/5-things-you-should-know-about-artificial-intelligence-and-how-it-applies-to-industry
44b07e8539c8d6db,validere.com,yc,services_other,An ESG Framework Built on Trusted Data - Validere,646,20220722062902,https://blog.validere.com/an-esg-framework-built-on-trusted-data,https://web.archive.org/web/20220722062902/https://blog.validere.com/an-esg-framework-built-on-trusted-data
44ca01a11905d784,validere.com,yc,services_other,"Recap: New & potential updates to MRGHG, TIER, and the release of CFR",2042,20221020142049,https://blog.validere.com/recap-new-potential-updates-mrghg-tier-cfr,https://web.archive.org/web/20221020142049/https://blog.validere.com/recap-new-potential-updates-mrghg-tier-cfr
5a9241ec079b6d54,validere.com,yc,services_other,The surprising and significant errors in reading a centrifuge tube,985,20170813111005,http://blog.validere.com:80/the-surprising-and-significant-errors-in-reading-a-centrifuge-tube,https://web.archive.org/web/20170813111005/http://blog.validere.com:80/the-surprising-and-significant-errors-in-reading-a-centrifuge-tube
5f4571dd0e8ed762,validere.com,yc,services_other,Does Your Organization Have a Multiple Sources of Truth Problem? - Validere,889,20220721190223,https://blog.validere.com/multiple-sources-of-truth-problem,https://web.archive.org/web/20220721190223/https://blog.validere.com/multiple-sources-of-truth-problem
8f406dd01157de76,validere.com,yc,services_other,3 expert tips for investigating and resolving facility imbalances | Validere,932,20221113141530,https://blog.validere.com/3-expert-tips-investigating-resolving-facility-imbalances,https://web.archive.org/web/20221113141530/https://blog.validere.com/3-expert-tips-investigating-resolving-facility-imbalances
f08e28cc85ad7cd7,validere.com,yc,services_other,U.S. gas: Measuring emissions is key to securing its future | Validere,692,20221031130228,https://blog.validere.com/gas-measuring-emissions-commercial-environmental-future,https://web.archive.org/web/20221031130228/https://blog.validere.com/gas-measuring-emissions-commercial-environmental-future
08274f4feeb71b41,vendoo.co,yc,ecommerce_retail,A Reseller’s Guide to Creating a Pricing Strategy,1472,20210728205533,http://blog.vendoo.co/a-resellers-guide-to-creating-a-pricing-strategy,https://web.archive.org/web/20210728205533/http://blog.vendoo.co/a-resellers-guide-to-creating-a-pricing-strategy
087070310df465dd,vendoo.co,yc,ecommerce_retail,Everything You Need To Know About Facebook Marketplace Fees,1971,20221123190749,https://blog.vendoo.co/everything-you-need-to-know-about-facebook-marketplace-fees,https://web.archive.org/web/20221123190749/https://blog.vendoo.co/everything-you-need-to-know-about-facebook-marketplace-fees
0b751243f914f4a1,vendoo.co,yc,ecommerce_retail,How to Start Selling on Facebook Marketplace,665,20210420011805,https://blog.vendoo.co/how-to-start-selling-on-facebook-marketplace,https://web.archive.org/web/20210420011805/https://blog.vendoo.co/how-to-start-selling-on-facebook-marketplace
13d21d8af6ffcf83,vendoo.co,yc,ecommerce_retail,5 Things You Didn’t Know You Could Do With Vendoo (Part 1),1011,20211024004948,http://blog.vendoo.co/5-things-you-didnt-know-you-could-do-with-vendoo,https://web.archive.org/web/20211024004948/http://blog.vendoo.co/5-things-you-didnt-know-you-could-do-with-vendoo
24cc44e8b2c13fb8,vendoo.co,yc,ecommerce_retail,Online Consignment: How to Sell with ThredUp,1426,20221125190205,https://blog.vendoo.co/online-consignment-how-to-sell-with-thredup,https://web.archive.org/web/20221125190205/https://blog.vendoo.co/online-consignment-how-to-sell-with-thredup
3a555c491b7733f2,vendoo.co,yc,ecommerce_retail,How to Get Started Selling on eBay,1945,20210519180600,http://blog.vendoo.co/how-to-get-started-selling-on-ebay,https://web.archive.org/web/20210519180600/http://blog.vendoo.co/how-to-get-started-selling-on-ebay
3cfab2fbd325674d,vendoo.co,yc,ecommerce_retail,Selling Trends on Etsy for 2022,774,20211222161557,https://blog.vendoo.co/selling-trends-on-etsy-for-2022,https://web.archive.org/web/20211222161557/https://blog.vendoo.co/selling-trends-on-etsy-for-2022
42b7bdbdb69aff11,vendoo.co,yc,ecommerce_retail,Reseller Stats That You Won’t Believe!,1223,20211117175100,https://blog.vendoo.co/reseller-stats-that-you-wont-believe,https://web.archive.org/web/20211117175100/https://blog.vendoo.co/reseller-stats-that-you-wont-believe
43fa665a26acdf09,vendoo.co,yc,ecommerce_retail,Advanced Filters For Reseller Inventory Management,611,20221107161054,https://blog.vendoo.co/advanced-filters-for-reseller-inventory-management,https://web.archive.org/web/20221107161054/https://blog.vendoo.co/advanced-filters-for-reseller-inventory-management
4b31ea7759866335,vendoo.co,yc,ecommerce_retail,E-commerce Resellers: 10 Ways to Make an Extra $100 a Week,1200,20220202161314,https://blog.vendoo.co/ecommerce-resellers-10-ways-to-make-an-extra-100-a-week,https://web.archive.org/web/20220202161314/https://blog.vendoo.co/ecommerce-resellers-10-ways-to-make-an-extra-100-a-week
5c8fa9c875ab99b8,vendoo.co,yc,ecommerce_retail,How to Bulk Delist & Relist Items on Vendoo To Improve Sales,768,20211206224934,https://blog.vendoo.co/delisting-relisting-with-vendoo-to-improve-your-sales,https://web.archive.org/web/20211206224934/https://blog.vendoo.co/delisting-relisting-with-vendoo-to-improve-your-sales
80769fda94c23eb7,vendoo.co,yc,ecommerce_retail,17 Reseller Apps You Can’t Live Without,1925,20210721181327,http://blog.vendoo.co/16-reseller-apps-you-cant-live-without,https://web.archive.org/web/20210721181327/http://blog.vendoo.co/16-reseller-apps-you-cant-live-without
a9169127efa3b631,vendoo.co,yc,ecommerce_retail,8 Great Marketplaces Every Reseller Should Consider,872,20210417085647,https://blog.vendoo.co/8-great-marketplaces-every-reseller-should-consider,https://web.archive.org/web/20210417085647/https://blog.vendoo.co/8-great-marketplaces-every-reseller-should-consider
b41ba9a1a1340d8f,vendoo.co,yc,ecommerce_retail,The Holy Grailed: How To Get Started Selling on Grailed,1472,20220522130943,https://blog.vendoo.co/the-holy-grailed-how-to-get-started-selling-on-grailed,https://web.archive.org/web/20220522130943/https://blog.vendoo.co/the-holy-grailed-how-to-get-started-selling-on-grailed
b64869da62f1a04c,vendoo.co,yc,ecommerce_retail,5 Best Marketplaces for Sneaker Resellers,1480,20221011183624,https://blog.vendoo.co/5-best-marketplaces-for-sneaker-resellers,https://web.archive.org/web/20221011183624/https://blog.vendoo.co/5-best-marketplaces-for-sneaker-resellers
b907488907568e24,vendoo.co,yc,ecommerce_retail,Poshmark Fees: How Much Does Poshmark Charge to Sell?,932,20220504193043,https://blog.vendoo.co/poshmark-fees-how-much-does-poshmark-charge-to-sell,https://web.archive.org/web/20220504193043/https://blog.vendoo.co/poshmark-fees-how-much-does-poshmark-charge-to-sell
cf7fb33d6149233e,vendoo.co,yc,ecommerce_retail,Poshmark Vs. Mercari: Benefits and Downsides of Each Platform,1670,20210826171628,http://blog.vendoo.co/poshmark-vs-mercari,https://web.archive.org/web/20210826171628/http://blog.vendoo.co/poshmark-vs-mercari
d21d3ae919cd26f7,vendoo.co,yc,ecommerce_retail,5 Things You Didn’t Know You Could Do With Vendoo (Part 2),916,20211206234631,https://blog.vendoo.co/5-things-you-didnt-know-you-could-do-with-vendoo-part-2,https://web.archive.org/web/20211206234631/https://blog.vendoo.co/5-things-you-didnt-know-you-could-do-with-vendoo-part-2
d471cf2201bcda07,vendoo.co,yc,ecommerce_retail,5 Tips for Being Sustainable as a Reseller,1270,20210714182052,http://blog.vendoo.co/5-tips-for-being-sustainable-as-a-reseller,https://web.archive.org/web/20210714182052/http://blog.vendoo.co/5-tips-for-being-sustainable-as-a-reseller
e412cb30c3787d3d,vendoo.co,yc,ecommerce_retail,10 Steps to Increase Your Sales on Depop,1929,20211207005722,https://blog.vendoo.co/10-steps-to-increase-your-sales-on-depop,https://web.archive.org/web/20211207005722/https://blog.vendoo.co/10-steps-to-increase-your-sales-on-depop
2fdaa35cdb3a78d5,verifone.com,g2.com_wayback,fintech_insurance,Boosting Revenue with mPOS,624,20140902083430,http://blog.verifone.com:80/mobile-technology-innovations/boosting-per-merchant-revenue-mpos/,https://web.archive.org/web/20140902083430/http://blog.verifone.com:80/mobile-technology-innovations/boosting-per-merchant-revenue-mpos/
a4433075a3170ffb,verifone.com,g2.com_wayback,fintech_insurance,"Danes Ready for Mobile Payments, but Infrastructure Lags : The VeriFone Blog",745,20140429172300,http://blog.verifone.com:80/mobile-technology-innovations/danes-ready-mobile-payments-infrastructure-lags/,https://web.archive.org/web/20140429172300/http://blog.verifone.com:80/mobile-technology-innovations/danes-ready-mobile-payments-infrastructure-lags/
e55bdbb0370f3161,verifone.com,g2.com_wayback,fintech_insurance,Do Your Customers Ship Their Pants?,692,20130513213737,http://blog.verifone.com:80/mobile-technology-innovations/do-your-customers-ship-their-pants/,https://web.archive.org/web/20130513213737/http://blog.verifone.com:80/mobile-technology-innovations/do-your-customers-ship-their-pants/
1ec022618cd6086e,vestwell.com,inc.com_api_i5list,fintech_insurance,RetirePath Virginia State Savings Program: Everything You Need to Know | Vestwell,853,20220722191427,https://www.vestwell.com/blog/retirepath-virginia-state-savings-program-everything-you-need-to-know,https://web.archive.org/web/20220722191427/https://www.vestwell.com/blog/retirepath-virginia-state-savings-program-everything-you-need-to-know
49d01a919799de49,vestwell.com,inc.com_api_i5list,fintech_insurance,State Mandates and the Racial Retirement Gap | Vestwell,669,20220628180620,https://www.vestwell.com/blog/state-mandates-and-the-racial-retirement-gap,https://web.archive.org/web/20220628180620/https://www.vestwell.com/blog/state-mandates-and-the-racial-retirement-gap
8d35ba2827b49abb,vestwell.com,inc.com_api_i5list,fintech_insurance,Top Mistakes Made by 401(k) Plan Sponsors | Vestwell,933,20210613201734,https://www.vestwell.com/blog/top-mistakes-made-by-401k-plan-sponsors,https://web.archive.org/web/20210613201734/https://www.vestwell.com/blog/top-mistakes-made-by-401k-plan-sponsors
f33914b4c36dfb5a,vestwell.com,inc.com_api_i5list,fintech_insurance,Giving a Plan Checkup Now Can Mean Big Savings Later for Clients | Vestwell,681,20210516045410,https://www.vestwell.com/blog/giving-a-plan-checkup-now-can-mean-big-savings-later-for-clients,https://web.archive.org/web/20210516045410/https://www.vestwell.com/blog/giving-a-plan-checkup-now-can-mean-big-savings-later-for-clients
0f1498562706ff8c,vidyard.com,yc,software_saas,10 Video Marketing Mistakes Awesome Marketers Avoid,1089,20170312065517,https://www.vidyard.com/blog/10-video-marketing-mistakes-awesome-marketers-avoid/,https://web.archive.org/web/20170312065517/https://www.vidyard.com/blog/10-video-marketing-mistakes-awesome-marketers-avoid/
27e9a374d44d3fb3,vidyard.com,yc,software_saas,3 Ways To Research Companies For Personalized Video Sales Outreach,803,20180116033319,https://www.vidyard.com/blog/3-ways-research-companies-personalized-sales-video/,https://web.archive.org/web/20180116033319/https://www.vidyard.com/blog/3-ways-research-companies-personalized-sales-video/
7d886843756d378f,vidyard.com,yc,software_saas,30 Examples of Personalized Videos That’ll Really Get Your Attention,773,20190423121908,https://www.vidyard.com/blog/30-examples-personalized-videos/,https://web.archive.org/web/20190423121908/https://www.vidyard.com/blog/30-examples-personalized-videos/
97b2d43026465bf6,vidyard.com,yc,software_saas,Best Practices for Using Video in Sales Emails,685,20190719143336,https://www.vidyard.com/blog/best-practices-for-using-video-in-sales-emails/,https://web.archive.org/web/20190719143336/https://www.vidyard.com/blog/best-practices-for-using-video-in-sales-emails/
9f0fb2f74c35a394,vidyard.com,yc,software_saas,3 Simple Ways to Customize A Single Video Campaign for Multiple Audiences - Vidyard,706,20150628160151,http://www.vidyard.com:80/blog/3-ways-customize-video-campaign-audiences/,https://web.archive.org/web/20150628160151/http://www.vidyard.com:80/blog/3-ways-customize-video-campaign-audiences/
a1e88bb7a8e3d80f,vidyard.com,yc,software_saas,ATM and Your 10 Digit PIN,1182,20180214093137,https://www.vidyard.com/blog/atm-10-digit-pin/,https://web.archive.org/web/20180214093137/https://www.vidyard.com/blog/atm-10-digit-pin/
b11f07e2703abc55,vidyard.com,yc,software_saas,How to Create Case Study Videos That Win New Business,2476,20200514110306,https://www.vidyard.com/blog/case-study-videos/,https://web.archive.org/web/20200514110306/https://www.vidyard.com/blog/case-study-videos/
c46c8aef383b935a,vidyard.com,yc,software_saas,5 Practical Steps to Writing Sensational Content from Ann Handley - Vidyard,929,20141107195438,http://www.vidyard.com:80/blog/5-steps-to-writing-content-ann-handley/,https://web.archive.org/web/20141107195438/http://www.vidyard.com:80/blog/5-steps-to-writing-content-ann-handley/
c828899e47dfc386,vidyard.com,yc,software_saas,3 Takeaways from INBOUND 2017 that Impact Video in Business,939,20190719144327,https://www.vidyard.com/blog/3-takeaways-inbound-2017-impact-video-business/,https://web.archive.org/web/20190719144327/https://www.vidyard.com/blog/3-takeaways-inbound-2017-impact-video-business/
c82a95131bc25873,vidyard.com,yc,software_saas,The Funny and Fabulous: 10 Best Video Marketing Examples of 2016,919,20171126040821,https://www.vidyard.com/blog/10-best-video-marketing-examples-of-2016/,https://web.archive.org/web/20171126040821/https://www.vidyard.com/blog/10-best-video-marketing-examples-of-2016/
d9cfb6de98f24907,vidyard.com,yc,software_saas,"3 Things You Need to Know to Dominate Video On YouTube, Facebook, and Instagram",1038,20180829105953,https://www.vidyard.com/blog/3-need-know-dominate-video-youtube-facebook-instagram/,https://web.archive.org/web/20180829105953/https://www.vidyard.com/blog/3-need-know-dominate-video-youtube-facebook-instagram/
ffc1ce4a957e5eb1,vidyard.com,yc,software_saas,Correctly Reporting on Content Marketing – Vidyard,1125,20141010192437,http://www.vidyard.com:80/blog/correctly-reporting-on-content-marketing/,https://web.archive.org/web/20141010192437/http://www.vidyard.com:80/blog/correctly-reporting-on-content-marketing/
c7ad187d50a9fc97,virool.com,yc_directory,software_saas,Coca-Cola vs Pepsi: Who dominates YouTube? | Virool,761,20141206110956,http://www.virool.com:80/blog/coca-cola-vs-pepsi-who-dominates-youtube/,https://web.archive.org/web/20141206110956/http://www.virool.com:80/blog/coca-cola-vs-pepsi-who-dominates-youtube/
27fbcec6b2713db2,vuram.com,inc.com_api_i5list,services_other,Robotic Process Automation: How can RPA CoE help businesses?,1000,20210917074422,https://www.vuram.com/blog/how-can-rpa-coe-help-businessesrobotic-process-automation/,https://web.archive.org/web/20210917074422/https://www.vuram.com/blog/how-can-rpa-coe-help-businessesrobotic-process-automation/
81e28ea960cf3e14,vuram.com,inc.com_api_i5list,services_other,2020 and beyond: Top 5 trends shaping the future of BPM | Vuram,757,20201028050738,https://www.vuram.com/blog/2020-and-beyond-top-5-trends-shaping-the-future-of-bpm/,https://web.archive.org/web/20201028050738/https://www.vuram.com/blog/2020-and-beyond-top-5-trends-shaping-the-future-of-bpm/
e4bbd7d54437a12e,vuram.com,inc.com_api_i5list,services_other,10 Reasons Why You Shouldn't Ignore Contract Management System,942,20210917063005,https://www.vuram.com/blog/10-reasons-why-you-shouldnt-ignore-contract-management-system/,https://web.archive.org/web/20210917063005/https://www.vuram.com/blog/10-reasons-why-you-shouldnt-ignore-contract-management-system/
79426d1c670b8cba,warmly.ai,yc,software_saas,How to Improve Employee Experience in The Digital Workplace,800,20220825120603,https://www.warmly.ai/blog/how-to-improve-employee-experience-in-the-digital-workplace,https://web.archive.org/web/20220825120603/https://www.warmly.ai/blog/how-to-improve-employee-experience-in-the-digital-workplace
ae9c7b65ec016eef,warmly.ai,yc,software_saas,How Your Sales Team Can Build Trust With Minimal Effort,908,20220920120821,https://www.warmly.ai/blog/how-your-sales-team-can-build-trust-with-minimal-effort,https://web.archive.org/web/20220920120821/https://www.warmly.ai/blog/how-your-sales-team-can-build-trust-with-minimal-effort
b75a1f5c6ca2f295,warmly.ai,yc,software_saas,The Intersection of Authenticity and Accountability,1301,20210812161318,https://www.warmly.ai/blog/the-intersection-of-authenticity-and-accountability-2,https://web.archive.org/web/20210812161318/https://www.warmly.ai/blog/the-intersection-of-authenticity-and-accountability-2
d16d8754563e7b73,warmly.ai,yc,software_saas,4 Ways Zoom Can Make You Sell Better Virtually,618,20220816111209,https://warmly.ai/blog/4-ways-zoom-can-make-you-sell-better-virtually,https://web.archive.org/web/20220816111209/https://warmly.ai/blog/4-ways-zoom-can-make-you-sell-better-virtually
ff6a28a4652eb233,warmly.ai,yc,software_saas,50 Icebreakers for Your Next Zoom Meeting,679,20210418043620,https://www.warmly.ai/blog/50-icebreakers-for-your-next-zoom-meeting,https://web.archive.org/web/20210418043620/https://www.warmly.ai/blog/50-icebreakers-for-your-next-zoom-meeting
3ea1edae19c0f36d,whalesync.com,yc,software_saas,Airtable vs Google Sheets: The Ultimate Guide,1793,20220531143834,https://www.whalesync.com//blog/airtable-vs-google-sheets-the-ultimate-guide,https://web.archive.org/web/20220531143834/https://www.whalesync.com//blog/airtable-vs-google-sheets-the-ultimate-guide
6823630210751d87,whalesync.com,yc,software_saas,How to Build a No-Code Resource List,989,20220517064253,https://www.whalesync.com/blog/how-to-build-a-no-code-resource-list,https://web.archive.org/web/20220517064253/https://www.whalesync.com/blog/how-to-build-a-no-code-resource-list
70a96b7134b8b55c,whalesync.com,yc,software_saas,Top 10 Next-Gen Calendar Apps (2022),1888,20220308145347,https://www.whalesync.com/blog/top-10-next-gen-calendar-apps-2022,https://web.archive.org/web/20220308145347/https://www.whalesync.com/blog/top-10-next-gen-calendar-apps-2022
80618e117bdf2bd9,whalesync.com,yc,software_saas,10 Airtable Competitors for Your Use Case (2022),1959,20220517083911,https://www.whalesync.com/blog/10-airtable-competitors-for-your-use-case-2022,https://web.archive.org/web/20220517083911/https://www.whalesync.com/blog/10-airtable-competitors-for-your-use-case-2022
8435988515426379,whalesync.com,yc,software_saas,Airtable vs Notion: the Ultimate Guide,2011,20220105132957,https://www.whalesync.com/blog/airtable-vs-notion-the-ultimate-guide,https://web.archive.org/web/20220105132957/https://www.whalesync.com/blog/airtable-vs-notion-the-ultimate-guide
8b6ea3e199cff363,whalesync.com,yc,software_saas,Web3 & No-Code,1598,20220131193750,https://www.whalesync.com/blog/web3-and-no-code,https://web.archive.org/web/20220131193750/https://www.whalesync.com/blog/web3-and-no-code
ad41684fa0ad021f,whalesync.com,yc,software_saas,What Does ETL Stand For?,813,20220112123033,https://www.whalesync.com/blog/what-does-etl-stand-for,https://web.archive.org/web/20220112123033/https://www.whalesync.com/blog/what-does-etl-stand-for
b664e050b5b8d323,whalesync.com,yc,software_saas,Building a No-Code Job Board? Start Here.,1123,20220122100550,https://www.whalesync.com/blog/building-a-no-code-job-board,https://web.archive.org/web/20220122100550/https://www.whalesync.com/blog/building-a-no-code-job-board
bd4bd066fd2c5c34,whalesync.com,yc,software_saas,Using Airtable as a CMS,1431,20211215130911,https://www.whalesync.com/blog/using-airtable-as-a-cms,https://web.archive.org/web/20211215130911/https://www.whalesync.com/blog/using-airtable-as-a-cms
0619a1bffa34fbba,windowworld-btr.com,inc.com_api_i5list,services_other,What To Expect During Installation While Social Distancing | Baton Rouge,617,20200809052912,https://www.windowworld-btr.com/blog/what-to-expect-during-installation-while-social-distancing/,https://web.archive.org/web/20200809052912/https://www.windowworld-btr.com/blog/what-to-expect-during-installation-while-social-distancing/
197efa2e652e2e38,windowworld-btr.com,inc.com_api_i5list,services_other,6 Signs It’s Time to Replace Your Windows | Window World of Baton Rouge,759,20210728015252,https://www.windowworld-btr.com/blog/signs-its-time-to-replace-your-windows/,https://web.archive.org/web/20210728015252/https://www.windowworld-btr.com/blog/signs-its-time-to-replace-your-windows/
cd18436318288b3d,windowworld-btr.com,inc.com_api_i5list,services_other,Hurricane Preparedness: 7 Tips to Protect Your Home | Window World of Baton Rouge,796,20210613204713,https://www.windowworld-btr.com/blog/hurricane-preparedness-ways-to-protect-home/,https://web.archive.org/web/20210613204713/https://www.windowworld-btr.com/blog/hurricane-preparedness-ways-to-protect-home/
fa1e0592f5693aae,windowworld-btr.com,inc.com_api_i5list,services_other,Why Do My Windows Have So Much Condensation? - Window World of Baton Rouge,630,20221006210941,https://www.windowworld-btr.com/blog/why-do-my-windows-have-so-much-condensation/,https://web.archive.org/web/20221006210941/https://www.windowworld-btr.com/blog/why-do-my-windows-have-so-much-condensation/
047ef9efdc777e46,windsor.io,yc,software_saas,Five eCommerce Email Campaigns to Grow Your Online Store,1246,20220702140338,https://www.windsor.io/blog/five-ecommerce-email-campaigns-to-grow-your-online-store,https://web.archive.org/web/20220702140338/https://www.windsor.io/blog/five-ecommerce-email-campaigns-to-grow-your-online-store
14367871e771f410,windsor.io,yc,software_saas,How Video Can Accelerate your eCommerce Growth,1340,20220702145708,https://www.windsor.io/blog/how-video-can-accelerate-your-ecommerce-growth,https://web.archive.org/web/20220702145708/https://www.windsor.io/blog/how-video-can-accelerate-your-ecommerce-growth
34dcda974bc43711,windsor.io,yc,software_saas,"Anatomy of a Great ""Thank You"" Email",1127,20220702150837,https://www.windsor.io/blog/anatomy-of-a-great-thank-you-email,https://web.archive.org/web/20220702150837/https://www.windsor.io/blog/anatomy-of-a-great-thank-you-email
36487426cd525214,windsor.io,yc,software_saas,The Psychology of Gratitude for Online Stores,1282,20220702135617,https://www.windsor.io/blog/the-psychology-of-gratitude-for-online-stores,https://web.archive.org/web/20220702135617/https://www.windsor.io/blog/the-psychology-of-gratitude-for-online-stores
5c592a5d565ffdfc,windsor.io,yc,software_saas,3 ways to upgrade your email marketing using AI-powered videos,1551,20220820003029,https://www.windsor.io/blog/3-ways-to-upgrade-your-email-marketing-using-ai-powered-videos,https://web.archive.org/web/20220820003029/https://www.windsor.io/blog/3-ways-to-upgrade-your-email-marketing-using-ai-powered-videos
8f62f4521eddaf7d,windsor.io,yc,software_saas,Five Unique eCommerce Email Campaigns,1181,20220702141226,https://www.windsor.io/blog/five-unique-ecommerce-email-campaigns,https://web.archive.org/web/20220702141226/https://www.windsor.io/blog/five-unique-ecommerce-email-campaigns
989256cd8b165556,windsor.io,yc,software_saas,Designing a Follow Up Sequence That Customers Love,1192,20220702140524,https://www.windsor.io/blog/designing-a-follow-up-sequence-that-customers-love,https://web.archive.org/web/20220702140524/https://www.windsor.io/blog/designing-a-follow-up-sequence-that-customers-love
078e2d424e04f0ec,worklytics.co,yc,software_saas,Update: The Impact of COVID-19/WFH on Work Habits,1136,20220809195557,https://www.worklytics.co/blog/update-the-impact-of-covid-19-wfh-on-work-habits,https://web.archive.org/web/20220809195557/https://www.worklytics.co/blog/update-the-impact-of-covid-19-wfh-on-work-habits
7f4bb5b87ef79138,worklytics.co,yc,software_saas,"Building great engineering teams., Worklytics",625,20190724062328,https://www.worklytics.co/blog/developing-great-engineering-teams/,https://web.archive.org/web/20190724062328/https://www.worklytics.co/blog/developing-great-engineering-teams/
068aff5c8d0de308,worthpoint.com,inc.com_api_i5list,ecommerce_retail,"Auctioning Shaker Items, Finding Roman Coins, Restoring a Folk-Art Landmark",647,20101015070557,http://www.worthpoint.com:80/blog-entry/auctioning-shaker-items-finding-roman-coins-restoring-folk-art-landmark,https://web.archive.org/web/20101015070557/http://www.worthpoint.com:80/blog-entry/auctioning-shaker-items-finding-roman-coins-restoring-folk-art-landmark
07ff2d43f77d1d61,worthpoint.com,inc.com_api_i5list,ecommerce_retail,The Appraiser’s Roadmap: Navigating the World of Marks,1580,20120126222911,http://www.worthpoint.com:80/blog-entry/appraisers-roadmap-navigating-world-marks/comment-page-1,https://web.archive.org/web/20120126222911/http://www.worthpoint.com:80/blog-entry/appraisers-roadmap-navigating-world-marks/comment-page-1
0c7de83fedbe6e49,worthpoint.com,inc.com_api_i5list,ecommerce_retail,3M’s Innovative Bookshelf Games: The Precursors to Today’s Hobby Board Games,1084,20111016004338,http://www.worthpoint.com:80/blog-entry/3ms-innovative-bookshelf-games,https://web.archive.org/web/20111016004338/http://www.worthpoint.com:80/blog-entry/3ms-innovative-bookshelf-games
0eb25f03b6eb8ec1,worthpoint.com,inc.com_api_i5list,ecommerce_retail,Antique Furniture Terminology Part 2,791,20090119225841,http://www.worthpoint.com:80/blog-entry/antique-furniture-terminology-part-2,https://web.archive.org/web/20090119225841/http://www.worthpoint.com:80/blog-entry/antique-furniture-terminology-part-2
1033c3a430640ca2,worthpoint.com,inc.com_api_i5list,ecommerce_retail,The Art of the Silver Cage Shows Creative Genius of Chinese Silversmiths,948,20131215123304,http://www.worthpoint.com:80/blog-entry/art-silver-cage-shows-genius-chinese-silversmiths,https://web.archive.org/web/20131215123304/http://www.worthpoint.com:80/blog-entry/art-silver-cage-shows-genius-chinese-silversmiths
23f010392a0a30ff,worthpoint.com,inc.com_api_i5list,ecommerce_retail,Antique/Vintage Watches and Time Pieces,779,20090324003554,http://www.worthpoint.com:80/blog-entry/antiquevintage-watches-and-time-pieces,https://web.archive.org/web/20090324003554/http://www.worthpoint.com:80/blog-entry/antiquevintage-watches-and-time-pieces
27a075b53523990d,worthpoint.com,inc.com_api_i5list,ecommerce_retail,Antique Furniture Tags: What They Say and What They Should Say,951,20090714015125,http://www.worthpoint.com:80/blog-entry/antique-furniture-tags,https://web.archive.org/web/20090714015125/http://www.worthpoint.com:80/blog-entry/antique-furniture-tags
2935982a37d70ea9,worthpoint.com,inc.com_api_i5list,ecommerce_retail,Baseball’s Top Prospects: Collecting the Next Superstars,827,20130827153740,http://www.worthpoint.com:80/blog-entry/baseballs-top-prospects-collecting-next-superstars,https://web.archive.org/web/20130827153740/http://www.worthpoint.com:80/blog-entry/baseballs-top-prospects-collecting-next-superstars
3306bcff641aafcc,worthpoint.com,inc.com_api_i5list,ecommerce_retail,Are you wearing the real George W. Bush?,804,20080304182235,http://www.worthpoint.com:80/blog-entry/are-you-wearing-real-george-w-bush,https://web.archive.org/web/20080304182235/http://www.worthpoint.com:80/blog-entry/are-you-wearing-real-george-w-bush
3b87d040abd1a911,worthpoint.com,inc.com_api_i5list,ecommerce_retail,Andy Warhol's Collectibles: More than 15 Minutes of Fame,801,20160416122526,http://www.worthpoint.com/blog-entry/andy-warhols-collectibles-more-than-15-minutes-of-fame,https://web.archive.org/web/20160416122526/http://www.worthpoint.com/blog-entry/andy-warhols-collectibles-more-than-15-minutes-of-fame
5590946e621c3059,worthpoint.com,inc.com_api_i5list,ecommerce_retail,Back-Issue Comics Roundup – Dr. Fate’s Collection & the ‘Apocalypse’ Tweet,857,20131217073420,http://www.worthpoint.com/blog-entry/back-issue-comics-roundup-dr-fates-collection-apocalypse-tweet,https://web.archive.org/web/20131217073420/http://www.worthpoint.com/blog-entry/back-issue-comics-roundup-dr-fates-collection-apocalypse-tweet
5f1d019b1be0990b,worthpoint.com,inc.com_api_i5list,ecommerce_retail,Establishing Provenance Means More Money,866,20090412114950,http://www.worthpoint.com:80/blog-entry/antiques-art-provenance-means-more-money,https://web.archive.org/web/20090412114950/http://www.worthpoint.com:80/blog-entry/antiques-art-provenance-means-more-money
751140e2023af813,worthpoint.com,inc.com_api_i5list,ecommerce_retail,The need for Estate Estate Sale Licensing Rising,1312,20151002023211,http://www.worthpoint.com:80/blog-entry/as-the-need-for-estate-liquidation-companies-rise-so-does-the-need-for-estate-sale-licensing/comment-page-1,https://web.archive.org/web/20151002023211/http://www.worthpoint.com:80/blog-entry/as-the-need-for-estate-liquidation-companies-rise-so-does-the-need-for-estate-sale-licensing/comment-page-1
83047e827306858d,worthpoint.com,inc.com_api_i5list,ecommerce_retail,A Curious Kind of Money: The Story of Wampum,800,20130324020036,http://www.worthpoint.com:80/blog-entry/a-curious-kind-of-money-the-story-of-wampum,https://web.archive.org/web/20130324020036/http://www.worthpoint.com:80/blog-entry/a-curious-kind-of-money-the-story-of-wampum
c1ea8e94d1cdae4e,worthpoint.com,inc.com_api_i5list,ecommerce_retail,Antique Furniture Terminology Part 1,829,20090306230525,http://www.worthpoint.com:80/blog-entry/antique-furniture-terminology-part-1,https://web.archive.org/web/20090306230525/http://www.worthpoint.com:80/blog-entry/antique-furniture-terminology-part-1
c4df068e6c46c60b,worthpoint.com,inc.com_api_i5list,ecommerce_retail,Antique Dolls Question Session: Turn of the Century J.D. Kestner Bisque Mold 154,715,20130622021116,http://www.worthpoint.com:80/blog-entry/antique-dolls-question-session-turn-century-jd-kestner-bisque-mold-154,https://web.archive.org/web/20130622021116/http://www.worthpoint.com:80/blog-entry/antique-dolls-question-session-turn-century-jd-kestner-bisque-mold-154
eab6b3b2e5802982,worthpoint.com,inc.com_api_i5list,ecommerce_retail,Animation Cels: Collecting Childhood Memories of Favorite Cartoon Characters,1225,20130514083108,http://www.worthpoint.com:80/blog-entry/animation-cels-collecting-memories-favorite-childhood-cartoon-characters/comment-page-1,https://web.archive.org/web/20130514083108/http://www.worthpoint.com:80/blog-entry/animation-cels-collecting-memories-favorite-childhood-cartoon-characters/comment-page-1
f1269117fd1106e7,worthpoint.com,inc.com_api_i5list,ecommerce_retail,All Abuzz about Steiff’s Line of Insects,984,20100828232529,http://www.worthpoint.com:80/blog-entry/abuzz-steiff-line-insects,https://web.archive.org/web/20100828232529/http://www.worthpoint.com:80/blog-entry/abuzz-steiff-line-insects
f4578bcebdc26013,worthpoint.com,inc.com_api_i5list,ecommerce_retail,"Auction Report: Three-Ring Auction, Joan Rivers; Estate and a Trump Engagement Ring",974,20160724104851,http://www.worthpoint.com:80/blog-entry/auction-report-three-ring-auction-joan-rivers-estate-and-a-trump-engagement-ring,https://web.archive.org/web/20160724104851/http://www.worthpoint.com:80/blog-entry/auction-report-three-ring-auction-joan-rivers-estate-and-a-trump-engagement-ring
fe5c045dd9703715,worthpoint.com,inc.com_api_i5list,ecommerce_retail,Rinker on Collectibles: What Does Bankruptcy Mean To Collectors?,1528,20090628154259,http://www.worthpoint.com:80/blog-entry/bankruptcy-collectors/comment-page-1,https://web.archive.org/web/20090628154259/http://www.worthpoint.com:80/blog-entry/bankruptcy-collectors/comment-page-1
09f855ee100746b0,xevant.com,inc.com_api_i5list,health,Specialty Drug Costs: Who Do They Hurt Most? - Xevant,1620,20220526065751,https://www.xevant.com/blog/specialty-drug-costs-who-do-they-hurt-most/,https://web.archive.org/web/20220526065751/https://www.xevant.com/blog/specialty-drug-costs-who-do-they-hurt-most/
16161961160ca9a4,xevant.com,inc.com_api_i5list,health,"30 Years of PBM Evolution: The Good, The Bad, The Revolutionary - Xevant",1618,20211205175619,https://www.xevant.com/blog/30-years-of-pbm-evolution-the-good-the-bad-the-revolutionary/,https://web.archive.org/web/20211205175619/https://www.xevant.com/blog/30-years-of-pbm-evolution-the-good-the-bad-the-revolutionary/
1faeef85a9c3162b,xevant.com,inc.com_api_i5list,health,"A ""Big"" Opportunity for Health Benefits: Part 2 - Xevant",671,20211205171715,https://www.xevant.com/blog/a-big-opportunity-for-health-benefits-part-2/,https://web.archive.org/web/20211205171715/https://www.xevant.com/blog/a-big-opportunity-for-health-benefits-part-2/
2f16e5f568f4bcf6,xevant.com,inc.com_api_i5list,health,Top 6 Disruptive Healthcare Analytics Companies To Watch - Xevant,1120,20211205175805,https://www.xevant.com/blog/top-6-disruptive-healthcare-analytics-companies-to-watch/,https://web.archive.org/web/20211205175805/https://www.xevant.com/blog/top-6-disruptive-healthcare-analytics-companies-to-watch/
37aa6bb9d944e04e,xevant.com,inc.com_api_i5list,health,Pharmacy Analytics Software: Efficiently Managing Outcomes and Controlling Drug Spend - Xevant,911,20211205173815,https://www.xevant.com/blog/pharmacy-analytics-software-efficiently-managing-outcomes-and-controlling-drug-spend/,https://web.archive.org/web/20211205173815/https://www.xevant.com/blog/pharmacy-analytics-software-efficiently-managing-outcomes-and-controlling-drug-spend/
533798b85dcfeeb5,xevant.com,inc.com_api_i5list,health,Top 4 PBM Industry Trends in 2022 (And What to Expect Next)￼ - Xevant,1367,20220526081625,https://www.xevant.com/blog/top-4-pbm-industry-trends-in-2022-and-what-to-expect-next/,https://web.archive.org/web/20220526081625/https://www.xevant.com/blog/top-4-pbm-industry-trends-in-2022-and-what-to-expect-next/
53fa4263aa2f052b,xevant.com,inc.com_api_i5list,health,The Top Innovation Trends in Utilization Management - Xevant,1109,20211205164332,https://www.xevant.com/blog/the-top-innovation-trends-in-utilization-management/,https://web.archive.org/web/20211205164332/https://www.xevant.com/blog/the-top-innovation-trends-in-utilization-management/
54734b95a0a5bdb0,xevant.com,inc.com_api_i5list,health,Biologics vs. Biosimilars: The Differences and Why They Matter - Xevant,1079,20220927034500,https://www.xevant.com/blog/biologics-vs-biosimilars-the-differences-and-why-they-matter/,https://web.archive.org/web/20220927034500/https://www.xevant.com/blog/biologics-vs-biosimilars-the-differences-and-why-they-matter/
738c39867f9e40d8,xevant.com,inc.com_api_i5list,health,Shortfalls Causing Medication Nonaderence And How To Improve Them - Xevant,896,20211205174801,https://www.xevant.com/blog/shortfalls-causing-medication-nonaderence-and-how-to-improve-them/,https://web.archive.org/web/20211205174801/https://www.xevant.com/blog/shortfalls-causing-medication-nonaderence-and-how-to-improve-them/
89f45e2cf0e42a77,xevant.com,inc.com_api_i5list,health,The Real Sources of Drug Price Increases - Xevant,805,20211205181452,https://www.xevant.com/blog/the-real-sources-of-drug-price-increases/,https://web.archive.org/web/20211205181452/https://www.xevant.com/blog/the-real-sources-of-drug-price-increases/
939dc20358ecb2f2,xevant.com,inc.com_api_i5list,health,How Data Analysis Provides Transparency to Prescription Drug Prices - Xevant,605,20211205171642,https://www.xevant.com/blog/how-data-analysis-provides-transparency-to-prescription-drug-prices/,https://web.archive.org/web/20211205171642/https://www.xevant.com/blog/how-data-analysis-provides-transparency-to-prescription-drug-prices/
eb6754cb84171147,xevant.com,inc.com_api_i5list,health,7 Ways to Improve Clinical Outcomes - Xevant,1012,20220817072730,https://www.xevant.com/blog/7-ways-to-improve-clinical-outcomes/,https://web.archive.org/web/20220817072730/https://www.xevant.com/blog/7-ways-to-improve-clinical-outcomes/
2cc137fb79811f82,yourmechanic.com,yc,ecommerce_retail,Best of 2018: Our Top 10 Most Popular Articles,664,20191017184755,https://www.yourmechanic.com/blog/best-of-2018-our-top-10-most-popular-articles-by-abigail-blake,https://web.archive.org/web/20191017184755/https://www.yourmechanic.com/blog/best-of-2018-our-top-10-most-popular-articles-by-abigail-blake
50a06c3e904a31d1,yourmechanic.com,yc,ecommerce_retail,How YourMechanic is Changing Customer Service in the Auto Industry,627,20180111010259,https://www.yourmechanic.com/blog/how-yourmechanic-is-changing-customer-service-in-the-auto-industry-by-emily-edwards,https://web.archive.org/web/20180111010259/https://www.yourmechanic.com/blog/how-yourmechanic-is-changing-customer-service-in-the-auto-industry-by-emily-edwards
c2514f031e2b4d0b,yourmechanic.com,yc,ecommerce_retail,I Have No Idea What's Wrong With My Car - Where Do I Begin?,2038,20170706171013,https://www.yourmechanic.com/blog/i-have-no-idea-what-s-wrong-with-my-car-where-do-i-begin-by-emily-edwards_3,https://web.archive.org/web/20170706171013/https://www.yourmechanic.com/blog/i-have-no-idea-what-s-wrong-with-my-car-where-do-i-begin-by-emily-edwards_3
4ac06d09a2c9f1ce,zbiotics.com,yc,ecommerce_retail,What's Wrong with Probiotics? Part 1,1236,20190824083653,https://zbiotics.com/blogs/journal/whats-wrong-with-probiotics-part-1,https://web.archive.org/web/20190824083653/https://zbiotics.com/blogs/journal/whats-wrong-with-probiotics-part-1
843d3ebda2fdcfc3,zbiotics.com,yc,ecommerce_retail,What is Acetaldehyde?,1088,20211208084649,https://zbiotics.com/blogs/journal/what-is-acetaldehyde-and-why-does-it-matter,https://web.archive.org/web/20211208084649/https://zbiotics.com/blogs/journal/what-is-acetaldehyde-and-why-does-it-matter
98e473914d94b135,zbiotics.com,yc,ecommerce_retail,Does alcohol really cause dehydration?,1760,20200927152930,https://zbiotics.com/blogs/journal/alcohol-and-dehydration,https://web.archive.org/web/20200927152930/https://zbiotics.com/blogs/journal/alcohol-and-dehydration
a20d05e61409b353,zbiotics.com,yc,ecommerce_retail,7 Tips to Feel Better After Drinking Alcohol,974,20211101182053,https://zbiotics.com/blogs/journal/7-tips-to-feel-better-after-drinking-alcohol,https://web.archive.org/web/20211101182053/https://zbiotics.com/blogs/journal/7-tips-to-feel-better-after-drinking-alcohol
a92101421fcff464,zbiotics.com,yc,ecommerce_retail,Why Does Alcohol Make You Hungry? Alcohol and Food Cravings,1437,20220907202654,https://zbiotics.com/blogs/journal/alcohol-and-food-cravings,https://web.archive.org/web/20220907202654/https://zbiotics.com/blogs/journal/alcohol-and-food-cravings
d98c19be5ce500bc,zbiotics.com,yc,ecommerce_retail,Product Safety,2090,20190824083854,https://zbiotics.com/blogs/journal/product-safety,https://web.archive.org/web/20190824083854/https://zbiotics.com/blogs/journal/product-safety
f95d78bd3e5321e3,zbiotics.com,yc,ecommerce_retail,Top 3 Drinking Trends for 2020,1852,20200812055846,https://zbiotics.com/blogs/journal/3-cultural-shifts-that-will-change-how-we-drink-in-2020,https://web.archive.org/web/20200812055846/https://zbiotics.com/blogs/journal/3-cultural-shifts-that-will-change-how-we-drink-in-2020
fee8b36067c4c9cb,zbiotics.com,yc,ecommerce_retail,How Alcohol Affects Your Sleep | Alcohol’s Effects on Sleep Quality,1344,20220912211854,https://zbiotics.com/blogs/journal/alcohols-effect-on-sleep,https://web.archive.org/web/20220912211854/https://zbiotics.com/blogs/journal/alcohols-effect-on-sleep
0620d42a1d8412ed,zentail.com,yc,ecommerce_retail,3 Ways to Finance the Growth of Your Amazon Business | Zentail Blog,1202,20201020084927,https://www.zentail.com/blog/how-to-finance-amazon-business,https://web.archive.org/web/20201020084927/https://www.zentail.com/blog/how-to-finance-amazon-business
0f5bdcc8b104826f,zentail.com,yc,ecommerce_retail,Top 5 Multichannel Ecommerce Software: Reviews & Ratings | Zentail Blog,1647,20210727155034,https://www.zentail.com/blog/multichannel-ecommerce-software-comparison,https://web.archive.org/web/20210727155034/https://www.zentail.com/blog/multichannel-ecommerce-software-comparison
14c477d922f11c30,zentail.com,yc,ecommerce_retail,Warren Buffett on Brands vs. Retailer Private Label Brands | Zentail Blog,961,20190716042752,https://www.zentail.com/blog/warren-buffett-on-brands-versus-retailer-private-label-brands,https://web.archive.org/web/20190716042752/https://www.zentail.com/blog/warren-buffett-on-brands-versus-retailer-private-label-brands
77878b984041c072,zentail.com,yc,ecommerce_retail,Which Ecommerce Strategy is Winning During the Coronavirus? | Zentail Blog,979,20200401224758,https://www.zentail.com/blog/which-ecommerce-strategy-is-winning-during-coronavirus,https://web.archive.org/web/20200401224758/https://www.zentail.com/blog/which-ecommerce-strategy-is-winning-during-coronavirus
84503fefefed4b74,zentail.com,yc,ecommerce_retail,Amazon Explains How It Defines Price Gouging | Zentail Blog,714,20200703025513,https://www.zentail.com/blog/amazon-explains-how-it-defines-price-gouging,https://web.archive.org/web/20200703025513/https://www.zentail.com/blog/amazon-explains-how-it-defines-price-gouging
85e9dfacd54d22c2,zentail.com,yc,ecommerce_retail,How to Improve Order Defect Rate (ODR) on Amazon & Walmart | Zentail Blog,1956,20211207154821,https://www.zentail.com/blog/amazon-walmart-order-defect-rate,https://web.archive.org/web/20211207154821/https://www.zentail.com/blog/amazon-walmart-order-defect-rate
97d107fb68c9edb4,zentail.com,yc,ecommerce_retail,Marketplace vs. Webstore: Can Selling on Amazon Boost My Website? | Zentail Blog,846,20200624211010,https://www.zentail.com/blog/can-selling-on-ecommerce-marketplaces-improve-webstore-sales,https://web.archive.org/web/20200624211010/https://www.zentail.com/blog/can-selling-on-ecommerce-marketplaces-improve-webstore-sales
b3d91555a76d1ca6,zentail.com,yc,ecommerce_retail,7 Essentials for Building a Successful Amazon Brand | Zentail Blog,1213,20220809053253,https://www.zentail.com/blog/building-a-successful-amazon-brand,https://web.archive.org/web/20220809053253/https://www.zentail.com/blog/building-a-successful-amazon-brand
b6169071912ad4c2,zentail.com,yc,ecommerce_retail,Marketplaces Relief Programs and Policy Changes During COVID-19 | Zentail Blog,869,20200401224954,https://www.zentail.com/blog/ecommerce-marketplaces-relief-programs-policy-changes-during-coronavirus-outbreak,https://web.archive.org/web/20200401224954/https://www.zentail.com/blog/ecommerce-marketplaces-relief-programs-policy-changes-during-coronavirus-outbreak
e060747ea109aa4c,zentail.com,yc,ecommerce_retail,What is Amazon Enhanced Brand Content? Examples & FAQs | Zentail Blog,714,20190716042349,https://www.zentail.com/blog/what-is-amazon-enhanced-brand-content,https://web.archive.org/web/20190716042349/https://www.zentail.com/blog/what-is-amazon-enhanced-brand-content
fd132e95bdd07150,zentail.com,yc,ecommerce_retail,Why Every Online Seller Should Use Intelligent Product Research Tools | Zentail Blog,830,20190818044858,https://www.zentail.com/blog/5-reasons-ebay-amazon-product-research-tool-algopix,https://web.archive.org/web/20190818044858/https://www.zentail.com/blog/5-reasons-ebay-amazon-product-research-tool-algopix
0095ed4fca7c68a6,zeorouteplanner.com,yc,software_saas,Importance of On-Time Delivery | Zeo Route Planner,1048,20220702105941,https://zeorouteplanner.com/blog/reasons-why-on-time-delivery-is-important-for-your-business/,https://web.archive.org/web/20220702105941/https://zeorouteplanner.com/blog/reasons-why-on-time-delivery-is-important-for-your-business/
385734c91ea48160,zeorouteplanner.com,yc,software_saas,How can routing software help you match with the e-commerce boom in 2021,1601,20210223215426,https://zeorouteplanner.com/blog/how-can-routing-software-help-you-match-with-the-e-commerce-boom-in-2021/,https://web.archive.org/web/20210223215426/https://zeorouteplanner.com/blog/how-can-routing-software-help-you-match-with-the-e-commerce-boom-in-2021/
5766668e90d127ef,zeorouteplanner.com,yc,software_saas,Zeo Route Planner vs. Circuit: Which is better in 2021,1213,20220702114952,https://zeorouteplanner.com/blog/circuit-vs-zeo-route-planner-which-is-a-better-route-planner-software/,https://web.archive.org/web/20220702114952/https://zeorouteplanner.com/blog/circuit-vs-zeo-route-planner-which-is-a-better-route-planner-software/
58a188e0d1bf73bf,zeorouteplanner.com,yc,software_saas,What is the customer’s expectation from last-mile delivery in 2021 | Zeo Route Planner,1311,20210603141436,https://zeorouteplanner.com/blog/what-is-the-customers-expectation-from-last-mile-delivery-in-2021/,https://web.archive.org/web/20210603141436/https://zeorouteplanner.com/blog/what-is-the-customers-expectation-from-last-mile-delivery-in-2021/
7947fb4902ffb09a,zeorouteplanner.com,yc,software_saas,How to plan a route for multiple destinations in Google Maps,1263,20210205132159,https://zeorouteplanner.com/blog/how-to-plan-a-route-for-multiple-destinations-in-google-maps/,https://web.archive.org/web/20210205132159/https://zeorouteplanner.com/blog/how-to-plan-a-route-for-multiple-destinations-in-google-maps/
b4e9845070c7a5e6,zeorouteplanner.com,yc,software_saas,Comparing 3 best route planning software | Zeo Route Planner,2149,20220702121206,https://zeorouteplanner.com/blog/the-best-route-planning-software-comparing-3-different-route-planners/,https://web.archive.org/web/20220702121206/https://zeorouteplanner.com/blog/the-best-route-planning-software-comparing-3-different-route-planners/
d002dfe59efb2cd5,zeorouteplanner.com,yc,software_saas,How to reduce last mile delivery costs,1237,20210129134209,https://zeorouteplanner.com/blog/how-to-reduce-last-mile-delivery-costs/,https://web.archive.org/web/20210129134209/https://zeorouteplanner.com/blog/how-to-reduce-last-mile-delivery-costs/
d1b67350060dfe3f,zeorouteplanner.com,yc,software_saas,Pros of using delivery management app | Zeo Route Planner,1120,20210924233223,https://zeorouteplanner.com/blog/how-to-use-a-delivery-management-app-to-help-drivers/,https://web.archive.org/web/20210924233223/https://zeorouteplanner.com/blog/how-to-use-a-delivery-management-app-to-help-drivers/
d873166aaa280b8f,zeorouteplanner.com,yc,software_saas,Choosing best Proof of Delivery app | Zeo Route Planner,1500,20220702102905,https://zeorouteplanner.com/blog/how-to-choose-the-best-proof-of-delivery-app-for-your-delivery-business/,https://web.archive.org/web/20220702102905/https://zeorouteplanner.com/blog/how-to-choose-the-best-proof-of-delivery-app-for-your-delivery-business/
08c295b30541b914,zerocater.com,yc,software_saas,Creative and Fun Holiday Office Party Ideas,859,20211209002502,https://zerocater.com/blog/2017/12/04/creative-fun-holiday-office-party-ideas/,https://web.archive.org/web/20211209002502/https://zerocater.com/blog/2017/12/04/creative-fun-holiday-office-party-ideas/
779648ab78070ce3,zerocater.com,yc,software_saas,Toasting at The Office: A Guide to Responsible Drinks in the Workplace,1054,20190721193814,https://zerocater.com/blog/2018/10/22/toasting-at-the-office-guide-to-responsible-drinks-in-the-workplace/,https://web.archive.org/web/20190721193814/https://zerocater.com/blog/2018/10/22/toasting-at-the-office-guide-to-responsible-drinks-in-the-workplace/
8b94bf4201c89392,zerocater.com,yc,software_saas,How to Enhance Sandwich Offerings at the Office | ZeroCater,1119,20190918200950,https://zerocater.com/blog/2019/09/09/how-to-enhance-sandwich-offerings-at-the-office/,https://web.archive.org/web/20190918200950/https://zerocater.com/blog/2019/09/09/how-to-enhance-sandwich-offerings-at-the-office/
ac1219aba01c4a9a,zerocater.com,yc,software_saas,What Is Mindful Eating? | ZeroCater,739,20190822050855,https://zerocater.com/blog/2018/02/19/what-is-mindful-eating/,https://web.archive.org/web/20190822050855/https://zerocater.com/blog/2018/02/19/what-is-mindful-eating/
da6ecf368a859fa1,zerocater.com,yc,software_saas,Key Elements for the Perfect Cinco De Mayo Party,893,20180427071342,https://zerocater.com/blog/2018/04/18/key-elements-for-perfect-office-cinco-de-mayo-party/,https://web.archive.org/web/20180427071342/https://zerocater.com/blog/2018/04/18/key-elements-for-perfect-office-cinco-de-mayo-party/
daeb7bc0c655dbf3,zerocater.com,yc,software_saas,Appeal to Millennials With These Money-Saving Work Perks,1052,20190918200128,https://zerocater.com/blog/2017/10/23/appeal-to-millennials-with-these-money-saving-work-perks/,https://web.archive.org/web/20190918200128/https://zerocater.com/blog/2017/10/23/appeal-to-millennials-with-these-money-saving-work-perks/
058e67e96fa8f375,zerodown.com,yc,services_other,"6 Elon Musk-Worthy Homes in Austin, Texas",615,20210126021819,https://zerodown.com/blog/6-elon-musk-worthy-homes-in-austin-texas,https://web.archive.org/web/20210126021819/https://zerodown.com/blog/6-elon-musk-worthy-homes-in-austin-texas
1f7cfe1c1a96fc06,zerodown.com,yc,services_other,5 Inspiring Interior Design Accounts to Follow on TikTok,682,20201030124749,https://zerodown.com/blog/interior-design-tiktok,https://web.archive.org/web/20201030124749/https://zerodown.com/blog/interior-design-tiktok
2f5b62a2c574c022,zerodown.com,yc,services_other,The Home Buyer’s Edge - Public Property Data,636,20201023000538,https://zerodown.com/blog/the-home-buyers-edge-public-property-data,https://web.archive.org/web/20201023000538/https://zerodown.com/blog/the-home-buyers-edge-public-property-data
3d6dc0f339a646c0,zerodown.com,yc,services_other,7 Investment Properties for Sale With Huge Airbnb Potential,886,20210613182629,https://blog.zerodown.com/blog/airbnb-investment-properties-for-sale,https://web.archive.org/web/20210613182629/https://blog.zerodown.com/blog/airbnb-investment-properties-for-sale
4442efb007faf48d,zerodown.com,yc,services_other,How the World’s 10 Biggest Real Estate Investors Built Their Fortunes,2025,20220308223030,https://zerodown.com/blog/how-the-worlds-10-biggest-real-estate-investors-built-their-fortunes,https://web.archive.org/web/20220308223030/https://zerodown.com/blog/how-the-worlds-10-biggest-real-estate-investors-built-their-fortunes
51711ef81337cb79,zerodown.com,yc,services_other,Spooktacular Bay Area Homes for Sale - Just in Time for Halloween,738,20210423112844,https://blog.zerodown.com/blog/bay-area-homes-for-sale-for-haunted-home-seekers,https://web.archive.org/web/20210423112844/https://blog.zerodown.com/blog/bay-area-homes-for-sale-for-haunted-home-seekers
593b386d9390b8bf,zerodown.com,yc,services_other,The Top 10 Cheapest States To Buy a House in 2021,1731,20210508164318,https://blog.zerodown.com/blog/top-10-cheapest-states-to-buy-a-house-2021,https://web.archive.org/web/20210508164318/https://blog.zerodown.com/blog/top-10-cheapest-states-to-buy-a-house-2021
5a4fea5e4bc9785f,zerodown.com,yc,services_other,The Top 10 Most Expensive States to Buy a House in 2021,1835,20211128080801,https://blog.zerodown.com/blog/10-most-expensive-states-to-buy-a-house,https://web.archive.org/web/20211128080801/https://blog.zerodown.com/blog/10-most-expensive-states-to-buy-a-house
748fc2e71d785929,zerodown.com,yc,services_other,Minimum Down Payments on Conventional Conforming Loans,1043,20210405181940,https://zerodown.com/blog/minimum-down-payments-conventional-conforming-loans,https://web.archive.org/web/20210405181940/https://zerodown.com/blog/minimum-down-payments-conventional-conforming-loans
7d7408ea7c759d77,zerodown.com,yc,services_other,The Evolution of San Francisco: What Will Normal Look Like for City-Lovers Post-Pandemic,626,20210920054505,https://blog.zerodown.com/blog/the-evolution-of-san-francisco-what-will-normal-look-like-for-city-lovers-post-pandemic,https://web.archive.org/web/20210920054505/https://blog.zerodown.com/blog/the-evolution-of-san-francisco-what-will-normal-look-like-for-city-lovers-post-pandemic
836d301ec22cd71e,zerodown.com,yc,services_other,The Impact of the Covid-19 Pandemic on Bay Area Real Estate,2290,20210107032842,https://zerodown.com/blog/impact-of-the-covid-19-pandemic-on-bay-area-real-estate,https://web.archive.org/web/20210107032842/https://zerodown.com/blog/impact-of-the-covid-19-pandemic-on-bay-area-real-estate
9640573570569c6e,zerodown.com,yc,services_other,4 Steps To Take To Rebuild Your Credit For a Home After Bankruptcy,1718,20211128091035,https://blog.zerodown.com/blog/steps-to-take-to-rebuild-your-credit-for-a-home-after-bankruptcy,https://web.archive.org/web/20211128091035/https://blog.zerodown.com/blog/steps-to-take-to-rebuild-your-credit-for-a-home-after-bankruptcy
9a3e99d9cfb03d7a,zerodown.com,yc,services_other,What Is an Estate?,709,20210613180909,https://blog.zerodown.com/blog/what-is-an-estate,https://web.archive.org/web/20210613180909/https://blog.zerodown.com/blog/what-is-an-estate
9af6d89ad95d6bad,zerodown.com,yc,services_other,Credit Scores: How They Can Affect Your Mortgage Rate,1153,20210414054955,https://zerodown.com/blog/mortgage-rates-affect-credit-score,https://web.archive.org/web/20210414054955/https://zerodown.com/blog/mortgage-rates-affect-credit-score
a0270521e0fd291e,zerodown.com,yc,services_other,Concerned That Your Home Is 'Unsellable'? Here's What To Do...,2263,20210423112803,https://blog.zerodown.com/blog/unsellable-home-advice,https://web.archive.org/web/20210423112803/https://blog.zerodown.com/blog/unsellable-home-advice
ab5cc8dcdd63ba43,zerodown.com,yc,services_other,2020 Review: Looking Back on Bay Area Real Estate Trends,627,20210101000130,https://zerodown.com/blog/2020-review-bay-area-real-estate-trends,https://web.archive.org/web/20210101000130/https://zerodown.com/blog/2020-review-bay-area-real-estate-trends
ea09174a31a47586,zerodown.com,yc,services_other,"5 Unique Homes for Sale in San Mateo, CA Right Now",952,20210423111020,https://blog.zerodown.com/blog/homes-for-sale-in-san-mateo,https://web.archive.org/web/20210423111020/https://blog.zerodown.com/blog/homes-for-sale-in-san-mateo
fef89d211886cebe,zerodown.com,yc,services_other,Now on the Market: 3 New Bay Area Listings This Week,731,20210423102640,https://blog.zerodown.com/blog/now-on-the-market-3-new-bay-area-listings-this-week,https://web.archive.org/web/20210423102640/https://blog.zerodown.com/blog/now-on-the-market-3-new-bay-area-listings-this-week
0a8c7a72c2a5d7e6,zeusliving.com,yc,services_other,Our 2022 Guide to Leaf Peeping: Zeus City Roundup,653,20220916182540,https://zeusliving.com/blog/our-2022-guide-to-leaf-peeping-zeus-city-roundup,https://web.archive.org/web/20220916182540/https://zeusliving.com/blog/our-2022-guide-to-leaf-peeping-zeus-city-roundup
0ad7364b70a4b5df,zeusliving.com,yc,services_other,5 Ways to Make Your Short-Term Stay Environmentally Friendly,817,20220207200644,https://zeusliving.com/blog/5-ways-to-make-your-short-term-stay-environmentally-friendly,https://web.archive.org/web/20220207200644/https://zeusliving.com/blog/5-ways-to-make-your-short-term-stay-environmentally-friendly
1a8c612c23556125,zeusliving.com,yc,services_other,What is a Long Term Rental? | Zeus | Zeus Living,1536,20210514112321,https://zeusliving.com/blog/what-is-a-long-term-rental,https://web.archive.org/web/20210514112321/https://zeusliving.com/blog/what-is-a-long-term-rental
21a4a3fa8e1706e7,zeusliving.com,yc,services_other,Best Places to Live to Avoid Allergies | Zeus Living | Zeus Living,1553,20210514100605,https://zeusliving.com/blog/best-places-to-live-to-avoid-allergies,https://web.archive.org/web/20210514100605/https://zeusliving.com/blog/best-places-to-live-to-avoid-allergies
26d0b4919d68c80e,zeusliving.com,yc,services_other,How To Get an Apartment Out of State Without a Job | Zeus | Zeus Living,1583,20210226224830,https://zeusliving.com/blog/how-to-get-an-apartment-out-of-state-without-a-job,https://web.archive.org/web/20210226224830/https://zeusliving.com/blog/how-to-get-an-apartment-out-of-state-without-a-job
3aa0f81504b910ac,zeusliving.com,yc,services_other,What Is Corporate Housing? | Zeus Living | Zeus Living,1465,20210418172123,https://zeusliving.com/blog/what-is-corporate-housing,https://web.archive.org/web/20210418172123/https://zeusliving.com/blog/what-is-corporate-housing
444d9c20c489ceff,zeusliving.com,yc,services_other,"Top Restaurants in Austin, Texas | Zeus | Zeus Living",1460,20210514102952,https://zeusliving.com/blog/a-foodie-s-guide-to-austin-texas-where-to-eat-drink,https://web.archive.org/web/20210514102952/https://zeusliving.com/blog/a-foodie-s-guide-to-austin-texas-where-to-eat-drink
471714fbc3dd0d74,zeusliving.com,yc,services_other,Ultimate Guide to Temporary Housing During Construction | Zeus Living | Zeus Living,1695,20210514091806,https://zeusliving.com/blog/ultimate-guide-to-temporary-housing-during-construction,https://web.archive.org/web/20210514091806/https://zeusliving.com/blog/ultimate-guide-to-temporary-housing-during-construction
4993082d7b305fb0,zeusliving.com,yc,services_other,Meet Zeus in Utah,892,20220717201720,https://zeusliving.com/blog/meet-zeus-in-utah,https://web.archive.org/web/20220717201720/https://zeusliving.com/blog/meet-zeus-in-utah
54083ccabf0a47bf,zeusliving.com,yc,services_other,"5 Ways to be a Traveler, Not a Tourist | Zeus | Zeus Living",1087,20210716172950,https://zeusliving.com/blog/5-ways-to-be-a-traveler-not-a-tourist,https://web.archive.org/web/20210716172950/https://zeusliving.com/blog/5-ways-to-be-a-traveler-not-a-tourist
58c212ff47891b77,zeusliving.com,yc,services_other,7 Vacation Rental Tips for Owners | Zeus Living | Zeus Living,1638,20210514095047,https://zeusliving.com/blog/7-vacation-rental-tips-for-owners,https://web.archive.org/web/20210514095047/https://zeusliving.com/blog/7-vacation-rental-tips-for-owners
5e03b6fb36c32621,zeusliving.com,yc,services_other,10 Tips for Parents Who Travel for Work | Zeus Living | Zeus Living,1480,20210514092603,https://zeusliving.com/blog/10-tips-for-parents-who-travel-for-work,https://web.archive.org/web/20210514092603/https://zeusliving.com/blog/10-tips-for-parents-who-travel-for-work
648448e420b100f5,zeusliving.com,yc,services_other,17 Best Day Trips from Boston to Unwind | Zeus | Zeus Living,1622,20200916063436,https://zeusliving.com/blog/17-best-day-trips-from-boston-to-unwind,https://web.archive.org/web/20200916063436/https://zeusliving.com/blog/17-best-day-trips-from-boston-to-unwind
675fa74e4744e16e,zeusliving.com,yc,services_other,16 Jobs that Allow You to Travel | Zeus | Zeus Living,1477,20210514112903,https://zeusliving.com/blog/16-jobs-that-allow-you-to-travel,https://web.archive.org/web/20210514112903/https://zeusliving.com/blog/16-jobs-that-allow-you-to-travel
8397a3eb08cde44f,zeusliving.com,yc,services_other,What is the Best Time of the Year to Visit Seattle? | Zeus | Zeus Living,1556,20210514113200,https://zeusliving.com/blog/what-is-the-best-time-of-the-year-to-visit-seattle,https://web.archive.org/web/20210514113200/https://zeusliving.com/blog/what-is-the-best-time-of-the-year-to-visit-seattle
8b722e1c0356523c,zeusliving.com,yc,services_other,A Guide on Where to Park in New York City | Zeus Living | Zeus Living,1453,20210514100704,https://zeusliving.com/blog/a-guide-on-where-to-park-in-new-york-city,https://web.archive.org/web/20210514100704/https://zeusliving.com/blog/a-guide-on-where-to-park-in-new-york-city
a1d5013e8e093b79,zeusliving.com,yc,services_other,9 Fun Things to Do in San Diego | Zeus | Zeus Living,1421,20210514102509,https://zeusliving.com/blog/9-fun-things-to-do-in-san-diego,https://web.archive.org/web/20210514102509/https://zeusliving.com/blog/9-fun-things-to-do-in-san-diego
b59708d673dd6762,zeusliving.com,yc,services_other,How to Make the Right Choice in a Zeus Home,834,20220404190542,https://zeusliving.com/blog/how-to-make-the-right-choice-in-a-zeus-home,https://web.archive.org/web/20220404190542/https://zeusliving.com/blog/how-to-make-the-right-choice-in-a-zeus-home
babf3132e82fdcba,zeusliving.com,yc,services_other,What is a Turnkey Rental Property? | Zeus | Zeus Living,1436,20210514102632,https://zeusliving.com/blog/what-is-a-turnkey-rental-property,https://web.archive.org/web/20210514102632/https://zeusliving.com/blog/what-is-a-turnkey-rental-property
c36cb35acded4d31,zeusliving.com,yc,services_other,Holiday Guide and Trends to Watch,1614,20220930180017,https://zeusliving.com/blog/holiday-guide-and-trends-to-watch,https://web.archive.org/web/20220930180017/https://zeusliving.com/blog/holiday-guide-and-trends-to-watch
dc97acae3ea24711,zeusliving.com,yc,services_other,Checklist For Moving Into a New House | Zeus | Zeus Living,1495,20210514105540,https://zeusliving.com/blog/checklist-for-moving-into-a-new-house,https://web.archive.org/web/20210514105540/https://zeusliving.com/blog/checklist-for-moving-into-a-new-house
e6cd88e835db396b,zeusliving.com,yc,services_other,14 Questions to Ask About a Rental Property | Zeus | Zeus Living,1466,20210514104807,https://zeusliving.com/blog/14-questions-to-ask-about-a-rental-property,https://web.archive.org/web/20210514104807/https://zeusliving.com/blog/14-questions-to-ask-about-a-rental-property
ecf655ead108b626,zeusliving.com,yc,services_other,Best Restaurants in Miami | Zeus | Zeus Living,1350,20210514092336,https://zeusliving.com/blog/best-restaurants-in-miami,https://web.archive.org/web/20210514092336/https://zeusliving.com/blog/best-restaurants-in-miami
