domain,vertical,region,company,batch,stratum,n_article_urls,best_path,qualified,error,crawls
firstignite.com,software_saas,us,FirstIgnite,yc_directory,yc_directory,0,,False,,
ramsey-walker.com,services_other,us,Ramsey & Walker,inc.com_api_i5list,inc.com_api_i5list,0,,False,,
modloft.com,ecommerce_retail,us,International Product Marketing,inc.com_api_i5list,inc.com_api_i5list,52,blog/,True,,
solalt.com,services_other,us,Solar Alternatives,inc.com_api_i5list,inc.com_api_i5list,14,blog/,False,,
kpghealthcare.com,health,us,KPG Healthcare,inc.com_api_i5list,inc.com_api_i5list,0,,False,,
compatihc.com,health,us,Compati Home Health Care,inc.com_api_i5list,inc.com_api_i5list,0,,False,,
totalexpert.com,fintech_insurance,us,Total Expert,inc.com_api_i5list,inc.com_api_i5list,76,blog/,True,,
skynethealthcare.com,health,us,Skynet Healthcare Technologies,inc.com_api_i5list,inc.com_api_i5list,0,,False,,
changestaffing.com,services_other,us,ChangeStaffing,inc.com_api_i5list,inc.com_api_i5list,0,,False,,
webgeoservices.com,devtools,eu,Web Geo Services,ft1000_wayback:20220301043147,ft1000_wayback:20220301043147,1,blog.,False,,
andrapartners.com,services_other,us,Andra Partners,inc.com_api_i5list,inc.com_api_i5list,0,,False,,
truelinkfinancial.com,fintech_insurance,us,True Link Financial,inc.com_api_i5list,inc.com_api_i5list,68,blog/,True,,
launchdarkly.com,devtools,us,LaunchDarkly,g2.com_wayback,g2.com_wayback,130,blog/,True,,
outdoorlights.com,services_other,us,Outdoor Lighting Perspectives,inc.com_api_i5list,inc.com_api_i5list,39,blog/,True,,
fusiontek.com,services_other,us,FusionTek,inc.com_api_i5list,inc.com_api_i5list,0,,False,,
asigma.fr,fintech_insurance,eu,Asigma,ft1000_wayback:20210331132419,ft1000_wayback:20210331132419,0,,False,,
idera.com,devtools,us,FusionCharts,g2.com_wayback,g2.com_wayback,163,blog.,True,,
hypnos.ai,services_other,us,Hypnos,yc_directory,yc_directory,0,,False,,
aibme.com,fintech_insurance,us,Atlas Insurance Brokers,inc.com_api_i5list,inc.com_api_i5list,0,,False,,
futuralabs.io,health,us,FUTURA,yc_directory,yc_directory,0,,False,,
loanpro.io,fintech_insurance,us,LoanPro Software,inc.com_api_i5list,inc.com_api_i5list,46,blog/,True,,
refinetrain.ai,software_saas,us,RefineTrain AI,yc_directory,yc_directory,0,,False,,
decisionlink.com,software_saas,us,DecisionLink Corporation,inc.com_api_i5list,inc.com_api_i5list,159,blog/,True,,
fathomdb.com,devtools,us,FathomDB,yc_directory,yc_directory,0,,False,,
br.coffee,ecommerce_retail,us,Black Rock Coffee Bar,inc.com_api_i5list,inc.com_api_i5list,15,blog/,False,,
threadwallets.com,ecommerce_retail,us,Thread Wallets,inc.com_api_i5list,inc.com_api_i5list,189,blog/,True,,
jetpackaviation.com,services_other,us,JetPack Aviation,yc_directory,yc_directory,0,,False,,
bsicorporate.com,fintech_insurance,us,BSI Corporate Benefits,inc.com_api_i5list,inc.com_api_i5list,0,,False,,
beladentistry.com,health,us,Bela Family Dentistry,inc.com_api_i5list,inc.com_api_i5list,1,blog/,False,,
ltse.com,fintech_insurance,us,Long Term Stock Exchange,yc_directory,yc_directory,63,blog/,True,,
voiceops.com,software_saas,us,Voiceops,yc_directory,yc_directory,19,blog/,False,,
highkey.com,ecommerce_retail,us,HighKey,inc.com_api_i5list,inc.com_api_i5list,338,blog/,True,,
oasisspacesla.com,services_other,us,Oasis Spaces,inc.com_api_i5list,inc.com_api_i5list,0,,False,,
epm1.net,services_other,us,Environmental Pest Management,inc.com_api_i5list,inc.com_api_i5list,0,,False,,
observe.ai,software_saas,us,Observe.AI,yc_directory,yc_directory,105,blog/,True,,
evidence.care,health,us,EvidenceCare,inc.com_api_i5list,inc.com_api_i5list,0,,False,,
demandjump.com,software_saas,us,DemandJump,inc.com_api_i5list,inc.com_api_i5list,123,blog/,True,,
liquidaudio.us,ecommerce_retail,us,Liquid Audio Inc,inc.com_api_i5list,inc.com_api_i5list,0,,False,,
harvestonegroup.com,services_other,us,Harvestone Group,inc.com_api_i5list,inc.com_api_i5list,0,,False,,
infolob.com,services_other,us,INFOLOB SOLUTIONS,inc.com_api_i5list,inc.com_api_i5list,0,,False,,
ecommercefulfilment.com,services_other,uk,James and James Fulfilment,ft1000_wayback:20220301043147,ft1000_wayback:20220301043147,0,,False,,
mobomo.com,services_other,us,Mobomo,inc.com_api_i5list,inc.com_api_i5list,16,blog/,False,,
deutsches-pm.de,services_other,eu,DPM - Deutsches Personal Management,ft1000_wayback:20220301043147,ft1000_wayback:20220301043147,0,,False,,
ediblearrangements.com,ecommerce_retail,us,Edible Arrangements,inc.com_api_i5list,inc.com_api_i5list,296,blog/,True,,
givemetap.com,ecommerce_retail,eu,GiveMeTap,yc_directory,yc_directory,382,blog/,True,,
alluremedical.com,health,us,Allure Medical,inc.com_api_i5list,inc.com_api_i5list,80,blog/,True,,
nam-tech.com,software_saas,us,Nam Technologies,inc.com_api_i5list,inc.com_api_i5list,0,,False,,
camlist.com,ecommerce_retail,eu,Camlist,yc_directory,yc_directory,0,,False,,
sightplan.com,software_saas,us,SightPlan,inc.com_api_i5list,inc.com_api_i5list,49,blog/,True,,
epicbrokers.com,fintech_insurance,us,Edgewood Partners Insurance Center,inc.com_api_i5list,inc.com_api_i5list,0,,False,,
smslodging.com,services_other,us,SMS Lodging,inc.com_api_i5list,inc.com_api_i5list,0,,False,,
aiinsurance.io,fintech_insurance,us,AI Insurance,yc_directory,yc_directory,0,,False,,
cancerexpertnow.com,health,us,Cancer Expert Now,inc.com_api_i5list,inc.com_api_i5list,0,,False,,
idemeum.com,software_saas,us,idemeum,yc_directory,yc_directory,17,blog.,False,,
edubroker.pl,edtech,eu,Edubroker,ft1000_wayback:20230425220624,ft1000_wayback:20230425220624,0,,False,,
xtremelte.com,services_other,us,Xtreme LTE,inc.com_api_i5list,inc.com_api_i5list,0,,False,,
sorted.com,software_saas,uk,Sorted Group,ft1000_wayback:20210331132419,ft1000_wayback:20210331132419,154,blog/,True,,
cinchit.com,services_other,us,"Cinch I.T. of Newton, Woburn, Framingham",inc.com_api_i5list,inc.com_api_i5list,0,,False,,
180degreesinc.com,services_other,us,180 Degrees Design + Build,inc.com_api_i5list,inc.com_api_i5list,0,,False,,
americor.com,fintech_insurance,us,Americor Funding,inc.com_api_i5list,inc.com_api_i5list,0,,False,,
franchise.teriyakimadness.com,ecommerce_retail,us,Teriyaki Madness,inc.com_api_i5list,inc.com_api_i5list,0,,False,,
intel.com,devtools,us,Intel VTune Amplifier,g2.com_wayback,g2.com_wayback,0,,False,,
roomstorm.com,ecommerce_retail,us,Roomstorm,yc_directory,yc_directory,0,,False,,
avanticorporation.com,services_other,us,Avanti Corporation,inc.com_api_i5list,inc.com_api_i5list,15,blog/,False,,
smbhd.com,services_other,us,The SMB Help Desk,inc.com_api_i5list,inc.com_api_i5list,0,,False,,
primelightworks.com,services_other,us,Prime Lightworks,yc_directory,yc_directory,0,,False,,
oceansidehawaii.com,services_other,us,Dignity Senior Living,inc.com_api_i5list,inc.com_api_i5list,0,,False,,
buzzclan.com,services_other,us,BuzzClan,inc.com_api_i5list,inc.com_api_i5list,0,,False,,
personalhaus-gruppe.de,services_other,eu,Personalhaus Bielefeld,ft1000_wayback:20210331132419,ft1000_wayback:20210331132419,0,,False,,
medcerts.com,edtech,us,MedCerts,inc.com_api_i5list,inc.com_api_i5list,332,blog/,True,,
emailio.com,software_saas,us,Emailio,yc_directory,yc_directory,0,,False,,
tdtgroup.net,services_other,us,The Deal Team,inc.com_api_i5list,inc.com_api_i5list,3,blog/,False,,
thegreylegalgroup.com,services_other,us,The Grey Legal Group,inc.com_api_i5list,inc.com_api_i5list,0,,False,,
tastefulselections.com,ecommerce_retail,us,Tasteful Selections,inc.com_api_i5list,inc.com_api_i5list,0,,False,,
housewarming.me,software_saas,us,Housewarming,yc_directory,yc_directory,0,,False,,
verifone.com,fintech_insurance,us,2Checkout (now Verifone),g2.com_wayback,g2.com_wayback,200,blog.,True,,
cavacompanies.com,services_other,us,Cava Companies,inc.com_api_i5list,inc.com_api_i5list,0,,False,,
fivestarfranchising.com,services_other,us,Five Star Franchising,inc.com_api_i5list,inc.com_api_i5list,0,,False,,
sendowl.com,software_saas,,SendOwl,g2.com_wayback,g2.com_wayback,194,blog/,True,,
doublewoodsupplements.com,health,us,Double Wood,inc.com_api_i5list,inc.com_api_i5list,50,blog/,True,,
fisherstech.com,services_other,us,Fisher's Document Systems,inc.com_api_i5list,inc.com_api_i5list,0,,False,,
ensoanalytics.com,devtools,eu,Enso,yc_directory,yc_directory,0,,False,,
shieldbio.com,health,us,Shield Bio,yc_directory,yc_directory,0,,False,,
archform.com,health,us,ArchForm,yc_directory,yc_directory,0,,False,,
maxxdtrailers.com,ecommerce_retail,us,Maxey Trailers Mfg.,inc.com_api_i5list,inc.com_api_i5list,0,,False,,
tallgrassfreight.com,services_other,us,Tallgrass Freight Company,inc.com_api_i5list,inc.com_api_i5list,0,,False,,
mothandflamevr.com,edtech,us,Moth + Flame,inc.com_api_i5list,inc.com_api_i5list,3,blog/,False,,
fairmat.com,services_other,eu,Fairmat,ft1000_wayback:20210331132419,ft1000_wayback:20210331132419,0,,False,,
credpal.com,fintech_insurance,us,CredPal,yc_directory,yc_directory,49,blog.,True,,
webitservices.com,services_other,us,WebIT Services,inc.com_api_i5list,inc.com_api_i5list,105,blog/,True,,
cohencpa.com,services_other,us,Cohen & Company,inc.com_api_i5list,inc.com_api_i5list,15,blog/,False,,
acgnc.net,services_other,us,Allegiance Contracting Group,inc.com_api_i5list,inc.com_api_i5list,0,,False,,
nexhealth.com,health,us,NexHealth,g2.com_wayback,g2.com_wayback,179,blog.,True,,
capstonetitletx.com,services_other,us,Capstone Title,inc.com_api_i5list,inc.com_api_i5list,25,blog/,True,,
naava.io,ecommerce_retail,eu,Naava Group,ft1000_wayback:20230425220624,ft1000_wayback:20230425220624,0,,False,,
elliementalhealth.com,health,us,Ellie Mental Health,inc.com_api_i5list,inc.com_api_i5list,0,,False,,
tella.com,software_saas,eu,Tella,yc_directory,yc_directory,0,,False,,
premiercoil.com,services_other,us,Premier Coil Solutions,inc.com_api_i5list,inc.com_api_i5list,8,blog/,False,,
humi.ca,software_saas,us,Humi,yc_directory,yc_directory,138,blog/,True,,
orchard.com,services_other,us,Orchard Homes,inc.com_api_i5list,inc.com_api_i5list,331,blog/,True,,
industryft.com,fintech_insurance,us,Industry FinTech,inc.com_api_i5list,inc.com_api_i5list,0,,False,,
kallesgroup.com,services_other,us,Kalles Group,inc.com_api_i5list,inc.com_api_i5list,0,,False,,
pioneer.bank,fintech_insurance,us,Pioneer Bank,inc.com_api_i5list,inc.com_api_i5list,0,,False,,
revealmobile.com,software_saas,us,Reveal Mobile,inc.com_api_i5list,inc.com_api_i5list,24,blog/,False,,
sievedata.com,devtools,us,Sieve,yc_directory,yc_directory,0,,False,,
spohnranch.com,services_other,us,Spohn Ranch,inc.com_api_i5list,inc.com_api_i5list,1,blog/,False,,
heygotrade.com,fintech_insurance,us,Gotrade,yc_directory,yc_directory,1,blog.,False,,
magnustech.com,software_saas,us,Magnus Technologies,inc.com_api_i5list,inc.com_api_i5list,0,,False,,
leebuildingclean.com,services_other,us,Lee Building Maintenance,inc.com_api_i5list,inc.com_api_i5list,0,,False,,
heru.app,fintech_insurance,us,Heru,yc_directory,yc_directory,38,blog/,True,,
sidebysidestuff.com,ecommerce_retail,us,Side By Side Stuff,inc.com_api_i5list,inc.com_api_i5list,154,blog.,True,,
brandbucket.com,ecommerce_retail,us,BrandBucket,inc.com_api_i5list,inc.com_api_i5list,196,blog/,True,,
junipersquare.com,fintech_insurance,us,Juniper Square,inc.com_api_i5list,inc.com_api_i5list,87,blog/,True,,
latchel.com,software_saas,us,Latchel,yc_directory,yc_directory,148,blog/,True,,
curacel.co,fintech_insurance,eu,Curacel,yc_directory,yc_directory,0,,False,,
peachtreerestorations.com,services_other,us,M.W. Johnson Enterprises,inc.com_api_i5list,inc.com_api_i5list,0,,False,,
releasefinans.se,fintech_insurance,eu,Umeå Release Finans,ft1000_wayback:20230425220624,ft1000_wayback:20230425220624,0,,False,,
popfitclothing.com,ecommerce_retail,us,POP Fit Clothing,inc.com_api_i5list,inc.com_api_i5list,0,,False,,
wakie.com,software_saas,us,Wakie,yc_directory,yc_directory,0,,False,,
spigglelaw.com,services_other,us,The Spiggle Law Firm,inc.com_api_i5list,inc.com_api_i5list,32,blog/,True,,
perrymgmt.com,services_other,us,Perry Construction Management,inc.com_api_i5list,inc.com_api_i5list,0,,False,,
book.shuttlecentral.com,services_other,us,Shuttle Central,yc_directory,yc_directory,0,,False,,
thirdera.com,services_other,us,Thirdera,inc.com_api_i5list,inc.com_api_i5list,165,blog/,True,,
bninspects.com,services_other,us,B&N Inspection,inc.com_api_i5list,inc.com_api_i5list,0,,False,,
precise-soft.com,services_other,us,Precise Software Solutions,inc.com_api_i5list,inc.com_api_i5list,0,,False,,
callcenter-salespro.com,services_other,us,Call Center Sales Pro,inc.com_api_i5list,inc.com_api_i5list,272,blog/,True,,
thebuildingarts.com,services_other,us,Picardie Timber Frame,inc.com_api_i5list,inc.com_api_i5list,0,,False,,
pieinsurance.com,fintech_insurance,us,Pie Insurance,inc.com_api_i5list,inc.com_api_i5list,237,blog/,True,,
heycanopy.com,fintech_insurance,us,Canopy (was Encarte),yc_directory,yc_directory,0,,False,,
centurionlandtitle.com,services_other,us,Centurion Land Title,inc.com_api_i5list,inc.com_api_i5list,0,,False,,
activenav.com,software_saas,us,Active Navigation,inc.com_api_i5list,inc.com_api_i5list,0,,False,,
spatialfront.com,services_other,us,Spatial Front,inc.com_api_i5list,inc.com_api_i5list,0,,False,,
bamboohr.com,software_saas,us,BambooHR,g2.com_wayback,g2.com_wayback,149,blog/,True,,
davenportgroup.com,services_other,us,Davenport Group,inc.com_api_i5list,inc.com_api_i5list,0,,False,,
gocourser.com,services_other,us,Courser,inc.com_api_i5list,inc.com_api_i5list,0,,False,,
zoomici.fr,services_other,eu,ZOOMICI,ft1000_wayback:20230425220624,ft1000_wayback:20230425220624,0,,False,,
basemark.com,devtools,eu,Basemark,ft1000_wayback:20230425220624,ft1000_wayback:20230425220624,17,blog/,False,,
cogram.com,software_saas,us,Cogram,yc_directory,yc_directory,0,,False,,
op2labs.com,health,us,OP2 Labs,inc.com_api_i5list,inc.com_api_i5list,0,,False,,
telm.ai,software_saas,us,Telmai,yc_directory,yc_directory,43,blog/,True,,
agmtechsolutions.com,services_other,us,AGM Tech Solutions,inc.com_api_i5list,inc.com_api_i5list,0,,False,,
oakdalegroup.com,fintech_insurance,us,Oakdale Mortgage,inc.com_api_i5list,inc.com_api_i5list,0,,False,,
syronahealth.com,health,eu,Syrona Health,yc_directory,yc_directory,1,blog/,False,,
genesis360llc.com,services_other,us,Genesis 360,inc.com_api_i5list,inc.com_api_i5list,0,,False,,
vuesol.com,services_other,us,Vuesol Technologies,inc.com_api_i5list,inc.com_api_i5list,0,,False,,
hypercontext.com,software_saas,us,Hypercontext,yc_directory,yc_directory,229,blog/,True,,
territoryfoods.com,ecommerce_retail,us,Territory Foods,inc.com_api_i5list,inc.com_api_i5list,188,blog/,True,,
rendermatology.com,health,us,REN Dermatology & Laser Center,inc.com_api_i5list,inc.com_api_i5list,0,,False,,
finpay.com,health,us,FinPay,inc.com_api_i5list,inc.com_api_i5list,52,blog.,True,,
touchnetworks.co.uk,services_other,uk,In Touch Networks,ft1000_wayback:20230425220624,ft1000_wayback:20230425220624,0,,False,,
bluecrewjobs.com,services_other,us,Bluecrew,yc_directory,yc_directory,115,blog/,True,,
anglerco.com,services_other,us,Angler Construction,inc.com_api_i5list,inc.com_api_i5list,0,,False,,
proequityam.com,services_other,us,ProEquity Asset Management Corporation,inc.com_api_i5list,inc.com_api_i5list,0,,False,,
easol.com,software_saas,eu,Easol,yc_directory,yc_directory,2,blog/,False,,
unitedmedicalcredit.com,fintech_insurance,us,United Medical Credit,inc.com_api_i5list,inc.com_api_i5list,0,,False,,
aisle50.com,ecommerce_retail,us,Aisle50,yc_directory,yc_directory,17,blog.,False,,
somatechnology.com,health,us,Soma Tech Intl,inc.com_api_i5list,inc.com_api_i5list,322,blog/,True,,
katequinn.com,ecommerce_retail,us,Kate Quinn,inc.com_api_i5list,inc.com_api_i5list,105,blog/,True,,
insightpestnorthwest.com,services_other,us,Insight Pest Solutions Portland,inc.com_api_i5list,inc.com_api_i5list,97,blog/,True,,
insellerate.com,fintech_insurance,us,Insellerate,inc.com_api_i5list,inc.com_api_i5list,59,blog/,True,,
pivotint.com,services_other,us,Pivot International,inc.com_api_i5list,inc.com_api_i5list,396,blog/,True,,
ure-group.com,services_other,us,United Real Estate Group,inc.com_api_i5list,inc.com_api_i5list,0,,False,,
geniusprogetti.com,services_other,eu,Genius Progetti,ft1000_wayback:20210331132419,ft1000_wayback:20210331132419,34,blog/,True,,
gridware.io,software_saas,us,Gridware,yc_directory,yc_directory,0,,False,,
voosh.ai,software_saas,us,Voosh,yc_directory,yc_directory,0,,False,,
ledgerinvesting.com,fintech_insurance,us,Ledger Investing,yc_directory,yc_directory,0,,False,,
itauthorities.com,services_other,us,IT Authorities,inc.com_api_i5list,inc.com_api_i5list,71,blog/,True,,
americandrapery.com,services_other,us,American Drapery Systems,inc.com_api_i5list,inc.com_api_i5list,0,,False,,
sanvall.com,health,us,Sanvall Enterprises,inc.com_api_i5list,inc.com_api_i5list,0,,False,,
skalis.eu,services_other,eu,skalis portage salarial,ft1000_wayback:20220301043147,ft1000_wayback:20220301043147,0,,False,,
edsby.com,edtech,other,Edsby,g2.com_wayback,g2.com_wayback,0,,False,,
searchspring.com,software_saas,us,Searchspring,inc.com_api_i5list,inc.com_api_i5list,253,blog/,True,,
ivycityco.com,ecommerce_retail,us,Ivy City Co.,inc.com_api_i5list,inc.com_api_i5list,66,blog/,True,,
ipg.biz,ecommerce_retail,us,International Products Group,inc.com_api_i5list,inc.com_api_i5list,0,,False,,
getrhythmm.com,ecommerce_retail,us,Rhythmm,yc_directory,yc_directory,0,,False,,
burgesscivil.com,services_other,us,Burgess Civil,inc.com_api_i5list,inc.com_api_i5list,0,,False,,
bullfrog.net,services_other,us,Bullfrog Group,inc.com_api_i5list,inc.com_api_i5list,4,blog.,False,,
heydoctor.com,health,us,HeyDoctor,yc_directory,yc_directory,0,,False,,
storedtech.com,services_other,us,Stored Technology Solutions,inc.com_api_i5list,inc.com_api_i5list,0,,False,,
casetext.com,software_saas,us,Casetext,yc_directory,yc_directory,133,blog/,True,,
strongcompute.com,software_saas,us,Strong Compute,yc_directory,yc_directory,0,,False,,
tricapres.com,services_other,us,Tricap Residential Group,inc.com_api_i5list,inc.com_api_i5list,0,,False,,
graffiti-shield.com,ecommerce_retail,us,Graffiti Shield,inc.com_api_i5list,inc.com_api_i5list,0,,False,,
lanesevenapparel.com,ecommerce_retail,us,Lane Seven Apparel,inc.com_api_i5list,inc.com_api_i5list,3,blog.,False,,
milliondollarbabyco.com,ecommerce_retail,us,Million Dollar Baby Co.,inc.com_api_i5list,inc.com_api_i5list,6,blog/,False,,
learnplatform.com,edtech,us,LearnPlatform,inc.com_api_i5list,inc.com_api_i5list,198,blog/,True,,
maingear.com,ecommerce_retail,us,MAINGEAR,inc.com_api_i5list,inc.com_api_i5list,7,blog/,False,,
boardroominsiders.com,services_other,us,Boardroom Insiders,inc.com_api_i5list,inc.com_api_i5list,210,blog/,True,,
smilepoint.us,health,us,Smilepoint,inc.com_api_i5list,inc.com_api_i5list,0,,False,,
abalonebio.com,health,us,Abalone Bio,yc_directory,yc_directory,0,,False,,
axisge.com,services_other,us,Axis Global Enterprises,inc.com_api_i5list,inc.com_api_i5list,0,,False,,
bidtheatre.com,software_saas,eu,Bidtheatre,ft1000_wayback:20230425220624,ft1000_wayback:20230425220624,0,,False,,
microtime.com,ecommerce_retail,us,Microtime Computers,inc.com_api_i5list,inc.com_api_i5list,0,,False,,
senior1care.com,health,us,Senior1Care,inc.com_api_i5list,inc.com_api_i5list,65,blog/,True,,
goimpacttechnology.com,services_other,us,IMPACT Technology Recruiting,inc.com_api_i5list,inc.com_api_i5list,0,,False,,
rozalado.com,services_other,us,Rozalado Services,inc.com_api_i5list,inc.com_api_i5list,0,,False,,
pactima.com,software_saas,us,Pactima,yc_directory,yc_directory,0,,False,,
distillery.com,services_other,us,Distillery Tech,inc.com_api_i5list,inc.com_api_i5list,232,blog/,True,,
drinkcoffee.com,services_other,us,Corporate Essentials,inc.com_api_i5list,inc.com_api_i5list,0,,False,,
proformaglobalsourcing.com,ecommerce_retail,us,Proforma Global Sourcing,inc.com_api_i5list,inc.com_api_i5list,2,blog/,False,,
goldstandardtelecom.com,ecommerce_retail,us,Gold Standard Telecom,inc.com_api_i5list,inc.com_api_i5list,0,,False,,
avicado.com,services_other,us,Avicado Construction Technology Services,inc.com_api_i5list,inc.com_api_i5list,0,,False,,
bolt.eu,services_other,eu,Bolt,ft1000_wayback:20220301043147,ft1000_wayback:20220301043147,246,blog.,True,,
hellokip.com,health,us,Kip Health,yc_directory,yc_directory,3,blog.,False,,
nomadnessrentals.com,services_other,us,Nomadness Corporation,inc.com_api_i5list,inc.com_api_i5list,145,blog.,True,,
haydenoutdoors.com,services_other,us,Hayden Outdoors,inc.com_api_i5list,inc.com_api_i5list,43,blog/,True,,
questns.com,services_other,us,Quest National Services,inc.com_api_i5list,inc.com_api_i5list,9,blog/,False,,
powertechteam.com,services_other,us,PowerTech,inc.com_api_i5list,inc.com_api_i5list,0,,False,,
creativealignments.com,services_other,us,Creative Alignments,inc.com_api_i5list,inc.com_api_i5list,36,blog.,True,,
voize.de,health,eu,voize,yc_directory,yc_directory,9,blog/,False,,
greenfly.com,software_saas,us,Greenfly,inc.com_api_i5list,inc.com_api_i5list,140,blog/,True,,
aus.com,services_other,us,Allied Universal,inc.com_api_i5list,inc.com_api_i5list,293,blog/,True,,
watersportscentral.com,ecommerce_retail,us,WaterSports Central,inc.com_api_i5list,inc.com_api_i5list,0,,False,,
emarkanalytics.com,services_other,eu,Emark,ft1000_wayback:20230425220624,ft1000_wayback:20230425220624,116,blog.,True,,
aoadx.com,health,us,AOA Dx,yc_directory,yc_directory,0,,False,,
bevsource.com,services_other,us,BevSource,inc.com_api_i5list,inc.com_api_i5list,0,,False,,
pakible.com,services_other,us,Pakible,yc_directory,yc_directory,8,blog.,False,,
experoinc.com,services_other,us,Expero,inc.com_api_i5list,inc.com_api_i5list,31,blog/,True,,
1sourcebusiness.com,services_other,us,1 Source Business Solutions,inc.com_api_i5list,inc.com_api_i5list,0,,False,,
pinnacleifs.com,fintech_insurance,us,Pinnacle Insurance and Financial Services,inc.com_api_i5list,inc.com_api_i5list,0,,False,,
piedmontpays.com,fintech_insurance,us,PIEDMONT PAYMENT SERVICES,inc.com_api_i5list,inc.com_api_i5list,0,,False,,
sensehq.com,software_saas,us,Sense,inc.com_api_i5list,inc.com_api_i5list,138,blog.,True,,
bromptontech.com,services_other,uk,Brompton Technology,ft1000_wayback:20210331132419,ft1000_wayback:20210331132419,0,,False,,
ablepayhealth.com,health,us,AblePay Health,inc.com_api_i5list,inc.com_api_i5list,0,,False,,
brookstonerestoration.com,services_other,us,Brookstone Restoration,inc.com_api_i5list,inc.com_api_i5list,53,blog/,True,,
perfectserve.com,health,us,Perfectserve,inc.com_api_i5list,inc.com_api_i5list,252,blog/,True,,
cooperativairis.org,services_other,eu,Iris Soc. Cooperativa Sociale,ft1000_wayback:20230425220624,ft1000_wayback:20230425220624,0,,False,,
buypeakperformance.com,health,us,Peak Performance Life,inc.com_api_i5list,inc.com_api_i5list,79,blog/,True,,
hb-friends.com,services_other,eu,Heissen Becker & Friends,ft1000_wayback:20210331132419,ft1000_wayback:20210331132419,0,,False,,
campus.ink,ecommerce_retail,us,Campus Ink,inc.com_api_i5list,inc.com_api_i5list,230,blog/,True,,
cdg.io,services_other,us,Cyber Defense Group (CDG),inc.com_api_i5list,inc.com_api_i5list,0,,False,,
proclaimroof.com,services_other,us,Proclaim Roofing,inc.com_api_i5list,inc.com_api_i5list,0,,False,,
backtotheroots.com,ecommerce_retail,us,Back to the Roots,inc.com_api_i5list,inc.com_api_i5list,54,blog/,True,,
alevastores.com,health,us,American Medical Services,inc.com_api_i5list,inc.com_api_i5list,0,,False,,
psychiatryinstitute.com,services_other,us,Integrative Psychiatry Institute,inc.com_api_i5list,inc.com_api_i5list,0,,False,,
smartchoiceagents.com,fintech_insurance,us,Smart Choice,inc.com_api_i5list,inc.com_api_i5list,2,blog/,False,,
dimiour.io,services_other,us,Dimiour,inc.com_api_i5list,inc.com_api_i5list,0,,False,,
preflight.com,devtools,us,Preflight,yc_directory,yc_directory,52,blog/,True,,
advancedbusinesssolutions.com,services_other,us,Advanced Business Solutions,inc.com_api_i5list,inc.com_api_i5list,101,blog/,True,,
dripos.com,software_saas,us,Dripos,yc_directory,yc_directory,0,,False,,
thread.com,ecommerce_retail,eu,Thread,yc_directory,yc_directory,4,blog.,False,,
swdgroup.com,fintech_insurance,us,Strategic Wealth Designers,inc.com_api_i5list,inc.com_api_i5list,40,blog/,True,,
atlantismortgage.com,fintech_insurance,us,Atlantis Financial Group,inc.com_api_i5list,inc.com_api_i5list,0,,False,,
interimslc.com,health,us,GSDED,inc.com_api_i5list,inc.com_api_i5list,0,,False,,
whitelabgx.com,health,eu,WhiteLab Genomics,yc_directory,yc_directory,0,,False,,
charlesthayne.com,services_other,us,Lucidpress,g2.com_wayback,g2.com_wayback,0,,False,,
siteimprove.com,software_saas,eu,Siteimprove,ft1000_wayback:20230425220624,ft1000_wayback:20230425220624,310,blog/,True,,
onestream.com,software_saas,us,OneStream Software,inc.com_api_i5list,inc.com_api_i5list,0,,False,,
telesis7.com,services_other,us,Telesis7,inc.com_api_i5list,inc.com_api_i5list,0,,False,,
jobvite.com,software_saas,,Jobvite,g2.com_wayback,g2.com_wayback,192,blog/,True,,
skymountpg.com,services_other,us,Skymount,inc.com_api_i5list,inc.com_api_i5list,0,,False,,
skysolutions.com,services_other,us,Sky Solutions,inc.com_api_i5list,inc.com_api_i5list,0,,False,,
projectrepat.com,ecommerce_retail,us,Project Repat,inc.com_api_i5list,inc.com_api_i5list,281,blog/,True,,
yhangry.com,services_other,eu,yhangry,yc_directory,yc_directory,0,,False,,
propertyproslm.com,services_other,us,Property Pros Land Management,inc.com_api_i5list,inc.com_api_i5list,0,,False,,
onesourcevirtual.com,services_other,us,OneSource Virtual,inc.com_api_i5list,inc.com_api_i5list,129,blog/,True,,
wrike.com,software_saas,,Wrike,g2.com_wayback,g2.com_wayback,220,blog/,True,,
liquidweb.com,services_other,us,Liquid Web,inc.com_api_i5list,inc.com_api_i5list,148,blog/,True,,
shaped.ai,devtools,us,Shaped,yc_directory,yc_directory,16,blog/,False,,
shedavi.com,health,us,Shedavi,inc.com_api_i5list,inc.com_api_i5list,142,blog/,True,,
precision.services,services_other,us,Precision Construction Services,inc.com_api_i5list,inc.com_api_i5list,0,,False,,
puritycoffee.com,ecommerce_retail,us,Purity Coffee,inc.com_api_i5list,inc.com_api_i5list,0,,False,,
divvycloud.com,software_saas,us,DivvyCloud,inc.com_api_i5list,inc.com_api_i5list,171,blog/,True,,
mattcurtisrealestate.com,services_other,us,Matt Curtis Real Estate,inc.com_api_i5list,inc.com_api_i5list,0,,False,,
myaura.com,fintech_insurance,us,Aura Financial Corporation,inc.com_api_i5list,inc.com_api_i5list,10,blog/,False,,
primallabs.com,health,us,Primal Health,inc.com_api_i5list,inc.com_api_i5list,0,,False,,
winmo.com,software_saas,us,List Partners,inc.com_api_i5list,inc.com_api_i5list,165,blog.,True,,
masglobalconsulting.com,services_other,us,"MAS Global Consulting,",inc.com_api_i5list,inc.com_api_i5list,1,blog/,False,,
wearerosie.com,services_other,us,We Are Rosie,inc.com_api_i5list,inc.com_api_i5list,0,,False,,
slvrb.com,services_other,us,Silverback Development,inc.com_api_i5list,inc.com_api_i5list,0,,False,,
lendingworks.co.uk,fintech_insurance,uk,Lending Works,ft1000_wayback:20210331132419,ft1000_wayback:20210331132419,353,blog/,True,,
lifecastvr.com,services_other,us,Lifecast,yc_directory,yc_directory,0,,False,,
heliumhealth.com,health,us,Helium Health,yc_directory,yc_directory,22,blog/,False,,
credibleinc.com,software_saas,us,Credible Behavioral Health,inc.com_api_i5list,inc.com_api_i5list,0,,False,,
intrustfunding.com,fintech_insurance,us,Intrust Funding,inc.com_api_i5list,inc.com_api_i5list,16,blog/,False,,
excitemedical.com,health,us,Excite Medical,inc.com_api_i5list,inc.com_api_i5list,0,,False,,
moonvalley.com,software_saas,us,Moonvalley,yc_directory,yc_directory,0,,False,,
tipjoy.com,fintech_insurance,us,Tipjoy,yc_directory,yc_directory,0,,False,,
harnesscode.com,ecommerce_retail,eu,Harness Code,ft1000_wayback:20220301043147,ft1000_wayback:20220301043147,0,,False,,
bluvium.com,services_other,us,Bluvium,inc.com_api_i5list,inc.com_api_i5list,0,,False,,
tailormadecompounding.com,health,us,Tailor Made Compounding,inc.com_api_i5list,inc.com_api_i5list,0,,False,,
invertersrus.com,ecommerce_retail,us,Inverters R US,inc.com_api_i5list,inc.com_api_i5list,0,,False,,
bik.ai,software_saas,us,BIK,yc_directory,yc_directory,3,blog.,False,,
needwant.com,ecommerce_retail,us,Need/Want,inc.com_api_i5list,inc.com_api_i5list,0,,False,,
redriver.team,services_other,us,Red River,inc.com_api_i5list,inc.com_api_i5list,0,,False,,
ironsideig.com,fintech_insurance,us,Ironside Insurance Group,inc.com_api_i5list,inc.com_api_i5list,0,,False,,
sawyermfg.com,services_other,us,Sawyer Manufacturing Company,inc.com_api_i5list,inc.com_api_i5list,6,blog/,False,,
spate.nyc,software_saas,us,SPATE,yc_directory,yc_directory,0,,False,,
productside.com,edtech,us,Productside,inc.com_api_i5list,inc.com_api_i5list,0,,False,,
justrytfoods.com,ecommerce_retail,us,Just Ryt Foods,inc.com_api_i5list,inc.com_api_i5list,0,,False,,
liveplusultra.com,ecommerce_retail,us,Zimba & PLUS ULTRA,inc.com_api_i5list,inc.com_api_i5list,0,,False,,
finary.com,fintech_insurance,eu,Finary.com,yc_directory,yc_directory,50,blog/,True,,
getsomatic.com,services_other,us,SOMATIC,yc_directory,yc_directory,0,,False,,
professionaltransition.com,health,us,Professional Transition Strategies,inc.com_api_i5list,inc.com_api_i5list,0,,False,,
directshifts.com,health,us,DirectShifts,yc_directory,yc_directory,0,,False,,
prolific.com,software_saas,eu,Prolific,yc_directory,yc_directory,0,,False,,
pawtree.com,ecommerce_retail,us,pawTree,inc.com_api_i5list,inc.com_api_i5list,171,blog/,True,,
pureaircontrols.com,services_other,us,Pure Air Control Services,inc.com_api_i5list,inc.com_api_i5list,0,,False,,
in-unison.com,ecommerce_retail,us,UNISON,yc_directory,yc_directory,0,,False,,
avocor.com,ecommerce_retail,us,Avocor,inc.com_api_i5list,inc.com_api_i5list,93,blog/,True,,
blue.cloud,services_other,us,BlueCloud,inc.com_api_i5list,inc.com_api_i5list,0,,False,,
dreambigchildren.com,health,us,Dream Big Children's Center,inc.com_api_i5list,inc.com_api_i5list,0,,False,,
futureplaygames.com,software_saas,eu,Futureplay,ft1000_wayback:20230425220624,ft1000_wayback:20230425220624,0,,False,,
langstonconstr.com,services_other,us,Langston Construction Co. of Piedmont,inc.com_api_i5list,inc.com_api_i5list,99,blog/,True,,
enterprise-knowledge.com,services_other,us,Enterprise Knowledge,inc.com_api_i5list,inc.com_api_i5list,0,,False,,
dockstreettrading.com,services_other,us,Dock Street Trading,inc.com_api_i5list,inc.com_api_i5list,0,,False,,
lefcon.net,services_other,us,LEFCON,inc.com_api_i5list,inc.com_api_i5list,0,,False,,
econtractors.com,services_other,us,E Contractors USA,inc.com_api_i5list,inc.com_api_i5list,0,,False,,
qualialife.com,health,us,Qualia Life Sciences,inc.com_api_i5list,inc.com_api_i5list,0,,False,,
akshaya-inc.com,software_saas,us,Akshaya,inc.com_api_i5list,inc.com_api_i5list,0,,False,,
dbconstructiongrp.com,services_other,us,D&B Construction,inc.com_api_i5list,inc.com_api_i5list,28,blog/,True,,
solutionsenvironmental.com,services_other,us,Atlantic Environmental Solutions,inc.com_api_i5list,inc.com_api_i5list,0,,False,,
litigationservices.com,services_other,us,LITIGATION SERVICES,inc.com_api_i5list,inc.com_api_i5list,0,,False,,
city-ventures.com,services_other,us,City Ventures,inc.com_api_i5list,inc.com_api_i5list,0,,False,,
leveragesoft.com,services_other,us,Leverage Technologies,inc.com_api_i5list,inc.com_api_i5list,0,,False,,
lionhomeservice.com,services_other,us,JMP Heat,inc.com_api_i5list,inc.com_api_i5list,0,,False,,
splendies.com,ecommerce_retail,us,Splendies,inc.com_api_i5list,inc.com_api_i5list,159,blog/,True,,
autosavvy.com,ecommerce_retail,us,Autosavvy,inc.com_api_i5list,inc.com_api_i5list,0,,False,,
waftssolutions.com,services_other,us,Wafts Solutions,inc.com_api_i5list,inc.com_api_i5list,0,,False,,
spirehc.com,health,us,Spire,inc.com_api_i5list,inc.com_api_i5list,0,,False,,
contractexteriors.com,services_other,us,Contract Exteriors,inc.com_api_i5list,inc.com_api_i5list,25,blog/,True,,
kalogistics.com,services_other,us,KA Logistics,inc.com_api_i5list,inc.com_api_i5list,0,,False,,
reverb.com,ecommerce_retail,us,Reverb.com,inc.com_api_i5list,inc.com_api_i5list,232,blog/,True,,
lcptracker.com,software_saas,us,LCPtracker,inc.com_api_i5list,inc.com_api_i5list,136,blog/,True,,
tdktech.com,services_other,us,TDK Technologies,inc.com_api_i5list,inc.com_api_i5list,0,,False,,
usassetsinc.com,services_other,us,US Assets,inc.com_api_i5list,inc.com_api_i5list,0,,False,,
capture.so,software_saas,us,Capture,yc_directory,yc_directory,0,,False,,
teamncw.com,services_other,us,NCW,inc.com_api_i5list,inc.com_api_i5list,0,,False,,
agencyanalytics.com,software_saas,other,AgencyAnalytics,g2.com_wayback,g2.com_wayback,256,blog/,True,,
ensemblesolutionsgroup.com,services_other,us,Ensemble Solutions Group,inc.com_api_i5list,inc.com_api_i5list,0,,False,,
microblink.com,software_saas,eu,Microblink,ft1000_wayback:20210331132419,ft1000_wayback:20210331132419,60,blog/,True,,
centurygroup.net,services_other,us,Century Solutions Group,inc.com_api_i5list,inc.com_api_i5list,0,,False,,
enjoywishlist.com,software_saas,us,Wishlist Rewards,inc.com_api_i5list,inc.com_api_i5list,184,blog.,True,,
thefirmadv.com,services_other,us,The Firm Advisors,inc.com_api_i5list,inc.com_api_i5list,0,,False,,
erpglobalinc.com,services_other,us,ERP Global,inc.com_api_i5list,inc.com_api_i5list,0,,False,,
vidcode.com,edtech,us,Vidcode,yc_directory,yc_directory,0,,False,,
innovandco.net,services_other,eu,innov and co handicap,ft1000_wayback:20220301043147,ft1000_wayback:20220301043147,19,blog/,False,,
veritycommercial.com,services_other,us,Verity Commercial,inc.com_api_i5list,inc.com_api_i5list,13,blog/,False,,
grover.com,ecommerce_retail,eu,Grover Group,ft1000_wayback:20210331132419,ft1000_wayback:20210331132419,57,blog/,True,,
freightright.com,services_other,us,Freight Right Global Logistics,inc.com_api_i5list,inc.com_api_i5list,0,,False,,
wayup.com,services_other,us,WayUp,yc_directory,yc_directory,2,blog/,False,,
oneilstreeservice.com,services_other,us,ONeils,inc.com_api_i5list,inc.com_api_i5list,0,,False,,
discuss.io,software_saas,us,Discuss.io,inc.com_api_i5list,inc.com_api_i5list,75,blog/,True,,
pioneer-aero.com,ecommerce_retail,us,Pioneer Aero Supply,inc.com_api_i5list,inc.com_api_i5list,0,,False,,
leguano.us,ecommerce_retail,eu,leguano,ft1000_wayback:20210331132419,ft1000_wayback:20210331132419,0,,False,,
reclaimprotocol.org,software_saas,us,Reclaim Protocol,yc_directory,yc_directory,0,,False,,
clientsavvy.com,software_saas,us,Client Savvy,inc.com_api_i5list,inc.com_api_i5list,0,,False,,
pepperfoster.com,services_other,us,Pepper Foster Consulting,inc.com_api_i5list,inc.com_api_i5list,11,blog/,False,,
clear.co,fintech_insurance,us,Clearco,inc.com_api_i5list,inc.com_api_i5list,273,blog/,True,,
hearingandbraincenters.com,health,us,Absolute Hearing Solutions,inc.com_api_i5list,inc.com_api_i5list,0,,False,,
yellowtelescope.com,services_other,us,YellowTelescope,inc.com_api_i5list,inc.com_api_i5list,27,blog/,True,,
bountii.com,services_other,us,Bountii,yc_directory,yc_directory,0,,False,,
monet.com.co,fintech_insurance,us,Monet,yc_directory,yc_directory,0,,False,,
hawsgoodwin.com,fintech_insurance,us,HawsGoodwin Wealth,inc.com_api_i5list,inc.com_api_i5list,0,,False,,
premierhsllc.com,fintech_insurance,us,Premier Health Solutions,inc.com_api_i5list,inc.com_api_i5list,0,,False,,
weberfps.com,health,us,Weber Facial Plastic Surgery,inc.com_api_i5list,inc.com_api_i5list,82,blog/,True,,
gensuite.com,software_saas,us,Gensuite,inc.com_api_i5list,inc.com_api_i5list,2,blog/,False,,
coviu.com,health,us,Coviu,g2.com_wayback,g2.com_wayback,104,blog/,True,,
raspberrypi.com,ecommerce_retail,uk,Raspberry Pi,ft1000_wayback:20220301043147,ft1000_wayback:20220301043147,0,,False,,
simplesolarllc.com,services_other,us,Simple Solar,inc.com_api_i5list,inc.com_api_i5list,0,,False,,
laserwiresolutions.com,services_other,uk,Laser Wire Solutions,ft1000_wayback:20230425220624,ft1000_wayback:20230425220624,0,,False,,
jaymorrisonacademy.com,edtech,us,Jay Morrison Academy,inc.com_api_i5list,inc.com_api_i5list,0,,False,,
e78partners.com,services_other,us,E78 Partners,inc.com_api_i5list,inc.com_api_i5list,1,blog/,False,,
vuram.com,services_other,us,Vuram,inc.com_api_i5list,inc.com_api_i5list,74,blog/,True,,
jennarationboutique.com,ecommerce_retail,us,Jennaration Boutique,inc.com_api_i5list,inc.com_api_i5list,0,,False,,
weareaccord.com,services_other,us,Accord Group,inc.com_api_i5list,inc.com_api_i5list,0,,False,,
wibond.co,fintech_insurance,us,Wibond,yc_directory,yc_directory,0,,False,,
nationalfoodgroup.com,ecommerce_retail,us,National Food Group,inc.com_api_i5list,inc.com_api_i5list,0,,False,,
appliedframeworks.com,software_saas,us,Applied Frameworks,inc.com_api_i5list,inc.com_api_i5list,127,blog/,True,,
aerobiotix.com,health,us,Aerobiotix,inc.com_api_i5list,inc.com_api_i5list,2,blog/,False,,
doctible.com,health,us,Doctible,inc.com_api_i5list,inc.com_api_i5list,37,blog/,True,,
jenfi.com,fintech_insurance,us,Jenfi,yc_directory,yc_directory,36,blog/,True,,
withflint.com,health,us,Flint,yc_directory,yc_directory,1,blog/,False,,
mountainshowcase.com,ecommerce_retail,us,Mountain Showcase Group,inc.com_api_i5list,inc.com_api_i5list,0,,False,,
tomoguides.com,services_other,us,TomoGuides,yc_directory,yc_directory,0,,False,,
envistaforensics.com,services_other,us,Envista Forensics,inc.com_api_i5list,inc.com_api_i5list,74,blog/,True,,
inspireinvesting.com,fintech_insurance,us,Inspire Investing,inc.com_api_i5list,inc.com_api_i5list,0,,False,,
treinta.co,software_saas,us,Treinta,yc_directory,yc_directory,25,blog/,True,,
gamebytes.io,ecommerce_retail,us,Gamebytes,yc_directory,yc_directory,0,,False,,
kingsview.com,fintech_insurance,us,Kingsview Partners,inc.com_api_i5list,inc.com_api_i5list,305,blog.,True,,
studiothree.com,health,us,Studio Three,inc.com_api_i5list,inc.com_api_i5list,0,,False,,
tickpick.com,ecommerce_retail,us,TickPick,inc.com_api_i5list,inc.com_api_i5list,330,blog/,True,,
vivarailings.com,services_other,us,Viva Railings,inc.com_api_i5list,inc.com_api_i5list,2,blog/,False,,
aisupervision.com,software_saas,eu,AiSupervision,yc_directory,yc_directory,0,,False,,
cive.com,services_other,us,CIVE,inc.com_api_i5list,inc.com_api_i5list,0,,False,,
itmcx.com,services_other,us,IT Management,inc.com_api_i5list,inc.com_api_i5list,0,,False,,
rct.ai,software_saas,us,rct AI,yc_directory,yc_directory,1,blog/,False,,
usefriz.com,devtools,us,Friz,yc_directory,yc_directory,44,blog.,True,,
paxfg.com,fintech_insurance,us,PAX Financial Group,inc.com_api_i5list,inc.com_api_i5list,0,,False,,
readyamerica.com,ecommerce_retail,us,Ready America,inc.com_api_i5list,inc.com_api_i5list,30,blog/,True,,
conquestmaps.com,ecommerce_retail,us,Conquest Maps,inc.com_api_i5list,inc.com_api_i5list,138,blog/,True,,
izertis.com,services_other,eu,Izertis,ft1000_wayback:20220301043147,ft1000_wayback:20220301043147,0,,False,,
bathmakeoverar.com,services_other,us,Bath Makeover of Arkansas,inc.com_api_i5list,inc.com_api_i5list,0,,False,,
inspiranzadesigns.com,ecommerce_retail,us,Inspiranza Designs,inc.com_api_i5list,inc.com_api_i5list,117,blog/,True,,
theindigoroad.com,services_other,us,The Indigo Road Hospitality Group,inc.com_api_i5list,inc.com_api_i5list,0,,False,,
issquaredinc.com,services_other,us,ISSQUARED,inc.com_api_i5list,inc.com_api_i5list,0,,False,,
reedssprayfoam.com,services_other,us,Reeds Sprayfoam Insulation,inc.com_api_i5list,inc.com_api_i5list,0,,False,,
lasso.io,software_saas,us,Lasso,inc.com_api_i5list,inc.com_api_i5list,163,blog/,True,,
ulabsystems.com,health,us,uLab Systems,inc.com_api_i5list,inc.com_api_i5list,0,,False,,
codecademy.com,edtech,us,Codecademy,yc_directory,yc_directory,103,blog/,True,,
opiniion.com,software_saas,us,Opiniion,inc.com_api_i5list,inc.com_api_i5list,101,blog/,True,,
uswired.com,services_other,us,USWired,inc.com_api_i5list,inc.com_api_i5list,31,blog/,True,,
superb-ai.com,software_saas,us,Superb AI,yc_directory,yc_directory,68,blog/,True,,
doylegroup-it.com,services_other,us,The Doyle Group,inc.com_api_i5list,inc.com_api_i5list,0,,False,,
livefeather.com,ecommerce_retail,us,Feather,inc.com_api_i5list,inc.com_api_i5list,0,,False,,
endla.com,software_saas,us,Endla,yc_directory,yc_directory,9,blog/,False,,
beyondtrust.com,software_saas,us,BeyondTrust,inc.com_api_i5list,inc.com_api_i5list,376,blog/,True,,
guardianlit.com,services_other,us,"Guardian Litigation Group, LLP",inc.com_api_i5list,inc.com_api_i5list,66,blog/,True,,
koresoftware.com,software_saas,us,KORE Interactive Systems (USA),inc.com_api_i5list,inc.com_api_i5list,179,blog.,True,,
workramp.com,software_saas,us,WorkRamp,inc.com_api_i5list,inc.com_api_i5list,179,blog/,True,,
forceofnatureclean.com,ecommerce_retail,us,Force of Nature,inc.com_api_i5list,inc.com_api_i5list,0,,False,,
threadable.com,software_saas,us,Threadable,yc_directory,yc_directory,10,blog.,False,,
cargas.com,software_saas,us,Cargas Systems,inc.com_api_i5list,inc.com_api_i5list,297,blog/,True,,
alcova.com,fintech_insurance,us,ALCOVA Mortgage,inc.com_api_i5list,inc.com_api_i5list,0,,False,,
sellvia.com,ecommerce_retail,us,Sellvia,inc.com_api_i5list,inc.com_api_i5list,227,blog/,True,,
standard-freight.com,services_other,us,Standard Freight,inc.com_api_i5list,inc.com_api_i5list,0,,False,,
inventorysource.com,software_saas,us,Inventory Source,inc.com_api_i5list,inc.com_api_i5list,136,blog/,True,,
iconusinc.com,services_other,us,Icon Building Supplies,inc.com_api_i5list,inc.com_api_i5list,0,,False,,
hirebolt.com,services_other,eu,Hirebolt,yc_directory,yc_directory,0,,False,,
binti.com,software_saas,us,Binti,inc.com_api_i5list,inc.com_api_i5list,163,blog/,True,,
sentant.net,services_other,us,Sentant,inc.com_api_i5list,inc.com_api_i5list,0,,False,,
safe4u.se,services_other,eu,safe4u,ft1000_wayback:20210331132419,ft1000_wayback:20210331132419,6,blog/,False,,
chemplastinc.com,services_other,us,Chemplast,inc.com_api_i5list,inc.com_api_i5list,0,,False,,
lcvista.com,software_saas,us,LCvista,inc.com_api_i5list,inc.com_api_i5list,0,,False,,
fearless.tech,services_other,us,Fearless,inc.com_api_i5list,inc.com_api_i5list,213,blog/,True,,
everydoorrealestate.com,services_other,us,Top Pod,inc.com_api_i5list,inc.com_api_i5list,270,blog/,True,,
goldengatebpo.com,services_other,us,Golden Gate BPO Solutions,inc.com_api_i5list,inc.com_api_i5list,96,blog/,True,,
strongdm.com,software_saas,,strongDM,g2.com_wayback,g2.com_wayback,189,blog/,True,,
topspeedgolf.com,edtech,us,Top Speed Golf,inc.com_api_i5list,inc.com_api_i5list,0,,False,,
trynovel.com,fintech_insurance,us,Novel,yc_directory,yc_directory,0,,False,,
betterlivingva.com,services_other,us,Native American Group,inc.com_api_i5list,inc.com_api_i5list,0,,False,,
coreform.com,software_saas,us,Coreform,inc.com_api_i5list,inc.com_api_i5list,0,,False,,
accountingseed.com,software_saas,us,Accounting Seed,inc.com_api_i5list,inc.com_api_i5list,312,blog/,True,,
esserrepharma.com,health,eu,Esserre Pharma,ft1000_wayback:20220301043147,ft1000_wayback:20220301043147,0,,False,,
getsymple.com,services_other,us,Symple,yc_directory,yc_directory,15,blog/,False,,
thecamelexpress.com,services_other,us,Camel Express Car Wash,inc.com_api_i5list,inc.com_api_i5list,0,,False,,
paveai.com,software_saas,us,Pave,yc_directory,yc_directory,0,,False,,
weilos.com,health,us,Weilos,yc_directory,yc_directory,0,,False,,
freightpop.com,software_saas,us,FreightPOP,inc.com_api_i5list,inc.com_api_i5list,148,blog.,True,,
shipgerman.com,ecommerce_retail,eu,Ship it,ft1000_wayback:20220301043147,ft1000_wayback:20220301043147,0,,False,,
reemployability.com,fintech_insurance,us,ReEmployAbility,inc.com_api_i5list,inc.com_api_i5list,0,,False,,
clicklearn.com,software_saas,eu,ClickLearn,ft1000_wayback:20210331132419,ft1000_wayback:20210331132419,0,,False,,
weareher.com,software_saas,us,HER,yc_directory,yc_directory,2,resources/,False,,
chetu.com,services_other,us,Chetu,inc.com_api_i5list,inc.com_api_i5list,260,blog/,True,,
avatier.com,software_saas,us,Avatier Identity Anywhere,g2.com_wayback,g2.com_wayback,340,blog/,True,,
mfssolutions.com,ecommerce_retail,us,MFS Supply,inc.com_api_i5list,inc.com_api_i5list,0,,False,,
koddi.com,software_saas,us,Koddi,inc.com_api_i5list,inc.com_api_i5list,3,blog/,False,,
startclosing.com,services_other,us,Start Closing,yc_directory,yc_directory,0,,False,,
leasepath.com,fintech_insurance,us,Leasepath,inc.com_api_i5list,inc.com_api_i5list,25,blog/,True,,
mystrodriver.com,software_saas,us,Mystro,yc_directory,yc_directory,0,,False,,
peoplesuite.com,services_other,us,PeopleSuite Talent Solutions,inc.com_api_i5list,inc.com_api_i5list,63,blog/,True,,
stripe.com,fintech_insurance,us,Stripe Billing,g2.com_wayback,g2.com_wayback,131,blog/,True,,
iso-recruiting-consultants.com,services_other,eu,ISO Recruiting Consultants,ft1000_wayback:20230425220624,ft1000_wayback:20230425220624,0,,False,,
starkbank.com,fintech_insurance,us,STARK BANK,yc_directory,yc_directory,20,blog.,False,,
visionary-optics.com,health,us,Visionary Optics,inc.com_api_i5list,inc.com_api_i5list,0,,False,,
virool.com,software_saas,us,Virool,yc_directory,yc_directory,221,blog/,True,,
elearningbrothers.com,edtech,us,eLearning Brothers,inc.com_api_i5list,inc.com_api_i5list,340,blog/,True,,
ulsonline.net,services_other,us,Universal Language Service,inc.com_api_i5list,inc.com_api_i5list,0,,False,,
boldrimpact.com,services_other,us,Boldr,inc.com_api_i5list,inc.com_api_i5list,122,blog/,True,,
analysisprime.com,services_other,us,Analysis Prime,inc.com_api_i5list,inc.com_api_i5list,0,,False,,
smarterfinanceusa.com,fintech_insurance,us,Smarter Equipment Finance,inc.com_api_i5list,inc.com_api_i5list,171,blog/,True,,
electricteam.com,services_other,us,"Magic Valley Electric/Magic Electric, Plumbing, Heating + Air",inc.com_api_i5list,inc.com_api_i5list,17,blog/,False,,
edyn.com,services_other,us,Edyn,yc_directory,yc_directory,0,,False,,
rallyup.com,software_saas,us,RallyUp,inc.com_api_i5list,inc.com_api_i5list,78,blog/,True,,
marcumllp.com,services_other,us,Marcum LLP,inc.com_api_i5list,inc.com_api_i5list,211,blog/,True,,
biomatrixsprx.com,health,us,Biomatrix Holdings,inc.com_api_i5list,inc.com_api_i5list,0,,False,,
alphacoreinc.com,services_other,us,Alphacore,inc.com_api_i5list,inc.com_api_i5list,0,,False,,
zesttorganics.com,ecommerce_retail,us,zestt organics,inc.com_api_i5list,inc.com_api_i5list,104,blog/,True,,
globalfoodsolutions.co,ecommerce_retail,us,Global Food Solutions,inc.com_api_i5list,inc.com_api_i5list,0,,False,,
glenholme.careers,health,uk,Glenholme Healthcare Group,ft1000_wayback:20220301043147,ft1000_wayback:20220301043147,0,,False,,
lodestarss.com,software_saas,us,LodeStar Software Solutions,inc.com_api_i5list,inc.com_api_i5list,0,,False,,
scrimba.com,edtech,eu,Scrimba,yc_directory,yc_directory,362,blog.,True,,
signoz.io,devtools,us,SigNoz,yc_directory,yc_directory,131,blog/,True,,
legalist.com,fintech_insurance,us,Legalist,yc_directory,yc_directory,3,resources/,False,,
skio.com,software_saas,us,Skio,yc_directory,yc_directory,7,blog/,False,,
trajectdata.com,software_saas,,Cyfe,g2.com_wayback,g2.com_wayback,2,blog/,False,,
prolinkstaffing.com,health,us,ProLink Staffing,inc.com_api_i5list,inc.com_api_i5list,201,blog/,True,,
brownfoxlaw.com,services_other,us,Brown Fox,inc.com_api_i5list,inc.com_api_i5list,0,,False,,
upside.com,fintech_insurance,us,Upside Services,inc.com_api_i5list,inc.com_api_i5list,140,blog/,True,,
stompinggroundphoto.com,services_other,us,Stomping Ground Photography,inc.com_api_i5list,inc.com_api_i5list,0,,False,,
allyon.com,services_other,us,Allyon,inc.com_api_i5list,inc.com_api_i5list,0,,False,,
mentorcollective.org,edtech,us,Mentor Collective,inc.com_api_i5list,inc.com_api_i5list,192,blog.,True,,
factorypure.com,ecommerce_retail,us,FactoryPure,inc.com_api_i5list,inc.com_api_i5list,2,blog.,False,,
esurgeries.com,health,us,Esurgeries,inc.com_api_i5list,inc.com_api_i5list,0,,False,,
livingsecurity.com,software_saas,us,Living Security,inc.com_api_i5list,inc.com_api_i5list,223,blog/,True,,
dizzion.com,software_saas,us,Dizzion,inc.com_api_i5list,inc.com_api_i5list,68,resources/,True,,
boalogistics.com,services_other,us,BOA Logistics,inc.com_api_i5list,inc.com_api_i5list,398,blog/,True,,
unosquare.com,services_other,us,Unosquare,inc.com_api_i5list,inc.com_api_i5list,113,blog.,True,,
cocowallet.app,fintech_insurance,us,Coco Wallet,yc_directory,yc_directory,0,,False,,
alpinesolves.com,services_other,us,Alpine Solutions Group,inc.com_api_i5list,inc.com_api_i5list,0,,False,,
embroker.com,fintech_insurance,us,Embroker,inc.com_api_i5list,inc.com_api_i5list,279,blog/,True,,
origen.com,health,us,OriGen Biomedical,inc.com_api_i5list,inc.com_api_i5list,0,,False,,
wewatch-security.com,services_other,eu,WeWATCH Security Service,ft1000_wayback:20230425220624,ft1000_wayback:20230425220624,0,,False,,
exteriormedics.com,services_other,us,Exterior Medics,inc.com_api_i5list,inc.com_api_i5list,149,blog/,True,,
teamoutsider.com,services_other,us,Team Outsider,inc.com_api_i5list,inc.com_api_i5list,0,,False,,
boostr.com,software_saas,us,Boostr,inc.com_api_i5list,inc.com_api_i5list,0,,False,,
raincitycapital.com,fintech_insurance,us,Rain City Capital,inc.com_api_i5list,inc.com_api_i5list,0,,False,,
buildwithproactive.com,services_other,us,Proactive Controls Group,inc.com_api_i5list,inc.com_api_i5list,38,blog.,True,,
communityforce.com,software_saas,us,CommunityForce,inc.com_api_i5list,inc.com_api_i5list,1,blog/,False,,
boggbag.com,ecommerce_retail,us,Bogg Bag,inc.com_api_i5list,inc.com_api_i5list,10,blog/,False,,
rpmmoves.com,services_other,us,RPM,inc.com_api_i5list,inc.com_api_i5list,1,blog/,False,,
amcbridge.com,services_other,us,AMC Bridge,inc.com_api_i5list,inc.com_api_i5list,0,,False,,
vectorsinc.com,ecommerce_retail,us,Vectors,inc.com_api_i5list,inc.com_api_i5list,76,blog/,True,,
teamiblends.com,ecommerce_retail,us,Teami Blends,inc.com_api_i5list,inc.com_api_i5list,261,blog/,True,,
stepworks.com,health,us,Stepworks Recovery Centers,inc.com_api_i5list,inc.com_api_i5list,18,blog/,False,,
orangetheory.com,health,us,Orangetheory Fitness,inc.com_api_i5list,inc.com_api_i5list,0,,False,,
daily.co,devtools,us,Daily,yc_directory,yc_directory,232,blog/,True,,
boom.us,services_other,us,ECG/boom! Mobile,inc.com_api_i5list,inc.com_api_i5list,5,blog/,False,,
gobble.com,ecommerce_retail,us,Gobble,yc_directory,yc_directory,121,blog/,True,,
affinitydm.com,health,us,Affinity Dental Management,inc.com_api_i5list,inc.com_api_i5list,0,,False,,
oharaoutdoors.com,services_other,us,"O'Hara Outdoors, Inc.",inc.com_api_i5list,inc.com_api_i5list,0,,False,,
mightykidz.com,services_other,us,MightyKidz Child Care,inc.com_api_i5list,inc.com_api_i5list,0,,False,,
fueltalent.com,services_other,us,Fuel Talent,inc.com_api_i5list,inc.com_api_i5list,6,blog/,False,,
blacktiemoving.com,services_other,us,Black Tie Moving,inc.com_api_i5list,inc.com_api_i5list,173,blog/,True,,
acelainc.com,services_other,us,ACELA,inc.com_api_i5list,inc.com_api_i5list,0,,False,,
moradauno.com.mx,fintech_insurance,us,Morada Uno,yc_directory,yc_directory,0,,False,,
dabba.com,services_other,us,"Wifi Dabba, Inc.",yc_directory,yc_directory,0,,False,,
designpickle.com,services_other,us,Design Pickle,inc.com_api_i5list,inc.com_api_i5list,0,,False,,
niraenergy.com,software_saas,us,Nira Energy,yc_directory,yc_directory,0,,False,,
sosbty.com,ecommerce_retail,us,SOS Beauty,inc.com_api_i5list,inc.com_api_i5list,0,,False,,
soapbox.co,ecommerce_retail,us,Soapbox,inc.com_api_i5list,inc.com_api_i5list,0,,False,,
dmgnola.com,services_other,us,Design Management Group,inc.com_api_i5list,inc.com_api_i5list,0,,False,,
capway.com,fintech_insurance,us,CapWay,yc_directory,yc_directory,0,,False,,
aligneddentalpartners.com,services_other,us,Aligned Dental,inc.com_api_i5list,inc.com_api_i5list,0,,False,,
westerntimberframe.com,ecommerce_retail,us,Western Timber Frame,inc.com_api_i5list,inc.com_api_i5list,0,,False,,
healthcareitleaders.com,health,us,Healthcare IT Leaders,inc.com_api_i5list,inc.com_api_i5list,271,blog/,True,,
dogtownmedia.com,services_other,us,Dogtown Media,inc.com_api_i5list,inc.com_api_i5list,0,,False,,
lattebabyandchild.com,ecommerce_retail,eu,Latte Bebe',ft1000_wayback:20210331132419,ft1000_wayback:20210331132419,0,,False,,
9gauge.com,services_other,us,9Gauge Partners,inc.com_api_i5list,inc.com_api_i5list,1,blog/,False,,
theohmstore.co,ecommerce_retail,us,The Ohm Store,inc.com_api_i5list,inc.com_api_i5list,73,blog/,True,,
freshfactory.id,services_other,us,Fresh Factory,yc_directory,yc_directory,0,,False,,
northgatevehiclehire.co.uk,services_other,uk,GAP Vehicle Hire,ft1000_wayback:20230425220624,ft1000_wayback:20230425220624,150,blog/,True,,
mindsharecollaborative.com,services_other,us,Mindshare Collaborative,inc.com_api_i5list,inc.com_api_i5list,0,,False,,
trycoast.com,devtools,us,Coast,yc_directory,yc_directory,0,,False,,
pollground.com,services_other,us,Pollground,yc_directory,yc_directory,0,,False,,
hatchways.io,software_saas,us,Hatchways,yc_directory,yc_directory,97,blog/,True,,
rightatschool.com,services_other,us,Right At School,inc.com_api_i5list,inc.com_api_i5list,23,blog/,False,,
fello.in,fintech_insurance,us,Fello,yc_directory,yc_directory,23,blog/,False,,
tenica-gs.com,services_other,us,TENICA Global Solutions,inc.com_api_i5list,inc.com_api_i5list,0,,False,,
audobox.com,software_saas,us,Audobox,yc_directory,yc_directory,3,blog.,False,,
pfleet.com,fintech_insurance,us,Plavan Commercial Fueling,inc.com_api_i5list,inc.com_api_i5list,107,blog/,True,,
giltnersolutions.com,services_other,us,Avid Holdings.,inc.com_api_i5list,inc.com_api_i5list,0,,False,,
languagenetworkusa.com,services_other,us,Language Network,inc.com_api_i5list,inc.com_api_i5list,58,blog/,True,,
hioperator.com,services_other,us,HiOperator,inc.com_api_i5list,inc.com_api_i5list,7,blog.,False,,
thegarrettco.com,services_other,us,The Garrett Companies,inc.com_api_i5list,inc.com_api_i5list,0,,False,,
rentobo.com,ecommerce_retail,us,Rentobo,yc_directory,yc_directory,40,blog/,True,,
asim.sh,software_saas,us,aSim,yc_directory,yc_directory,0,,False,,
lettucegrow.com,ecommerce_retail,us,Lettuce Grow,inc.com_api_i5list,inc.com_api_i5list,62,resources/,True,,
siegfriedgroup.com,services_other,us,The Siegfried Group,inc.com_api_i5list,inc.com_api_i5list,201,blog.,True,,
coedistributing.com,ecommerce_retail,us,JMJS DBA COE DISTRIBUTING,inc.com_api_i5list,inc.com_api_i5list,0,,False,,
jobble.com,services_other,us,Jobble,inc.com_api_i5list,inc.com_api_i5list,1,blog.,False,,
responsivetechnologypartners.com,services_other,us,Responsive Technology Partners,inc.com_api_i5list,inc.com_api_i5list,0,,False,,
paymerang.com,fintech_insurance,us,Paymerang,inc.com_api_i5list,inc.com_api_i5list,174,blog/,True,,
thetreecenter.com,ecommerce_retail,us,The Tree Center,inc.com_api_i5list,inc.com_api_i5list,0,,False,,
is-grp.com,services_other,us,ISG,inc.com_api_i5list,inc.com_api_i5list,95,blog.,True,,
modularscience.com,services_other,us,Modular Science,yc_directory,yc_directory,0,,False,,
eatcaulipower.com,ecommerce_retail,us,Caulipower,inc.com_api_i5list,inc.com_api_i5list,40,blog/,True,,
dstadvisorygroup.com,fintech_insurance,us,DST Advisory Group,inc.com_api_i5list,inc.com_api_i5list,0,,False,,
magna.so,fintech_insurance,us,Magna,yc_directory,yc_directory,0,,False,,
chartjs.org,devtools,,Chart.Js,g2.com_wayback,g2.com_wayback,0,,False,,
cutrans.com,services_other,us,CHINA UNITED TRANSPORT,inc.com_api_i5list,inc.com_api_i5list,0,,False,,
startup-house.com,services_other,eu,Startup Development House,ft1000_wayback:20220301043147,ft1000_wayback:20220301043147,1,blog/,False,,
fundthatflip.com,fintech_insurance,us,Fund That Flip,inc.com_api_i5list,inc.com_api_i5list,0,,False,,
rollworks.com,software_saas,,RollWorks Account-Based Platform,g2.com_wayback,g2.com_wayback,0,,False,,
ntiva.com,services_other,us,Ntiva,inc.com_api_i5list,inc.com_api_i5list,209,blog/,True,,
flexfunds.com,fintech_insurance,us,FlexFunds ETP,inc.com_api_i5list,inc.com_api_i5list,0,,False,,
porter.run,devtools,us,Porter,yc_directory,yc_directory,17,blog.,False,,
securestrux.com,services_other,us,SecureStrux,inc.com_api_i5list,inc.com_api_i5list,101,blog.,True,,
bostoncar.com,services_other,us,Above All Transportation/ Boston Car Service,inc.com_api_i5list,inc.com_api_i5list,0,,False,,
geosite.io,software_saas,us,Geosite,yc_directory,yc_directory,0,,False,,
saljol.de,health,eu,Saljol,ft1000_wayback:20220301043147,ft1000_wayback:20220301043147,0,,False,,
primearccapital.com,fintech_insurance,us,PrimeArc Capital,inc.com_api_i5list,inc.com_api_i5list,0,,False,,
memamp.com,services_other,us,Memamp,yc_directory,yc_directory,0,,False,,
techolution.com,services_other,us,Techolution,inc.com_api_i5list,inc.com_api_i5list,0,,False,,
davidbayer.com,services_other,us,David Bayer Businesses,inc.com_api_i5list,inc.com_api_i5list,0,,False,,
incauthority.com,services_other,us,Inc Authority,inc.com_api_i5list,inc.com_api_i5list,280,blog/,True,,
lylecontractingsolutions.com,services_other,us,Lyle Contracting Solutions,inc.com_api_i5list,inc.com_api_i5list,0,,False,,
formulafolios.com,fintech_insurance,us,FormulaFolio Investments,inc.com_api_i5list,inc.com_api_i5list,146,blog/,True,,
canidium.com,services_other,us,Canidium,inc.com_api_i5list,inc.com_api_i5list,185,blog.,True,,
mie-solutions.com,software_saas,us,MIE Solutions,inc.com_api_i5list,inc.com_api_i5list,126,blog.,True,,
bumptechnologies.com,software_saas,us,Bump,yc_directory,yc_directory,1,blog/,False,,
tridenthazmat.com,services_other,us,Trident Environmental Group,inc.com_api_i5list,inc.com_api_i5list,0,,False,,
mazemap.com,software_saas,eu,MazeMap,ft1000_wayback:20230425220624,ft1000_wayback:20230425220624,0,,False,,
diamondbanc.com,fintech_insurance,us,Diamond Banc,inc.com_api_i5list,inc.com_api_i5list,176,blog/,True,,
radiuscargo.com,services_other,us,Radius International,inc.com_api_i5list,inc.com_api_i5list,0,,False,,
contiorg.com,services_other,us,CONTI Organization,inc.com_api_i5list,inc.com_api_i5list,0,,False,,
actioncleanup.com,ecommerce_retail,us,Action Unlimited Resources,inc.com_api_i5list,inc.com_api_i5list,192,blog/,True,,
hajoona.com,health,eu,hajoona,ft1000_wayback:20230425220624,ft1000_wayback:20230425220624,0,,False,,
kapitaldata.com,services_other,us,Kapital Data,inc.com_api_i5list,inc.com_api_i5list,59,blog/,True,,
serviceprofessor.com,services_other,us,Service Professor,inc.com_api_i5list,inc.com_api_i5list,0,,False,,
intellectsolutions.com,services_other,us,Intellect Solutions,inc.com_api_i5list,inc.com_api_i5list,0,,False,,
weedcontrolokc.com,services_other,us,Elite Lawn Care,inc.com_api_i5list,inc.com_api_i5list,24,blog/,False,,
viome.com,health,us,Viome,inc.com_api_i5list,inc.com_api_i5list,0,,False,,
westminsteramerican.com,fintech_insurance,us,Westminster American Insurance Company,inc.com_api_i5list,inc.com_api_i5list,0,,False,,
resistance.bio,health,us,ResistanceBio,yc_directory,yc_directory,0,,False,,
cuttingboardcompany.com,ecommerce_retail,us,Cutting Board Company,inc.com_api_i5list,inc.com_api_i5list,0,,False,,
zox.la,ecommerce_retail,us,ZOX,inc.com_api_i5list,inc.com_api_i5list,285,blog/,True,,
glensideauto.com,ecommerce_retail,us,Glenside Auto Sales Company,inc.com_api_i5list,inc.com_api_i5list,0,,False,,
ecogate.com,services_other,us,Ecogate,inc.com_api_i5list,inc.com_api_i5list,11,blog/,False,,
thoroughcare.net,health,us,ThoroughCare,inc.com_api_i5list,inc.com_api_i5list,0,,False,,
deepbluecommunications.com,services_other,us,Deep Blue Communications,inc.com_api_i5list,inc.com_api_i5list,11,blog/,False,,
flyhomes.com,services_other,us,Flyhomes,inc.com_api_i5list,inc.com_api_i5list,131,blog/,True,,
stockunlock.com,fintech_insurance,us,Stock Unlock,yc_directory,yc_directory,0,,False,,
figma.com,software_saas,us,Figma,g2.com_wayback,g2.com_wayback,191,blog/,True,,
logistyx.com,software_saas,us,Logistyx Technologies,inc.com_api_i5list,inc.com_api_i5list,0,,False,,
lexter.ai,software_saas,us,Lexter.ai,yc_directory,yc_directory,0,,False,,
dynavap.com,ecommerce_retail,us,DynaVap,inc.com_api_i5list,inc.com_api_i5list,0,,False,,
kenwayconsulting.com,services_other,us,Kenway Consulting,inc.com_api_i5list,inc.com_api_i5list,267,blog/,True,,
alliancetechpartners.com,services_other,us,Alliance Technology Partners,inc.com_api_i5list,inc.com_api_i5list,0,,False,,
lemfi.com,fintech_insurance,eu,LemFi,yc_directory,yc_directory,0,,False,,
buymeacoffee.com,fintech_insurance,eu,Buy Me a Coffee,yc_directory,yc_directory,113,blog/,True,,
almworks.com,software_saas,us,ALM Works,inc.com_api_i5list,inc.com_api_i5list,106,blog/,True,,
biocogniv.com,health,us,Biocogniv,yc_directory,yc_directory,0,,False,,
just-eat.co.uk,ecommerce_retail,uk,Just Eat,ft1000_wayback:20230425220624,ft1000_wayback:20230425220624,149,blog.,True,,
acmetek.com,software_saas,us,Acmetek Global Solutions,inc.com_api_i5list,inc.com_api_i5list,1,blog/,False,,
nmbs.io,services_other,us,Nimbus Consulting,inc.com_api_i5list,inc.com_api_i5list,0,,False,,
plush.com,ecommerce_retail,us,Beverly Hills Teddy Bear,inc.com_api_i5list,inc.com_api_i5list,0,,False,,
manatal.com,software_saas,,Manatal,g2.com_wayback,g2.com_wayback,203,blog/,True,,
bluerose-consulting.com,services_other,us,Blue Rose Consulting Group,inc.com_api_i5list,inc.com_api_i5list,0,,False,,
silvercloudinc.com,software_saas,us,SilverCloud,inc.com_api_i5list,inc.com_api_i5list,138,blog/,True,,
redlinesteel.com,ecommerce_retail,us,Redline Steel,inc.com_api_i5list,inc.com_api_i5list,92,blog/,True,,
sugarwish.com,ecommerce_retail,us,Sugarwish,inc.com_api_i5list,inc.com_api_i5list,1,blog/,False,,
tellerex.com,services_other,us,Tellerex,inc.com_api_i5list,inc.com_api_i5list,0,,False,,
paychex.com,software_saas,us,Paychex Flex,g2.com_wayback,g2.com_wayback,0,,False,,
fortcapitallp.com,services_other,us,Fort,inc.com_api_i5list,inc.com_api_i5list,2,blog/,False,,
britishswimschool.com,services_other,us,British Swim School,inc.com_api_i5list,inc.com_api_i5list,148,blog/,True,,
inertiallabs.com,services_other,us,Inertial Labs,inc.com_api_i5list,inc.com_api_i5list,0,,False,,
mightyswell.com,ecommerce_retail,us,Mighty Swell Spiked Seltzers,inc.com_api_i5list,inc.com_api_i5list,27,blog/,True,,
backpackbang.com,services_other,us,Backpack,yc_directory,yc_directory,0,,False,,
fundmylawsuitnow.com,fintech_insurance,us,Nova Legal Funding,inc.com_api_i5list,inc.com_api_i5list,0,,False,,
onpointgroup.com,services_other,us,OnPoint Group,inc.com_api_i5list,inc.com_api_i5list,0,,False,,
highpointgutter.com,services_other,us,High Point Gutter,inc.com_api_i5list,inc.com_api_i5list,0,,False,,
sstid.com,services_other,us,Strategic Systems & Technology Corporation,inc.com_api_i5list,inc.com_api_i5list,52,blog/,True,,
habitlabs.com,ecommerce_retail,us,Habit Labs,yc_directory,yc_directory,88,blog.,True,,
ixisdigital.com,services_other,us,IXIS,inc.com_api_i5list,inc.com_api_i5list,0,,False,,
oh-deer.com,services_other,us,ohDEER South Shore,inc.com_api_i5list,inc.com_api_i5list,0,,False,,
windowworld-btr.com,services_other,us,Window World of Baton Rouge,inc.com_api_i5list,inc.com_api_i5list,43,blog/,True,,
idelic.com,software_saas,us,Idelic,inc.com_api_i5list,inc.com_api_i5list,25,blog.,True,,
clarionsecurity.com,services_other,us,Clarion Security,inc.com_api_i5list,inc.com_api_i5list,0,,False,,
investbamboo.com,fintech_insurance,us,Bamboo,yc_directory,yc_directory,47,blog.,True,,
abodeluxuryrentals.com,services_other,us,Abode Luxury Rentals,inc.com_api_i5list,inc.com_api_i5list,0,,False,,
ingrainworks.com,services_other,us,Ingrain Construction,inc.com_api_i5list,inc.com_api_i5list,0,,False,,
bsis-llc.com,services_other,us,Blue Sky Innovative Solutions,inc.com_api_i5list,inc.com_api_i5list,0,,False,,
lajollalogic.com,services_other,us,La Jolla Logic,inc.com_api_i5list,inc.com_api_i5list,0,,False,,
ttchicago.com,services_other,us,TradeTec Skyline,inc.com_api_i5list,inc.com_api_i5list,0,,False,,
moresurfacecare.com,ecommerce_retail,us,MORE Surface Care,inc.com_api_i5list,inc.com_api_i5list,31,blog/,True,,
aletatechnologies.com,software_saas,us,Aleta Technologies,inc.com_api_i5list,inc.com_api_i5list,0,,False,,
plivo.com,software_saas,us,Plivo,yc_directory,yc_directory,160,blog/,True,,
cloudmybiz.com,services_other,us,CloudMyBiz,inc.com_api_i5list,inc.com_api_i5list,0,,False,,
upstreamlife.us,fintech_insurance,us,Upstream Life Insurance Company,inc.com_api_i5list,inc.com_api_i5list,0,,False,,
mineralsoft.com,software_saas,us,MineralSoft,yc_directory,yc_directory,0,,False,,
casinopromoproducts.com,services_other,us,Proforma Bay Business Resources,inc.com_api_i5list,inc.com_api_i5list,0,,False,,
pitviper.com,ecommerce_retail,us,Pit Viper,inc.com_api_i5list,inc.com_api_i5list,0,,False,,
agapetransportation.com,health,us,Agape Luxury Corp,inc.com_api_i5list,inc.com_api_i5list,0,,False,,
gotreehouse.com,edtech,us,Treehouse,yc_directory,yc_directory,4,blog.,False,,
alloutparkinglots.com,services_other,us,All Out Parking Lots,inc.com_api_i5list,inc.com_api_i5list,0,,False,,
enhancers.it,services_other,eu,Enhancers,ft1000_wayback:20220301043147,ft1000_wayback:20220301043147,0,,False,,
mystery.org,edtech,us,Mystery.org,inc.com_api_i5list,inc.com_api_i5list,0,,False,,
farmgirlflowers.com,ecommerce_retail,us,Farmgirl Flowers,inc.com_api_i5list,inc.com_api_i5list,4,blog/,False,,
advancedoperationspartners.com,services_other,us,Advanced Operations Partners,inc.com_api_i5list,inc.com_api_i5list,0,,False,,
leapros.com,services_other,us,Leapros,inc.com_api_i5list,inc.com_api_i5list,0,,False,,
thebeverlyhillsestates.com,services_other,us,The Beverly Hills Estates,inc.com_api_i5list,inc.com_api_i5list,0,,False,,
keynua.com,software_saas,us,Keynua,yc_directory,yc_directory,1,blog.,False,,
stackshine.com,fintech_insurance,us,Stackshine,yc_directory,yc_directory,0,,False,,
scynceled.com,ecommerce_retail,us,Scynce LED,inc.com_api_i5list,inc.com_api_i5list,57,blog/,True,,
glhunt.com,services_other,us,GL Hunt Co.,inc.com_api_i5list,inc.com_api_i5list,20,blog/,False,,
intechtrailers.com,ecommerce_retail,us,inTech Trailers,inc.com_api_i5list,inc.com_api_i5list,0,,False,,
privy.com,software_saas,us,Privy,g2.com_wayback,g2.com_wayback,174,blog/,True,,
choice.xyz,fintech_insurance,us,Choice Merchant Solutions,inc.com_api_i5list,inc.com_api_i5list,0,,False,,
newenergyequity.com,services_other,us,New Energy Equity,inc.com_api_i5list,inc.com_api_i5list,46,blog.,True,,
paleovalley.com,health,us,Paleovalley,inc.com_api_i5list,inc.com_api_i5list,0,,False,,
up.codes,software_saas,us,UpCodes,yc_directory,yc_directory,0,,False,,
gappsgroup.com,services_other,eu,Gapps,ft1000_wayback:20220301043147,ft1000_wayback:20220301043147,14,blog/,False,,
bigelk.com,services_other,us,Big Elk Energy Systems,inc.com_api_i5list,inc.com_api_i5list,0,,False,,
pegcompanies.com,services_other,us,PEG Compaines,inc.com_api_i5list,inc.com_api_i5list,0,,False,,
wereno.com,services_other,us,WeReno,yc_directory,yc_directory,12,blog/,False,,
keepingcurrentmatters.com,services_other,us,Keeping Current Matters,inc.com_api_i5list,inc.com_api_i5list,1,blog/,False,,
romariccorp.com,software_saas,us,Romaric Automation Design,inc.com_api_i5list,inc.com_api_i5list,1,blog/,False,,
spinnakerconsultinggroup.com,services_other,us,Spinnaker Consulting Group,inc.com_api_i5list,inc.com_api_i5list,0,,False,,
kipsu.com,software_saas,us,Kipsu Inc,inc.com_api_i5list,inc.com_api_i5list,194,blog/,True,,
sustainablesupply.com,ecommerce_retail,us,Sustainable Supply,inc.com_api_i5list,inc.com_api_i5list,77,blog.,True,,
staffdna.com,health,us,StaffDNA,inc.com_api_i5list,inc.com_api_i5list,0,,False,,
varsal.com,services_other,us,Varsal,inc.com_api_i5list,inc.com_api_i5list,0,,False,,
steelroot.us,services_other,us,Steel Root,inc.com_api_i5list,inc.com_api_i5list,0,,False,,
letterdrop.com,software_saas,us,Letterdrop,yc_directory,yc_directory,45,blog/,True,,
jiminys.com,ecommerce_retail,us,Jiminy's,inc.com_api_i5list,inc.com_api_i5list,89,blog/,True,,
cofactr.com,software_saas,us,Cofactr,yc_directory,yc_directory,6,blog/,False,,
dialect.to,devtools,us,Dialect,yc_directory,yc_directory,0,,False,,
glideplatform.com,fintech_insurance,us,Glide Capital,inc.com_api_i5list,inc.com_api_i5list,0,,False,,
meritfa.com,fintech_insurance,us,Merit Financial Advisors,inc.com_api_i5list,inc.com_api_i5list,0,,False,,
kclengineering.com,services_other,us,KCL Engineering,inc.com_api_i5list,inc.com_api_i5list,0,,False,,
juliannarae.com,ecommerce_retail,us,Julianna Rae,inc.com_api_i5list,inc.com_api_i5list,132,blog/,True,,
pdq.com,software_saas,us,PDQ.com Corporation,inc.com_api_i5list,inc.com_api_i5list,155,blog/,True,,
mackeyadvisors.com,fintech_insurance,us,MACKEY,inc.com_api_i5list,inc.com_api_i5list,2,blog/,False,,
legaleaseplan.com,fintech_insurance,us,LegalEASE,inc.com_api_i5list,inc.com_api_i5list,0,,False,,
employdrive.com,software_saas,us,Employdrive,inc.com_api_i5list,inc.com_api_i5list,0,,False,,
heartland.us,fintech_insurance,us,Heartland Payroll,g2.com_wayback,g2.com_wayback,0,,False,,
alokai.com,devtools,eu,Alokai,yc_directory,yc_directory,0,,False,,
elpha.com,services_other,us,Elpha,yc_directory,yc_directory,0,,False,,
bentonroofing.com,services_other,us,Benton Roofing,inc.com_api_i5list,inc.com_api_i5list,0,,False,,
govpredict.com,software_saas,us,GovPredict,yc_directory,yc_directory,57,blog/,True,,
tuvahealth.com,health,us,Tuva Health,yc_directory,yc_directory,0,,False,,
strongeru.com,health,us,Stronger U Nutrition,inc.com_api_i5list,inc.com_api_i5list,265,blog/,True,,
procureitnetwork.com,software_saas,us,ProcureIT Network,inc.com_api_i5list,inc.com_api_i5list,0,,False,,
hologenixllc.com,health,us,Hologenix LLC,inc.com_api_i5list,inc.com_api_i5list,0,,False,,
volteodigital.com,services_other,us,Volteo Digital,inc.com_api_i5list,inc.com_api_i5list,0,,False,,
kindful.com,software_saas,us,Kindful,inc.com_api_i5list,inc.com_api_i5list,226,blog/,True,,
upfort.com,fintech_insurance,us,Upfort,yc_directory,yc_directory,0,,False,,
lucidiait.com,services_other,us,Lucidia IT,inc.com_api_i5list,inc.com_api_i5list,3,blog/,False,,
evansconsulting.com,services_other,us,Evans Incorporated,inc.com_api_i5list,inc.com_api_i5list,0,,False,,
vac2go.com,services_other,us,Vac2Go,inc.com_api_i5list,inc.com_api_i5list,1,blog/,False,,
massageluxe.com,health,us,Massage Luxe International,inc.com_api_i5list,inc.com_api_i5list,0,,False,,
aspsys.com,services_other,us,Aspen Systems,inc.com_api_i5list,inc.com_api_i5list,1,blog/,False,,
exbsolutions.com,software_saas,us,EXB Solutions,inc.com_api_i5list,inc.com_api_i5list,0,,False,,
tatcs.com,services_other,us,T and T Consulting Services,inc.com_api_i5list,inc.com_api_i5list,0,,False,,
okayhq.com,software_saas,us,Okay,yc_directory,yc_directory,12,blog/,False,,
hutsy.co,services_other,us,Hutsy,yc_directory,yc_directory,0,,False,,
keends.com,software_saas,us,Keen Decision Systems,inc.com_api_i5list,inc.com_api_i5list,0,,False,,
keychainlogistics.com,software_saas,us,Keychain Logistics,yc_directory,yc_directory,19,blog.,False,,
unitedmedco.com,services_other,us,United Medco,inc.com_api_i5list,inc.com_api_i5list,0,,False,,
cap-rx.com,health,us,Capital Rx,inc.com_api_i5list,inc.com_api_i5list,0,,False,,
infoverity.com,services_other,us,Infoverity,inc.com_api_i5list,inc.com_api_i5list,28,blog/,True,,
unitedsolutions.biz,services_other,us,United Solutions,inc.com_api_i5list,inc.com_api_i5list,0,,False,,
bookkeeper360.com,services_other,us,Bookkeeper360,inc.com_api_i5list,inc.com_api_i5list,172,blog/,True,,
symplr.com,health,us,Vendor Credentialing Service,inc.com_api_i5list,inc.com_api_i5list,213,blog/,True,,
avocademy.com,edtech,us,Avocademy,yc_directory,yc_directory,85,blog/,True,,
consolidatedanalytics.com,fintech_insurance,us,Consolidated Analytics,inc.com_api_i5list,inc.com_api_i5list,0,,False,,
jobspice.com,services_other,us,Jobspice,yc_directory,yc_directory,1,blog.,False,,
cenero.com,services_other,us,Cenero,inc.com_api_i5list,inc.com_api_i5list,7,resources/,False,,
bimaplan.co,fintech_insurance,us,Bimaplan,yc_directory,yc_directory,0,,False,,
7layers.com,services_other,eu,7Layers,ft1000_wayback:20210331132419,ft1000_wayback:20210331132419,223,blog/,True,,
blackbear.tech,services_other,us,Black Bear Technology Solutions,inc.com_api_i5list,inc.com_api_i5list,0,,False,,
abpelectrical.com,services_other,us,ABP Electrical Systems,inc.com_api_i5list,inc.com_api_i5list,0,,False,,
anyvite.com,software_saas,us,Anyvite,yc_directory,yc_directory,50,blog/,True,,
kinga-mathe.com,ecommerce_retail,eu,Kinga Mathe,ft1000_wayback:20220301043147,ft1000_wayback:20220301043147,2,blog/,False,,
cybersecurityintelligence.com,services_other,eu,Radar Cyber Security,ft1000_wayback:20220301043147,ft1000_wayback:20220301043147,382,blog/,True,,
justappraised.com,software_saas,us,Just Appraised,yc_directory,yc_directory,0,,False,,
mailtime.com,software_saas,us,MailTime,yc_directory,yc_directory,37,blog.,True,,
2020gene.com,health,us,20/20 GeneSystems,inc.com_api_i5list,inc.com_api_i5list,0,,False,,
markspain.com,services_other,us,Mark Spain Real Estate,inc.com_api_i5list,inc.com_api_i5list,260,blog/,True,,
cardmyyard.com,ecommerce_retail,us,Card My Yard,inc.com_api_i5list,inc.com_api_i5list,0,,False,,
fao-consulting.com,services_other,eu,FAO Consulting,ft1000_wayback:20220301043147,ft1000_wayback:20220301043147,0,,False,,
inovapayroll.com,software_saas,us,Inova Payroll,inc.com_api_i5list,inc.com_api_i5list,87,blog.,True,,
onestepgps.com,software_saas,us,One Step GPS,inc.com_api_i5list,inc.com_api_i5list,2,blog/,False,,
scanwellhealth.com,health,us,Scanwell Health,yc_directory,yc_directory,8,blog/,False,,
soccershotsfranchising.com,services_other,us,Soccer Shots Franchising,inc.com_api_i5list,inc.com_api_i5list,16,blog/,False,,
epwealth.com,fintech_insurance,us,EP Wealth Advisors,inc.com_api_i5list,inc.com_api_i5list,0,,False,,
techorbit.com,services_other,us,Techorbit,inc.com_api_i5list,inc.com_api_i5list,0,,False,,
blitzesports.com,services_other,us,Blitz Esports,yc_directory,yc_directory,0,,False,,
collision-works.com,services_other,us,Collision Works,inc.com_api_i5list,inc.com_api_i5list,0,,False,,
menten.ai,health,us,Menten AI,yc_directory,yc_directory,0,,False,,
letstalkinteractive.com,health,,Let's Talk Telehealth Video Conferencing Office Suite,g2.com_wayback,g2.com_wayback,153,blog/,True,,
hashkitchen.com,ecommerce_retail,us,Hash Kitchen,inc.com_api_i5list,inc.com_api_i5list,0,,False,,
momentus.space,services_other,us,Momentus,yc_directory,yc_directory,0,,False,,
fundrise.com,fintech_insurance,us,Fundrise,inc.com_api_i5list,inc.com_api_i5list,377,blog.,True,,
pics-itech.com,services_other,us,Professional Implementation Consulting Services In,inc.com_api_i5list,inc.com_api_i5list,63,blog.,True,,
eatwellnashville.com,ecommerce_retail,us,Eat Well Nashville,inc.com_api_i5list,inc.com_api_i5list,140,blog/,True,,
compassmsp.com,services_other,us,CompassMSP,inc.com_api_i5list,inc.com_api_i5list,0,,False,,
jacksonhedden.com,services_other,us,Jackson Hedden,inc.com_api_i5list,inc.com_api_i5list,0,,False,,
urbanfootprint.com,software_saas,us,UrbanFootprint,inc.com_api_i5list,inc.com_api_i5list,0,,False,,
usefulbi.com,services_other,us,UsefulBI Corporation,inc.com_api_i5list,inc.com_api_i5list,0,,False,,
universum.ro,services_other,eu,Universum Events,ft1000_wayback:20230425220624,ft1000_wayback:20230425220624,1,blog/,False,,
detroitwingco.com,ecommerce_retail,us,Detroit Wing Company,inc.com_api_i5list,inc.com_api_i5list,0,,False,,
doxy.me,health,us,Doxy.me,g2.com_wayback,g2.com_wayback,65,blog/,True,,
pecnw.com,services_other,us,Pacific Energy Concepts,inc.com_api_i5list,inc.com_api_i5list,19,blog/,False,,
nomadgoods.com,ecommerce_retail,us,Nomad Goods,inc.com_api_i5list,inc.com_api_i5list,53,blog/,True,,
benton-georgia.com,services_other,us,Benton Georgia,inc.com_api_i5list,inc.com_api_i5list,0,,False,,
markaz.app,ecommerce_retail,us,Markaz Technologies,yc_directory,yc_directory,77,blog/,True,,
rehook.ai,software_saas,us,Rehook.ai,yc_directory,yc_directory,0,,False,,
squire.ai,devtools,us,Squire.ai,yc_directory,yc_directory,0,,False,,
teleo.ai,services_other,us,Teleo,yc_directory,yc_directory,1,blog/,False,,
getfishtank.ca,services_other,us,Moosend,g2.com_wayback,g2.com_wayback,316,blog/,True,,
zuddl.com,software_saas,us,Zuddl,yc_directory,yc_directory,79,blog/,True,,
carrollorg.com,services_other,us,Carroll Organization,inc.com_api_i5list,inc.com_api_i5list,0,,False,,
tajir.app,ecommerce_retail,us,Tajir,yc_directory,yc_directory,2,blog/,False,,
rtgmedical.com,health,us,RTG Medical,inc.com_api_i5list,inc.com_api_i5list,174,blog.,True,,
erewhonmarket.com,ecommerce_retail,us,Erewhon,inc.com_api_i5list,inc.com_api_i5list,4,blog/,False,,
livestorm.co,software_saas,eu,Livestorm,ft1000_wayback:20210331132419,ft1000_wayback:20210331132419,219,blog/,True,,
surgeonandassociates.com,services_other,us,Surgeon and Associates,inc.com_api_i5list,inc.com_api_i5list,0,,False,,
trafficsafetystore.com,ecommerce_retail,us,MUVZ,inc.com_api_i5list,inc.com_api_i5list,225,blog/,True,,
fwpromo.com,ecommerce_retail,us,Just Right Products,inc.com_api_i5list,inc.com_api_i5list,0,,False,,
finflx.com,software_saas,us,FinFlx,yc_directory,yc_directory,1,blog/,False,,
resnickroof.com,services_other,us,Resnick Roofing & Contracting,inc.com_api_i5list,inc.com_api_i5list,36,blog/,True,,
idinsight.com,services_other,us,ID Insight,inc.com_api_i5list,inc.com_api_i5list,0,,False,,
powerhouseai.com,software_saas,us,Powerhouse AI,yc_directory,yc_directory,0,,False,,
thsconstructors.com,services_other,us,THS Constructors,inc.com_api_i5list,inc.com_api_i5list,0,,False,,
sageservicesgroup.com,health,us,Sage Services Group,inc.com_api_i5list,inc.com_api_i5list,0,,False,,
postscript.io,software_saas,us,Postscript,yc_directory,yc_directory,123,blog/,True,,
degoo.com,software_saas,eu,Degoo,ft1000_wayback:20220301043147,ft1000_wayback:20220301043147,1,blog/,False,,
gitprime.com,devtools,us,GitPrime,yc_directory,yc_directory,313,blog.,True,,
realvnc.com,software_saas,other,VNC Connect,g2.com_wayback,g2.com_wayback,0,,False,,
batteryrecyclersofamerica.com,services_other,us,Battery Recyclers of America,inc.com_api_i5list,inc.com_api_i5list,19,blog/,False,,
bigbinary.com,services_other,us,BigBinary,inc.com_api_i5list,inc.com_api_i5list,271,blog/,True,,
encapture.com,software_saas,us,Encapture,inc.com_api_i5list,inc.com_api_i5list,11,blog/,False,,
corsicatech.com,services_other,us,Corsica Technologies,inc.com_api_i5list,inc.com_api_i5list,259,blog/,True,,
glidefast.com,services_other,us,GlideFast Consulting,inc.com_api_i5list,inc.com_api_i5list,0,,False,,
inboxhealth.com,health,us,Inbox Health Corp.,inc.com_api_i5list,inc.com_api_i5list,14,blog.,False,,
bellabeat.com,health,us,Bellabeat,yc_directory,yc_directory,188,blog/,True,,
aspenfunds.us,fintech_insurance,us,Aspen Funds,inc.com_api_i5list,inc.com_api_i5list,0,,False,,
shipblu.com,services_other,us,ShipBlu,yc_directory,yc_directory,0,,False,,
prevu.com,services_other,us,Prevu,inc.com_api_i5list,inc.com_api_i5list,260,blog/,True,,
aspora.com,fintech_insurance,eu,Aspora,yc_directory,yc_directory,0,,False,,
sequentur.com,services_other,us,Sequentur,inc.com_api_i5list,inc.com_api_i5list,5,blog/,False,,
competitivehealth.com,health,us,Competitive Health,inc.com_api_i5list,inc.com_api_i5list,0,,False,,
kestersearch.com,services_other,us,Kester Search Group,inc.com_api_i5list,inc.com_api_i5list,0,,False,,
westpacwealth.com,fintech_insurance,us,WestPac Wealth Partners,inc.com_api_i5list,inc.com_api_i5list,76,blog/,True,,
braviumconsulting.com,services_other,us,Bravium Consulting,inc.com_api_i5list,inc.com_api_i5list,0,,False,,
nexussystems.com,software_saas,us,Nexus Systems,inc.com_api_i5list,inc.com_api_i5list,45,blog.,True,,
agilethought.com,services_other,us,AgileThought,inc.com_api_i5list,inc.com_api_i5list,161,blog/,True,,
nuwavemarine.com,ecommerce_retail,us,NuWave Marine,inc.com_api_i5list,inc.com_api_i5list,0,,False,,
pingidentity.com,software_saas,us,Ping Identity,g2.com_wayback,g2.com_wayback,97,blog/,True,,
splendidspoon.com,ecommerce_retail,us,Splendid Spoon,inc.com_api_i5list,inc.com_api_i5list,379,blog/,True,,
globaltekforce.com,services_other,us,Globaltekforcecom,inc.com_api_i5list,inc.com_api_i5list,0,,False,,
berndtcpa.com,services_other,us,Berndt CPA,inc.com_api_i5list,inc.com_api_i5list,395,blog/,True,,
getlokalapp.com,ecommerce_retail,us,Lokal,yc_directory,yc_directory,0,,False,,
shipktb.com,services_other,us,KTB Global,inc.com_api_i5list,inc.com_api_i5list,0,,False,,
kyoelectric.es,ecommerce_retail,eu,Kyo Electric,ft1000_wayback:20220301043147,ft1000_wayback:20220301043147,0,,False,,
intekfreight-logistics.com,services_other,us,InTek Freight & Logistics,inc.com_api_i5list,inc.com_api_i5list,181,blog.,True,,
tylerscoffees.com,ecommerce_retail,us,Tylers Coffees,inc.com_api_i5list,inc.com_api_i5list,117,blog/,True,,
erpmaestro.com,software_saas,us,ERP Maestro,inc.com_api_i5list,inc.com_api_i5list,33,blog.,True,,
passagetechnology.com,software_saas,us,Passage Technology,inc.com_api_i5list,inc.com_api_i5list,1,blog/,False,,
lumiodental.com,health,us,Lumio Dental,inc.com_api_i5list,inc.com_api_i5list,0,,False,,
tcpamd.com,health,us,Transitional Care Physicians of America,inc.com_api_i5list,inc.com_api_i5list,0,,False,,
rosebud.ai,devtools,us,Rosebud AI,yc_directory,yc_directory,0,,False,,
mavoco.com,software_saas,eu,Mavoco,ft1000_wayback:20210331132419,ft1000_wayback:20210331132419,1,blog/,False,,
maverickpayments.com,fintech_insurance,us,Maverick Bankcard,inc.com_api_i5list,inc.com_api_i5list,0,,False,,
steamlogistics.com,services_other,us,Steam Logistics,inc.com_api_i5list,inc.com_api_i5list,0,,False,,
fabric.me,software_saas,us,Fabric,yc_directory,yc_directory,0,,False,,
cosentus.com,health,us,Cosentus,inc.com_api_i5list,inc.com_api_i5list,26,blog.,True,,
inforeadycorp.com,edtech,us,InfoReady,inc.com_api_i5list,inc.com_api_i5list,0,,False,,
ptecsolutions.com,services_other,us,PTEC Solutions,inc.com_api_i5list,inc.com_api_i5list,0,,False,,
tiriel.ai,software_saas,us,Tiriel AI,yc_directory,yc_directory,0,,False,,
sundialpowdercoating.com,services_other,us,Sundial Powder Coating,inc.com_api_i5list,inc.com_api_i5list,18,blog/,False,,
guideduportage.com,services_other,eu,Sta Portage,ft1000_wayback:20210331132419,ft1000_wayback:20210331132419,0,,False,,
alorica.com,services_other,us,Alorica,inc.com_api_i5list,inc.com_api_i5list,0,,False,,
keytech.it,software_saas,eu,Keytech,ft1000_wayback:20210331132419,ft1000_wayback:20210331132419,0,,False,,
meridianpacificproperties.com,services_other,us,Meridian Pacific Properties,inc.com_api_i5list,inc.com_api_i5list,42,blog/,True,,
kinectsolar.com,services_other,us,Kinect Solar,inc.com_api_i5list,inc.com_api_i5list,0,,False,,
mixtsolutions.com,services_other,us,Mixt Solutions,inc.com_api_i5list,inc.com_api_i5list,0,,False,,
iticket.law,services_other,us,iTicket.law,inc.com_api_i5list,inc.com_api_i5list,0,,False,,
payercompass.com,health,us,Payer Compass,inc.com_api_i5list,inc.com_api_i5list,0,,False,,
livedocs.com,software_saas,us,Livedocs,yc_directory,yc_directory,0,,False,,
winelivery.com,ecommerce_retail,eu,Winelivery,ft1000_wayback:20220301043147,ft1000_wayback:20220301043147,183,blog.,True,,
gcsglassandmirror.com,services_other,us,GCS Glass,inc.com_api_i5list,inc.com_api_i5list,0,,False,,
forcura.com,health,us,Forcura,inc.com_api_i5list,inc.com_api_i5list,113,blog/,True,,
drymedic.com,services_other,us,DRYmedic Restoration Services,inc.com_api_i5list,inc.com_api_i5list,0,,False,,
180contractors.com,services_other,us,180 Contractors,inc.com_api_i5list,inc.com_api_i5list,0,,False,,
prioritylighting.com,ecommerce_retail,us,Priority Lighting,inc.com_api_i5list,inc.com_api_i5list,8,blog/,False,,
fsparkcity.com,services_other,us,Four Seasons Concierge Transportation,inc.com_api_i5list,inc.com_api_i5list,0,,False,,
lendingsciencedm.com,services_other,us,Lending Science DM,inc.com_api_i5list,inc.com_api_i5list,0,,False,,
beepnetworks.com,services_other,us,Beep,yc_directory,yc_directory,6,blog.,False,,
torklaw.com,services_other,us,TORKLAW,inc.com_api_i5list,inc.com_api_i5list,20,blog/,False,,
coreimaging.com,health,us,CoreUltrasound Equipment,inc.com_api_i5list,inc.com_api_i5list,0,,False,,
hirerising.com,services_other,us,HireRising,inc.com_api_i5list,inc.com_api_i5list,0,,False,,
ninetwothree.co,services_other,us,NineTwoThree Ai Studio,inc.com_api_i5list,inc.com_api_i5list,166,blog/,True,,
thigpenenergy.com,services_other,us,Thigpen Energy,inc.com_api_i5list,inc.com_api_i5list,0,,False,,
floatpays.com,fintech_insurance,us,Floatpays Inc,yc_directory,yc_directory,0,,False,,
octopart.com,ecommerce_retail,us,Octopart,yc_directory,yc_directory,180,blog/,True,,
odmva.com,services_other,us,Old Dominion Mechanical,inc.com_api_i5list,inc.com_api_i5list,0,,False,,
onexte.cm,services_other,us,Onexte Consulting,inc.com_api_i5list,inc.com_api_i5list,0,,False,,
yoursix.com,software_saas,us,YourSix,inc.com_api_i5list,inc.com_api_i5list,0,,False,,
overwatchimaging.com,software_saas,us,Overwatch Imaging,inc.com_api_i5list,inc.com_api_i5list,0,,False,,
iconicit.com,services_other,us,Iconic IT,inc.com_api_i5list,inc.com_api_i5list,72,blog/,True,,
relieffactor.com,health,us,Relief Factor,inc.com_api_i5list,inc.com_api_i5list,23,blog/,False,,
textiq.com,software_saas,us,Text IQ,inc.com_api_i5list,inc.com_api_i5list,112,blog/,True,,
swellcx.com,software_saas,us,Swell,g2.com_wayback,g2.com_wayback,117,resources/,True,,
bedsbygeorge.com,ecommerce_retail,us,Beds by George,inc.com_api_i5list,inc.com_api_i5list,0,,False,,
atlassian.com,devtools,other,Bamboo,g2.com_wayback,g2.com_wayback,45,blog/,True,,
apple.com,fintech_insurance,us,Apple Pay for merchants,g2.com_wayback,g2.com_wayback,0,,False,,
dexatel.com,software_saas,eu,Dexatel,ft1000_wayback:20220301043147,ft1000_wayback:20220301043147,60,blog/,True,,
labyrinthinc.com,services_other,us,Labyrinth,inc.com_api_i5list,inc.com_api_i5list,0,,False,,
getscopeai.com,software_saas,us,ScopeAI,yc_directory,yc_directory,5,blog.,False,,
objectivearea.com,services_other,us,Objective Area Solutions,inc.com_api_i5list,inc.com_api_i5list,0,,False,,
drivezy.com,services_other,us,Drivezy,yc_directory,yc_directory,0,,False,,
ddmsolutions.it,services_other,eu,Ddm Solutions,ft1000_wayback:20210331132419,ft1000_wayback:20210331132419,0,,False,,
wodify.com,software_saas,us,Wodify Technologies,inc.com_api_i5list,inc.com_api_i5list,41,blog/,True,,
celerity-uk.com,services_other,uk,Celerity,ft1000_wayback:20230425220624,ft1000_wayback:20230425220624,229,blog/,True,,
policonstruction.com,services_other,us,Poli Construction,inc.com_api_i5list,inc.com_api_i5list,20,blog/,False,,
lumasearch.com,services_other,us,LUMA Luxury Matchmaking,inc.com_api_i5list,inc.com_api_i5list,0,,False,,
lumaforge.com,services_other,us,LumaForge,inc.com_api_i5list,inc.com_api_i5list,32,blog/,True,,
teambonding.com,services_other,us,TeamBonding,inc.com_api_i5list,inc.com_api_i5list,48,blog/,True,,
gymclass.com,ecommerce_retail,us,Gym Class,yc_directory,yc_directory,0,,False,,
brightpower.com,services_other,us,Bright Power,inc.com_api_i5list,inc.com_api_i5list,0,,False,,
coreclinicalpartners.com,health,us,Core Clinical Partners,inc.com_api_i5list,inc.com_api_i5list,1,blog/,False,,
knesko.com,ecommerce_retail,us,Knesko,inc.com_api_i5list,inc.com_api_i5list,0,,False,,
lostboysinteractive.com,services_other,us,Lost Boys Interactive,inc.com_api_i5list,inc.com_api_i5list,0,,False,,
flowercompany.com,ecommerce_retail,us,FLOWER CO.,yc_directory,yc_directory,0,,False,,
mgillonline.com,services_other,us,M. GILL & ASSOCIATES,inc.com_api_i5list,inc.com_api_i5list,0,,False,,
medinetsrl.com,health,eu,Medinet,ft1000_wayback:20210331132419,ft1000_wayback:20210331132419,0,,False,,
aon3d.com,services_other,us,AON3D,yc_directory,yc_directory,2,blog/,False,,
uniquevintage.com,ecommerce_retail,us,Unique Vintage,inc.com_api_i5list,inc.com_api_i5list,0,,False,,
computersolutionseast.com,services_other,us,Computer Solutions East,inc.com_api_i5list,inc.com_api_i5list,156,blog/,True,,
capstonefire.com,services_other,us,Capstone Fire & Safety,inc.com_api_i5list,inc.com_api_i5list,0,,False,,
medmehealth.com,health,us,MedMe Health,yc_directory,yc_directory,15,blog/,False,,
triaxtec.com,software_saas,us,Triax Technologies,inc.com_api_i5list,inc.com_api_i5list,183,blog/,True,,
vrgcomponents.com,ecommerce_retail,us,VRG Components,inc.com_api_i5list,inc.com_api_i5list,0,,False,,
joinesp.com,services_other,us,Energy Service Partners,inc.com_api_i5list,inc.com_api_i5list,0,,False,,
cbchandler.com,services_other,us,CB Chandler Construction,inc.com_api_i5list,inc.com_api_i5list,0,,False,,
biogaseng.com,services_other,us,Biogas Engineering,inc.com_api_i5list,inc.com_api_i5list,0,,False,,
wealthability.com,fintech_insurance,us,WealthAbility,inc.com_api_i5list,inc.com_api_i5list,7,blog/,False,,
spotangels.com,ecommerce_retail,us,SpotAngels,yc_directory,yc_directory,149,blog/,True,,
kinside.com,services_other,us,Kinside,yc_directory,yc_directory,4,blog.,False,,
quakeholdindustrial.com,ecommerce_retail,us,QuakeHold! Industrial,inc.com_api_i5list,inc.com_api_i5list,0,,False,,
legitscript.com,services_other,us,LegitScript,inc.com_api_i5list,inc.com_api_i5list,325,blog/,True,,
pushbullet.com,software_saas,us,Pushbullet,yc_directory,yc_directory,88,blog.,True,,
kpremodeling.com,services_other,us,K & P Enterprises,inc.com_api_i5list,inc.com_api_i5list,1,blog/,False,,
adamspower.com,services_other,us,Adams,inc.com_api_i5list,inc.com_api_i5list,0,,False,,
gravityitresources.com,services_other,us,Gravity IT Resources,inc.com_api_i5list,inc.com_api_i5list,0,,False,,
scoutzie.com,services_other,us,Scoutzie,yc_directory,yc_directory,76,blog.,True,,
usa-mortgage.com,fintech_insurance,us,DAS Acquisition Company,inc.com_api_i5list,inc.com_api_i5list,94,blog/,True,,
replika.ai,software_saas,us,Replika,yc_directory,yc_directory,0,,False,,
irishcreekinc.com,services_other,us,Irish Creek Enterprises,inc.com_api_i5list,inc.com_api_i5list,0,,False,,
mendfamily.com,software_saas,,Mend,g2.com_wayback,g2.com_wayback,0,,False,,
entocycle.com,services_other,eu,Entocycle,yc_directory,yc_directory,0,,False,,
camcomgmt.com,services_other,us,Community Association Management Company (CAMCO),inc.com_api_i5list,inc.com_api_i5list,0,,False,,
awkwardstyles.com,ecommerce_retail,us,AWKWARD STYLES,inc.com_api_i5list,inc.com_api_i5list,92,blog/,True,,
pageonelegal.com,services_other,us,Page One,inc.com_api_i5list,inc.com_api_i5list,0,,False,,
intermountainelectronics.com,services_other,us,"Intermountain Electronics of Price, Utah",inc.com_api_i5list,inc.com_api_i5list,0,,False,,
marginedge.com,software_saas,us,MarginEdge,inc.com_api_i5list,inc.com_api_i5list,225,blog/,True,,
pragmaedge.com,services_other,us,Pragma Edge,inc.com_api_i5list,inc.com_api_i5list,1,blog/,False,,
etacts.com,software_saas,us,Etacts,yc_directory,yc_directory,0,,False,,
patternlife.com,fintech_insurance,us,Pattern,inc.com_api_i5list,inc.com_api_i5list,167,blog/,True,,
cfico.com,services_other,us,Comprehensive Finance (CFI),inc.com_api_i5list,inc.com_api_i5list,0,,False,,
crosslaketech.com,services_other,us,Crosslake Technologies,inc.com_api_i5list,inc.com_api_i5list,88,blog.,True,,
einsteinmoving.com,services_other,us,Einstein Moving Company,inc.com_api_i5list,inc.com_api_i5list,0,,False,,
intakeq.com,health,other,IntakeQ,g2.com_wayback,g2.com_wayback,135,blog.,True,,
urbankisaan.com,ecommerce_retail,us,UrbanKisaan,yc_directory,yc_directory,54,blog/,True,,
callquality.com,services_other,us,Quality Mobile Home Services,inc.com_api_i5list,inc.com_api_i5list,0,,False,,
gromo.in,fintech_insurance,us,GroMo,yc_directory,yc_directory,11,blog.,False,,
vayable.com,ecommerce_retail,us,Vayable,yc_directory,yc_directory,115,blog.,True,,
expresschem.com,ecommerce_retail,us,Express Chem,inc.com_api_i5list,inc.com_api_i5list,0,,False,,
proudmomentsaba.com,health,us,Proud Moments ABA,inc.com_api_i5list,inc.com_api_i5list,0,,False,,
quickchat.ai,software_saas,eu,Quickchat AI,yc_directory,yc_directory,17,blog.,False,,
fourthandheart.com,ecommerce_retail,us,4th & Heart,inc.com_api_i5list,inc.com_api_i5list,113,blog/,True,,
noblecapital.com,fintech_insurance,us,Noble Capital Group,inc.com_api_i5list,inc.com_api_i5list,0,,False,,
openunit.com,software_saas,us,OpenUnit,yc_directory,yc_directory,0,,False,,
dbsiservices.com,services_other,us,Databased Solutions,inc.com_api_i5list,inc.com_api_i5list,0,,False,,
rooftek.com,services_other,us,RoofTek,inc.com_api_i5list,inc.com_api_i5list,31,blog/,True,,
peakflo.co,fintech_insurance,us,Peakflo,yc_directory,yc_directory,33,blog/,True,,
paddle.com,fintech_insurance,other,Paddle,g2.com_wayback,g2.com_wayback,305,blog/,True,,
activeloop.ai,devtools,us,Activeloop,yc_directory,yc_directory,27,resources/,True,,
belvoir.net,services_other,us,Belvoir Real Estate Group,inc.com_api_i5list,inc.com_api_i5list,0,,False,,
beehiveplumbing.com,services_other,us,Quick Response Plumbing,inc.com_api_i5list,inc.com_api_i5list,0,,False,,
xevant.com,health,us,Xevant,inc.com_api_i5list,inc.com_api_i5list,28,blog/,True,,
ebsassociates.com,fintech_insurance,us,Ebs Associates,inc.com_api_i5list,inc.com_api_i5list,26,blog/,True,,
optery.com,services_other,us,Optery,yc_directory,yc_directory,0,,False,,
marathon.edu.vn,edtech,us,Marathon Education,yc_directory,yc_directory,264,blog.,True,,
roomraccoon.com,software_saas,eu,RoomRaccoon,ft1000_wayback:20220301043147,ft1000_wayback:20220301043147,45,blog/,True,,
entercastle.com,services_other,us,Castle,yc_directory,yc_directory,23,blog.,False,,
kitrum.com,services_other,us,Kitrum,inc.com_api_i5list,inc.com_api_i5list,139,blog/,True,,
geckoengage.com,edtech,uk,Gecko Labs,ft1000_wayback:20230425220624,ft1000_wayback:20230425220624,0,,False,,
sebpo.com,services_other,us,SEBPO,inc.com_api_i5list,inc.com_api_i5list,0,,False,,
tekstream.com,services_other,us,TekStream,inc.com_api_i5list,inc.com_api_i5list,135,blog/,True,,
arylla.com,services_other,us,Arylla,yc_directory,yc_directory,11,blog/,False,,
safelifedefense.com,ecommerce_retail,us,Safe Life Defense,inc.com_api_i5list,inc.com_api_i5list,32,blog/,True,,
siasolutions.com,services_other,us,SIA Solutions,inc.com_api_i5list,inc.com_api_i5list,0,,False,,
berexia.com,services_other,eu,Berexia,ft1000_wayback:20230425220624,ft1000_wayback:20230425220624,0,,False,,
criticallink.com,services_other,us,Critical Link,inc.com_api_i5list,inc.com_api_i5list,21,blog/,False,,
mequilibrium.com,software_saas,us,New Life Solution,inc.com_api_i5list,inc.com_api_i5list,288,resources/,True,,
alacrinet.com,services_other,us,Alacrinet Consulting Services,inc.com_api_i5list,inc.com_api_i5list,0,,False,,
omniscience.com,software_saas,us,Omniscience Corporation,inc.com_api_i5list,inc.com_api_i5list,0,,False,,
worthpoint.com,ecommerce_retail,us,WorthPoint Corporation,inc.com_api_i5list,inc.com_api_i5list,274,blog/,True,,
una.com,services_other,us,UNA,inc.com_api_i5list,inc.com_api_i5list,144,blog.,True,,
wwindtech.com,services_other,us,WhirlWind Technologies,inc.com_api_i5list,inc.com_api_i5list,0,,False,,
corp2000.com,services_other,us,Corp2000,inc.com_api_i5list,inc.com_api_i5list,0,,False,,
swiftsku.com,software_saas,us,SwiftSku,yc_directory,yc_directory,1,blog/,False,,
signadot.com,devtools,us,Signadot,yc_directory,yc_directory,7,blog/,False,,
discoverorg.com,software_saas,us,DiscoverOrg,inc.com_api_i5list,inc.com_api_i5list,237,blog/,True,,
tropicalgardenslandscape.com,services_other,us,Tropical Gardens Lawn and Landscape,inc.com_api_i5list,inc.com_api_i5list,37,blog/,True,,
closetamerica.com,services_other,us,Closet America,inc.com_api_i5list,inc.com_api_i5list,0,,False,,
demandsphere.com,software_saas,us,DemandSphere,yc_directory,yc_directory,324,blog/,True,,
all4inc.com,services_other,us,ALL4,inc.com_api_i5list,inc.com_api_i5list,0,,False,,
mckeehomesnc.com,services_other,us,McKee Homes,inc.com_api_i5list,inc.com_api_i5list,128,blog/,True,,
lgcypower.com,services_other,us,LGCY Power,inc.com_api_i5list,inc.com_api_i5list,17,blog/,False,,
starburst.io,software_saas,us,Starburst,inc.com_api_i5list,inc.com_api_i5list,184,blog/,True,,
pbirx.com,fintech_insurance,us,PBIRx,inc.com_api_i5list,inc.com_api_i5list,0,,False,,
quiq.com,software_saas,us,Quiq,inc.com_api_i5list,inc.com_api_i5list,266,blog/,True,,
itprosusa.com,services_other,us,Information Technology Professionals,inc.com_api_i5list,inc.com_api_i5list,135,blog.,True,,
empiresolargroup.com,services_other,us,Empire Solar Group,inc.com_api_i5list,inc.com_api_i5list,0,,False,,
danasbakery.com,ecommerce_retail,us,Dana's Bakery,inc.com_api_i5list,inc.com_api_i5list,0,,False,,
engageveracity.com,services_other,us,Veracity Consulting,inc.com_api_i5list,inc.com_api_i5list,0,,False,,
intelycare.com,health,us,IntelyCare,inc.com_api_i5list,inc.com_api_i5list,332,blog/,True,,
realmanage.com,services_other,us,RealManage,inc.com_api_i5list,inc.com_api_i5list,255,blog.,True,,
thermal.com,services_other,us,Seek Thermal,inc.com_api_i5list,inc.com_api_i5list,0,,False,,
alorecovery.com,health,us,Alo House Recovery Centers,inc.com_api_i5list,inc.com_api_i5list,0,,False,,
avtecdental.com,health,us,Avtec Dental,inc.com_api_i5list,inc.com_api_i5list,0,,False,,
colemanfurniture.com,ecommerce_retail,us,Renegade Furniture Group,inc.com_api_i5list,inc.com_api_i5list,148,blog/,True,,
telliant.com,services_other,us,Telliant Systems,inc.com_api_i5list,inc.com_api_i5list,77,blog.,True,,
aspenexteriors.com,services_other,us,Aspen Exteriors,inc.com_api_i5list,inc.com_api_i5list,0,,False,,
luotocompany.fi,services_other,eu,Luoto Company,ft1000_wayback:20220301043147,ft1000_wayback:20220301043147,0,,False,,
compliancequest.com,software_saas,us,ComplianceQuest,inc.com_api_i5list,inc.com_api_i5list,318,blog/,True,,
icryo.com,health,us,iCRYO Brands,inc.com_api_i5list,inc.com_api_i5list,17,blog.,False,,
alias.design,ecommerce_retail,eu,Alias Group,ft1000_wayback:20210331132419,ft1000_wayback:20210331132419,0,,False,,
synapticpediatrictherapies.com,health,us,Synaptic Pediatric Therapies,inc.com_api_i5list,inc.com_api_i5list,0,,False,,
contalink.com,software_saas,us,Contalink,yc_directory,yc_directory,34,blog/,True,,
cocc.com,fintech_insurance,us,COCC,inc.com_api_i5list,inc.com_api_i5list,0,,False,,
whatsyourgusto.com,ecommerce_retail,us,gusto!,inc.com_api_i5list,inc.com_api_i5list,0,,False,,
aaprintsupplyco.com,ecommerce_retail,us,All American Print Supply,inc.com_api_i5list,inc.com_api_i5list,46,blog/,True,,
mcidiagnostics.com,health,us,Mobile Cardiac Imaging,inc.com_api_i5list,inc.com_api_i5list,0,,False,,
bloomtech.com,edtech,us,Bloom Institute of Technology,yc_directory,yc_directory,42,blog/,True,,
nickelandsuede.com,ecommerce_retail,us,Nickel & Suede,inc.com_api_i5list,inc.com_api_i5list,32,blog/,True,,
coutoconstruction.com,services_other,us,Couto Construction,inc.com_api_i5list,inc.com_api_i5list,86,blog/,True,,
rnrtires.com,ecommerce_retail,us,RNR Tire Express,inc.com_api_i5list,inc.com_api_i5list,89,blog/,True,,
northandco.com,services_other,us,North&Co.,inc.com_api_i5list,inc.com_api_i5list,5,blog/,False,,
proplacement.careers,services_other,eu,ProPlacement,ft1000_wayback:20210331132419,ft1000_wayback:20210331132419,0,,False,,
getplaymaker.app,services_other,eu,Playmaker,yc_directory,yc_directory,0,,False,,
dccargomall.com,ecommerce_retail,us,DC Cargo Mall,inc.com_api_i5list,inc.com_api_i5list,19,blog/,False,,
capgrowpartners.com,services_other,us,CapGrow Partners,inc.com_api_i5list,inc.com_api_i5list,0,,False,,
tandymgroup.com,services_other,us,Tandym Group,inc.com_api_i5list,inc.com_api_i5list,308,blog.,True,,
daft.ai,devtools,us,Eventual,yc_directory,yc_directory,0,,False,,
xtenfer.com,services_other,us,Xtenfer Consulting,inc.com_api_i5list,inc.com_api_i5list,0,,False,,
bottomless.com,ecommerce_retail,us,Bottomless,yc_directory,yc_directory,27,blog.,True,,
smileswest.com,health,us,Smiles West,inc.com_api_i5list,inc.com_api_i5list,0,,False,,
imagineiti.com,services_other,us,Imagine IT,inc.com_api_i5list,inc.com_api_i5list,0,,False,,
actriv.com,health,us,Actriv Healthcare,inc.com_api_i5list,inc.com_api_i5list,0,,False,,
santeformapro.com,edtech,eu,Santé Formapro,ft1000_wayback:20210331132419,ft1000_wayback:20210331132419,4,blog.,False,,
autorabit.com,devtools,us,AutoRABIT,g2.com_wayback,g2.com_wayback,187,blog/,True,,
braze.com,software_saas,us,Braze,g2.com_wayback,g2.com_wayback,264,blog/,True,,
himaxwell.com,fintech_insurance,us,Maxwell,inc.com_api_i5list,inc.com_api_i5list,117,blog/,True,,
beloz.com.mx,fintech_insurance,us,amiloz,yc_directory,yc_directory,0,,False,,
evryhealth.com,fintech_insurance,us,Evry Health,yc_directory,yc_directory,0,,False,,
hsgsigns.com,services_other,us,Hoosier Sign Guy,inc.com_api_i5list,inc.com_api_i5list,0,,False,,
radiusnetworks.com,software_saas,us,Radius Networks,inc.com_api_i5list,inc.com_api_i5list,70,blog/,True,,
gauss.money,fintech_insurance,us,Gauss,yc_directory,yc_directory,0,,False,,
cornerstoneondemand.com,software_saas,us,Cornerstone Learning,g2.com_wayback,g2.com_wayback,317,blog/,True,,
tawk.to,software_saas,other,tawk.to,g2.com_wayback,g2.com_wayback,15,blog.,False,,
simplenexus.com,fintech_insurance,us,SimpleNexus,inc.com_api_i5list,inc.com_api_i5list,24,blog.,False,,
qmulos.com,software_saas,us,Qmulos,inc.com_api_i5list,inc.com_api_i5list,0,,False,,
truora.com,software_saas,us,Truora,yc_directory,yc_directory,180,blog/,True,,
leandna.com,software_saas,us,LeanDNA,inc.com_api_i5list,inc.com_api_i5list,156,blog/,True,,
cbthera.com,health,us,CB Therapeutics,yc_directory,yc_directory,0,,False,,
kadenze.com,edtech,us,Kannu,g2.com_wayback,g2.com_wayback,325,blog.,True,,
quicksilverscientific.com,health,us,Quicksilver Scientific,inc.com_api_i5list,inc.com_api_i5list,0,,False,,
explorekeyrealty.com,services_other,us,"Key Realty, LTD",inc.com_api_i5list,inc.com_api_i5list,0,,False,,
birddoghr.com,software_saas,us,BirdDogHR,inc.com_api_i5list,inc.com_api_i5list,98,blog/,True,,
unitedshore.com,fintech_insurance,us,United Shore Financial Services,inc.com_api_i5list,inc.com_api_i5list,0,,False,,
beek.io,services_other,us,Beek,yc_directory,yc_directory,137,blog.,True,,
endado.com,ecommerce_retail,eu,Recambios Endado,ft1000_wayback:20210331132419,ft1000_wayback:20210331132419,172,blog/,True,,
axiompest.com,services_other,us,Axiom Eco-Pest Control,inc.com_api_i5list,inc.com_api_i5list,0,,False,,
satis-jobscenter.com,services_other,eu,Groupe Satis TT,ft1000_wayback:20210331132419,ft1000_wayback:20210331132419,0,,False,,
instakin.com,ecommerce_retail,us,InstaKin,yc_directory,yc_directory,0,,False,,
tradewindbio.com,health,us,Tradewind BioScience,yc_directory,yc_directory,0,,False,,
arist.co,software_saas,us,Arist,yc_directory,yc_directory,6,blog/,False,,
recleim.com,services_other,us,Recleim,inc.com_api_i5list,inc.com_api_i5list,0,,False,,
orpine.com,services_other,us,Orpine,inc.com_api_i5list,inc.com_api_i5list,7,blog.,False,,
fitfatherproject.com,health,us,AMB WELLNESS PARTNERS,inc.com_api_i5list,inc.com_api_i5list,0,,False,,
v3gate.com,services_other,us,V3Gate,inc.com_api_i5list,inc.com_api_i5list,1,blog/,False,,
tag.aero,services_other,us,The Auxiliary Group,inc.com_api_i5list,inc.com_api_i5list,0,,False,,
correctivechiropractic.com,health,us,Corrective Chiropractic,inc.com_api_i5list,inc.com_api_i5list,201,blog/,True,,
getdockup.com,devtools,us,Dockup,yc_directory,yc_directory,0,,False,,
selia.co,health,us,Selia,yc_directory,yc_directory,0,,False,,
innovative-business.net,services_other,us,Innovative Business Solutions,inc.com_api_i5list,inc.com_api_i5list,0,,False,,
validationassociates.com,services_other,us,Validation Associates,inc.com_api_i5list,inc.com_api_i5list,0,,False,,
bmnt.com,services_other,us,BMNT Partners,inc.com_api_i5list,inc.com_api_i5list,4,blog/,False,,
venntechnology.com,services_other,us,Venn Technology,inc.com_api_i5list,inc.com_api_i5list,93,blog/,True,,
forshay.com,services_other,us,Forshay,inc.com_api_i5list,inc.com_api_i5list,0,,False,,
progressivescreens.com,ecommerce_retail,us,Defender Screens International,inc.com_api_i5list,inc.com_api_i5list,0,,False,,
flexicrewtech.com,services_other,us,Flexicrew Technical Services,inc.com_api_i5list,inc.com_api_i5list,0,,False,,
mysolutionsource.com,services_other,us,Solution Source,inc.com_api_i5list,inc.com_api_i5list,0,,False,,
jdadvising.com,edtech,us,JD Advising,inc.com_api_i5list,inc.com_api_i5list,0,,False,,
centralreach.com,software_saas,us,CentralReach,inc.com_api_i5list,inc.com_api_i5list,22,resources/,False,,
noctuai.com,software_saas,eu,Noctuai,ft1000_wayback:20220301043147,ft1000_wayback:20220301043147,0,,False,,
voxli.com,services_other,us,Voxli,yc_directory,yc_directory,7,blog.,False,,
realjoy.com,services_other,us,RealJoy Vacations,inc.com_api_i5list,inc.com_api_i5list,121,blog/,True,,
heitmeyerconsulting.com,services_other,us,The Heitmeyer Group,inc.com_api_i5list,inc.com_api_i5list,0,,False,,
adlumin.com,software_saas,us,Adlumin,inc.com_api_i5list,inc.com_api_i5list,18,resources/,False,,
azperfectcompanion.com,health,us,The Perfect Companion,inc.com_api_i5list,inc.com_api_i5list,0,,False,,
arcticfoxhaircolor.com,ecommerce_retail,us,Boinca,inc.com_api_i5list,inc.com_api_i5list,118,blog/,True,,
sdvinternational.com,services_other,us,SDV INTERNATIONAL,inc.com_api_i5list,inc.com_api_i5list,0,,False,,
constructionsimplified.com,services_other,us,Construction Simplified,inc.com_api_i5list,inc.com_api_i5list,0,,False,,
groundfloor.com,fintech_insurance,us,Groundfloor,inc.com_api_i5list,inc.com_api_i5list,198,blog.,True,,
mind-pros.com,services_other,us,MindPROS,inc.com_api_i5list,inc.com_api_i5list,0,,False,,
greenhouse.com,software_saas,us,Greenhouse,inc.com_api_i5list,inc.com_api_i5list,0,,False,,
ovipost.com,ecommerce_retail,us,Ovipost,yc_directory,yc_directory,5,blog/,False,,
magemarket.com,ecommerce_retail,eu,Mage,yc_directory,yc_directory,5,blog.,False,,
demandscience.com,software_saas,us,Demand Science US,inc.com_api_i5list,inc.com_api_i5list,0,,False,,
golightgauge.com,services_other,us,LightGauge Company,inc.com_api_i5list,inc.com_api_i5list,0,,False,,
azinsulation.com,services_other,us,Barrier Insulation & Energy,inc.com_api_i5list,inc.com_api_i5list,30,blog/,True,,
talend.com,software_saas,us,Talend Cloud Data Integration,g2.com_wayback,g2.com_wayback,133,blog/,True,,
brite.com,services_other,us,Brite,inc.com_api_i5list,inc.com_api_i5list,1,blog/,False,,
maverickoil.com,ecommerce_retail,us,Maverick Performance Products,inc.com_api_i5list,inc.com_api_i5list,0,,False,,
smarking.com,software_saas,us,Smarking,yc_directory,yc_directory,0,,False,,
kalshi.com,fintech_insurance,us,Kalshi,yc_directory,yc_directory,28,blog/,True,,
theras-group.com,health,eu,Theras Biocare,ft1000_wayback:20220301043147,ft1000_wayback:20220301043147,0,,False,,
maximumonerealty.com,services_other,us,Maximum One Realty of Georgia,inc.com_api_i5list,inc.com_api_i5list,0,,False,,
corpnet.com,services_other,us,CorpNet,inc.com_api_i5list,inc.com_api_i5list,291,blog/,True,,
pirene.it,services_other,eu,Pirene,ft1000_wayback:20220301043147,ft1000_wayback:20220301043147,0,,False,,
popularpays.com,software_saas,us,Popular Pays,yc_directory,yc_directory,138,blog/,True,,
nativepestmanagement.com,services_other,us,Native Pest Management,inc.com_api_i5list,inc.com_api_i5list,156,blog/,True,,
electricityrates.com,services_other,us,Power Target,inc.com_api_i5list,inc.com_api_i5list,0,,False,,
virventures.com,services_other,us,VIR Ventures,inc.com_api_i5list,inc.com_api_i5list,8,blog/,False,,
skyhopglobal.com,services_other,us,SkyHop Global,inc.com_api_i5list,inc.com_api_i5list,0,,False,,
audensiel.com,services_other,eu,AUDENSIEL,ft1000_wayback:20220301043147,ft1000_wayback:20220301043147,0,,False,,
aiosales.com,fintech_insurance,us,American Insurance Organization,inc.com_api_i5list,inc.com_api_i5list,0,,False,,
foodiefit.com,ecommerce_retail,us,Foodie Fit,inc.com_api_i5list,inc.com_api_i5list,0,,False,,
prestigefitnessaz.com,health,us,Prestige Fitness,inc.com_api_i5list,inc.com_api_i5list,24,blog/,False,,
lodestarcs.com,services_other,us,Lodestar Consulting,inc.com_api_i5list,inc.com_api_i5list,0,,False,,
wovenware.com,software_saas,us,Wovenware,inc.com_api_i5list,inc.com_api_i5list,289,blog/,True,,
netguru.com,services_other,eu,Netguru,ft1000_wayback:20220301043147,ft1000_wayback:20220301043147,259,blog/,True,,
dunhillgroupltd.com,ecommerce_retail,us,Dunhill Group LTD,inc.com_api_i5list,inc.com_api_i5list,0,,False,,
doberman.net,services_other,us,Doberman Technologies,inc.com_api_i5list,inc.com_api_i5list,0,,False,,
rnngroup.com,services_other,us,RNN Group,inc.com_api_i5list,inc.com_api_i5list,0,,False,,
gochirp.com,health,us,Chirp,inc.com_api_i5list,inc.com_api_i5list,367,blog/,True,,
thedirtconnection.com,services_other,us,The Dirt Connection,inc.com_api_i5list,inc.com_api_i5list,0,,False,,
pointofrental.com,software_saas,us,Point of Rental Software,inc.com_api_i5list,inc.com_api_i5list,37,blog.,True,,
londonfoster.com,services_other,us,London Foster,inc.com_api_i5list,inc.com_api_i5list,0,,False,,
tobiasfinancial.com,fintech_insurance,us,Tobias Financial Advisors,inc.com_api_i5list,inc.com_api_i5list,32,blog/,True,,
inspirixtek.com,services_other,us,Inspirix Technologies,inc.com_api_i5list,inc.com_api_i5list,0,,False,,
fiix.io,software_saas,us,Fiix,yc_directory,yc_directory,0,,False,,
atlanticdatasecurity.com,services_other,us,Atlantic Data Security,inc.com_api_i5list,inc.com_api_i5list,0,,False,,
arketa.com,software_saas,us,Arketa,yc_directory,yc_directory,0,,False,,
foster.co,ecommerce_retail,us,Foster,yc_directory,yc_directory,49,blog/,True,,
coopsys.com,services_other,us,Cooperative Systems,inc.com_api_i5list,inc.com_api_i5list,0,,False,,
play.google.com,software_saas,us,RecordBook,yc_directory,yc_directory,0,,False,,
procentrix.com,services_other,us,Procentrix,inc.com_api_i5list,inc.com_api_i5list,0,,False,,
shorepointinc.com,services_other,us,ShorePoint,inc.com_api_i5list,inc.com_api_i5list,0,,False,,
foresterhaynie.com,services_other,us,Forester Haynie,inc.com_api_i5list,inc.com_api_i5list,0,,False,,
quardev.com,services_other,us,Quardev,inc.com_api_i5list,inc.com_api_i5list,27,blog/,True,,
eventjoy.com,software_saas,us,Eventjoy,yc_directory,yc_directory,71,blog.,True,,
nethive.it,services_other,eu,Nethive,ft1000_wayback:20220301043147,ft1000_wayback:20220301043147,27,blog/,True,,
axiomhcs.com,services_other,us,Axiom Healthcare Strategies,inc.com_api_i5list,inc.com_api_i5list,0,,False,,
northmill.com,fintech_insurance,eu,Northmill Group,ft1000_wayback:20210331132419,ft1000_wayback:20210331132419,0,,False,,
smartblue.de,software_saas,eu,Smartblue,ft1000_wayback:20210331132419,ft1000_wayback:20210331132419,0,,False,,
popsells.com,ecommerce_retail,us,Pop Sells,inc.com_api_i5list,inc.com_api_i5list,0,,False,,
aretetechnologiesinc.com,services_other,us,Arete Technologies,inc.com_api_i5list,inc.com_api_i5list,0,,False,,
catalystex.com,services_other,us,Catalyst Experiential,inc.com_api_i5list,inc.com_api_i5list,0,,False,,
4pfoods.com,ecommerce_retail,us,4P Foods PBC,inc.com_api_i5list,inc.com_api_i5list,0,,False,,
axis.xyz,services_other,us,Axis,yc_directory,yc_directory,0,,False,,
kopisusa.com,services_other,us,Kopis,inc.com_api_i5list,inc.com_api_i5list,0,,False,,
ovmfinancial.com,fintech_insurance,us,OVM Financial,inc.com_api_i5list,inc.com_api_i5list,0,,False,,
oxylabs.io,devtools,eu,Oxylabs.io,ft1000_wayback:20220301043147,ft1000_wayback:20220301043147,355,blog/,True,,
southerntrusthomeservices.com,services_other,us,Southern Trust Home Services,inc.com_api_i5list,inc.com_api_i5list,0,,False,,
paycor.com,software_saas,us,Paycor,g2.com_wayback,g2.com_wayback,0,,False,,
belvo.com,fintech_insurance,us,Belvo,yc_directory,yc_directory,119,blog/,True,,
fortunageneral.com,fintech_insurance,us,Fortuna General Insurance,inc.com_api_i5list,inc.com_api_i5list,0,,False,,
distritech.com,ecommerce_retail,us,Distritech,inc.com_api_i5list,inc.com_api_i5list,4,blog/,False,,
happl.com,fintech_insurance,eu,Happl,yc_directory,yc_directory,0,,False,,
sefe-fiber.eu,services_other,eu,Fiber-Service-Gesellschaft,ft1000_wayback:20220301043147,ft1000_wayback:20220301043147,0,,False,,
qdxpath.com,health,us,QDx Pathology Services,inc.com_api_i5list,inc.com_api_i5list,0,,False,,
mudafy.com,ecommerce_retail,us,Mudafy,yc_directory,yc_directory,38,blog.,True,,
ametros.com,health,us,Ametros,inc.com_api_i5list,inc.com_api_i5list,282,blog/,True,,
scharfindustries.com,services_other,us,Scharf Industries,inc.com_api_i5list,inc.com_api_i5list,0,,False,,
sprinly.com,ecommerce_retail,us,Sprinly,inc.com_api_i5list,inc.com_api_i5list,0,,False,,
littlepoppyco.com,ecommerce_retail,us,Little Poppy Co,inc.com_api_i5list,inc.com_api_i5list,90,blog/,True,,
lendinghome.com,fintech_insurance,us,LendingHome,inc.com_api_i5list,inc.com_api_i5list,310,blog/,True,,
airmada.com,services_other,us,Airmada,yc_directory,yc_directory,0,,False,,
solosuit.com,services_other,us,Solo,yc_directory,yc_directory,0,,False,,
cargobarn.com,services_other,us,CargoBarn,inc.com_api_i5list,inc.com_api_i5list,0,,False,,
mailsuite.com,software_saas,eu,The Mail Track Company,ft1000_wayback:20210331132419,ft1000_wayback:20210331132419,1,blog.,False,,
meleeo.com,health,us,Meleeo,inc.com_api_i5list,inc.com_api_i5list,0,,False,,
vestwell.com,fintech_insurance,us,Vestwell,inc.com_api_i5list,inc.com_api_i5list,137,blog/,True,,
assistpro.com,services_other,us,AssistPro,inc.com_api_i5list,inc.com_api_i5list,0,,False,,
parrishandpartners.com,services_other,us,Parrish and Partners,inc.com_api_i5list,inc.com_api_i5list,0,,False,,
cymmetria.com,software_saas,us,Cymmetria,yc_directory,yc_directory,105,blog.,True,,
coverified.us,software_saas,us,CoVerified,yc_directory,yc_directory,0,,False,,
futureleague.co,services_other,us,Futureleague,yc_directory,yc_directory,0,,False,,
platformsurfaces.com,services_other,us,Platform Surfaces,inc.com_api_i5list,inc.com_api_i5list,0,,False,,
drinksupercoffee.com,ecommerce_retail,us,Kitu Life Super Coffee,inc.com_api_i5list,inc.com_api_i5list,179,blog/,True,,
velocityresourcegroup.com,services_other,us,Velocity Resource Group,inc.com_api_i5list,inc.com_api_i5list,0,,False,,
neowize.com,services_other,us,NeoWize,yc_directory,yc_directory,0,,False,,
traces.ai,software_saas,us,Traces,yc_directory,yc_directory,0,,False,,
skingymco.com,ecommerce_retail,us,Skin Gym,inc.com_api_i5list,inc.com_api_i5list,78,blog/,True,,
yensa.com,ecommerce_retail,us,YENSA beauty,inc.com_api_i5list,inc.com_api_i5list,254,blog/,True,,
omoi.com,ecommerce_retail,us,Omoi (formerly Azuki),yc_directory,yc_directory,0,,False,,
substack.com,software_saas,us,Substack,yc_directory,yc_directory,60,blog.,True,,
microsoft.com,software_saas,us,Microsoft Dynamics 365 Business Central,g2.com_wayback,g2.com_wayback,0,,False,,
hyperpad.com,devtools,us,Hyperpad,yc_directory,yc_directory,1,blog.,False,,
mentor.cam,services_other,us,Mentorcam,yc_directory,yc_directory,22,blog/,False,,
maantic.com,services_other,us,Maantic,inc.com_api_i5list,inc.com_api_i5list,0,,False,,
diversifiedconveyors.com,services_other,us,Diversified Conveyors International,inc.com_api_i5list,inc.com_api_i5list,0,,False,,
beltlineelectric.com,services_other,us,Beltline Electric,inc.com_api_i5list,inc.com_api_i5list,0,,False,,
warpdrive.co,software_saas,us,Warpdrive by Synthetic Minds,yc_directory,yc_directory,0,,False,,
comprarapida.co,software_saas,us,Compra Rápida,yc_directory,yc_directory,0,,False,,
elevated-tech.com,services_other,us,Elevated Technologies,inc.com_api_i5list,inc.com_api_i5list,121,blog/,True,,
hideitmounts.com,ecommerce_retail,us,HIDEit Mounts,inc.com_api_i5list,inc.com_api_i5list,303,blog/,True,,
odysseyeg.com,services_other,us,Odyssey Engineering Group,inc.com_api_i5list,inc.com_api_i5list,0,,False,,
neighborlyhomelending.com,fintech_insurance,us,Neighborly Home Lending,inc.com_api_i5list,inc.com_api_i5list,0,,False,,
teamgather.co,software_saas,us,Gather,yc_directory,yc_directory,66,blog/,True,,
hydroflotech.com,services_other,us,HydroFloTech,inc.com_api_i5list,inc.com_api_i5list,0,,False,,
spsistemi.net,services_other,eu,Soluzioni Prodotti Sistemi,ft1000_wayback:20230425220624,ft1000_wayback:20230425220624,0,,False,,
jenis.com,ecommerce_retail,us,Jeni's Splendid Ice Creams,inc.com_api_i5list,inc.com_api_i5list,229,blog/,True,,
mytonomy.com,health,us,Mytonomy,inc.com_api_i5list,inc.com_api_i5list,5,blog/,False,,
omegaquant.com,health,us,OmegaQuant,inc.com_api_i5list,inc.com_api_i5list,0,,False,,
fusionpowerco.com,services_other,us,Fusion Power,inc.com_api_i5list,inc.com_api_i5list,12,blog/,False,,
duffel.com,devtools,eu,Duffel,yc_directory,yc_directory,87,blog/,True,,
sea-link.com,services_other,us,Sealink International,inc.com_api_i5list,inc.com_api_i5list,0,,False,,
geturns.com,ecommerce_retail,us,GetUrns,inc.com_api_i5list,inc.com_api_i5list,147,blog/,True,,
bigtime.net,software_saas,us,BigTime,g2.com_wayback,g2.com_wayback,174,blog/,True,,
adthrow.com,services_other,us,AdThrow,yc_directory,yc_directory,0,,False,,
barebonesbroth.com,ecommerce_retail,us,Bare Bones,inc.com_api_i5list,inc.com_api_i5list,159,blog/,True,,
lumibot.com,ecommerce_retail,us,Lumina,yc_directory,yc_directory,0,,False,,
dottconstruction.com,services_other,us,D. Ott Construction,inc.com_api_i5list,inc.com_api_i5list,0,,False,,
confidio.com,health,us,Confidio,inc.com_api_i5list,inc.com_api_i5list,0,,False,,
modpizza.com,ecommerce_retail,us,MOD Pizza,inc.com_api_i5list,inc.com_api_i5list,46,blog/,True,,
mydbsync.com,software_saas,us,DBSync,inc.com_api_i5list,inc.com_api_i5list,141,blog/,True,,
holygrail.ai,software_saas,us,Holy Grail,yc_directory,yc_directory,0,,False,,
sandcloud.com,ecommerce_retail,us,Sand Cloud,inc.com_api_i5list,inc.com_api_i5list,62,blog/,True,,
edemnify.com,fintech_insurance,us,Edemnify,inc.com_api_i5list,inc.com_api_i5list,0,,False,,
aurabeattech.com,ecommerce_retail,us,Aurabeat,yc_directory,yc_directory,25,blog/,True,,
circleci.com,devtools,us,CircleCI,g2.com_wayback,g2.com_wayback,158,blog/,True,,
logicbroker.com,software_saas,us,Logicbroker,inc.com_api_i5list,inc.com_api_i5list,236,blog.,True,,
monosi.dev,devtools,us,Monosi,yc_directory,yc_directory,0,,False,,
oncelogix.com,services_other,us,OnceLogix,inc.com_api_i5list,inc.com_api_i5list,0,,False,,
picktrace.com,software_saas,us,PickTrace,yc_directory,yc_directory,37,blog/,True,,
peg.money,fintech_insurance,us,Peg (formerly Paymobil),yc_directory,yc_directory,0,,False,,
optionalpha.com,fintech_insurance,us,Option Alpha,inc.com_api_i5list,inc.com_api_i5list,0,,False,,
rezilirhealth.com,health,us,Rezilir Health,inc.com_api_i5list,inc.com_api_i5list,1,blog/,False,,
stonesecurity.net,services_other,us,Stone Security,inc.com_api_i5list,inc.com_api_i5list,0,,False,,
civicminds.com,services_other,us,CivicMinds,inc.com_api_i5list,inc.com_api_i5list,0,,False,,
roserocket.com,software_saas,us,Rose Rocket,yc_directory,yc_directory,18,blog/,False,,
rascalindustry.pl,ecommerce_retail,eu,Rascal Industry,ft1000_wayback:20220301043147,ft1000_wayback:20220301043147,0,,False,,
goldfishswimschool.com,services_other,us,Goldfish Swim School Franchising,inc.com_api_i5list,inc.com_api_i5list,288,blog/,True,,
sellsy.com,software_saas,eu,Sellsy,ft1000_wayback:20230425220624,ft1000_wayback:20230425220624,0,,False,,
fitia.app,health,us,Fitia,yc_directory,yc_directory,0,,False,,
allmedical.com,health,us,All Medical Personnel,inc.com_api_i5list,inc.com_api_i5list,0,,False,,
hiverhq.com,software_saas,us,Hiver,g2.com_wayback,g2.com_wayback,225,blog/,True,,
cleverdeck.com,edtech,us,CleverDeck,yc_directory,yc_directory,1,blog/,False,,
kernsystems.com,services_other,us,Kern Systems,yc_directory,yc_directory,0,,False,,
intelligentwaves.com,services_other,us,Intelligent Waves,inc.com_api_i5list,inc.com_api_i5list,0,,False,,
cleanenergysolar.org,services_other,us,Clean Energy Solutions,inc.com_api_i5list,inc.com_api_i5list,0,,False,,
piano.io,software_saas,us,Piano,inc.com_api_i5list,inc.com_api_i5list,123,blog/,True,,
playonsports.com,software_saas,us,PlayOn! Sports,inc.com_api_i5list,inc.com_api_i5list,0,,False,,
gimbooks.com,fintech_insurance,us,GimBooks,yc_directory,yc_directory,83,blog/,True,,
hracuity.com,software_saas,us,HR Acuity,inc.com_api_i5list,inc.com_api_i5list,303,blog/,True,,
hypotenuse.ai,software_saas,us,Hypotenuse AI,yc_directory,yc_directory,27,blog/,True,,
craftcoffee.com,ecommerce_retail,us,Craft Coffee,yc_directory,yc_directory,176,blog.,True,,
aitcinc.com,services_other,us,AITC,inc.com_api_i5list,inc.com_api_i5list,0,,False,,
beckshoes.com,ecommerce_retail,us,Beck's Shoes,inc.com_api_i5list,inc.com_api_i5list,0,,False,,
swoocgames.com,ecommerce_retail,us,Swooc Games,inc.com_api_i5list,inc.com_api_i5list,11,blog/,False,,
humance.tech,software_saas,us,Humance,yc_directory,yc_directory,0,,False,,
ilabservice.ai,software_saas,us,iLabService,yc_directory,yc_directory,0,,False,,
ventechsolutions.com,services_other,us,Ventech Solutions,inc.com_api_i5list,inc.com_api_i5list,0,,False,,
fernish.com,ecommerce_retail,us,Fernish,inc.com_api_i5list,inc.com_api_i5list,0,,False,,
openlayer.com,devtools,us,Openlayer,yc_directory,yc_directory,4,blog/,False,,
welldog.com,services_other,us,Gas Sensing Technology DBA WellDog,inc.com_api_i5list,inc.com_api_i5list,0,,False,,
aceup.com,services_other,us,AceUp,inc.com_api_i5list,inc.com_api_i5list,268,blog.,True,,
medicalfit.com,health,eu,Medicalfit,ft1000_wayback:20220301043147,ft1000_wayback:20220301043147,0,,False,,
traverse.ai,software_saas,us,Traverse Technologies,yc_directory,yc_directory,19,blog/,False,,
weshield.us,ecommerce_retail,us,WeShield,inc.com_api_i5list,inc.com_api_i5list,0,,False,,
deako.com,ecommerce_retail,us,Deako,yc_directory,yc_directory,19,blog/,False,,
givenly.com,ecommerce_retail,us,Givenly,inc.com_api_i5list,inc.com_api_i5list,0,,False,,
gridgain.com,devtools,us,GridGain Systems,inc.com_api_i5list,inc.com_api_i5list,72,blog/,True,,
gentlemansguru.com,ecommerce_retail,us,Gentleman's Guru,inc.com_api_i5list,inc.com_api_i5list,0,,False,,
oakharvestfg.com,fintech_insurance,us,Oak Harvest Investment Services,inc.com_api_i5list,inc.com_api_i5list,17,blog/,False,,
brace.io,devtools,us,Brace,yc_directory,yc_directory,6,blog.,False,,
u.group,services_other,us,U.Group,inc.com_api_i5list,inc.com_api_i5list,0,,False,,
kingfn.com,fintech_insurance,us,King Financial Network,inc.com_api_i5list,inc.com_api_i5list,0,,False,,
insightdatascience.com,edtech,us,Insight Data Science,yc_directory,yc_directory,8,blog/,False,,
euronics.de,ecommerce_retail,eu,EURONICS XXL Mösker,ft1000_wayback:20230425220624,ft1000_wayback:20230425220624,0,,False,,
chesapeakepainting.com,services_other,us,Chesapeake Painting Services,inc.com_api_i5list,inc.com_api_i5list,0,,False,,
climeco.com,services_other,us,ClimeCo,inc.com_api_i5list,inc.com_api_i5list,0,,False,,
rakenapp.com,services_other,us,Raken DEACTIVATED,inc.com_api_i5list,inc.com_api_i5list,342,blog/,True,,
intimetec.com,services_other,us,In Time Tec,inc.com_api_i5list,inc.com_api_i5list,111,blog.,True,,
github.com,devtools,us,GitHub,g2.com_wayback,g2.com_wayback,30,blog/,True,,
liquipel.com,ecommerce_retail,us,Liquipel,inc.com_api_i5list,inc.com_api_i5list,86,blog.,True,,
aec-alarms.com,services_other,us,AEC Alarms,inc.com_api_i5list,inc.com_api_i5list,0,,False,,
arcos-inc.com,software_saas,us,ARCOS,inc.com_api_i5list,inc.com_api_i5list,0,,False,,
avantstay.com,services_other,us,AvantStay,inc.com_api_i5list,inc.com_api_i5list,117,blog/,True,,
hungrylabs.com,services_other,us,Hungry Labs,yc_directory,yc_directory,0,,False,,
logarithmlabs.com,services_other,us,Logarithm Labs,yc_directory,yc_directory,14,blog/,False,,
take5oilchange.com,services_other,us,Take 5 Oil Change,inc.com_api_i5list,inc.com_api_i5list,0,,False,,
enshored.com,services_other,us,Enshored,inc.com_api_i5list,inc.com_api_i5list,0,,False,,
roycon.com,services_other,us,Roycon,inc.com_api_i5list,inc.com_api_i5list,0,,False,,
vflowmedicalinc.com,health,us,V-Flow Medical,yc_directory,yc_directory,0,,False,,
medium.bio,health,us,Medium Biosciences,yc_directory,yc_directory,0,,False,,
goekos.com,software_saas,us,Ekos,inc.com_api_i5list,inc.com_api_i5list,345,blog/,True,,
biltapp.com,software_saas,us,BILT Incorporated,inc.com_api_i5list,inc.com_api_i5list,0,,False,,
oraninc.com,services_other,us,Oran,inc.com_api_i5list,inc.com_api_i5list,0,,False,,
skyriverit.com,services_other,us,Skyriver IT,inc.com_api_i5list,inc.com_api_i5list,391,blog/,True,,
ntechlab.com,software_saas,eu,NtechLab,ft1000_wayback:20220301043147,ft1000_wayback:20220301043147,42,blog/,True,,
snapraise.com,software_saas,us,Snap! Mobile,inc.com_api_i5list,inc.com_api_i5list,0,,False,,
cgcconsult.com,services_other,us,CGC Consulting,inc.com_api_i5list,inc.com_api_i5list,0,,False,,
protecequip.com,services_other,us,Protec Equipment Resources,inc.com_api_i5list,inc.com_api_i5list,231,blog/,True,,
perfekto.mx,ecommerce_retail,us,Perfekto,yc_directory,yc_directory,0,,False,,
nexrep.com,services_other,us,NexRep,inc.com_api_i5list,inc.com_api_i5list,0,,False,,
cloudkick.com,devtools,us,Cloudkick,yc_directory,yc_directory,16,blog/,False,,
dynatrace.com,software_saas,us,Dynatrace,g2.com_wayback,g2.com_wayback,66,blog/,True,,
trustmineral.com,software_saas,us,Mineral (formerly Think HR | Mammoth HR),inc.com_api_i5list,inc.com_api_i5list,0,,False,,
alarisaero.com,services_other,us,Alaris Aerospace Systems,inc.com_api_i5list,inc.com_api_i5list,0,,False,,
adventurous.co,ecommerce_retail,us,Adventurous Co,yc_directory,yc_directory,0,,False,,
legendarymarketer.com,edtech,us,Legendary Marketer,inc.com_api_i5list,inc.com_api_i5list,0,,False,,
guildeducation.com,edtech,us,Guild Education,inc.com_api_i5list,inc.com_api_i5list,133,blog.,True,,
code42.com,software_saas,us,Code42 Software,inc.com_api_i5list,inc.com_api_i5list,195,blog/,True,,
theboutiquehub.com,ecommerce_retail,us,The Boutique Hub Inc,inc.com_api_i5list,inc.com_api_i5list,0,,False,,
hardcorefitnessbootcamp.com,health,us,Hardcore Fitness,inc.com_api_i5list,inc.com_api_i5list,9,blog/,False,,
glitzi.com.mx,services_other,us,Glitzi,yc_directory,yc_directory,0,,False,,
zenithengineers.com,services_other,us,Zenith Engineers,inc.com_api_i5list,inc.com_api_i5list,5,blog/,False,,
extraktlab.com,health,us,extraktLAB,inc.com_api_i5list,inc.com_api_i5list,0,,False,,
climbcredit.com,fintech_insurance,us,Climb Credit,inc.com_api_i5list,inc.com_api_i5list,104,blog.,True,,
premieruplink.com,services_other,us,Premier Graphics,inc.com_api_i5list,inc.com_api_i5list,9,blog/,False,,
stackify.com,devtools,us,Stackify,inc.com_api_i5list,inc.com_api_i5list,2,blog/,False,,
joinforma.com,software_saas,us,Forma,inc.com_api_i5list,inc.com_api_i5list,0,,False,,
synfiny.com,services_other,us,SynFiny Advisors,inc.com_api_i5list,inc.com_api_i5list,0,,False,,
cariloha.com,ecommerce_retail,us,Cariloha,inc.com_api_i5list,inc.com_api_i5list,190,blog/,True,,
facilitron.com,software_saas,us,Facilitron,inc.com_api_i5list,inc.com_api_i5list,0,,False,,
summitleadership.com,services_other,us,Summit Leadership Partners,inc.com_api_i5list,inc.com_api_i5list,0,,False,,
roerscompanies.com,services_other,us,Roers Companies,inc.com_api_i5list,inc.com_api_i5list,0,,False,,
getwisely.com,software_saas,us,Wisely,inc.com_api_i5list,inc.com_api_i5list,4,blog/,False,,
cherry.ai,software_saas,us,Cherry Recommends,yc_directory,yc_directory,0,,False,,
genrenew.com,services_other,us,GenRenew,inc.com_api_i5list,inc.com_api_i5list,14,blog/,False,,
denevy.eu,services_other,eu,DENEVY,ft1000_wayback:20210331132419,ft1000_wayback:20210331132419,14,blog.,False,,
cascade.app,software_saas,us,Cascade Strategy,inc.com_api_i5list,inc.com_api_i5list,192,blog/,True,,
sevneurology.com,health,us,Southeast Veterinary Neurology,inc.com_api_i5list,inc.com_api_i5list,54,blog/,True,,
renewablepowerusa.com,services_other,us,Renewable Power USA,inc.com_api_i5list,inc.com_api_i5list,0,,False,,
verantos.com,health,us,Verantos,inc.com_api_i5list,inc.com_api_i5list,0,,False,,
ketoand.co,ecommerce_retail,us,LongRun,inc.com_api_i5list,inc.com_api_i5list,221,blog/,True,,
cloverapp.co,software_saas,us,Clover,yc_directory,yc_directory,1,blog/,False,,
precisiontechcorp.com,services_other,us,Precision Technologies Corp.,inc.com_api_i5list,inc.com_api_i5list,0,,False,,
m5hosting.com,services_other,us,M5 Hosting,inc.com_api_i5list,inc.com_api_i5list,0,,False,,
somerfordassociates.com,services_other,uk,Somerford Associates,ft1000_wayback:20220301043147,ft1000_wayback:20220301043147,101,blog/,True,,
mybinc.com,services_other,us,Mind Your Business,inc.com_api_i5list,inc.com_api_i5list,141,blog/,True,,
getcasely.com,ecommerce_retail,us,Casely,inc.com_api_i5list,inc.com_api_i5list,234,blog/,True,,
truu.com,health,eu,truu Wasserweik,ft1000_wayback:20210331132419,ft1000_wayback:20210331132419,0,,False,,
workclout.com,software_saas,us,WorkClout,yc_directory,yc_directory,0,,False,,
paramountbusinessjets.com,services_other,us,Paramount Business Jets,inc.com_api_i5list,inc.com_api_i5list,231,blog/,True,,
prialto.com,services_other,us,Prialto,inc.com_api_i5list,inc.com_api_i5list,275,blog/,True,,
ajaib.co.id,fintech_insurance,us,Ajaib,yc_directory,yc_directory,1,blog/,False,,
associatedhcm.com,services_other,us,Associated Human Capital Management,inc.com_api_i5list,inc.com_api_i5list,0,,False,,
predictivehr.com,services_other,us,PREDICTIVEHR,inc.com_api_i5list,inc.com_api_i5list,67,blog/,True,,
klemchuk.com,services_other,us,Klemchuk,inc.com_api_i5list,inc.com_api_i5list,2,blog/,False,,
vylawfirm.com,services_other,us,Yepremyan Law Firm,inc.com_api_i5list,inc.com_api_i5list,0,,False,,
bergemangroup.com,services_other,us,Bergeman Group,inc.com_api_i5list,inc.com_api_i5list,0,,False,,
ideaevolver.com,services_other,us,Idea Evolver,inc.com_api_i5list,inc.com_api_i5list,0,,False,,
solarisbank.de,fintech_insurance,eu,Solarisbank,ft1000_wayback:20220301043147,ft1000_wayback:20220301043147,0,,False,,
satchel.com,fintech_insurance,us,Satchel,yc_directory,yc_directory,0,,False,,
actionbehavior.com,health,us,Action Behavior Centers,inc.com_api_i5list,inc.com_api_i5list,39,blog.,True,,
embarksafety.com,software_saas,us,Embark Safety,inc.com_api_i5list,inc.com_api_i5list,61,blog/,True,,
murrayresources.com,services_other,us,Murray Resources,inc.com_api_i5list,inc.com_api_i5list,3,blog/,False,,
utahsplumber.com,services_other,us,Connectionz Acquisition,inc.com_api_i5list,inc.com_api_i5list,30,blog/,True,,
moodle.com,edtech,other,Moodle,g2.com_wayback,g2.com_wayback,0,,False,,
sifted.co,services_other,us,Sifted,inc.com_api_i5list,inc.com_api_i5list,54,blog/,True,,
labur.com,services_other,us,LABUR,inc.com_api_i5list,inc.com_api_i5list,46,blog/,True,,
shifthealth.io,health,us,Shift Health,yc_directory,yc_directory,0,,False,,
optikos.com,services_other,us,Optikos Corporation,inc.com_api_i5list,inc.com_api_i5list,0,,False,,
flinto.app,services_other,us,Flinto,yc_directory,yc_directory,0,,False,,
crosscall.com,ecommerce_retail,eu,Crosscall,ft1000_wayback:20210331132419,ft1000_wayback:20210331132419,6,blog/,False,,
ruby.com,services_other,us,Ruby,inc.com_api_i5list,inc.com_api_i5list,388,blog/,True,,
reltio.com,software_saas,us,Reltio,inc.com_api_i5list,inc.com_api_i5list,284,blog/,True,,
sundanceusa.com,services_other,us,SunDance Marketing Solutions,inc.com_api_i5list,inc.com_api_i5list,0,,False,,
optimaldesignco.com,services_other,us,Optimal Design,inc.com_api_i5list,inc.com_api_i5list,2,blog/,False,,
bearaby.com,ecommerce_retail,us,Bearaby,inc.com_api_i5list,inc.com_api_i5list,215,blog/,True,,
modalight.com,ecommerce_retail,us,MODA LIGHT,inc.com_api_i5list,inc.com_api_i5list,0,,False,,
documaster.com,software_saas,eu,Documaster,ft1000_wayback:20220301043147,ft1000_wayback:20220301043147,0,,False,,
arcorpgroup.com,services_other,us,Arcorp Structures,inc.com_api_i5list,inc.com_api_i5list,0,,False,,
topflightapps.com,services_other,us,Topflight,inc.com_api_i5list,inc.com_api_i5list,0,,False,,
bountiful.ag,software_saas,us,Bountiful,yc_directory,yc_directory,0,,False,,
axure.com,software_saas,us,Axure RP,g2.com_wayback,g2.com_wayback,113,blog/,True,,
algosurg.com,health,us,AlgoSurg Inc,yc_directory,yc_directory,0,,False,,
buhlercommercial.com,services_other,us,Buhler Commercial,inc.com_api_i5list,inc.com_api_i5list,0,,False,,
defensestorm.com,software_saas,us,DefenseStorm,inc.com_api_i5list,inc.com_api_i5list,32,resources/,True,,
oncobox.com,health,us,Oncobox,yc_directory,yc_directory,0,,False,,
mcadamfa.com,fintech_insurance,us,McAdam,inc.com_api_i5list,inc.com_api_i5list,0,,False,,
winstonsservices.com,services_other,us,Winston's Chimney Service,inc.com_api_i5list,inc.com_api_i5list,0,,False,,
txsg.com,services_other,us,Texas Systems Group,inc.com_api_i5list,inc.com_api_i5list,0,,False,,
cuanto.app,fintech_insurance,us,Cuanto,yc_directory,yc_directory,0,,False,,
opsolutely.com,software_saas,us,Opsolutely,yc_directory,yc_directory,0,,False,,
ringconcierge.com,ecommerce_retail,us,Ring Concierge,inc.com_api_i5list,inc.com_api_i5list,0,,False,,
renttoretirement.com,services_other,us,Rent To Retirement,inc.com_api_i5list,inc.com_api_i5list,0,,False,,
proofed.com,services_other,us,Proofed,inc.com_api_i5list,inc.com_api_i5list,26,blog/,True,,
showbie.com,edtech,other,Showbie,g2.com_wayback,g2.com_wayback,0,,False,,
itconinc.com,services_other,us,ItCon,inc.com_api_i5list,inc.com_api_i5list,0,,False,,
getchute.com,software_saas,us,Chute,yc_directory,yc_directory,302,blog.,True,,
demeanor.co,services_other,us,Demeanor.co,yc_directory,yc_directory,5,blog/,False,,
cloudit.co,services_other,us,cloudIT,inc.com_api_i5list,inc.com_api_i5list,0,,False,,
beemac.com,services_other,us,Beemac,inc.com_api_i5list,inc.com_api_i5list,0,,False,,
shiptis.com,services_other,us,Transervice Integrated Solutions,inc.com_api_i5list,inc.com_api_i5list,0,,False,,
villageplumbing.com,services_other,us,Village Plumbing & Air,inc.com_api_i5list,inc.com_api_i5list,0,,False,,
hireart.com,services_other,us,HireArt,inc.com_api_i5list,inc.com_api_i5list,48,blog.,True,,
swingsearch.com,services_other,us,Swing Search & Talent,inc.com_api_i5list,inc.com_api_i5list,0,,False,,
pillar.io,software_saas,us,Pillar,yc_directory,yc_directory,5,blog.,False,,
skgtexas.com,services_other,us,Shelton-Keller Group,inc.com_api_i5list,inc.com_api_i5list,81,blog/,True,,
mynuface.com,ecommerce_retail,us,Carol Cole Co.,inc.com_api_i5list,inc.com_api_i5list,282,blog/,True,,
curacity.com,software_saas,us,Curacity,inc.com_api_i5list,inc.com_api_i5list,0,,False,,
qeo.com,fintech_insurance,us,QEO Group,inc.com_api_i5list,inc.com_api_i5list,0,,False,,
cc3solutions.com,services_other,us,CC3 Solutions,inc.com_api_i5list,inc.com_api_i5list,0,,False,,
sevenhillsglobal.com,services_other,us,Seven Hills Global,inc.com_api_i5list,inc.com_api_i5list,0,,False,,
corporatearmor.com,ecommerce_retail,us,"Corporate Armor, a Temprano Techvestors company",inc.com_api_i5list,inc.com_api_i5list,0,,False,,
r2.co,fintech_insurance,us,R2,yc_directory,yc_directory,1,blog.,False,,
aetouch.com,edtech,us,"AE Touch Technologies, Inc.",inc.com_api_i5list,inc.com_api_i5list,0,,False,,
advancedcsg.net,services_other,us,ADVANCED COMPUTER SOLUTIONS GROUP,inc.com_api_i5list,inc.com_api_i5list,0,,False,,
united-services.com,services_other,us,United Services Group,inc.com_api_i5list,inc.com_api_i5list,1,blog/,False,,
polly.fun,ecommerce_retail,us,Polly,yc_directory,yc_directory,0,,False,,
tensil.ai,devtools,us,Tensil,yc_directory,yc_directory,1,blog/,False,,
mes.us,services_other,us,Marine Equipment Supply,inc.com_api_i5list,inc.com_api_i5list,0,,False,,
deepmeditate.com,health,us,Deep Meditate,yc_directory,yc_directory,21,blog.,False,,
gothreadly.com,ecommerce_retail,us,Threadly,inc.com_api_i5list,inc.com_api_i5list,0,,False,,
sprinklr.com,software_saas,us,Sprinklr Modern Care,g2.com_wayback,g2.com_wayback,118,blog/,True,,
wandynamics.com,services_other,us,WAN Dynamics,inc.com_api_i5list,inc.com_api_i5list,38,blog/,True,,
mugsy.com,ecommerce_retail,us,Mugsy,inc.com_api_i5list,inc.com_api_i5list,0,,False,,
massdriver.cloud,devtools,us,Massdriver,yc_directory,yc_directory,3,blog.,False,,
escalon.services,services_other,us,Escalon Services,inc.com_api_i5list,inc.com_api_i5list,319,blog/,True,,
apds.works,edtech,us,American Prison Data Systems,inc.com_api_i5list,inc.com_api_i5list,0,,False,,
femaleinvest.com,fintech_insurance,eu,Female Invest,yc_directory,yc_directory,0,,False,,
myplacers.com,services_other,us,Placers,inc.com_api_i5list,inc.com_api_i5list,0,,False,,
istekki.fi,services_other,eu,Istekki,ft1000_wayback:20210331132419,ft1000_wayback:20210331132419,0,,False,,
about.gitlab.com,devtools,,GitLab,g2.com_wayback,g2.com_wayback,377,blog/,True,,
cratos.com,services_other,us,Triple E Equipment,inc.com_api_i5list,inc.com_api_i5list,14,blog/,False,,
weil4feet.com,health,us,Weil Foot & Ankle,inc.com_api_i5list,inc.com_api_i5list,1,blog/,False,,
epic-aerospace.com,services_other,us,EPIC AEROSPACE,yc_directory,yc_directory,0,,False,,
launchcaster.xyz,ecommerce_retail,us,Launcher Labs,yc_directory,yc_directory,0,,False,,
visuallease.com,software_saas,us,Visual Lease,inc.com_api_i5list,inc.com_api_i5list,20,resources/,False,,
noeticstrategies.com,services_other,us,Noetic Strategies,inc.com_api_i5list,inc.com_api_i5list,0,,False,,
listingspark.com,services_other,us,ListingSpark,inc.com_api_i5list,inc.com_api_i5list,85,blog/,True,,
uchaininc.com,services_other,us,UChain Inc.,inc.com_api_i5list,inc.com_api_i5list,0,,False,,
vasginc.com,services_other,us,Vista Applied Solutions Group,inc.com_api_i5list,inc.com_api_i5list,0,,False,,
ladistco.com,ecommerce_retail,us,Los Angeles Distributing Company,inc.com_api_i5list,inc.com_api_i5list,0,,False,,
usekaya.com,software_saas,us,Kaya,yc_directory,yc_directory,0,,False,,
stimchems.com,services_other,us,Downhol Chemical Solutionsd,inc.com_api_i5list,inc.com_api_i5list,0,,False,,
krgtech.com,services_other,us,KRG TECHNOLOGIES,inc.com_api_i5list,inc.com_api_i5list,0,,False,,
hokali.com,edtech,us,HOKALI,yc_directory,yc_directory,0,,False,,
godouglasrealty.com,services_other,us,Douglas Realty,inc.com_api_i5list,inc.com_api_i5list,0,,False,,
compassitc.com,services_other,us,Compass IT Compliance,inc.com_api_i5list,inc.com_api_i5list,226,blog/,True,,
humanuspraca.pl,services_other,eu,Humanus Personalservice,ft1000_wayback:20210331132419,ft1000_wayback:20210331132419,0,,False,,
niyamit.com,services_other,us,NiyamIT,inc.com_api_i5list,inc.com_api_i5list,44,blog/,True,,
itfgroup.com,services_other,us,ITF Group,inc.com_api_i5list,inc.com_api_i5list,0,,False,,
alphapavingtexas.com,services_other,us,Alpha Paving Industries,inc.com_api_i5list,inc.com_api_i5list,0,,False,,
caper.ai,ecommerce_retail,us,Caper,yc_directory,yc_directory,1,blog/,False,,
premierautomation.com,services_other,us,Premier Automation,inc.com_api_i5list,inc.com_api_i5list,0,,False,,
twomaidsfranchise.com,services_other,us,Two Maids & A Mop,inc.com_api_i5list,inc.com_api_i5list,98,blog.,True,,
nomadicrealestate.com,services_other,us,Nomadic Real Estate,inc.com_api_i5list,inc.com_api_i5list,0,,False,,
knowbe4.com,software_saas,us,KnowBe4,inc.com_api_i5list,inc.com_api_i5list,201,blog.,True,,
statsbomb.com,software_saas,uk,StatsBomb,ft1000_wayback:20220301043147,ft1000_wayback:20220301043147,0,,False,,
budgetdumpster.com,services_other,us,Budget Dumpster,inc.com_api_i5list,inc.com_api_i5list,155,blog/,True,,
rainfocus.com,software_saas,us,RainFocus,inc.com_api_i5list,inc.com_api_i5list,53,blog/,True,,
netsync.com,services_other,us,Netsync Network Solutions,inc.com_api_i5list,inc.com_api_i5list,0,,False,,
hansonlab.com,services_other,us,Hanson Lab Solutions,inc.com_api_i5list,inc.com_api_i5list,0,,False,,
torchlighthire.com,services_other,us,TorchLight Hire,inc.com_api_i5list,inc.com_api_i5list,1,blog/,False,,
scuba.io,software_saas,us,Scuba,yc_directory,yc_directory,92,blog/,True,,
creative-cables.com,ecommerce_retail,eu,Creative-Cables,ft1000_wayback:20230425220624,ft1000_wayback:20230425220624,0,,False,,
zenysis.com,health,us,Zenysis,yc_directory,yc_directory,0,,False,,
youraspire.com,software_saas,us,Aspire,inc.com_api_i5list,inc.com_api_i5list,195,blog/,True,,
usme.com,health,us,US Med-Equip,inc.com_api_i5list,inc.com_api_i5list,0,,False,HTTPError,
hapi.finance,services_other,us,Bifrost,yc_directory,yc_directory,0,,False,,
maxgen.com,services_other,us,MaxGen Energy Services,inc.com_api_i5list,inc.com_api_i5list,0,,False,,
mycroclean.com,services_other,eu,Mycroclean Italia,ft1000_wayback:20220301043147,ft1000_wayback:20220301043147,0,,False,,
unclenearest.com,ecommerce_retail,us,Uncle Nearest Premium Whiskey,inc.com_api_i5list,inc.com_api_i5list,0,,False,,
teamhousing.com,services_other,us,Team Housing Solutions,inc.com_api_i5list,inc.com_api_i5list,8,blog/,False,,
thrivefinancialservices.com,fintech_insurance,us,Thrive Capital Management/Thrive Financial Services,inc.com_api_i5list,inc.com_api_i5list,3,blog/,False,,
executivespeakers.com,services_other,us,Executive Speakers Bureau,inc.com_api_i5list,inc.com_api_i5list,242,blog/,True,,
ondemandgroup.com,services_other,us,On-Demand Services Group,inc.com_api_i5list,inc.com_api_i5list,0,,False,,
prysmgroup.io,services_other,us,Prysm Group,inc.com_api_i5list,inc.com_api_i5list,0,,False,,
shimmer.care,health,us,Shimmer,yc_directory,yc_directory,31,blog/,True,,
upgrade.com,fintech_insurance,us,Upgrade,inc.com_api_i5list,inc.com_api_i5list,0,,False,,
wallflowermerch.com,ecommerce_retail,us,Wallflower Merchandise,inc.com_api_i5list,inc.com_api_i5list,2,blog/,False,,
securly.com,edtech,us,Securly,inc.com_api_i5list,inc.com_api_i5list,4,blog/,False,,
nacl.com,services_other,us,North American Coating Laboratories,inc.com_api_i5list,inc.com_api_i5list,11,blog/,False,,
stealthworker.com,services_other,us,Stealth Worker,yc_directory,yc_directory,0,,False,,
thehydrojug.com,ecommerce_retail,us,HydroJug,inc.com_api_i5list,inc.com_api_i5list,99,blog/,True,,
channelpartnerscapital.com,fintech_insurance,us,Channel,inc.com_api_i5list,inc.com_api_i5list,0,,False,,
mycomputercareer.edu,edtech,us,MyComputerCareer,inc.com_api_i5list,inc.com_api_i5list,0,,False,,
terralogic.com,services_other,us,Terralogic Technologies,inc.com_api_i5list,inc.com_api_i5list,87,blog/,True,,
evonence.com,services_other,us,Evonence,inc.com_api_i5list,inc.com_api_i5list,70,blog/,True,,
gooten.com,ecommerce_retail,us,Gooten,inc.com_api_i5list,inc.com_api_i5list,276,blog/,True,,
chargesavvy.com,fintech_insurance,us,ChargeSavvy,inc.com_api_i5list,inc.com_api_i5list,0,,False,,
getenflux.com,services_other,us,Enflux,yc_directory,yc_directory,25,blog/,True,,
tracchicago.com,ecommerce_retail,us,TRAC,yc_directory,yc_directory,0,,False,,
dreamcraft.com,devtools,us,"DreamCraft Entertainment, Inc.",yc_directory,yc_directory,0,,False,,
reamaze.com,software_saas,us,Re:amaze,g2.com_wayback,g2.com_wayback,335,blog.,True,,
greenaircare.com,services_other,us,Green Air Care Group,inc.com_api_i5list,inc.com_api_i5list,0,,False,,
buzzybooth.com,services_other,us,BuzzyBooth,inc.com_api_i5list,inc.com_api_i5list,25,blog.,True,,
landinfo.com,services_other,us,LAND INFO Worldwide Mapping,inc.com_api_i5list,inc.com_api_i5list,0,,False,,
erudifi.com,fintech_insurance,us,ErudiFi,yc_directory,yc_directory,0,,False,,
tannico.com,ecommerce_retail,eu,Tannico Wineplatform,ft1000_wayback:20230425220624,ft1000_wayback:20230425220624,0,,False,,
vestedmetals.net,services_other,us,Vested Metals International,inc.com_api_i5list,inc.com_api_i5list,0,,False,,
landsouth.com,services_other,us,LandSouth Construction,inc.com_api_i5list,inc.com_api_i5list,0,,False,,
connexa.com,services_other,us,Connexa,inc.com_api_i5list,inc.com_api_i5list,0,,False,,
suggestr.co,services_other,us,Suggestr,yc_directory,yc_directory,0,,False,,
westerntechsystems.com,services_other,us,WesternTechSystems,inc.com_api_i5list,inc.com_api_i5list,0,,False,,
jsgoray.com,services_other,us,J.S. Goray,inc.com_api_i5list,inc.com_api_i5list,0,,False,,
onereal.com,services_other,us,The Real Brokerage,inc.com_api_i5list,inc.com_api_i5list,0,,False,,
medixteam.com,services_other,us,Medix Staffing Solutions,inc.com_api_i5list,inc.com_api_i5list,273,blog/,True,,
vertexglobalsolutions.com,services_other,us,Vertex Global Solutions,inc.com_api_i5list,inc.com_api_i5list,0,,False,,
stickergiant.com,ecommerce_retail,us,StickerGiant,inc.com_api_i5list,inc.com_api_i5list,398,blog/,True,,
unlayer.com,devtools,us,Unlayer,yc_directory,yc_directory,114,blog/,True,,
convergenceusa.com,services_other,us,Convergence,inc.com_api_i5list,inc.com_api_i5list,0,,False,,
gotrg.com,software_saas,us,goTRG,inc.com_api_i5list,inc.com_api_i5list,0,,False,,
wealthsource.com,fintech_insurance,us,WealthSource Partners,inc.com_api_i5list,inc.com_api_i5list,0,,False,,
opentrons.com,health,us,Opentrons,yc_directory,yc_directory,0,,False,,
airthium.com,services_other,eu,Airthium,yc_directory,yc_directory,0,,False,,
popsql.com,devtools,us,PopSQL,yc_directory,yc_directory,17,blog/,False,,
procureamerica.org,services_other,us,ProcureAmerica,inc.com_api_i5list,inc.com_api_i5list,0,,False,,
deltacapita.com,fintech_insurance,uk,Delta Capita Group,ft1000_wayback:20210331132419,ft1000_wayback:20210331132419,1,blog/,False,,
gantto.com,software_saas,us,Gantto,yc_directory,yc_directory,0,,False,,
lssmd.com,services_other,us,LS Systems,inc.com_api_i5list,inc.com_api_i5list,13,blog/,False,,
mastergroup.it,ecommerce_retail,eu,Master Group,ft1000_wayback:20210331132419,ft1000_wayback:20210331132419,0,,False,,
gladly.com,software_saas,,Gladly,g2.com_wayback,g2.com_wayback,274,blog/,True,,
cotaglobal.com,services_other,us,Puzzled,inc.com_api_i5list,inc.com_api_i5list,0,,False,,
topsailsteamer.com,ecommerce_retail,us,Topsail Steamer,inc.com_api_i5list,inc.com_api_i5list,0,,False,,
awtomic.com,software_saas,us,Awtomic,yc_directory,yc_directory,4,blog/,False,,
appwinit.com,services_other,us,WinIt,inc.com_api_i5list,inc.com_api_i5list,158,blog.,True,,
fhcann.com,fintech_insurance,us,F. H. Cann & Associates,inc.com_api_i5list,inc.com_api_i5list,0,,False,,
summitreuse.com,ecommerce_retail,us,Summit Recommerce Group,inc.com_api_i5list,inc.com_api_i5list,0,,False,,
covie.com,fintech_insurance,us,Covie,yc_directory,yc_directory,0,,False,,
bachrachgroup.com,services_other,us,The Bachrach Group,inc.com_api_i5list,inc.com_api_i5list,0,,False,,
swif.ai,software_saas,us,Swif.ai,yc_directory,yc_directory,0,,False,,
ejisinc.com,ecommerce_retail,us,Ejis,inc.com_api_i5list,inc.com_api_i5list,164,blog/,True,,
bosscathome.com,services_other,us,Bosscat Home Services and Technologies,inc.com_api_i5list,inc.com_api_i5list,0,,False,,
covetly.com,ecommerce_retail,us,Covetly,yc_directory,yc_directory,0,,False,,
padlet.com,software_saas,us,Padlet,yc_directory,yc_directory,60,blog.,True,,
currencycloud.com,fintech_insurance,uk,The Currency Cloud Group,ft1000_wayback:20230425220624,ft1000_wayback:20230425220624,219,blog.,True,,
floreshr.com,services_other,us,FloresHR,inc.com_api_i5list,inc.com_api_i5list,0,,False,,
valorrep.com,fintech_insurance,uk,Valor Real Estate Partners,ft1000_wayback:20220301043147,ft1000_wayback:20220301043147,0,,False,,
cohere.io,software_saas,us,Cohere,yc_directory,yc_directory,20,blog/,False,,
isifranchise.com,health,us,ISI Elite Training,inc.com_api_i5list,inc.com_api_i5list,0,,False,,
dynatrap.com,ecommerce_retail,us,Dynamic Solutions Worldwide,inc.com_api_i5list,inc.com_api_i5list,0,,False,,
intelliboard.net,edtech,us,IntelliBoard,inc.com_api_i5list,inc.com_api_i5list,84,blog.,True,,
laystrom.com,services_other,us,Laystrom Manufacturing Co.,inc.com_api_i5list,inc.com_api_i5list,0,,False,,
whiskyzone.de,ecommerce_retail,eu,Whiskyzone,ft1000_wayback:20220301043147,ft1000_wayback:20220301043147,0,,False,,
mosaix.ai,ecommerce_retail,us,Mosaix.ai,yc_directory,yc_directory,0,,False,,
inito.com,health,us,Inito,yc_directory,yc_directory,70,blog.,True,,
coadvantage.com,services_other,us,CoAdvantage,inc.com_api_i5list,inc.com_api_i5list,142,blog/,True,,
bomax-hydrogen.com,services_other,eu,Bomax,ft1000_wayback:20220301043147,ft1000_wayback:20220301043147,0,,False,,
advancedrpo.com,services_other,us,Advanced RPO,inc.com_api_i5list,inc.com_api_i5list,57,blog/,True,,
skinbylovely.com,health,us,Skin by Lovely,inc.com_api_i5list,inc.com_api_i5list,341,blog/,True,,
blend360.com,services_other,us,Blend360,inc.com_api_i5list,inc.com_api_i5list,17,blog/,False,,
leadspace.com,software_saas,us,Leadspace,inc.com_api_i5list,inc.com_api_i5list,86,blog/,True,,
agilitypartners.io,services_other,us,Agility Partners,inc.com_api_i5list,inc.com_api_i5list,23,blog.,False,,
statuspage.io,software_saas,us,StatusPage,yc_directory,yc_directory,79,blog.,True,,
machine26.com,ecommerce_retail,eu,Machine26,yc_directory,yc_directory,0,,False,,
ipsigenerators.com,services_other,us,Integrated Power Supplies International,inc.com_api_i5list,inc.com_api_i5list,1,blog/,False,,
subrogation.com,fintech_insurance,us,Other Party Liability,inc.com_api_i5list,inc.com_api_i5list,0,,False,,
saprex.com,services_other,us,Saprex,inc.com_api_i5list,inc.com_api_i5list,1,blog/,False,,
clockshark.com,software_saas,us,ClockShark,inc.com_api_i5list,inc.com_api_i5list,221,blog/,True,,
supertokens.com,devtools,us,SuperTokens,yc_directory,yc_directory,27,blog/,True,,
ndreams.com,software_saas,uk,nDreams,ft1000_wayback:20210331132419,ft1000_wayback:20210331132419,167,blog/,True,,
tangramflex.com,software_saas,us,Tangram Flex,inc.com_api_i5list,inc.com_api_i5list,0,,False,,
harnesspower.com,services_other,us,HARNESS POWER,inc.com_api_i5list,inc.com_api_i5list,0,,False,,
buildspace.so,edtech,us,buildspace,yc_directory,yc_directory,0,,False,,
headstorm.com,services_other,us,Headstorm,inc.com_api_i5list,inc.com_api_i5list,0,,False,,
donatotechnologies.com,services_other,us,Donato Technologies,inc.com_api_i5list,inc.com_api_i5list,0,,False,,
hawaiianbros.com,ecommerce_retail,us,Hawaiian Bros Island Grill,inc.com_api_i5list,inc.com_api_i5list,0,,False,,
venturajet.com,services_other,us,Ventura Air Services,inc.com_api_i5list,inc.com_api_i5list,0,,False,,
bisonoffice.com,ecommerce_retail,us,BisonOffice,inc.com_api_i5list,inc.com_api_i5list,0,,False,,
nomod.com,fintech_insurance,us,Nomod,yc_directory,yc_directory,1,blog/,False,,
midsouthcommuncations.com,services_other,us,Mid South Communications,inc.com_api_i5list,inc.com_api_i5list,0,,False,,
wearegameplan.com,services_other,us,Game Plan,inc.com_api_i5list,inc.com_api_i5list,43,blog/,True,,
blokworx.com,services_other,us,BLOKWORX,inc.com_api_i5list,inc.com_api_i5list,7,blog/,False,,
dataform.co,devtools,eu,Dataform,yc_directory,yc_directory,40,blog/,True,,
biocatch.com,fintech_insurance,us,BioCatch,inc.com_api_i5list,inc.com_api_i5list,0,,False,,
vobi.com.br,software_saas,us,Vobi,yc_directory,yc_directory,95,blog/,True,,
oxifresh.com,services_other,us,Oxi Fresh Carpet Cleaning,inc.com_api_i5list,inc.com_api_i5list,0,,False,,
digitalpa.net,services_other,eu,Digitalpa,ft1000_wayback:20220301043147,ft1000_wayback:20220301043147,0,,False,,
drinkdreamin.com,ecommerce_retail,us,California Dreamin,yc_directory,yc_directory,0,,False,,
farcast.com,services_other,us,Farcast,yc_directory,yc_directory,0,,False,,
advancecapital.ru,services_other,eu,Advance Capital,ft1000_wayback:20210331132419,ft1000_wayback:20210331132419,0,,False,HTTPError,
heyfood.africa,ecommerce_retail,us,Heyfood,yc_directory,yc_directory,0,,False,,
energyby5.com,services_other,us,5,inc.com_api_i5list,inc.com_api_i5list,16,blog/,False,,
bayes.com,software_saas,us,Bayes,yc_directory,yc_directory,6,blog/,False,,
apexskin.com,health,us,Apex Dermatology and Skin Surgery Center,inc.com_api_i5list,inc.com_api_i5list,1,blog/,False,,
interglasscorp.com,services_other,us,Interglass Corp,inc.com_api_i5list,inc.com_api_i5list,0,,False,,
sheerid.com,software_saas,us,SheerID,inc.com_api_i5list,inc.com_api_i5list,248,blog/,True,,
drsquatch.com,ecommerce_retail,us,Dr. Squatch,inc.com_api_i5list,inc.com_api_i5list,194,blog/,True,,
whisker.com,ecommerce_retail,us,Whisker,inc.com_api_i5list,inc.com_api_i5list,0,,False,,
idealconcepts.com,fintech_insurance,us,Ideal Concepts,inc.com_api_i5list,inc.com_api_i5list,0,,False,,
schottpackaging.co.uk,ecommerce_retail,uk,Schott Packaging,ft1000_wayback:20220301043147,ft1000_wayback:20220301043147,0,,False,,
silicus.com,services_other,us,Silicus Technologies,inc.com_api_i5list,inc.com_api_i5list,0,,False,,
globalecompartners.com,services_other,us,Global Ecom Partners,inc.com_api_i5list,inc.com_api_i5list,0,,False,,
eduflow.com,edtech,eu,Eduflow,yc_directory,yc_directory,64,blog/,True,,
coffeemeetsbagel.com,software_saas,us,Coffee Meets Bagel,inc.com_api_i5list,inc.com_api_i5list,307,blog/,True,,
biotechxray.com,health,us,Biotech X-ray,inc.com_api_i5list,inc.com_api_i5list,0,,False,,
synergistcomputing.com,services_other,us,Synergist Computing,inc.com_api_i5list,inc.com_api_i5list,0,,False,,
prohomedc.com,services_other,us,ProHome Metro DC,inc.com_api_i5list,inc.com_api_i5list,0,,False,,
proveli.com,ecommerce_retail,us,Proveli,inc.com_api_i5list,inc.com_api_i5list,0,,False,,
dateioplatform.com,fintech_insurance,eu,Dateio,ft1000_wayback:20220301043147,ft1000_wayback:20220301043147,0,,False,,
tolemi.com,software_saas,us,Tolemi,yc_directory,yc_directory,0,,False,,
cornerstoneinc.com,services_other,us,Cornerstone,inc.com_api_i5list,inc.com_api_i5list,0,,False,,
bulldozair.com,software_saas,eu,Bulldozair,yc_directory,yc_directory,267,blog.,True,,
trustradius.com,services_other,us,TrustRadius,inc.com_api_i5list,inc.com_api_i5list,78,blog.,True,,
rockstar-capital.com,services_other,us,Rockstar Capital,inc.com_api_i5list,inc.com_api_i5list,0,,False,,
icenow.com,ecommerce_retail,us,Ice Now,inc.com_api_i5list,inc.com_api_i5list,0,,False,,
workglovesdepot.com,ecommerce_retail,us,G & F Products,inc.com_api_i5list,inc.com_api_i5list,2,blog/,False,,
pluto.markets,fintech_insurance,eu,Pluto.markets,yc_directory,yc_directory,0,,False,,
ivueit.com,services_other,us,iVueit,inc.com_api_i5list,inc.com_api_i5list,2,blog/,False,,
spennyapp.com,fintech_insurance,us,Spenny,yc_directory,yc_directory,0,,False,,
itraq.com,software_saas,us,iTraq,inc.com_api_i5list,inc.com_api_i5list,31,blog/,True,,
patriotpoolandspa.com,services_other,us,Patriot Pool and Spa,inc.com_api_i5list,inc.com_api_i5list,0,,False,,
nestgenomics.com,health,us,Nest Genomics,yc_directory,yc_directory,0,,False,,
transportservices.com,services_other,us,Transport Services,inc.com_api_i5list,inc.com_api_i5list,25,blog/,True,,
intercontinentalcapital.com,fintech_insurance,us,Intercontinental Capital Group,inc.com_api_i5list,inc.com_api_i5list,0,,False,,
teachwithkoala.com,edtech,us,Koala,yc_directory,yc_directory,0,,False,,
mccinnovations.com,software_saas,us,MCCi,inc.com_api_i5list,inc.com_api_i5list,2,blog.,False,,
cyberark.com,software_saas,us,CyberArk Identity (formerly Idaptive),g2.com_wayback,g2.com_wayback,377,blog/,True,,
ruggedtabletpc.com,ecommerce_retail,us,MobileDemand,inc.com_api_i5list,inc.com_api_i5list,250,blog/,True,,
wellbox.care,health,us,Wellbox,inc.com_api_i5list,inc.com_api_i5list,17,blog/,False,,
cbinsights.com,software_saas,us,CB Insights,inc.com_api_i5list,inc.com_api_i5list,274,blog/,True,,
sivo.com,fintech_insurance,us,Sivo,yc_directory,yc_directory,0,,False,,
tekcomresources.com,services_other,us,TekCom Resources,inc.com_api_i5list,inc.com_api_i5list,0,,False,,
integrativephysiatry.com,health,us,Integrative Sports and Spine,inc.com_api_i5list,inc.com_api_i5list,0,,False,,
improveasy.com,services_other,uk,Improveasy,ft1000_wayback:20220301043147,ft1000_wayback:20220301043147,0,,False,,
ignitefunding.com,fintech_insurance,us,Ignite Funding,inc.com_api_i5list,inc.com_api_i5list,76,blog.,True,,
blueorangegames.com,ecommerce_retail,eu,Blue Orange,ft1000_wayback:20230425220624,ft1000_wayback:20230425220624,145,blog/,True,,
precision-monitoring.com,health,us,Precision Monitoring,inc.com_api_i5list,inc.com_api_i5list,0,,False,,
playdigious.com,software_saas,eu,Playdigious,ft1000_wayback:20210331132419,ft1000_wayback:20210331132419,0,,False,,
goldco.com,fintech_insurance,us,Goldco,inc.com_api_i5list,inc.com_api_i5list,3,blog/,False,,
kytephone.com,ecommerce_retail,us,BarSense,yc_directory,yc_directory,59,blog.,True,,
rmfg.com,services_other,us,RMFG,yc_directory,yc_directory,0,,False,,
hellochair.com,ecommerce_retail,us,Hello Chair,yc_directory,yc_directory,1,blog.,False,,
costaoils.com,ecommerce_retail,us,Costa Oils,inc.com_api_i5list,inc.com_api_i5list,0,,False,,
jacaruso.com,services_other,us,Jacaruso Enterprises,inc.com_api_i5list,inc.com_api_i5list,0,,False,,
freshtri.com,health,us,Fresh Tri,inc.com_api_i5list,inc.com_api_i5list,0,,False,,
shiru.com,services_other,us,Shiru,yc_directory,yc_directory,2,blog/,False,,
payflow.es,fintech_insurance,eu,Payflow,yc_directory,yc_directory,76,blog/,True,,
varomoney.com,fintech_insurance,us,Varo Bank,inc.com_api_i5list,inc.com_api_i5list,14,blog/,False,,
usemotion.com,software_saas,us,Motion,yc_directory,yc_directory,8,blog.,False,,
trustly.com,fintech_insurance,eu,Trustly Group,ft1000_wayback:20210331132419,ft1000_wayback:20210331132419,0,,False,,
hootenconstruction.com,services_other,us,Hooten Construction,inc.com_api_i5list,inc.com_api_i5list,0,,False,,
senb.com,fintech_insurance,us,SENB Bank,inc.com_api_i5list,inc.com_api_i5list,0,,False,,
lithko.com,services_other,us,Lithko Contracting,inc.com_api_i5list,inc.com_api_i5list,0,,False,,
koyapartners.com,services_other,us,Koya Leadership Partners,inc.com_api_i5list,inc.com_api_i5list,187,blog/,True,,
madeintandem.com,services_other,us,Tandem,inc.com_api_i5list,inc.com_api_i5list,251,blog/,True,,
asana.com,software_saas,us,Asana,g2.com_wayback,g2.com_wayback,291,blog.,True,,
skalhuset.se,ecommerce_retail,eu,SkalHuset.se,ft1000_wayback:20220301043147,ft1000_wayback:20220301043147,0,,False,,
tmgcm.com,services_other,us,TMG Construction Management,inc.com_api_i5list,inc.com_api_i5list,0,,False,,
omniinteractions.com,services_other,us,Omni Interactions,inc.com_api_i5list,inc.com_api_i5list,0,,False,,
literati.com,edtech,us,Literati,inc.com_api_i5list,inc.com_api_i5list,0,,False,,
astyra.com,services_other,us,Astyra Corporation,inc.com_api_i5list,inc.com_api_i5list,0,,False,,
ceocoaching.com,services_other,us,CEO COACHING INTERNATIONAL,inc.com_api_i5list,inc.com_api_i5list,0,,False,,
quest.app,services_other,eu,Quest,yc_directory,yc_directory,0,,False,,
pmpediatrics.com,health,us,PM Pediatrics,inc.com_api_i5list,inc.com_api_i5list,0,,False,,
golinks.io,software_saas,us,GoLinks,yc_directory,yc_directory,0,,False,,
abilitie.com,edtech,us,Abilitie,inc.com_api_i5list,inc.com_api_i5list,56,blog/,True,,
vantagerecreationalfinance.com,fintech_insurance,us,Vantage Recreational Finance,inc.com_api_i5list,inc.com_api_i5list,0,,False,,
thedailygraceco.com,ecommerce_retail,us,The Daily Grace Co.,inc.com_api_i5list,inc.com_api_i5list,374,blog/,True,,
welltok.com,health,us,Welltok,inc.com_api_i5list,inc.com_api_i5list,179,blog.,True,,
happybulle.com,ecommerce_retail,eu,HAPPYBULLE,ft1000_wayback:20220301043147,ft1000_wayback:20220301043147,106,blog/,True,,
reviewwave.com,software_saas,us,Review Wave,inc.com_api_i5list,inc.com_api_i5list,0,,False,,
vitacup.com,ecommerce_retail,us,VitaCup,inc.com_api_i5list,inc.com_api_i5list,0,,False,,
pervices.com,services_other,us,Per Vices,yc_directory,yc_directory,0,,False,,
tbxbenefits.com,fintech_insurance,us,TBX Employee Benefits,inc.com_api_i5list,inc.com_api_i5list,0,,False,,
huma.com,health,uk,Huma Therapeutics,ft1000_wayback:20210331132419,ft1000_wayback:20210331132419,31,blog/,True,,
terratranslations.com,services_other,us,Terra Translations,inc.com_api_i5list,inc.com_api_i5list,0,,False,,
sodalissenior.com,health,us,Sodalis Senior Living,inc.com_api_i5list,inc.com_api_i5list,6,blog/,False,,
clementinescreamery.com,ecommerce_retail,us,Clementine's Naughty & Nice Ice Cream,inc.com_api_i5list,inc.com_api_i5list,42,blog/,True,,
