domain,stratum,vertical,doc_id,url,wayback_url,snapshot_ts,title,words,genre,kept,drop_reason
zerodown.com,yc,other,ab5cc8dcdd63ba43,https://zerodown.com/blog/2020-review-bay-area-real-estate-trends,https://web.archive.org/web/20210101000130/https://zerodown.com/blog/2020-review-bay-area-real-estate-trends,20210101000130,2020 Review: Looking Back on Bay Area Real Estate Trends,624,informational,True,
zerodown.com,yc,other,836d301ec22cd71e,https://zerodown.com/blog/impact-of-the-covid-19-pandemic-on-bay-area-real-estate,https://web.archive.org/web/20210107032842/https://zerodown.com/blog/impact-of-the-covid-19-pandemic-on-bay-area-real-estate,20210107032842,The Impact of the Covid-19 Pandemic on Bay Area Real Estate,2235,informational,True,
zerodown.com,yc,other,1f7cfe1c1a96fc06,https://zerodown.com/blog/interior-design-tiktok,https://web.archive.org/web/20201030124749/https://zerodown.com/blog/interior-design-tiktok,20201030124749,5 Inspiring Interior Design Accounts to Follow on TikTok,669,informational,True,
zerodown.com,yc,other,,https://zerodown.com/blog/hot-pick-restful-042621,https://web.archive.org/web/20210430203025/https://zerodown.com/blog/hot-pick-restful-042621,20210430203025,"Hot Pick Home: 'Restful' in the Bay Area - April 26, 2021",223,,False,length
zerodown.com,yc,other,,https://zerodown.com/blog/hot-pick-green-050321,https://web.archive.org/web/20211122224536/https://zerodown.com/blog/hot-pick-green-050321,20211122224536,"Hot Pick Home: 'Green' in the Bay Area - May 3, 2021",189,,False,length
zerodown.com,yc,other,,https://zerodown.com/blog/treescore-benefits-of-living-among-trees-health-happiness,https://web.archive.org/web/20210318175933/https://zerodown.com/blog/treescore-benefits-of-living-among-trees-health-happiness,20210318175933,Treescore: The Benefits of Living Among Trees for Your Health & Happiness,724,product_announcement,False,genre
zerodown.com,yc,other,058e67e96fa8f375,https://zerodown.com/blog/6-elon-musk-worthy-homes-in-austin-texas,https://web.archive.org/web/20210126021819/https://zerodown.com/blog/6-elon-musk-worthy-homes-in-austin-texas,20210126021819,"6 Elon Musk-Worthy Homes in Austin, Texas",622,informational,True,
zerodown.com,yc,other,9af6d89ad95d6bad,https://zerodown.com/blog/mortgage-rates-affect-credit-score,https://web.archive.org/web/20210414054955/https://zerodown.com/blog/mortgage-rates-affect-credit-score,20210414054955,Credit Scores: How They Can Affect Your Mortgage Rate,1123,informational,True,
zerodown.com,yc,other,,https://zerodown.com/blog/what-is-a-craftsman-style-home,https://web.archive.org/web/20201220151043/https://zerodown.com/blog/what-is-a-craftsman-style-home,20201220151043,What Is a Craftsman Style Home?,360,,False,length
zerodown.com,yc,other,748fc2e71d785929,https://zerodown.com/blog/minimum-down-payments-conventional-conforming-loans,https://web.archive.org/web/20210405181940/https://zerodown.com/blog/minimum-down-payments-conventional-conforming-loans,20210405181940,Minimum Down Payments on Conventional Conforming Loans,1021,informational,True,
zerodown.com,yc,other,,https://zerodown.com/blog/why-are-farmhouse-style-homes-so-popular,https://web.archive.org/web/20211127003804/https://zerodown.com/blog/why-are-farmhouse-style-homes-so-popular,20211127003804,Why Are Farmhouse Style Homes So Popular?,457,,False,length
zerodown.com,yc,other,,https://zerodown.com/blog/750k-homes-in-the-bay-area-right-now,https://web.archive.org/web/20210115220434/https://zerodown.com/blog/750k-homes-in-the-bay-area-right-now,20210115220434,What Can You Buy for Less Than $750k in The Bay Area Right Now?,522,,False,length
zerodown.com,yc,other,,https://zerodown.com/blog/hot-pick-home-smart-value-bay-area-1130,https://web.archive.org/web/20201203231414/https://zerodown.com/blog/hot-pick-home-smart-value-bay-area-1130,20201203231414,"Hot Pick Home: 'Smart Value' in the Bay Area - November 30, 2020",317,,False,length
zerodown.com,yc,other,,https://zerodown.com/blog/hot-pick-neighborly-020121,https://web.archive.org/web/20210205180345/https://zerodown.com/blog/hot-pick-neighborly-020121,20210205180345,"Hot Pick Home: 'Neighborly' in the Bay Area - February 1, 2021",205,,False,length
zerodown.com,yc,other,,https://zerodown.com/blog/10-farmhouse-style-homes-for-sale-in-austin-and-dallas-right-now,https://web.archive.org/web/20201118210909/https://zerodown.com/blog/10-farmhouse-style-homes-for-sale-in-austin-and-dallas-right-now,20201118210909,10 Farmhouse Style Homes for Sale in Austin and Dallas-Fort Worth Right Now,532,,False,length
renthop.com,yc,ecommerce,,http://www.renthop.com:80/blog/2014/03/ghost-listings-and-renthop/,https://web.archive.org/web/20151210223818/http://www.renthop.com:80/blog/2014/03/ghost-listings-and-renthop/,20151210223818,“Ghost listings” and RentHop,559,,False,length
renthop.com,yc,ecommerce,026dea0816cd4646,https://www.renthop.com/blog/2021/03/how-compass-is-different-from-zillow-redfin-and-typical-brokerages/,https://web.archive.org/web/20210419164656/https://www.renthop.com/blog/2021/03/how-compass-is-different-from-zillow-redfin-and-typical-brokerages/,20210419164656,"How Compass is Different from Zillow, Redfin, and Typical Brokerages | RentHop",1946,informational,True,
renthop.com,yc,ecommerce,3df3c284936c70cf,https://www.renthop.com/blog/2022/02/guarantor-vs-cosigner-what-you-need-to-know/,https://web.archive.org/web/20220609094252/https://www.renthop.com/blog/2022/02/guarantor-vs-cosigner-what-you-need-to-know/,20220609094252,Guarantor Vs. Cosigner: What You Need To Know | RentHop,946,informational,True,
renthop.com,yc,ecommerce,0ee82c001c2adda9,https://www.renthop.com/blog/2022/05/exclusive-manhattan-listings-under-4500/,https://web.archive.org/web/20220527154424/https://www.renthop.com/blog/2022/05/exclusive-manhattan-listings-under-4500/,20220527154424,Exclusive Manhattan Listings Under $4500 | RentHop,659,informational,True,
renthop.com,yc,ecommerce,,http://www.renthop.com:80/blog/2015/11/hurry-these-apartments-wont-last-boston-edition/,https://web.archive.org/web/20151127070432/http://www.renthop.com:80/blog/2015/11/hurry-these-apartments-wont-last-boston-edition/,20151127070432,,0,,False,fetch_or_extract
renthop.com,yc,ecommerce,,https://www.renthop.com/blog/san-francisco-bay-area-ca,https://web.archive.org/web/20200811042156/https://www.renthop.com/blog/san-francisco-bay-area-ca,20200811042156,,0,,False,fetch_or_extract
renthop.com,yc,ecommerce,,https://www.renthop.com/blog/2022/01/how-to-make-your-apartment-look-like-an-art-gallery/,https://web.archive.org/web/20220118045517/https://www.renthop.com/blog/2022/01/how-to-make-your-apartment-look-like-an-art-gallery/,20220118045517,,0,,False,fetch_or_extract
renthop.com,yc,ecommerce,,http://www.renthop.com:80/blog/2015/11/fresh-apartments-to-be-thankful-for-today-new-york-edition/,https://web.archive.org/web/20151127070039/http://www.renthop.com:80/blog/2015/11/fresh-apartments-to-be-thankful-for-today-new-york-edition/,20151127070039,,0,,False,fetch_or_extract
renthop.com,yc,ecommerce,,https://www.renthop.com/blog/2022/06/russian-turkish-bath-experience/,https://web.archive.org/web/20220627202846/https://www.renthop.com/blog/2022/06/russian-turkish-bath-experience/,20220627202846,,0,,False,fetch_or_extract
renthop.com,yc,ecommerce,,http://www.renthop.com:80/blog/2015/10/no-debate-over-these-apartments-chicago-edition/,https://web.archive.org/web/20151020050117/http://www.renthop.com:80/blog/2015/10/no-debate-over-these-apartments-chicago-edition/,20151020050117,,0,,False,fetch_or_extract
renthop.com,yc,ecommerce,,http://www.renthop.com/blog/2012/01/aoartments-near-columbia-university-and-morningside-heights/,https://web.archive.org/web/20150410152826/http://www.renthop.com/blog/2012/01/aoartments-near-columbia-university-and-morningside-heights/,20150410152826,,0,,False,fetch_or_extract
renthop.com,yc,ecommerce,,http://www.renthop.com:80/blog/2016/01/cozy-apartments-to-snuggle-up-in-this-january-boston-edition/,https://web.archive.org/web/20160131053946/http://www.renthop.com:80/blog/2016/01/cozy-apartments-to-snuggle-up-in-this-january-boston-edition/,20160131053946,,0,,False,fetch_or_extract
renthop.com,yc,ecommerce,,http://www.renthop.com:80/blog/2010/11/november-the-best-time-to-move/,https://web.archive.org/web/20150328084357/http://www.renthop.com:80/blog/2010/11/november-the-best-time-to-move/,20150328084357,,0,,False,fetch_or_extract
renthop.com,yc,ecommerce,,https://www.renthop.com/blog/2021/10/6-red-flags-youll-find-in-landlords/,https://web.archive.org/web/20211028081410/https://www.renthop.com/blog/2021/10/6-red-flags-youll-find-in-landlords/,20211028081410,,0,,False,fetch_or_extract
renthop.com,yc,ecommerce,,http://www.renthop.com:80/blog/2012/06/renthop-chicago-awesome/,https://web.archive.org/web/20150307014920/http://www.renthop.com:80/blog/2012/06/renthop-chicago-awesome/,20150307014920,,0,,False,fetch_or_extract
okcredit.in,yc,fintech,3819723c99ec7f0a,https://okcredit.in/blog/business-ideas-for-women-in-goa/,https://web.archive.org/web/20210618021419/https://okcredit.in/blog/business-ideas-for-women-in-goa/,20210618021419,10+ Business Ideas for Women in Goa to Start Easily,1502,informational,True,
okcredit.in,yc,fintech,,https://okcredit.in/blog/business-ideas-for-writing-entrepreneurs/,https://web.archive.org/web/20210422013948/https://okcredit.in/blog/business-ideas-for-writing-entrepreneurs/,20210422013948,,0,,False,fetch_or_extract
okcredit.in,yc,fintech,,https://okcredit.in/blog/cheque-bounce-reasons/,https://web.archive.org/web/20220814191722/https://okcredit.in/blog/cheque-bounce-reasons/,20220814191722,,0,,False,fetch_or_extract
okcredit.in,yc,fintech,,https://okcredit.in/blog/fmcg-distributors-in-indore/,https://web.archive.org/web/20220816223118/https://okcredit.in/blog/fmcg-distributors-in-indore/,20220816223118,,0,,False,fetch_or_extract
okcredit.in,yc,fintech,,https://okcredit.in/blog/gst-on-interest/,https://web.archive.org/web/20210922134015/https://okcredit.in/blog/gst-on-interest/,20210922134015,,0,,False,fetch_or_extract
okcredit.in,yc,fintech,,https://okcredit.in/blog/bearing-manufacturers-in-india/,https://web.archive.org/web/20220628111837/https://okcredit.in/blog/bearing-manufacturers-in-india/,20220628111837,,0,,False,fetch_or_extract
okcredit.in,yc,fintech,,https://okcredit.in/blog/atta-brands-in-india/,https://web.archive.org/web/20220121031945/https://okcredit.in/blog/atta-brands-in-india/,20220121031945,,0,,False,fetch_or_extract
okcredit.in,yc,fintech,,https://okcredit.in/blog/documents-required-for-credit-card/,https://web.archive.org/web/20220524034900/https://okcredit.in/blog/documents-required-for-credit-card/,20220524034900,,0,,False,fetch_or_extract
okcredit.in,yc,fintech,,https://okcredit.in/blog/dabur-distributorship-cost-in-india/,https://web.archive.org/web/20220814191948/https://okcredit.in/blog/dabur-distributorship-cost-in-india/,20220814191948,,0,,False,fetch_or_extract
okcredit.in,yc,fintech,,https://okcredit.in/blog/business-ideas-for-delhi/,https://web.archive.org/web/20220815155202/https://okcredit.in/blog/business-ideas-for-delhi/,20220815155202,,0,,False,fetch_or_extract
okcredit.in,yc,fintech,,https://okcredit.in/blog/best-markets-in-haryana/,https://web.archive.org/web/20221002000338/https://okcredit.in/blog/best-markets-in-haryana/,20221002000338,,0,,False,fetch_or_extract
okcredit.in,yc,fintech,,https://okcredit.in/blog/gas-subsidy-kaise-check-kare/,https://web.archive.org/web/20210922143535/https://okcredit.in/blog/gas-subsidy-kaise-check-kare/,20210922143535,,0,,False,fetch_or_extract
okcredit.in,yc,fintech,,https://okcredit.in/blog/difference-between-retail-and-wholesale-industry/,https://web.archive.org/web/20210516081048/https://okcredit.in/blog/difference-between-retail-and-wholesale-industry/,20210516081048,,0,,False,fetch_or_extract
okcredit.in,yc,fintech,,https://okcredit.in/blog/famous-street-food-of-tripura/,https://web.archive.org/web/20211206060256/https://okcredit.in/blog/famous-street-food-of-tripura/,20211206060256,,0,,False,fetch_or_extract
okcredit.in,yc,fintech,,https://okcredit.in/blog/fastag-recharge-kaise-kare/,https://web.archive.org/web/20210922134758/https://okcredit.in/blog/fastag-recharge-kaise-kare/,20210922134758,,0,,False,fetch_or_extract
carwoo.com,yc,ecommerce,12e2881e531a01b8,http://carwoo.com:80/blog/2012-lexus-is-250-this-eye-candy-could-be-your-candy/,https://web.archive.org/web/20120629101008/http://carwoo.com:80/blog/2012-lexus-is-250-this-eye-candy-could-be-your-candy/,20120629101008,2012 Lexus IS 250 – This Eye Candy Could Be Your Candy - The CarWoo! Chronicle,623,informational,True,
carwoo.com,yc,ecommerce,,http://carwoo.com:80/blog/april-fools-jokes-the-auto-edition/,https://web.archive.org/web/20120404105437/http://carwoo.com:80/blog/april-fools-jokes-the-auto-edition/,20120404105437,"April Fools’ Jokes, the Auto Edition - The CarWoo! Chronicle",544,,False,length
carwoo.com,yc,ecommerce,,http://carwoo.com:80/blog/aol-autos-and-carwoo-a-win-win-win-win/,https://web.archive.org/web/20120723031017/http://carwoo.com:80/blog/aol-autos-and-carwoo-a-win-win-win-win/,20120723031017,AOL Autos and CarWoo! – A Win-Win-Win-Win - The CarWoo! Chronicle,718,news_pr,False,genre
carwoo.com,yc,ecommerce,e22c30d212134581,http://carwoo.com:80/blog/best-car-for-recent-grads/,https://web.archive.org/web/20110623013553/http://carwoo.com:80/blog/best-car-for-recent-grads/,20110623013553,Best Car for Recent Grads - The CarWoo! Chronicle,782,informational,True,
carwoo.com,yc,ecommerce,,http://carwoo.com:80/blog/cars-that-women-buy/,https://web.archive.org/web/20110407030106/http://carwoo.com:80/blog/cars-that-women-buy/,20110407030106,Cars That Women Buy,406,,False,length
carwoo.com,yc,ecommerce,9d4c6dbce72a7622,http://carwoo.com:80/blog/2013-dodge-dart-it-hits-the-spot/,https://web.archive.org/web/20120603020251/http://carwoo.com:80/blog/2013-dodge-dart-it-hits-the-spot/,20120603020251,2013 Dodge Dart – It Hits the Spot - The CarWoo! Chronicle,698,informational,True,
carwoo.com,yc,ecommerce,,http://carwoo.com:80/blog/2011-toyota-rav4/,https://web.archive.org/web/20110721054601/http://carwoo.com:80/blog/2011-toyota-rav4/,20110721054601,2011 Toyota Rav4 - The CarWoo! Chronicle,492,,False,length
carwoo.com,yc,ecommerce,093b76793bfca5ce,http://carwoo.com:80/blog/2012-cadillac-escalade/,https://web.archive.org/web/20121014062251/http://carwoo.com:80/blog/2012-cadillac-escalade/,20121014062251,2012 Cadillac Escalade - The CarWoo! Chronicle,667,informational,True,
carwoo.com,yc,ecommerce,,http://carwoo.com:80/blog/best-car-to-buy-for-a-tight-budget/,https://web.archive.org/web/20110516232159/http://carwoo.com:80/blog/best-car-to-buy-for-a-tight-budget/,20110516232159,Best Car to Buy For a Tight Budget,499,,False,length
carwoo.com,yc,ecommerce,26259dde79f0b806,http://carwoo.com:80/blog/best-cars-for-women-who-love-the-outdoors/,https://web.archive.org/web/20110609145536/http://carwoo.com:80/blog/best-cars-for-women-who-love-the-outdoors/,20110609145536,Best Cars for Women Who Love the Outdoors,608,informational,True,
carwoo.com,yc,ecommerce,,http://carwoo.com:80/blog/2011-audi-q7/,https://web.archive.org/web/20120726205648/http://carwoo.com:80/blog/2011-audi-q7/,20120726205648,2011 Audi Q7 - The CarWoo! Chronicle,517,,False,length
carwoo.com,yc,ecommerce,23053b2912f75f1f,http://carwoo.com:80/blog/2012-bmw-7-series/,https://web.archive.org/web/20120408090459/http://carwoo.com:80/blog/2012-bmw-7-series/,20120408090459,2012 BMW 7 Series - The CarWoo! Chronicle,721,informational,True,
carwoo.com,yc,ecommerce,0cecf07745be51b2,http://carwoo.com:80/blog/car-shopper-pitfall-monthly-payment/,https://web.archive.org/web/20111111025059/http://carwoo.com:80/blog/car-shopper-pitfall-monthly-payment/,20111111025059,Car Shopper Pitfall: Monthly Payment - The CarWoo! Chronicle,733,informational,True,
carwoo.com,yc,ecommerce,,http://carwoo.com:80/blog/auto-news-wrap-up-for-may-6/,https://web.archive.org/web/20110510104159/http://carwoo.com:80/blog/auto-news-wrap-up-for-may-6/,20110510104159,Auto News Wrap-up for May 6,599,,False,length
carwoo.com,yc,ecommerce,ac228a3268783c18,http://carwoo.com:80/blog/2012-gmc-yukon/,https://web.archive.org/web/20120131221325/http://carwoo.com:80/blog/2012-gmc-yukon/,20120131221325,2012 GMC Yukon - The CarWoo! Chronicle,660,informational,True,
zentail.com,yc,ecommerce,fd132e95bdd07150,https://www.zentail.com/blog/5-reasons-ebay-amazon-product-research-tool-algopix,https://web.archive.org/web/20190818044858/https://www.zentail.com/blog/5-reasons-ebay-amazon-product-research-tool-algopix,20190818044858,Why Every Online Seller Should Use Intelligent Product Research Tools | Zentail Blog,817,informational,True,
zentail.com,yc,ecommerce,84503fefefed4b74,https://www.zentail.com/blog/amazon-explains-how-it-defines-price-gouging,https://web.archive.org/web/20200703025513/https://www.zentail.com/blog/amazon-explains-how-it-defines-price-gouging,20200703025513,Amazon Explains How It Defines Price Gouging | Zentail Blog,708,informational,True,
zentail.com,yc,ecommerce,0620d42a1d8412ed,https://www.zentail.com/blog/how-to-finance-amazon-business,https://web.archive.org/web/20201020084927/https://www.zentail.com/blog/how-to-finance-amazon-business,20201020084927,3 Ways to Finance the Growth of Your Amazon Business | Zentail Blog,1211,informational,True,
zentail.com,yc,ecommerce,77878b984041c072,https://www.zentail.com/blog/which-ecommerce-strategy-is-winning-during-coronavirus,https://web.archive.org/web/20200401224758/https://www.zentail.com/blog/which-ecommerce-strategy-is-winning-during-coronavirus,20200401224758,Which Ecommerce Strategy is Winning During the Coronavirus? | Zentail Blog,970,informational,True,
zentail.com,yc,ecommerce,0f5bdcc8b104826f,https://www.zentail.com/blog/multichannel-ecommerce-software-comparison,https://web.archive.org/web/20210727155034/https://www.zentail.com/blog/multichannel-ecommerce-software-comparison,20210727155034,Top 5 Multichannel Ecommerce Software: Reviews & Ratings | Zentail Blog,1626,informational,True,
zentail.com,yc,ecommerce,,https://www.zentail.com/blog/how-to-sell-on-jet-com,https://web.archive.org/web/20190920060048/https://www.zentail.com/blog/how-to-sell-on-jet-com,20190920060048,,0,,False,fetch_or_extract
zentail.com,yc,ecommerce,,https://www.zentail.com/blog/bigcommerce-versus-shopify,https://web.archive.org/web/20201214170921/https://www.zentail.com/blog/bigcommerce-versus-shopify,20201214170921,,0,,False,fetch_or_extract
zentail.com,yc,ecommerce,,https://www.zentail.com/blog/how-to-prepare-for-an-amazon-black-friday,https://web.archive.org/web/20190716035419/https://www.zentail.com/blog/how-to-prepare-for-an-amazon-black-friday,20190716035419,,0,,False,fetch_or_extract
zentail.com,yc,ecommerce,,https://www.zentail.com/blog/programmatic-google-shopping-by-zentail,https://web.archive.org/web/20190716040501/https://www.zentail.com/blog/programmatic-google-shopping-by-zentail,20190716040501,,0,,False,fetch_or_extract
zentail.com,yc,ecommerce,,https://www.zentail.com/blog/bricks-and-clicks-bringing-your-inventory-online,https://web.archive.org/web/20190716044428/https://www.zentail.com/blog/bricks-and-clicks-bringing-your-inventory-online,20190716044428,,0,,False,fetch_or_extract
zentail.com,yc,ecommerce,,https://www.zentail.com/blog/zentail-partners-with-initialized-capital-to-make-ecommerce-simple,https://web.archive.org/web/20190716044657/https://www.zentail.com/blog/zentail-partners-with-initialized-capital-to-make-ecommerce-simple,20190716044657,,0,,False,fetch_or_extract
zentail.com,yc,ecommerce,,https://www.zentail.com/blog/price-wars-multichannel-re-pricing-for-amazon-walmart-marketplace,https://web.archive.org/web/20190716043248/https://www.zentail.com/blog/price-wars-multichannel-re-pricing-for-amazon-walmart-marketplace,20190716043248,,0,,False,fetch_or_extract
zentail.com,yc,ecommerce,,https://www.zentail.com/blog/walmart-launches-pro-seller-badge-listing-quality-and-shipping-templates,https://web.archive.org/web/20201130154710/https://www.zentail.com/blog/walmart-launches-pro-seller-badge-listing-quality-and-shipping-templates,20201130154710,,0,,False,fetch_or_extract
zentail.com,yc,ecommerce,,https://www.zentail.com/blog/what-is-amazon-one-vendor,https://web.archive.org/web/20190818045850/https://www.zentail.com/blog/what-is-amazon-one-vendor,20190818045850,,0,,False,fetch_or_extract
zentail.com,yc,ecommerce,,https://www.zentail.com/blog/using-smart-types-to-list-faster-and-provide-rich-data-to-the-channel,https://web.archive.org/web/20190716041151/https://www.zentail.com/blog/using-smart-types-to-list-faster-and-provide-rich-data-to-the-channel,20190716041151,,0,,False,fetch_or_extract
ramp.com,yc,fintech,a3227022ed9b142b,https://ramp.com/blog/ramp-market-cooldown,https://web.archive.org/web/20220702031656/https://ramp.com/blog/ramp-market-cooldown,20220702031656,How Ramp is responding to the market cooldown,1778,informational,True,
ramp.com,yc,fintech,28ad886978847660,https://ramp.com/blog/vendor-management-best-practices,https://web.archive.org/web/20210124125243/https://ramp.com/blog/vendor-management-best-practices,20210124125243,Vendor Management Best Practices,1387,informational,True,
ramp.com,yc,fintech,ce62980676d834bd,https://ramp.com/blog/how-to-manage-e-commerce-cash-flow,https://web.archive.org/web/20220528200430/https://ramp.com/blog/how-to-manage-e-commerce-cash-flow,20220528200430,How to simplify cash flow management for your e-commerce business,1842,informational,True,
ramp.com,yc,fintech,a2f3f91709b70de2,https://ramp.com/blog/how-to-calculate-and-reduce-burn-rate-for-your-business,https://web.archive.org/web/20211128052152/https://ramp.com/blog/how-to-calculate-and-reduce-burn-rate-for-your-business,20211128052152,How to calculate and reduce burn rate for your business,1513,informational,True,
ramp.com,yc,fintech,f110bb6580624251,https://ramp.com/blog/how-to-conduct-and-interpret-a-profitability-analysis,https://web.archive.org/web/20221002222330/https://ramp.com/blog/how-to-conduct-and-interpret-a-profitability-analysis,20221002222330,Profitability analysis 101: How-to guide with examples,902,informational,True,
ramp.com,yc,fintech,a7507654619b75c7,https://ramp.com/blog/what-is-cash-flow-from-operating-activities,https://web.archive.org/web/20221002220424/https://ramp.com/blog/what-is-cash-flow-from-operating-activities,20221002220424,What is cash flow from operating activities?,1525,informational,True,
ramp.com,yc,fintech,,http://www.ramp.com:80/blog/press-coverage/ramp-view-top-2013/,https://web.archive.org/web/20131106151152/http://www.ramp.com:80/blog/press-coverage/ramp-view-top-2013/,20131106151152,RAMP: View from the Top 2013 - RAMP,146,,False,length
ramp.com,yc,fintech,48a2fbbb3f6b4d15,https://ramp.com/blog/basic-guide-to-starting-a-business,https://web.archive.org/web/20210411001305/https://ramp.com/blog/basic-guide-to-starting-a-business,20210411001305,Basic Guide to Starting a Business,1939,informational,True,
ramp.com,yc,fintech,,https://ramp.com/blog/10-productivity-hacks-for-ramp-cardholders,https://web.archive.org/web/20220806083232/https://ramp.com/blog/10-productivity-hacks-for-ramp-cardholders,20220806083232,10 productivity hacks for Ramp cardholders,469,,False,length
ramp.com,yc,fintech,7c70bee5fc142d65,https://ramp.com/blog/how-cfos-drive-digital-transformation,https://web.archive.org/web/20210617180714/https://ramp.com/blog/how-cfos-drive-digital-transformation,20210617180714,Digital transformation never stops: How CFOs can drive continuous change | Ramp,1256,informational,True,
ramp.com,yc,fintech,33d626fac9679999,https://ramp.com/blog/corporate-cards-compared,https://web.archive.org/web/20220810135607/https://ramp.com/blog/corporate-cards-compared,20220810135607,The best corporate cards compared (2022 business guide),2022,informational,True,
ramp.com,yc,fintech,9f21d25861b94342,https://ramp.com/blog/create-healthy-spend-culture,https://web.archive.org/web/20210709153435/https://ramp.com/blog/create-healthy-spend-culture,20210709153435,Towards a healthy spending—and savings—culture | Ramp,1018,informational,True,
ramp.com,yc,fintech,bc90a4712f816598,https://ramp.com/blog/how-to-create-a-travel-and-expense-policy,https://web.archive.org/web/20220810142602/https://ramp.com/blog/how-to-create-a-travel-and-expense-policy,20220810142602,How to create a T&E policy for remote work,1960,informational,True,
ramp.com,yc,fintech,e112fcdcbffa7bef,https://ramp.com/blog/tail-spend-management,https://web.archive.org/web/20210811180214/https://ramp.com/blog/tail-spend-management,20210811180214,How to curb miscellaneous expenses with better tail spend management | Ramp,1463,informational,True,
flexfits.com,yc,ecommerce,00ee5619adfc4a6a,https://blog.flexfits.com/5-workouts-for-your-period/,https://web.archive.org/web/20210418200637/https://blog.flexfits.com/5-workouts-for-your-period/,20210418200637,5 indoor workouts to try during your period | The Fornix | Flex,1311,informational,True,
flexfits.com,yc,ecommerce,b2f9093beaae4bb7,https://blog.flexfits.com/full-body-orgasm/,https://web.archive.org/web/20210117160328/https://blog.flexfits.com/full-body-orgasm/,20210117160328,How to Have a Full-Body Orgasm | The Fornix | Flex™,1557,informational,True,
flexfits.com,yc,ecommerce,4119e517d178a12f,https://blog.flexfits.com/get-doctors-to-take-period-pain-seriously/,https://web.archive.org/web/20210418203155/https://blog.flexfits.com/get-doctors-to-take-period-pain-seriously/,20210418203155,How to get doctors to take period pain seriously | The Fornix | Flex,1276,informational,True,
flexfits.com,yc,ecommerce,14e74249175791ba,https://blog.flexfits.com/virtual-date-ideas/,https://web.archive.org/web/20210618213257/https://blog.flexfits.com/virtual-date-ideas/,20210618213257,8 fun & unusual virtual date ideas | The Fornix | Flex,826,informational,True,
flexfits.com,yc,ecommerce,f314d0075e78c4e5,https://blog.flexfits.com/what-is-free-bleeding/,https://web.archive.org/web/20211019182101/https://blog.flexfits.com/what-is-free-bleeding/,20211019182101,"What is free bleeding, really? | The Fornix | Flex",2189,informational,True,
flexfits.com,yc,ecommerce,d3ddcf7e02d7c72b,https://blog.flexfits.com/period-health-research-01-2021/,https://web.archive.org/web/20210128190117/https://blog.flexfits.com/period-health-research-01-2021/,20210128190117,Flex™ Updates | Period & Health Research: January 2021 | The Fornix,1495,informational,True,
flexfits.com,yc,ecommerce,,https://blog.flexfits.com/how-keela-joined-flex/,https://web.archive.org/web/20211125165610/https://blog.flexfits.com/how-keela-joined-flex/,20211125165610,,0,,False,fetch_or_extract
flexfits.com,yc,ecommerce,,https://blog.flexfits.com/period-cramps/,https://web.archive.org/web/20210304230042/https://blog.flexfits.com/period-cramps/,20210304230042,,0,,False,fetch_or_extract
flexfits.com,yc,ecommerce,,https://blog.flexfits.com/the-link-between-vaginal-ph-balance-and-utis/,https://web.archive.org/web/20220816042249/https://blog.flexfits.com/the-link-between-vaginal-ph-balance-and-utis/,20220816042249,,0,,False,fetch_or_extract
flexfits.com,yc,ecommerce,,https://blog.flexfits.com/25-reasons-to-try-a-menstrual-disc/,https://web.archive.org/web/20210924222715/https://blog.flexfits.com/25-reasons-to-try-a-menstrual-disc/,20210924222715,,0,,False,fetch_or_extract
flexfits.com,yc,ecommerce,,https://blog.flexfits.com/unplug-during-the-holidays/,https://web.archive.org/web/20210418212746/https://blog.flexfits.com/unplug-during-the-holidays/,20210418212746,,0,,False,fetch_or_extract
flexfits.com,yc,ecommerce,,https://blog.flexfits.com/guide-to-your-cervix/,https://web.archive.org/web/20210108201519/https://blog.flexfits.com/guide-to-your-cervix/,20210108201519,,0,,False,fetch_or_extract
flexfits.com,yc,ecommerce,,https://blog.flexfits.com/pad-vs-tampon-vs-disc/,https://web.archive.org/web/20210507094954/https://blog.flexfits.com/pad-vs-tampon-vs-disc/,20210507094954,,0,,False,fetch_or_extract
flexfits.com,yc,ecommerce,,https://blog.flexfits.com/flex-cup-tips/,https://web.archive.org/web/20210507104122/https://blog.flexfits.com/flex-cup-tips/,20210507104122,,0,,False,fetch_or_extract
flexfits.com,yc,ecommerce,,https://blog.flexfits.com/portrait-of-a-menstruator-gimo/,https://web.archive.org/web/20220118063530/https://blog.flexfits.com/portrait-of-a-menstruator-gimo/,20220118063530,,0,,False,fetch_or_extract
nanonets.com,yc,devtools,,https://nanonets.com/blog/business-process-optimization/,https://web.archive.org/web/20221002153239/https://nanonets.com/blog/business-process-optimization/,20221002153239,,0,,False,fetch_or_extract
nanonets.com,yc,devtools,,https://nanonets.com/blog/document-management-workflow/,https://web.archive.org/web/20210831041051/https://nanonets.com/blog/document-management-workflow/,20210831041051,,0,,False,fetch_or_extract
nanonets.com,yc,devtools,,https://nanonets.com/blog/generate-insights-with-unstructured-data-extraction/,https://web.archive.org/web/20220628023819/https://nanonets.com/blog/generate-insights-with-unstructured-data-extraction/,20220628023819,,0,,False,fetch_or_extract
nanonets.com,yc,devtools,,https://nanonets.com/blog/human-pose-estimation-3d-guide/,https://web.archive.org/web/20190822054257/https://nanonets.com/blog/human-pose-estimation-3d-guide/,20190822054257,,0,,False,fetch_or_extract
nanonets.com,yc,devtools,,https://nanonets.com/blog/10-best-practices-deep-learning/,https://web.archive.org/web/20200218055936/https://nanonets.com/blog/10-best-practices-deep-learning/,20200218055936,,0,,False,fetch_or_extract
nanonets.com,yc,devtools,,https://nanonets.com/blog/human-pose-estimation-3d-/&quot;https://assets-global.website-files.com/602f5458a0b1d868c6c84d5b/62346deda844c5879c6af838_ordering-documents-poster-00001.jpg&quot;,https://web.archive.org/web/20220707033007/https://nanonets.com/blog/human-pose-estimation-3d-/&quot;https://assets-global.website-files.com/602f5458a0b1d868c6c84d5b/62346deda844c5879c6af838_ordering-documents-poster-00001.jpg&quot;,20220707033007,,0,,False,fetch_or_extract
nanonets.com,yc,devtools,,https://nanonets.com/blog/data-/&quot;https://assets-global.website-files.com/602f5458a0b1d868c6c84d5b/62346deda844c5879c6af838_ordering-documents-poster-00001.jpg&quot,https://web.archive.org/web/20221110154220/https://nanonets.com/blog/data-/&quot;https://assets-global.website-files.com/602f5458a0b1d868c6c84d5b/62346deda844c5879c6af838_ordering-documents-poster-00001.jpg&quot,20221110154220,,0,,False,fetch_or_extract
nanonets.com,yc,devtools,,https://nanonets.com/blog/invoice-scanner/,https://web.archive.org/web/20210520134816/https://nanonets.com/blog/invoice-scanner/,20210520134816,,0,,False,fetch_or_extract
nanonets.com,yc,devtools,,https://nanonets.com/blog/content-moderation-in-2019-humans-vs-ai/&quot;https://assets-global.website-files.com/602f5458a0b1d868c6c84d5b/62346d52dc6c8b411acfb2d8_identifying-relevant-text-poster-00001.jpg&quot;,https://web.archive.org/web/20220820050625/https://nanonets.com/blog/content-moderation-in-2019-humans-vs-ai/&quot;https://assets-global.website-files.com/602f5458a0b1d868c6c84d5b/62346d52dc6c8b411acfb2d8_identifying-relevant-text-poster-00001.jpg&quot;,20220820050625,,0,,False,fetch_or_extract
nanonets.com,yc,devtools,,https://nanonets.com/blog/ai-visual-inspection/,https://web.archive.org/web/20190820025944/https://nanonets.com/blog/ai-visual-inspection/,20190820025944,,0,,False,fetch_or_extract
nanonets.com,yc,devtools,,https://nanonets.com/blog/deep-learning-for-medical-imaging/,https://web.archive.org/web/20200311053729/https://nanonets.com/blog/deep-learning-for-medical-imaging/,20200311053729,,0,,False,fetch_or_extract
nanonets.com,yc,devtools,,https://nanonets.com/blog/best-document-automation-softwares/,https://web.archive.org/web/20220808015230/https://nanonets.com/blog/best-document-automation-softwares/,20220808015230,,0,,False,fetch_or_extract
nanonets.com,yc,devtools,,https://nanonets.com/blog/identifying-and-preventing-vendor-fraud/,https://web.archive.org/web/20210909195234/https://nanonets.com/blog/identifying-and-preventing-vendor-fraud/,20210909195234,,0,,False,fetch_or_extract
nanonets.com,yc,devtools,,https://nanonets.com/blog/ai-in-healthcare/,https://web.archive.org/web/20220628040802/https://nanonets.com/blog/ai-in-healthcare/,20220628040802,,0,,False,fetch_or_extract
nanonets.com,yc,devtools,,https://nanonets.com/blog/contract-ocr/,https://web.archive.org/web/20220602050945/https://nanonets.com/blog/contract-ocr/,20220602050945,,0,,False,fetch_or_extract
rocketrip.com,yc,fintech,,https://blog.rocketrip.com/2013/11/21/an-open-booking-policy-6-reasons-why-its-right,https://web.archive.org/web/20190824104547/https://blog.rocketrip.com/2013/11/21/an-open-booking-policy-6-reasons-why-its-right,20190824104547,,0,,False,fetch_or_extract
rocketrip.com,yc,fintech,,http://blog.rocketrip.com:80/airbnb-for-business-travelers,https://web.archive.org/web/20151127154123/http://blog.rocketrip.com:80/airbnb-for-business-travelers,20151127154123,,0,,False,fetch_or_extract
rocketrip.com,yc,fintech,,http://blog.rocketrip.com:80/travel-expense-management-beginners-guide,https://web.archive.org/web/20150511081349/http://blog.rocketrip.com:80/travel-expense-management-beginners-guide,20150511081349,,0,,False,fetch_or_extract
rocketrip.com,yc,fintech,,http://blog.rocketrip.com:80/travel-new-years-resolutions,https://web.archive.org/web/20160806101054/http://blog.rocketrip.com:80/travel-new-years-resolutions,20160806101054,,0,,False,fetch_or_extract
rocketrip.com,yc,fintech,,http://blog.rocketrip.com:80/rocketrip-names-senior-vice-presidents,https://web.archive.org/web/20170418201403/http://blog.rocketrip.com:80/rocketrip-names-senior-vice-presidents,20170418201403,,0,,False,fetch_or_extract
rocketrip.com,yc,fintech,,http://blog.rocketrip.com:80/carbon-footprint-business-travel,https://web.archive.org/web/20151221232547/http://blog.rocketrip.com:80/carbon-footprint-business-travel,20151221232547,,0,,False,fetch_or_extract
rocketrip.com,yc,fintech,,http://blog.rocketrip.com:80/how-i-rocketrip-neal-breuwer-of-magnetic-goes-to-zurich,https://web.archive.org/web/20160806214226/http://blog.rocketrip.com:80/how-i-rocketrip-neal-breuwer-of-magnetic-goes-to-zurich,20160806214226,,0,,False,fetch_or_extract
rocketrip.com,yc,fintech,,http://blog.rocketrip.com:80/for-employees-one-size-doesnt-fit-all,https://web.archive.org/web/20170418201505/http://blog.rocketrip.com:80/for-employees-one-size-doesnt-fit-all,20170418201505,,0,,False,fetch_or_extract
rocketrip.com,yc,fintech,,http://blog.rocketrip.com:80/travel-booking-with-admin-support,https://web.archive.org/web/20160808021058/http://blog.rocketrip.com:80/travel-booking-with-admin-support,20160808021058,,0,,False,fetch_or_extract
rocketrip.com,yc,fintech,,https://blog.rocketrip.com/rocketrip-raises-15-million-series-c,https://web.archive.org/web/20190718033424/https://blog.rocketrip.com/rocketrip-raises-15-million-series-c,20190718033424,,0,,False,fetch_or_extract
rocketrip.com,yc,fintech,,http://blog.rocketrip.com:80/how-i-rocketrip-caitlin-sweeney-of-yieldbot-travels-cross-country,https://web.archive.org/web/20150909070355/http://blog.rocketrip.com:80/how-i-rocketrip-caitlin-sweeney-of-yieldbot-travels-cross-country,20150909070355,,0,,False,fetch_or_extract
rocketrip.com,yc,fintech,,http://blog.rocketrip.com:80/cost-control-avoid-these-cost-cutting-mistakes,https://web.archive.org/web/20160920075219/http://blog.rocketrip.com:80/cost-control-avoid-these-cost-cutting-mistakes,20160920075219,,0,,False,fetch_or_extract
rocketrip.com,yc,fintech,,http://blog.rocketrip.com:80/2015/2/18/travel-tips-los-angeles,https://web.archive.org/web/20150302015757/http://blog.rocketrip.com:80/2015/2/18/travel-tips-los-angeles,20150302015757,,0,,False,fetch_or_extract
rocketrip.com,yc,fintech,,http://blog.rocketrip.com:80/rocketrip-partners-with-virgin-america,https://web.archive.org/web/20151008133343/http://blog.rocketrip.com:80/rocketrip-partners-with-virgin-america,20151008133343,,0,,False,fetch_or_extract
rocketrip.com,yc,fintech,,http://blog.rocketrip.com:80/free-travel-policy-template-from-rocketrip,https://web.archive.org/web/20160502171802/http://blog.rocketrip.com:80/free-travel-policy-template-from-rocketrip,20160502171802,,0,,False,fetch_or_extract
soylent.com,yc,ecommerce,,http://blog.soylent.com:80/post/63348494473/weekly-recap-106,https://web.archive.org/web/20150904025158/http://blog.soylent.com:80/post/63348494473/weekly-recap-106,20150904025158,Weekly Recap 10/6,496,,False,length
soylent.com,yc,ecommerce,,http://blog.soylent.com/post/74091082214/soylent-update-1-21,https://web.archive.org/web/20150615041813/http://blog.soylent.com/post/74091082214/soylent-update-1-21,20150615041813,Soylent Update 1/21,489,,False,length
soylent.com,yc,ecommerce,,http://blog.soylent.com:80/post/147408282962/european-explorations-effect-on-food,https://web.archive.org/web/20160729072144/http://blog.soylent.com:80/post/147408282962/european-explorations-effect-on-food,20160729072144,European Exploration’s Effect on Food,484,,False,length
soylent.com,yc,ecommerce,,http://blog.soylent.com:80/post/148000076992/proudly-made-with-gmos,https://web.archive.org/web/20160729045002/http://blog.soylent.com:80/post/148000076992/proudly-made-with-gmos,20160729045002,Proudly Made with GMOs,2130,opinion_essay,False,genre
soylent.com,yc,ecommerce,,http://blog.soylent.com:80/post/158399146462/introducing-powder-18,https://web.archive.org/web/20170318141656/http://blog.soylent.com:80/post/158399146462/introducing-powder-18,20170318141656,Introducing Powder 1.8,185,,False,length
soylent.com,yc,ecommerce,,http://blog.soylent.com:80/post/108074810737/soylents-next-chapter,https://web.archive.org/web/20150518025152/http://blog.soylent.com:80/post/108074810737/soylents-next-chapter,20150518025152,Soylent’s Next Chapter,428,,False,length
soylent.com,yc,ecommerce,,http://blog.soylent.com:80/post/52757545878/weve-been-getting-some-great-coverage-of-soylent,https://web.archive.org/web/20150811235907/http://blog.soylent.com:80/post/52757545878/weve-been-getting-some-great-coverage-of-soylent,20150811235907,soylentme,518,,False,length
soylent.com,yc,ecommerce,,http://blog.soylent.com/post/102285900727/announcing-soylent-12-development-of-the-soylent,https://web.archive.org/web/20150820205136/http://blog.soylent.com/post/102285900727/announcing-soylent-12-development-of-the-soylent,20150820205136,soylentme,799,news_pr_h,False,genre
soylent.com,yc,ecommerce,,http://blog.soylent.com/post/151720602057/update-on-soylent-bar,https://web.archive.org/web/20161013164411/http://blog.soylent.com/post/151720602057/update-on-soylent-bar,20161013164411,Update on Soylent Bar,289,,False,length
soylent.com,yc,ecommerce,,http://blog.soylent.com:80/post/62461423076/9-27-weekly-recap,https://web.archive.org/web/20150523015602/http://blog.soylent.com:80/post/62461423076/9-27-weekly-recap,20150523015602,9/27 Weekly Recap,622,news_pr,False,genre
soylent.com,yc,ecommerce,,http://blog.soylent.com/post/66441643113/la-observed-reported-that-a-civic-ceremony-was,https://web.archive.org/web/20150912125421/http://blog.soylent.com/post/66441643113/la-observed-reported-that-a-civic-ceremony-was,20150912125421,soylentme,355,,False,length
soylent.com,yc,ecommerce,,http://blog.soylent.com:80/post/128059365657/soylent-powder-now-even-more-affordable,https://web.archive.org/web/20150902161808/http://blog.soylent.com:80/post/128059365657/soylent-powder-now-even-more-affordable,20150902161808,Soylent Powder Now Even More Affordable,322,,False,length
soylent.com,yc,ecommerce,,http://blog.soylent.com:80/post/74770956256/soylent-1-0-final-nutrition,https://web.archive.org/web/20150529064305/http://blog.soylent.com:80/post/74770956256/soylent-1-0-final-nutrition,20150529064305,Soylent 1.0 Final Nutrition,342,,False,length
soylent.com,yc,ecommerce,,http://blog.soylent.com/post/104937168407/soylent-13-shipping-today,https://web.archive.org/web/20160319103636/http://blog.soylent.com/post/104937168407/soylent-13-shipping-today,20160319103636,Soylent 1.3 Shipping Today,453,,False,length
soylent.com,yc,ecommerce,,http://blog.soylent.com:80/post/135394094472/the-question-we-hear-most-often-is-what-is,https://web.archive.org/web/20151220013031/http://blog.soylent.com:80/post/135394094472/the-question-we-hear-most-often-is-what-is,20151220013031,soylentme,198,,False,length
zeusliving.com,yc,other,0ad7364b70a4b5df,https://zeusliving.com/blog/5-ways-to-make-your-short-term-stay-environmentally-friendly,https://web.archive.org/web/20220207200644/https://zeusliving.com/blog/5-ways-to-make-your-short-term-stay-environmentally-friendly,20220207200644,5 Ways to Make Your Short-Term Stay Environmentally Friendly,820,informational,True,
zeusliving.com,yc,other,21a4a3fa8e1706e7,https://zeusliving.com/blog/best-places-to-live-to-avoid-allergies,https://web.archive.org/web/20210514100605/https://zeusliving.com/blog/best-places-to-live-to-avoid-allergies,20210514100605,Best Places to Live to Avoid Allergies | Zeus Living | Zeus Living,1521,informational,True,
zeusliving.com,yc,other,4993082d7b305fb0,https://zeusliving.com/blog/meet-zeus-in-utah,https://web.archive.org/web/20220717201720/https://zeusliving.com/blog/meet-zeus-in-utah,20220717201720,Meet Zeus in Utah,880,informational,True,
zeusliving.com,yc,other,1a8c612c23556125,https://zeusliving.com/blog/what-is-a-long-term-rental,https://web.archive.org/web/20210514112321/https://zeusliving.com/blog/what-is-a-long-term-rental,20210514112321,What is a Long Term Rental? | Zeus | Zeus Living,1497,informational,True,
zeusliving.com,yc,other,8397a3eb08cde44f,https://zeusliving.com/blog/what-is-the-best-time-of-the-year-to-visit-seattle,https://web.archive.org/web/20210514113200/https://zeusliving.com/blog/what-is-the-best-time-of-the-year-to-visit-seattle,20210514113200,What is the Best Time of the Year to Visit Seattle? | Zeus | Zeus Living,1597,informational,True,
zeusliving.com,yc,other,,https://zeusliving.com/blog/average-rent-in-austin-texas,https://web.archive.org/web/20210514113327/https://zeusliving.com/blog/average-rent-in-austin-texas,20210514113327,,0,,False,fetch_or_extract
zeusliving.com,yc,other,,https://zeusliving.com/blog/12-long-commute-to-work-tips-how-to-be-productive,https://web.archive.org/web/20210514112357/https://zeusliving.com/blog/12-long-commute-to-work-tips-how-to-be-productive,20210514112357,,0,,False,fetch_or_extract
zeusliving.com,yc,other,,https://zeusliving.com/blog/7-things-to-do-in-los-angeles-with-kids,https://web.archive.org/web/20200926173211/https://zeusliving.com/blog/7-things-to-do-in-los-angeles-with-kids,20200926173211,,0,,False,fetch_or_extract
zeusliving.com,yc,other,,https://zeusliving.com/blog/price-guide-the-average-rent-in-san-francisco,https://web.archive.org/web/20210514095153/https://zeusliving.com/blog/price-guide-the-average-rent-in-san-francisco,20210514095153,,0,,False,fetch_or_extract
zeusliving.com,yc,other,,https://zeusliving.com/blog/zeus-living-lands-in-los-angeles,https://web.archive.org/web/20210514105948/https://zeusliving.com/blog/zeus-living-lands-in-los-angeles,20210514105948,,0,,False,fetch_or_extract
zeusliving.com,yc,other,,https://zeusliving.com/blog/meet-zeus-in-san-diego,https://web.archive.org/web/20220117190943/https://zeusliving.com/blog/meet-zeus-in-san-diego,20220117190943,,0,,False,fetch_or_extract
zeusliving.com,yc,other,,https://zeusliving.com/blog/best-companies-to-work-for-in-austin,https://web.archive.org/web/20210514110556/https://zeusliving.com/blog/best-companies-to-work-for-in-austin,20210514110556,,0,,False,fetch_or_extract
zeusliving.com,yc,other,,https://zeusliving.com/blog/the-ultimate-guide-on-where-to-stay-in-boston,https://web.archive.org/web/20201106201234/https://zeusliving.com/blog/the-ultimate-guide-on-where-to-stay-in-boston,20201106201234,,0,,False,fetch_or_extract
zeusliving.com,yc,other,,https://zeusliving.com/blog/temporary-housing-for-caregivers,https://web.archive.org/web/20210514094746/https://zeusliving.com/blog/temporary-housing-for-caregivers,20210514094746,,0,,False,fetch_or_extract
zeusliving.com,yc,other,,https://zeusliving.com/blog/managing-your-interior-design-project-on-a-budget,https://web.archive.org/web/20190719043726/https://zeusliving.com/blog/managing-your-interior-design-project-on-a-budget,20190719043726,,0,,False,fetch_or_extract
hackerrank.com,yc,devtools,,https://www.hackerrank.com/blog/building-compatible-tech-teams/,https://web.archive.org/web/20220625195103/https://www.hackerrank.com/blog/building-compatible-tech-teams/,20220625195103,,0,,False,fetch_or_extract
hackerrank.com,yc,devtools,,https://www.hackerrank.com/blog/full-stack-developer/,https://web.archive.org/web/20220427175646/https://www.hackerrank.com/blog/full-stack-developer/,20220427175646,,0,,False,fetch_or_extract
hackerrank.com,yc,devtools,,https://www.hackerrank.com/blog/qa-engineer-role-overview/,https://web.archive.org/web/20220728170717/https://www.hackerrank.com/blog/qa-engineer-role-overview/,20220728170717,,0,,False,fetch_or_extract
hackerrank.com,yc,devtools,,https://www.hackerrank.com/blog/scaling-engineering-and-technology-in-a-platform-first-approach-with-adp/,https://web.archive.org/web/20220527120209/https://www.hackerrank.com/blog/scaling-engineering-and-technology-in-a-platform-first-approach-with-adp/,20220527120209,,0,,False,fetch_or_extract
hackerrank.com,yc,devtools,,https://www.hackerrank.com/blog/may-2020-editorial-npuzzle,https://web.archive.org/web/20160416084719/https://www.hackerrank.com/blog/may-2020-editorial-npuzzle,20160416084719,,0,,False,fetch_or_extract
hackerrank.com,yc,devtools,,https://www.hackerrank.com/blog/how-paypal-leads-the-way-in-innovation-after-20-years/,https://web.archive.org/web/20220702055609/https://www.hackerrank.com/blog/how-paypal-leads-the-way-in-innovation-after-20-years/,20220702055609,,0,,False,fetch_or_extract
hackerrank.com,yc,devtools,,https://www.hackerrank.com/blog/building-on-your-dei-foundation-five-lessons-from-twilio/,https://web.archive.org/web/20220802033219/https://www.hackerrank.com/blog/building-on-your-dei-foundation-five-lessons-from-twilio/,20220802033219,,0,,False,fetch_or_extract
hackerrank.com,yc,devtools,,https://www.hackerrank.com/blog/tech-hire-initiative-how-launchcode-evaluates-600-tech-apprentices-per-month/,https://web.archive.org/web/20220702045135/https://www.hackerrank.com/blog/tech-hire-initiative-how-launchcode-evaluates-600-tech-apprentices-per-month/,20220702045135,,0,,False,fetch_or_extract
hackerrank.com,yc,devtools,,https://www.hackerrank.com/blog/positive-remote-interviewing-candidate-experience/,https://web.archive.org/web/20220426171054/https://www.hackerrank.com/blog/positive-remote-interviewing-candidate-experience/,20220426171054,,0,,False,fetch_or_extract
hackerrank.com,yc,devtools,,https://www.hackerrank.com/blog/back2school-codesprint-recap/,https://web.archive.org/web/20221003150824/https://www.hackerrank.com/blog/back2school-codesprint-recap/,20221003150824,,0,,False,fetch_or_extract
hackerrank.com,yc,devtools,,https://www.hackerrank.com/blog/how-30-days-of-code-helped-one-phd-improve-her-fundamentals-ace-interviews/,https://web.archive.org/web/20221126195840/https://www.hackerrank.com/blog/how-30-days-of-code-helped-one-phd-improve-her-fundamentals-ace-interviews/,20221126195840,,0,,False,fetch_or_extract
hackerrank.com,yc,devtools,,https://www.hackerrank.com/blog/hackerrank-projects-supports-data-science-skills/,https://web.archive.org/web/20221025223032/https://www.hackerrank.com/blog/hackerrank-projects-supports-data-science-skills/,20221025223032,,0,,False,fetch_or_extract
hackerrank.com,yc,devtools,,https://www.hackerrank.com/blog/system-design-interview-questions-software-engineers/,https://web.archive.org/web/20220601153905/https://www.hackerrank.com/blog/system-design-interview-questions-software-engineers/,20220601153905,,0,,False,fetch_or_extract
hackerrank.com,yc,devtools,,https://www.hackerrank.com/blog/3-ways-crush-technical-interview/,https://web.archive.org/web/20220702041952/https://www.hackerrank.com/blog/3-ways-crush-technical-interview/,20220702041952,,0,,False,fetch_or_extract
hackerrank.com,yc,devtools,,https://www.hackerrank.com/blog/3-reasons-arent-recruiting-top-tech-talent/,https://web.archive.org/web/20220808185601/https://www.hackerrank.com/blog/3-reasons-arent-recruiting-top-tech-talent/,20220808185601,,0,,False,fetch_or_extract
phoenix.ca,yc,ecommerce,,https://www.phoenix.ca/blog/most-important-vitamins-for-men-over-50,https://web.archive.org/web/20220626105346/https://www.phoenix.ca/blog/most-important-vitamins-for-men-over-50,20220626105346,,0,,False,fetch_or_extract
phoenix.ca,yc,ecommerce,,https://www.phoenix.ca/blog/what-are-the-causes-of-sudden-hair-loss,https://web.archive.org/web/20210924022407/https://www.phoenix.ca/blog/what-are-the-causes-of-sudden-hair-loss,20210924022407,,0,,False,fetch_or_extract
phoenix.ca,yc,ecommerce,,https://www.phoenix.ca/blog/what-causes-penile-fractures,https://web.archive.org/web/20220117192147/https://www.phoenix.ca/blog/what-causes-penile-fractures,20220117192147,,0,,False,fetch_or_extract
phoenix.ca,yc,ecommerce,,https://www.phoenix.ca/blog/can-l-arganine-improve-erectile-dysfunction,https://web.archive.org/web/20220217192202/https://www.phoenix.ca/blog/can-l-arganine-improve-erectile-dysfunction,20220217192202,,0,,False,fetch_or_extract
phoenix.ca,yc,ecommerce,,https://www.phoenix.ca/blog/what-is-fungal-acne,https://web.archive.org/web/20220921121536/https://www.phoenix.ca/blog/what-is-fungal-acne,20220921121536,,0,,False,fetch_or_extract
phoenix.ca,yc,ecommerce,,https://www.phoenix.ca/blog/what-age-do-men-start-balding,https://web.archive.org/web/20211218201652/https://www.phoenix.ca/blog/what-age-do-men-start-balding,20211218201652,,0,,False,fetch_or_extract
phoenix.ca,yc,ecommerce,,https://www.phoenix.ca/blog/are-blue-balls-real,https://web.archive.org/web/20210926061113/https://www.phoenix.ca/blog/are-blue-balls-real,20210926061113,,0,,False,fetch_or_extract
phoenix.ca,yc,ecommerce,,https://www.phoenix.ca/blog/when-does-your-penis-stop-growing,https://web.archive.org/web/20220329215207/https://www.phoenix.ca/blog/when-does-your-penis-stop-growing,20220329215207,,0,,False,fetch_or_extract
phoenix.ca,yc,ecommerce,,https://www.phoenix.ca/blog/can-you-take-melatonin-and-zoloft-together,https://web.archive.org/web/20220919144859/https://www.phoenix.ca/blog/can-you-take-melatonin-and-zoloft-together,20220919144859,,0,,False,fetch_or_extract
phoenix.ca,yc,ecommerce,,https://www.phoenix.ca/blog/can-viagra-prevent-alzheimers-disease,https://web.archive.org/web/20211231192309/https://www.phoenix.ca/blog/can-viagra-prevent-alzheimers-disease,20211231192309,,0,,False,fetch_or_extract
phoenix.ca,yc,ecommerce,,https://www.phoenix.ca/blog/does-taking-vitamin-d-help-with-hair-loss,https://web.archive.org/web/20210927181704/https://www.phoenix.ca/blog/does-taking-vitamin-d-help-with-hair-loss,20210927181704,,0,,False,fetch_or_extract
phoenix.ca,yc,ecommerce,,https://www.phoenix.ca/blog/how-finasteride-and-minoxidil-can-be-used-together-for-best-results,https://web.archive.org/web/20220122152655/https://www.phoenix.ca/blog/how-finasteride-and-minoxidil-can-be-used-together-for-best-results,20220122152655,,0,,False,fetch_or_extract
phoenix.ca,yc,ecommerce,,https://www.phoenix.ca/blog/how-often-do-couples-have-sex,https://web.archive.org/web/20220626111514/https://www.phoenix.ca/blog/how-often-do-couples-have-sex,20220626111514,,0,,False,fetch_or_extract
phoenix.ca,yc,ecommerce,,https://www.phoenix.ca/blog/thrush-in-men-everything-you-need-to-know,https://web.archive.org/web/20221127014025/https://www.phoenix.ca/blog/thrush-in-men-everything-you-need-to-know,20221127014025,,0,,False,fetch_or_extract
phoenix.ca,yc,ecommerce,,https://www.phoenix.ca/blog/cialis-stopped-working-what-to-do-next,https://web.archive.org/web/20210926063129/https://www.phoenix.ca/blog/cialis-stopped-working-what-to-do-next,20210926063129,,0,,False,fetch_or_extract
communityphone.org,yc,ecommerce,,https://www.communityphone.org/blogs/best-landline-phones,https://web.archive.org/web/20220519122329/https://www.communityphone.org/blogs/best-landline-phones,20220519122329,,0,,False,fetch_or_extract
communityphone.org,yc,ecommerce,,https://www.communityphone.org/blogs/google-voice-to-use-it-or-not,https://web.archive.org/web/20210803051310/https://www.communityphone.org/blogs/google-voice-to-use-it-or-not,20210803051310,,0,,False,fetch_or_extract
communityphone.org,yc,ecommerce,,https://www.communityphone.org/blogs/how-to-forward-a-voicemail,https://web.archive.org/web/20221002091956/https://www.communityphone.org/blogs/how-to-forward-a-voicemail,20221002091956,,0,,False,fetch_or_extract
communityphone.org,yc,ecommerce,,https://communityphone.org/blogs/news/how-to-email-pictures-from-your-phone,https://web.archive.org/web/20191114161507/https://communityphone.org/blogs/news/how-to-email-pictures-from-your-phone,20191114161507,,0,,False,fetch_or_extract
communityphone.org,yc,ecommerce,,https://communityphone.org/blogs/news/how-to-use-whatsapp-on-android-and-iphone-cell-phones,https://web.archive.org/web/20190916063707/https://communityphone.org/blogs/news/how-to-use-whatsapp-on-android-and-iphone-cell-phones,20190916063707,,0,,False,fetch_or_extract
communityphone.org,yc,ecommerce,,https://communityphone.org/blogs/news/community-phone-ceo-speaks-at-swift-conference-with-the-voice-of-siri,https://web.archive.org/web/20190916064342/https://communityphone.org/blogs/news/community-phone-ceo-speaks-at-swift-conference-with-the-voice-of-siri,20190916064342,,0,,False,fetch_or_extract
communityphone.org,yc,ecommerce,,https://www.communityphone.org/blogs/call-waiting,https://web.archive.org/web/20220519121812/https://www.communityphone.org/blogs/call-waiting,20220519121812,,0,,False,fetch_or_extract
communityphone.org,yc,ecommerce,,https://www.communityphone.org/blogs/port-number-from-vonage,https://web.archive.org/web/20221002101731/https://www.communityphone.org/blogs/port-number-from-vonage,20221002101731,,0,,False,fetch_or_extract
communityphone.org,yc,ecommerce,,https://www.communityphone.org/blogs/voicemail-but-no-missed-call,https://web.archive.org/web/20221128220705/https://www.communityphone.org/blogs/voicemail-but-no-missed-call,20221128220705,,0,,False,fetch_or_extract
communityphone.org,yc,ecommerce,,https://www.communityphone.org/blogs/send-letter-ceo-cell-phone-carrier,https://web.archive.org/web/20210803031440/https://www.communityphone.org/blogs/send-letter-ceo-cell-phone-carrier,20210803031440,,0,,False,fetch_or_extract
communityphone.org,yc,ecommerce,,https://www.communityphone.org/blogs/transfer-forward-landline-cell-phone,https://web.archive.org/web/20210725063344/https://www.communityphone.org/blogs/transfer-forward-landline-cell-phone,20210725063344,,0,,False,fetch_or_extract
communityphone.org,yc,ecommerce,,https://www.communityphone.org/blogs/long-distance-calling,https://web.archive.org/web/20221002103216/https://www.communityphone.org/blogs/long-distance-calling,20221002103216,,0,,False,fetch_or_extract
communityphone.org,yc,ecommerce,,https://communityphone.org/blogs/news/community-phone-in-the-cambridge-day,https://web.archive.org/web/20191017011025/https://communityphone.org/blogs/news/community-phone-in-the-cambridge-day,20191017011025,,0,,False,fetch_or_extract
communityphone.org,yc,ecommerce,,https://communityphone.org/blogs/news/cheapest-way-to-keep-your-landline-number,https://web.archive.org/web/20200814143112/https://communityphone.org/blogs/news/cheapest-way-to-keep-your-landline-number,20200814143112,,0,,False,fetch_or_extract
communityphone.org,yc,ecommerce,,https://www.communityphone.org/blogs/cheapest-way-to-keep-your-landline-number,https://web.archive.org/web/20210803051043/https://www.communityphone.org/blogs/cheapest-way-to-keep-your-landline-number,20210803051043,,0,,False,fetch_or_extract
flow.space,yc,ecommerce,,https://www.flow.space/blog/businesses-holiday-mistakes/,https://web.archive.org/web/20210118113319/https://www.flow.space/blog/businesses-holiday-mistakes/,20210118113319,,0,,False,fetch_or_extract
flow.space,yc,ecommerce,,https://flow.space/blog/flowspace-manifest-2022/,https://web.archive.org/web/20220225012115/https://flow.space/blog/flowspace-manifest-2022/,20220225012115,,0,,False,fetch_or_extract
flow.space,yc,ecommerce,,https://www.flow.space/blog/physical-distribution/,https://web.archive.org/web/20210416210009/https://www.flow.space/blog/physical-distribution/,20210416210009,,0,,False,fetch_or_extract
flow.space,yc,ecommerce,,https://flow.space/blog/prime-day-2022/,https://web.archive.org/web/20220709053552/https://flow.space/blog/prime-day-2022/,20220709053552,,0,,False,fetch_or_extract
flow.space,yc,ecommerce,,https://flow.space/blog/social-commerce-vs-ecommerce-simplified-guide/,https://web.archive.org/web/20220327102035/https://flow.space/blog/social-commerce-vs-ecommerce-simplified-guide/,20220327102035,,0,,False,fetch_or_extract
flow.space,yc,ecommerce,,https://www.flow.space/blog/omnichannel-fulfillment-peak/,https://web.archive.org/web/20211023203947/https://www.flow.space/blog/omnichannel-fulfillment-peak/,20211023203947,,0,,False,fetch_or_extract
flow.space,yc,ecommerce,,https://www.flow.space/blog/sales-walmart/,https://web.archive.org/web/20201031161240/https://www.flow.space/blog/sales-walmart/,20201031161240,,0,,False,fetch_or_extract
flow.space,yc,ecommerce,,https://www.flow.space/blog/supply-chain-analytics/,https://web.archive.org/web/20210612111724/https://www.flow.space/blog/supply-chain-analytics/,20210612111724,,0,,False,fetch_or_extract
flow.space,yc,ecommerce,,https://www.flow.space/blog/operations-managers-problem/,https://web.archive.org/web/20200813194637/https://www.flow.space/blog/operations-managers-problem/,20200813194637,,0,,False,fetch_or_extract
flow.space,yc,ecommerce,,https://www.flow.space/blog/shipping-label/,https://web.archive.org/web/20210623093736/https://www.flow.space/blog/shipping-label/,20210623093736,,0,,False,fetch_or_extract
flow.space,yc,ecommerce,,https://www.flow.space/blog/floor-loaded-container/,https://web.archive.org/web/20190720201838/https://www.flow.space/blog/floor-loaded-container/,20190720201838,,0,,False,fetch_or_extract
flow.space,yc,ecommerce,,https://www.flow.space/blog/modern-supply-chain/,https://web.archive.org/web/20210301033941/https://www.flow.space/blog/modern-supply-chain/,20210301033941,,0,,False,fetch_or_extract
flow.space,yc,ecommerce,,https://www.flow.space/blog/reduce-shopping-cart-abandonment/,https://web.archive.org/web/20211012155229/https://www.flow.space/blog/reduce-shopping-cart-abandonment/,20211012155229,,0,,False,fetch_or_extract
flow.space,yc,ecommerce,,https://www.flow.space/blog/supply-demand-balancing/,https://web.archive.org/web/20200925215141/https://www.flow.space/blog/supply-demand-balancing/,20200925215141,,0,,False,fetch_or_extract
flow.space,yc,ecommerce,,https://flow.space/blog/fulfillment-network-optimization/,https://web.archive.org/web/20220528105548/https://flow.space/blog/fulfillment-network-optimization/,20220528105548,,0,,False,fetch_or_extract
papa.com,yc,ecommerce,c364e30e6edf0f0e,https://www.papa.com/resources/blog/4-factors-that-lead-to-improved-member-experience-that-may-surprise-you,https://web.archive.org/web/20220728150409/https://www.papa.com/resources/blog/4-factors-that-lead-to-improved-member-experience-that-may-surprise-you,20220728150409,4 Factors That Lead to Improved Member Experience That May Surprise You | Papa,1081,informational,True,
papa.com,yc,ecommerce,,https://www.papa.com/resources/blog/activities-for-seniors-in-lake-county-illinois/,https://web.archive.org/web/20221001220425/https://www.papa.com/resources/blog/activities-for-seniors-in-lake-county-illinois/,20221001220425,,0,,False,fetch_or_extract
papa.com,yc,ecommerce,,https://www.papa.com/resources/blog/activities-for-seniors-in-tampa-and-st-petersburg/,https://web.archive.org/web/20220521175532/https://www.papa.com/resources/blog/activities-for-seniors-in-tampa-and-st-petersburg/,20220521175532,,0,,False,fetch_or_extract
papa.com,yc,ecommerce,,https://www.papa.com/resources/blog/best-jobs-for-college-students-in-tampa,https://web.archive.org/web/20220521184333/https://www.papa.com/resources/blog/best-jobs-for-college-students-in-tampa,20220521184333,,0,,False,fetch_or_extract
papa.com,yc,ecommerce,,https://www.papa.com/resources/blog/mind-the-gap-why-health-care-navigation-is-critical-for-health-plans/,https://web.archive.org/web/20220523055055/https://www.papa.com/resources/blog/mind-the-gap-why-health-care-navigation-is-critical-for-health-plans/,20220523055055,,0,,False,fetch_or_extract
papa.com,yc,ecommerce,,https://www.papa.com/resources/blog/who-needs-a-papa-pal/,https://web.archive.org/web/20220812112649/https://www.papa.com/resources/blog/who-needs-a-papa-pal/,20220812112649,,0,,False,fetch_or_extract
papa.com,yc,ecommerce,,https://www.papa.com/resources/blog/how-to-attract-and-retain-millennial-employees-gen-z-too/,https://web.archive.org/web/20220523053409/https://www.papa.com/resources/blog/how-to-attract-and-retain-millennial-employees-gen-z-too/,20220523053409,,0,,False,fetch_or_extract
papa.com,yc,ecommerce,,https://www.papa.com/resources/blog/work-as-a-companion-and-caregiver-in-your-community/,https://web.archive.org/web/20220521184255/https://www.papa.com/resources/blog/work-as-a-companion-and-caregiver-in-your-community/,20220521184255,,0,,False,fetch_or_extract
papa.com,yc,ecommerce,,https://www.papa.com/resources/news/tech-devices-help-aging-adults,https://web.archive.org/web/20220701130528/https://www.papa.com/resources/news/tech-devices-help-aging-adults,20220701130528,,0,,False,fetch_or_extract
papa.com,yc,ecommerce,,https://www.papa.com/resources/blog/a-new-brand-for-a-new-kind-of-care,https://web.archive.org/web/20220331131047/https://www.papa.com/resources/blog/a-new-brand-for-a-new-kind-of-care,20220331131047,,0,,False,fetch_or_extract
papa.com,yc,ecommerce,,https://www.papa.com/resources/blog/older-adults-and-loneliness-digging-out-post-pandemic,https://web.archive.org/web/20220624024045/https://www.papa.com/resources/blog/older-adults-and-loneliness-digging-out-post-pandemic,20220624024045,,0,,False,fetch_or_extract
papa.com,yc,ecommerce,,https://www.papa.com/resources/blog/public-health-disparity-inequality-inequity-and-prevention,https://web.archive.org/web/20220718181120/https://www.papa.com/resources/blog/public-health-disparity-inequality-inequity-and-prevention,20220718181120,,0,,False,fetch_or_extract
papa.com,yc,ecommerce,,https://www.papa.com/resources/blog/top-5-traits-of-great-caregivers/,https://web.archive.org/web/20220521192044/https://www.papa.com/resources/blog/top-5-traits-of-great-caregivers/,20220521192044,,0,,False,fetch_or_extract
papa.com,yc,ecommerce,,https://www.papa.com/resources/blog/medicaids-pandemic-pivot-to-promising-innovations,https://web.archive.org/web/20220902150923/https://www.papa.com/resources/blog/medicaids-pandemic-pivot-to-promising-innovations,20220902150923,,0,,False,fetch_or_extract
papa.com,yc,ecommerce,,https://www.papa.com/resources/blog/best-summer-jobs-in-miami/,https://web.archive.org/web/20220523042513/https://www.papa.com/resources/blog/best-summer-jobs-in-miami/,20220523042513,,0,,False,fetch_or_extract
legionfarm.com,yc,ecommerce,,https://legionfarm.com/blog/the-grand-review-of-apex-legends-ranked-arenas,https://web.archive.org/web/20220928024156/https://legionfarm.com/blog/the-grand-review-of-apex-legends-ranked-arenas,20220928024156,,0,,False,fetch_or_extract
legionfarm.com,yc,ecommerce,,https://legionfarm.com/blog/you-wanna-be-on-top-best-apex-streamers-reveal-their-secrets,https://web.archive.org/web/20210119184340/https://legionfarm.com/blog/you-wanna-be-on-top-best-apex-streamers-reveal-their-secrets,20210119184340,,0,,False,fetch_or_extract
legionfarm.com,yc,ecommerce,,https://legionfarm.com/blog/meet-legendary117s-legionfarm-pro-in-warzone,https://web.archive.org/web/20210514192619/https://legionfarm.com/blog/meet-legendary117s-legionfarm-pro-in-warzone,20210514192619,,0,,False,fetch_or_extract
legionfarm.com,yc,ecommerce,,https://legionfarm.com/blog/apex-legends-season-8-s-first-impressions,https://web.archive.org/web/20210226041018/https://legionfarm.com/blog/apex-legends-season-8-s-first-impressions,20210226041018,,0,,False,fetch_or_extract
legionfarm.com,yc,ecommerce,,https://legionfarm.com/blog/legionfarm-s-overview-of-fan-made-stat-trackers-for-apex-legends,https://web.archive.org/web/20210416200036/https://legionfarm.com/blog/legionfarm-s-overview-of-fan-made-stat-trackers-for-apex-legends,20210416200036,,0,,False,fetch_or_extract
legionfarm.com,yc,ecommerce,,https://legionfarm.com/blog/from-bronze-to-diamond-through-coaching-is-it-real,https://web.archive.org/web/20210506054432/https://legionfarm.com/blog/from-bronze-to-diamond-through-coaching-is-it-real,20210506054432,,0,,False,fetch_or_extract
legionfarm.com,yc,ecommerce,,https://legionfarm.com/blog/call-of-duty-season-2-is-rapidly-approaching,https://web.archive.org/web/20210226032157/https://legionfarm.com/blog/call-of-duty-season-2-is-rapidly-approaching,20210226032157,,0,,False,fetch_or_extract
legionfarm.com,yc,ecommerce,,https://legionfarm.com/blog/meet-forpantheon-legionfarm-pro-in-warzone,https://web.archive.org/web/20210515174716/https://legionfarm.com/blog/meet-forpantheon-legionfarm-pro-in-warzone,20210515174716,,0,,False,fetch_or_extract
legionfarm.com,yc,ecommerce,,https://legionfarm.com/blog/meet-lsbenites-legionfarm-pro-in-warzone,https://web.archive.org/web/20210605182106/https://legionfarm.com/blog/meet-lsbenites-legionfarm-pro-in-warzone,20210605182106,,0,,False,fetch_or_extract
legionfarm.com,yc,ecommerce,,https://legionfarm.com/blog/meet-yr0km4ta-legionfarm-pro-in-warzone,https://web.archive.org/web/20210713183505/https://legionfarm.com/blog/meet-yr0km4ta-legionfarm-pro-in-warzone,20210713183505,,0,,False,fetch_or_extract
legionfarm.com,yc,ecommerce,,https://legionfarm.com/blog/6-tips-to-help-you-handle-proving-grounds-on-grandmaster-easily,https://web.archive.org/web/20210416192833/https://legionfarm.com/blog/6-tips-to-help-you-handle-proving-grounds-on-grandmaster-easily,20210416192833,,0,,False,fetch_or_extract
legionfarm.com,yc,ecommerce,,https://legionfarm.com/blog/the-division-2-s-endgame-is-the-best-thing-that-s-ever-happened-to-looter-shooters,https://web.archive.org/web/20210508020909/https://legionfarm.com/blog/the-division-2-s-endgame-is-the-best-thing-that-s-ever-happened-to-looter-shooters,20210508020909,,0,,False,fetch_or_extract
legionfarm.com,yc,ecommerce,,https://legionfarm.com/blog/r1-shadowhunter-breakdown-how-to-get-it-and-why-should-you-do-it,https://web.archive.org/web/20210416205651/https://legionfarm.com/blog/r1-shadowhunter-breakdown-how-to-get-it-and-why-should-you-do-it,20210416205651,,0,,False,fetch_or_extract
legionfarm.com,yc,ecommerce,,https://legionfarm.com/blog/meet-zaym1n-legionfarm-pro-in-warzone,https://web.archive.org/web/20210721173658/https://legionfarm.com/blog/meet-zaym1n-legionfarm-pro-in-warzone,20210721173658,,0,,False,fetch_or_extract
legionfarm.com,yc,ecommerce,,https://legionfarm.com/blog/call-of-duty-vanguard-all-of-the-leaks-so-far,https://web.archive.org/web/20220928024115/https://legionfarm.com/blog/call-of-duty-vanguard-all-of-the-leaks-so-far,20220928024115,,0,,False,fetch_or_extract
octopart.com,yc,other,dd2f9340e5c62d0b,https://octopart.com/blog/archives/2018/05/surface-mount-ferrite-inductors-for-emi-suppression,https://web.archive.org/web/20211118042246/https://octopart.com/blog/archives/2018/05/surface-mount-ferrite-inductors-for-emi-suppression,20211118042246,What to Know About Surface Mount Ferrite Inductors for EMI Suppression,1128,informational,True,
octopart.com,yc,other,,https://octopart.com/blog/archives/2020/12/how-to-select-a-high-speed-backplane-connector,https://web.archive.org/web/20201212211317/https://octopart.com/blog/archives/2020/12/how-to-select-a-high-speed-backplane-connector,20201212211317,,0,,False,fetch_or_extract
octopart.com,yc,other,,https://octopart.com/blog/archives/2021/07/how-to-drive-a-servo-motor-and-the-components-you-need,https://web.archive.org/web/20210721191611/https://octopart.com/blog/archives/2021/07/how-to-drive-a-servo-motor-and-the-components-you-need,20210721191611,,0,,False,fetch_or_extract
octopart.com,yc,other,,https://octopart.com/blog/archives/2022/05/selecting-a-varistor-for-transient-voltage-suppression,https://web.archive.org/web/20220513174902/https://octopart.com/blog/archives/2022/05/selecting-a-varistor-for-transient-voltage-suppression,20220513174902,,0,,False,fetch_or_extract
octopart.com,yc,other,,http://octopart.com:80/blog/archives/2011/10/the-far-limits-of-datacenter-compute-efficiency-and-rsfq,https://web.archive.org/web/20111013044201/http://octopart.com:80/blog/archives/2011/10/the-far-limits-of-datacenter-compute-efficiency-and-rsfq,20111013044201,,0,,False,fetch_or_extract
octopart.com,yc,other,,https://octopart.com/blog/archives/2022/06/supply-chain-disruptions-octopart-is-built-for-this,https://web.archive.org/web/20220622163156/https://octopart.com/blog/archives/2022/06/supply-chain-disruptions-octopart-is-built-for-this,20220622163156,,0,,False,fetch_or_extract
octopart.com,yc,other,,https://octopart.com/blog/archives/2015/03/octopart-search-at-small-batch-assembly,https://web.archive.org/web/20201108164639/https://octopart.com/blog/archives/2015/03/octopart-search-at-small-batch-assembly,20201108164639,,0,,False,fetch_or_extract
octopart.com,yc,other,,https://octopart.com/blog/archives/2022/02/2021-year-in-parts,https://web.archive.org/web/20220204173759/https://octopart.com/blog/archives/2022/02/2021-year-in-parts,20220204173759,,0,,False,fetch_or_extract
octopart.com,yc,other,,http://octopart.com/blog/archives/2007/5/vishay-las-vegas,https://web.archive.org/web/20130212085333/http://octopart.com/blog/archives/2007/5/vishay-las-vegas,20130212085333,,0,,False,fetch_or_extract
octopart.com,yc,other,,http://octopart.com:80/blog/archives/2012/3/non%252Dvolatile-ferroelectric-ram,https://web.archive.org/web/20120401044637/http://octopart.com:80/blog/archives/2012/3/non%252Dvolatile-ferroelectric-ram,20120401044637,,0,,False,fetch_or_extract
octopart.com,yc,other,,https://octopart.com/blog/archives/2016/10/new-detail-pages,https://web.archive.org/web/20190119130754/https://octopart.com/blog/archives/2016/10/new-detail-pages,20190119130754,,0,,False,fetch_or_extract
octopart.com,yc,other,,https://octopart.com/blog/archives/2020/07/led-driver-selection-for-high-power-lighting,https://web.archive.org/web/20201002205048/https://octopart.com/blog/archives/2020/07/led-driver-selection-for-high-power-lighting,20201002205048,,0,,False,fetch_or_extract
octopart.com,yc,other,,https://octopart.com/blog/archives/2015/08/new-collaboration-options-for-the-bom-tool,https://web.archive.org/web/20201108101406/https://octopart.com/blog/archives/2015/08/new-collaboration-options-for-the-bom-tool,20201108101406,,0,,False,fetch_or_extract
octopart.com,yc,other,,http://octopart.com:80/blog/archives/2007/3/happy-birthday-octopart%2521,https://web.archive.org/web/20100826035912/http://octopart.com:80/blog/archives/2007/3/happy-birthday-octopart%2521,20100826035912,,0,,False,fetch_or_extract
octopart.com,yc,other,,https://octopart.com/blog/archives/2022/03/octopart-introduces-industry-leading-data-and-insights-from-spectra,https://web.archive.org/web/20220301231452/https://octopart.com/blog/archives/2022/03/octopart-introduces-industry-leading-data-and-insights-from-spectra,20220301231452,,0,,False,fetch_or_extract
gocheetah.com,yc,ecommerce,b93c19417070c249,https://www.gocheetah.com/blog/3-tricks-to-boost-your-restaurants-online-presence/,https://web.archive.org/web/20210225140954/https://www.gocheetah.com/blog/3-tricks-to-boost-your-restaurants-online-presence/,20210225140954,3 Tricks to Boost Your Restaurant's Online Presence,729,informational,True,
gocheetah.com,yc,ecommerce,8da52ada300e9dbf,https://www.gocheetah.com/blog/6-delicious-meal-ideas-for-all-that-leftover-foods/,https://web.archive.org/web/20200812160109/https://www.gocheetah.com/blog/6-delicious-meal-ideas-for-all-that-leftover-foods/,20200812160109,6 Delicious Meal Ideas for All That Leftover Food | Cheetah Blog,676,informational,True,
gocheetah.com,yc,ecommerce,a1d080bc6333175f,https://www.gocheetah.com/blog/how-to-start-a-restaurant-and-differentiate-from-others-around-you/,https://web.archive.org/web/20190821161552/https://www.gocheetah.com/blog/how-to-start-a-restaurant-and-differentiate-from-others-around-you/,20190821161552,Cheetah | How to Start a Restaurant and Differentiate From Others,1189,informational,True,
gocheetah.com,yc,ecommerce,7ab8a41c5e4c2edf,https://www.gocheetah.com/blog/reduce-food-waste-increase-profit-margins/,https://web.archive.org/web/20211117231315/https://www.gocheetah.com/blog/reduce-food-waste-increase-profit-margins/,20211117231315,7 Tips to Reduce Food Waste & Increase Profit Margins | Cheetah,1103,informational,True,
gocheetah.com,yc,ecommerce,55e48f8d6f04cc5c,https://www.gocheetah.com/blog/get-crafty-the-craft-beer-explosion-and-what-it-means-for-your-restaurant/,https://web.archive.org/web/20190821153819/https://www.gocheetah.com/blog/get-crafty-the-craft-beer-explosion-and-what-it-means-for-your-restaurant/,20190821153819,Cheetah | Get Crafty! The Craft Beer Explosion and What It Means for Your Restaurant,796,informational,True,
gocheetah.com,yc,ecommerce,0f7f2196ce99bdcf,https://www.gocheetah.com/blog/delicious-middle-eastern-cooking-tips/,https://web.archive.org/web/20201129073016/https://www.gocheetah.com/blog/delicious-middle-eastern-cooking-tips/,20201129073016,Delicious Middle Eastern Cooking and How to Get StartedCheetah,1156,informational,True,
gocheetah.com,yc,ecommerce,7312e528c723b36b,https://www.gocheetah.com/blog/keep-diners-coming-back-with-these-4-unbeatable-tips/,https://web.archive.org/web/20190921232742/https://www.gocheetah.com/blog/keep-diners-coming-back-with-these-4-unbeatable-tips/,20190921232742,Keep Diners Coming Back with These 4 Unbeatable Tips,1308,informational,True,
gocheetah.com,yc,ecommerce,3c26a95667cd0066,https://www.gocheetah.com/blog/the-best-cooking-salt-in-the-world-marisal/,https://web.archive.org/web/20220519075733/https://www.gocheetah.com/blog/the-best-cooking-salt-in-the-world-marisal/,20220519075733,Cheetah | The Best Salt in the World? An Interview with Local Salt Vendor - Marisal,1224,informational,True,
gocheetah.com,yc,ecommerce,31c31be116a55f64,https://www.gocheetah.com/blog/sf-bars-demand-covid-vaccination-proof/,https://web.archive.org/web/20210921043555/https://www.gocheetah.com/blog/sf-bars-demand-covid-vaccination-proof/,20210921043555,SF Bars Demand COVID Vaccination Proof to Keep Employees Safe | Cheetah,780,informational,True,
gocheetah.com,yc,ecommerce,ac38b88eb022266f,https://www.gocheetah.com/blog/increase-restaurant-average-order-size/,https://web.archive.org/web/20201026152202/https://www.gocheetah.com/blog/increase-restaurant-average-order-size/,20201026152202,10 Best Tips to Increase Average Order Size at Your RestaurantCheetah,974,informational,True,
gocheetah.com,yc,ecommerce,,https://www.gocheetah.com/blog/the-cheetah4you-documentary-series-helps-every-voice-be-heard/,https://web.archive.org/web/20210225133200/https://www.gocheetah.com/blog/the-cheetah4you-documentary-series-helps-every-voice-be-heard/,20210225133200,4 Partnerships That Will Do Wonders for Your Restaurant,460,,False,length
gocheetah.com,yc,ecommerce,9811eb3ad45a13de,https://www.gocheetah.com/blog/how-supporting-customer-facing-staff-helps-with-employee-retention-top-5-tips/,https://web.archive.org/web/20211018205444/https://www.gocheetah.com/blog/how-supporting-customer-facing-staff-helps-with-employee-retention-top-5-tips/,20211018205444,How Supporting Customer Facing Staff Helps with Employee Retention - Top 5 Tips | Cheetah,878,informational,True,
gocheetah.com,yc,ecommerce,,https://www.gocheetah.com/blog/4-partnerships-that-will-do-wonders-for-your-restaurant/,https://web.archive.org/web/20210225134844/https://www.gocheetah.com/blog/4-partnerships-that-will-do-wonders-for-your-restaurant/,20210225134844,4 Partnerships That Will Do Wonders for Your Restaurant,1016,news_pr_h,False,genre
gocheetah.com,yc,ecommerce,,https://www.gocheetah.com/blog/new-guidance-announced-for-restaurants-to-reopen-in-california/,https://web.archive.org/web/20200812161932/https://www.gocheetah.com/blog/new-guidance-announced-for-restaurants-to-reopen-in-california/,20200812161932,,0,,False,fetch_or_extract
gocheetah.com,yc,ecommerce,,https://www.gocheetah.com/blog/5-tips-retain-workers-restaurant/,https://web.archive.org/web/20210628185319/https://www.gocheetah.com/blog/5-tips-retain-workers-restaurant/,20210628185319,,0,,False,fetch_or_extract
suiteness.com,yc,ecommerce,3692c3ef154e678d,https://www.suiteness.com/blog/art-basel-miami-beach,https://web.archive.org/web/20210624162347/https://www.suiteness.com/blog/art-basel-miami-beach,20210624162347,Where To Stay For Art Basel Miami Beach,812,informational,True,
suiteness.com,yc,ecommerce,f83c517054861eea,https://www.suiteness.com/blog/haunted-hotels-to-explore-this-halloween,https://web.archive.org/web/20200824105757/https://www.suiteness.com/blog/haunted-hotels-to-explore-this-halloween,20200824105757,Haunted Hotels to Explore this Halloween,1007,informational,True,
suiteness.com,yc,ecommerce,7a4cee0c0772ddd7,https://www.suiteness.com/blog/make-holiday-travel-better-stress-free,https://web.archive.org/web/20171230131947/https://www.suiteness.com/blog/make-holiday-travel-better-stress-free,20171230131947,Holiday Travel Can Be Better & Stress-Free With These Hacks,964,informational,True,
suiteness.com,yc,ecommerce,,https://www.suiteness.com/blog/best-daytime-activities-winter-vegas-vacation,https://web.archive.org/web/20210624143247/https://www.suiteness.com/blog/best-daytime-activities-winter-vegas-vacation,20210624143247,The Best Daytime Activities For A Winter Vegas Vacation,505,,False,length
suiteness.com,yc,ecommerce,dce605d64ebc9b80,https://www.suiteness.com/blog/10-best-fine-dining-las-vegas-restaurants,https://web.archive.org/web/20190818051401/https://www.suiteness.com/blog/10-best-fine-dining-las-vegas-restaurants,20190818051401,10 Best Fine Dining Las Vegas Restaurants,1326,informational,True,
suiteness.com,yc,ecommerce,,https://www.suiteness.com/blog/top-travel-trends-2017,https://web.archive.org/web/20210624162549/https://www.suiteness.com/blog/top-travel-trends-2017,20210624162549,,0,,False,fetch_or_extract
suiteness.com,yc,ecommerce,,https://www.suiteness.com/blog/planet-hollywood-luxury-living-las-vegas,https://web.archive.org/web/20190509071856/https://www.suiteness.com/blog/planet-hollywood-luxury-living-las-vegas,20190509071856,,0,,False,fetch_or_extract
suiteness.com,yc,ecommerce,,https://www.suiteness.com/blog/clojurescript-suiteness-welcomes-david-nolen,https://web.archive.org/web/20210622170055/https://www.suiteness.com/blog/clojurescript-suiteness-welcomes-david-nolen,20210622170055,,0,,False,fetch_or_extract
suiteness.com,yc,ecommerce,,https://www.suiteness.com/blog/55-reasons-summer-trip-to-san-francisco,https://web.archive.org/web/20190721083548/https://www.suiteness.com/blog/55-reasons-summer-trip-to-san-francisco,20190721083548,,0,,False,fetch_or_extract
suiteness.com,yc,ecommerce,,https://www.suiteness.com/blog/luxury-escapes-worth-splurging,https://web.archive.org/web/20210624144405/https://www.suiteness.com/blog/luxury-escapes-worth-splurging,20210624144405,,0,,False,fetch_or_extract
suiteness.com,yc,ecommerce,,https://www.suiteness.com/blog/top-5-things-vegas-with-family,https://web.archive.org/web/20190822023817/https://www.suiteness.com/blog/top-5-things-vegas-with-family,20190822023817,,0,,False,fetch_or_extract
suiteness.com,yc,ecommerce,,https://www.suiteness.com/blog/vegas-is-reopening-,https://web.archive.org/web/20200920004320/https://www.suiteness.com/blog/vegas-is-reopening-,20200920004320,,0,,False,fetch_or_extract
suiteness.com,yc,ecommerce,,https://www.suiteness.com/blog/connecting-suites-suites-different-rooms,https://web.archive.org/web/20171202162028/https://www.suiteness.com/blog/connecting-suites-suites-different-rooms,20171202162028,,0,,False,fetch_or_extract
suiteness.com,yc,ecommerce,,https://www.suiteness.com/blog/suiteness-startupsuite/suiteness-startup-suite-official-rules,https://web.archive.org/web/20171011043933/https://www.suiteness.com/blog/suiteness-startupsuite/suiteness-startup-suite-official-rules,20171011043933,,0,,False,fetch_or_extract
suiteness.com,yc,ecommerce,,https://www.suiteness.com/blog/places-to-stay-usa-july-4th-fireworks,https://web.archive.org/web/20190822160604/https://www.suiteness.com/blog/places-to-stay-usa-july-4th-fireworks,20190822160604,,0,,False,fetch_or_extract
onesignal.com,yc,devtools,29282851c380f9a4,https://onesignal.com/blog/easy-strategies-to-increase-app-retention/,https://web.archive.org/web/20210128235842/https://onesignal.com/blog/easy-strategies-to-increase-app-retention/,20210128235842,Reduce App Churn After New Downloads,1000,informational,True,
onesignal.com,yc,devtools,,https://onesignal.com/blog/fight-coronavirus-alerts-that-work-free-service/,https://web.archive.org/web/20200407060342/https://onesignal.com/blog/fight-coronavirus-alerts-that-work-free-service/,20200407060342,,0,,False,fetch_or_extract
onesignal.com,yc,devtools,,https://onesignal.com/blog/how-to-protect-customer-satisfaction-amidst-2021-holiday-shipping-delays/,https://web.archive.org/web/20211125174212/https://onesignal.com/blog/how-to-protect-customer-satisfaction-amidst-2021-holiday-shipping-delays/,20211125174212,,0,,False,fetch_or_extract
onesignal.com,yc,devtools,,https://onesignal.com/blog/6-reasons-i-joined-onesignal/,https://web.archive.org/web/20211122180800/https://onesignal.com/blog/6-reasons-i-joined-onesignal/,20211122180800,,0,,False,fetch_or_extract
onesignal.com,yc,devtools,,https://onesignal.com/blog/boost-retention-with-in-app-messaging/,https://web.archive.org/web/20190916092734/https://onesignal.com/blog/boost-retention-with-in-app-messaging/,20190916092734,,0,,False,fetch_or_extract
onesignal.com,yc,devtools,,https://onesignal.com/blog/confirmed-delivery-improve-ctr/,https://web.archive.org/web/20200807043233/https://onesignal.com/blog/confirmed-delivery-improve-ctr/,20200807043233,,0,,False,fetch_or_extract
onesignal.com,yc,devtools,,https://onesignal.com/blog/kasamba-increases-user-retention-20-with-push-notifications/,https://web.archive.org/web/20200923154652/https://onesignal.com/blog/kasamba-increases-user-retention-20-with-push-notifications/,20200923154652,,0,,False,fetch_or_extract
onesignal.com,yc,devtools,,https://onesignal.com/blog/accelerate-customer-engagement-with-new-tools-in-journeys/,https://web.archive.org/web/20220930065708/https://onesignal.com/blog/accelerate-customer-engagement-with-new-tools-in-journeys/,20220930065708,,0,,False,fetch_or_extract
onesignal.com,yc,devtools,,https://onesignal.com/blog/in-app-messaging-examples/,https://web.archive.org/web/20210719171601/https://onesignal.com/blog/in-app-messaging-examples/,20210719171601,,0,,False,fetch_or_extract
onesignal.com,yc,devtools,,https://onesignal.com/blog/how-apple-push-certificates-work-and-why-their-notification-service-matters/,https://web.archive.org/web/20220221182243/https://onesignal.com/blog/how-apple-push-certificates-work-and-why-their-notification-service-matters/,20220221182243,,0,,False,fetch_or_extract
onesignal.com,yc,devtools,,https://onesignal.com/blog/how-to-build-a-scalable-messaging-strategy/,https://web.archive.org/web/20220719160954/https://onesignal.com/blog/how-to-build-a-scalable-messaging-strategy/,20220719160954,,0,,False,fetch_or_extract
onesignal.com,yc,devtools,,https://onesignal.com/blog/localizing-your-message-strategy/,https://web.archive.org/web/20220517053535/https://onesignal.com/blog/localizing-your-message-strategy/,20220517053535,,0,,False,fetch_or_extract
onesignal.com,yc,devtools,,https://onesignal.com/blog/email-branding-tips-to-create-a-b/,https://web.archive.org/web/20220517041950/https://onesignal.com/blog/email-branding-tips-to-create-a-b/,20220517041950,,0,,False,fetch_or_extract
onesignal.com,yc,devtools,,https://onesignal.com/blog/deep-linking-email-support/,https://web.archive.org/web/20210827195145/https://onesignal.com/blog/deep-linking-email-support/,20210827195145,,0,,False,fetch_or_extract
onesignal.com,yc,devtools,,https://onesignal.com/blog/android-12-notification-changes-what-to-expect/,https://web.archive.org/web/20210302025832/https://onesignal.com/blog/android-12-notification-changes-what-to-expect/,20210302025832,,0,,False,fetch_or_extract
replit.com,yc,devtools,f5d64fcd92273838,https://blog.replit.com/beginner-python-errors-career-karma,https://web.archive.org/web/20210316224635/https://blog.replit.com/beginner-python-errors-career-karma,20210316224635,Common Errors Python Beginners Encounter (with Solutions),797,informational,True,
replit.com,yc,devtools,c583516f8072108d,https://blog.replit.com/killing-containers-at-scale,https://web.archive.org/web/20210319220500/https://blog.replit.com/killing-containers-at-scale,20210319220500,Killing Containers at Scale,1895,informational,True,
replit.com,yc,devtools,bd80e8ecc68ea694,https://blog.replit.com/popular-beginner-javascript-career-karma,https://web.archive.org/web/20210413011152/https://blog.replit.com/popular-beginner-javascript-career-karma,20210413011152,Popular Beginner JavaScript Concepts,836,informational,True,
replit.com,yc,devtools,,https://blog.replit.com/operating-principles,https://web.archive.org/web/20220404172650/https://blog.replit.com/operating-principles,20220404172650,Operating Principles,1803,culture_hiring,False,genre
replit.com,yc,devtools,,https://blog.replit.com/collaborative-coding,https://web.archive.org/web/20210709212720/https://blog.replit.com/collaborative-coding,20210709212720,Building the future of collaborative coding,484,,False,length
replit.com,yc,devtools,,https://blog.replit.com/education-update,https://web.archive.org/web/20210413005056/https://blog.replit.com/education-update,20210413005056,Fall 2020 Education Update,424,,False,length
replit.com,yc,devtools,,https://blog.replit.com/vagueness-clarity,https://web.archive.org/web/20210413010254/https://blog.replit.com/vagueness-clarity,20210413010254,Vagueness to Clarity,456,,False,length
replit.com,yc,devtools,,https://blog.replit.com/heroku-alternatives,https://web.archive.org/web/20220830175608/https://blog.replit.com/heroku-alternatives,20220830175608,Welcoming Heroku Users to Replit,575,,False,length
replit.com,yc,devtools,,https://blog.replit.com/replit-creates,https://web.archive.org/web/20220814150046/https://blog.replit.com/replit-creates,20220814150046,,0,,False,fetch_or_extract
replit.com,yc,devtools,,https://blog.replit.com/powerful-servers,https://web.archive.org/web/20210316224757/https://blog.replit.com/powerful-servers,20210316224757,,0,,False,fetch_or_extract
replit.com,yc,devtools,,https://blog.replit.com/intro-kyle-alisharan,https://web.archive.org/web/20220405211718/https://blog.replit.com/intro-kyle-alisharan,20220405211718,,0,,False,fetch_or_extract
replit.com,yc,devtools,,https://blog.replit.com/internet-of-fun,https://web.archive.org/web/20210204041243/https://blog.replit.com/internet-of-fun,20210204041243,,0,,False,fetch_or_extract
replit.com,yc,devtools,,https://blog.replit.com/getting-started-with-rust-on-replit,https://web.archive.org/web/20220121163435/https://blog.replit.com/getting-started-with-rust-on-replit,20220121163435,,0,,False,fetch_or_extract
replit.com,yc,devtools,,https://blog.replit.com/model-solutions,https://web.archive.org/web/20210413001915/https://blog.replit.com/model-solutions,20210413001915,,0,,False,fetch_or_extract
replit.com,yc,devtools,1b9ded16b9092b19,https://blog.replit.com/nix-vs-docker,https://web.archive.org/web/20211130043627/https://blog.replit.com/nix-vs-docker,20211130043627,Will Nix Overtake Docker?,1409,informational,True,
moltin.com,yc,fintech,ec0c72620653005a,https://www.moltin.com/blog/onboarding-with-moltin,https://web.archive.org/web/20191019204101/https://www.moltin.com/blog/onboarding-with-moltin,20191019204101,Onboarding with Moltin,1009,informational,True,
moltin.com,yc,fintech,2f4221596f51bf97,https://www.moltin.com/blog/unconventional-black-friday-campaigns,https://web.archive.org/web/20191216105506/https://www.moltin.com/blog/unconventional-black-friday-campaigns,20191216105506,3 Unconventional Black Friday Campaigns and Why They Worked,1071,informational,True,
moltin.com,yc,fintech,,https://moltin.com/blog/2016/07/ecommerce-development-with-moltin/,https://web.archive.org/web/20161125115856/https://moltin.com/blog/2016/07/ecommerce-development-with-moltin/,20161125115856,Moltin - eCommerce development with moltin,595,,False,length
moltin.com,yc,fintech,3e605ed337be0995,https://moltin.com/blog/2016/01/oauth2-authentication-with-lua/,https://web.archive.org/web/20180930092943/https://moltin.com/blog/2016/01/oauth2-authentication-with-lua/,20180930092943,Moltin | Blog - OAuth2 authentication with Lua,751,informational,True,
moltin.com,yc,fintech,,https://www.moltin.com/blog/new-edge-caching-layer,https://web.archive.org/web/20190918200041/https://www.moltin.com/blog/new-edge-caching-layer,20190918200041,Releasing a new edge caching layer,320,,False,length
moltin.com,yc,fintech,,https://www.moltin.com/blog/request-a-demo-to-see-our-mobile-self-checkout-works/,https://web.archive.org/web/20190720135128/https://www.moltin.com/blog/request-a-demo-to-see-our-mobile-self-checkout-works/,20190720135128,,0,,False,fetch_or_extract
moltin.com,yc,fintech,,https://www.moltin.com/blog/unlocking-your-data-with-flows,https://web.archive.org/web/20190720013830/https://www.moltin.com/blog/unlocking-your-data-with-flows,20190720013830,,0,,False,fetch_or_extract
moltin.com,yc,fintech,,https://www.moltin.com/blog/remodeling-our-pricing,https://web.archive.org/web/20190720133422/https://www.moltin.com/blog/remodeling-our-pricing,20190720133422,,0,,False,fetch_or_extract
moltin.com,yc,fintech,,https://www.moltin.com/blog/dashboard-refresh,https://web.archive.org/web/20190918194641/https://www.moltin.com/blog/dashboard-refresh,20190918194641,,0,,False,fetch_or_extract
moltin.com,yc,fintech,,https://www.moltin.com/blog/ecommerce-platforms-buyers-guide,https://web.archive.org/web/20190824195924/https://www.moltin.com/blog/ecommerce-platforms-buyers-guide,20190824195924,,0,,False,fetch_or_extract
moltin.com,yc,fintech,,https://www.moltin.com/blog/the-commerce-graph,https://web.archive.org/web/20190411231950/https://www.moltin.com/blog/the-commerce-graph,20190411231950,,0,,False,fetch_or_extract
moltin.com,yc,fintech,,https://www.moltin.com/blog/may-is-flows-awareness-month,https://web.archive.org/web/20190720133046/https://www.moltin.com/blog/may-is-flows-awareness-month,20190720133046,,0,,False,fetch_or_extract
moltin.com,yc,fintech,,https://www.moltin.com/blog/buying-fashion-straight-from-the-catwalk,https://web.archive.org/web/20190824195648/https://www.moltin.com/blog/buying-fashion-straight-from-the-catwalk,20190824195648,,0,,False,fetch_or_extract
moltin.com,yc,fintech,,https://www.moltin.com/blog/unifying-user-account-systems,https://web.archive.org/web/20190918203030/https://www.moltin.com/blog/unifying-user-account-systems,20190918203030,,0,,False,fetch_or_extract
moltin.com,yc,fintech,,https://www.moltin.com/blog/the-importance-of-brand-commerce-for-the-fashion-world,https://web.archive.org/web/20190720134555/https://www.moltin.com/blog/the-importance-of-brand-commerce-for-the-fashion-world,20190720134555,,0,,False,fetch_or_extract
posthog.com,yc,devtools,,https://posthog.com/blog/dynamic-open-graph-images,https://web.archive.org/web/20220307203014/https://posthog.com/blog/dynamic-open-graph-images,20220307203014,,0,,False,fetch_or_extract
posthog.com,yc,devtools,,https://posthog.com/blog/why-companies-self-host,https://web.archive.org/web/20220114152110/https://posthog.com/blog/why-companies-self-host,20220114152110,,0,,False,fetch_or_extract
posthog.com,yc,devtools,,https://posthog.com/blog/intro-phil-leggetter,https://web.archive.org/web/20210804162333/https://posthog.com/blog/intro-phil-leggetter,20210804162333,,0,,False,fetch_or_extract
posthog.com,yc,devtools,,https://posthog.com/blog/is-google-analytics-illegal-microsite,https://web.archive.org/web/20220523055609/https://posthog.com/blog/is-google-analytics-illegal-microsite,20220523055609,,0,,False,fetch_or_extract
posthog.com,yc,devtools,,https://posthog.com/blog/yc-2-years-on,https://web.archive.org/web/20220607144910/https://posthog.com/blog/yc-2-years-on,20220607144910,,0,,False,fetch_or_extract
posthog.com,yc,devtools,,https://posthog.com/blog/group-analytics-launch,https://web.archive.org/web/20211216202216/https://posthog.com/blog/group-analytics-launch,20211216202216,,0,,False,fetch_or_extract
posthog.com,yc,devtools,,https://posthog.com/blog/story-about-pivots/,https://web.archive.org/web/20210122135942/https://posthog.com/blog/story-about-pivots/,20210122135942,,0,,False,fetch_or_extract
posthog.com,yc,devtools,,https://posthog.com/blog/introduction-to-customer-retention,https://web.archive.org/web/20211106092305/https://posthog.com/blog/introduction-to-customer-retention,20211106092305,,0,,False,fetch_or_extract
posthog.com,yc,devtools,,https://posthog.com/blog/async-migrations,https://web.archive.org/web/20220324081924/https://posthog.com/blog/async-migrations,20220324081924,,0,,False,fetch_or_extract
posthog.com,yc,devtools,,https://posthog.com/blog/open-source-eating-saas/,https://web.archive.org/web/20200923171055/https://posthog.com/blog/open-source-eating-saas/,20200923171055,,0,,False,fetch_or_extract
posthog.com,yc,devtools,,https://posthog.com/blog/the-posthog-array-1-0-10/,https://web.archive.org/web/20200809151109/https://posthog.com/blog/the-posthog-array-1-0-10/,20200809151109,,0,,False,fetch_or_extract
posthog.com,yc,devtools,,https://posthog.com/blog/stop-treating-engineers-differently,https://web.archive.org/web/20220913134436/https://posthog.com/blog/stop-treating-engineers-differently,20220913134436,,0,,False,fetch_or_extract
posthog.com,yc,devtools,,https://posthog.com/blog/ga4-alternatives,https://web.archive.org/web/20221027212556/https://posthog.com/blog/ga4-alternatives,20221027212556,,0,,False,fetch_or_extract
posthog.com,yc,devtools,,https://posthog.com/blog/the-posthog-array-1-6-0/,https://web.archive.org/web/20200809134905/https://posthog.com/blog/the-posthog-array-1-6-0/,20200809134905,,0,,False,fetch_or_extract
posthog.com,yc,devtools,,https://posthog.com/blog/100-times-more-events,https://web.archive.org/web/20210518100010/https://posthog.com/blog/100-times-more-events,20210518100010,,0,,False,fetch_or_extract
sfox.com,yc,fintech,,https://www.sfox.com/blog/new-correlation-data-reveal-btc-and-eth-dominance/,https://web.archive.org/web/20210117101801/https://www.sfox.com/blog/new-correlation-data-reveal-btc-and-eth-dominance/,20210117101801,,0,,False,fetch_or_extract
sfox.com,yc,fintech,,https://www.sfox.com/blog/price-regulatory-and-product-growth-the-sfox-crypto-market-report-february-2020/,https://web.archive.org/web/20210117083359/https://www.sfox.com/blog/price-regulatory-and-product-growth-the-sfox-crypto-market-report-february-2020/,20210117083359,,0,,False,fetch_or_extract
sfox.com,yc,fintech,,https://www.sfox.com/blog/sickness-halvings-and-defi-the-sfox-crypto-market-report-march-2020/,https://web.archive.org/web/20210117100708/https://www.sfox.com/blog/sickness-halvings-and-defi-the-sfox-crypto-market-report-march-2020/,20210117100708,,0,,False,fetch_or_extract
sfox.com,yc,fintech,,https://www.sfox.com/blog/sniper-reducing-slippage-on-large-crypto-trades/,https://web.archive.org/web/20200928140353/https://www.sfox.com/blog/sniper-reducing-slippage-on-large-crypto-trades/,20200928140353,,0,,False,fetch_or_extract
sfox.com,yc,fintech,,https://www.sfox.com/blog/bitcoin-risk-how-you-can-manage-it/,https://web.archive.org/web/20210117092814/https://www.sfox.com/blog/bitcoin-risk-how-you-can-manage-it/,20210117092814,,0,,False,fetch_or_extract
sfox.com,yc,fintech,,https://www.sfox.com/blog/howey-test-bitcoin-crypto-regulation-2020/,https://web.archive.org/web/20200924185359/https://www.sfox.com/blog/howey-test-bitcoin-crypto-regulation-2020/,20200924185359,,0,,False,fetch_or_extract
sfox.com,yc,fintech,,https://www.sfox.com/blog/ravencoin-vs-bitcoin-how-to-transfer-truth/,https://web.archive.org/web/20200924182939/https://www.sfox.com/blog/ravencoin-vs-bitcoin-how-to-transfer-truth/,20200924182939,,0,,False,fetch_or_extract
sfox.com,yc,fintech,,https://www.sfox.com/blog/bitcoin-hedge-venezuela-2019/,https://web.archive.org/web/20200527032540/https://www.sfox.com/blog/bitcoin-hedge-venezuela-2019/,20200527032540,,0,,False,fetch_or_extract
sfox.com,yc,fintech,,https://www.sfox.com/blog/optimize-your-trading-strategy-with-more-efficient-stop-orders/,https://web.archive.org/web/20221126140321/https://www.sfox.com/blog/optimize-your-trading-strategy-with-more-efficient-stop-orders/,20221126140321,,0,,False,fetch_or_extract
sfox.com,yc,fintech,,https://www.sfox.com/blog/european-crypto-assets-regulation-markets-in-crypto-assets-mica/,https://web.archive.org/web/20220721010200/https://www.sfox.com/blog/european-crypto-assets-regulation-markets-in-crypto-assets-mica/,20220721010200,,0,,False,fetch_or_extract
sfox.com,yc,fintech,,https://www.sfox.com/blog/bitcoin-security-the-truth-about-crypto-fund-management/,https://web.archive.org/web/20200804003006/https://www.sfox.com/blog/bitcoin-security-the-truth-about-crypto-fund-management/,20200804003006,,0,,False,fetch_or_extract
sfox.com,yc,fintech,,https://www.sfox.com/blog/china-big-tech-and-whales-the-sfox-crypto-market-volatility-report-october-2019/,https://web.archive.org/web/20210117092921/https://www.sfox.com/blog/china-big-tech-and-whales-the-sfox-crypto-market-volatility-report-october-2019/,20210117092921,,0,,False,fetch_or_extract
sfox.com,yc,fintech,,https://www.sfox.com/blog/ravencoin-rvn-price-history-2020-sfox/,https://web.archive.org/web/20200926151811/https://www.sfox.com/blog/ravencoin-rvn-price-history-2020-sfox/,20200926151811,,0,,False,fetch_or_extract
sfox.com,yc,fintech,,https://www.sfox.com/blog/bitcoin-volatility-us-china-hedge-july-2019/,https://web.archive.org/web/20200806101129/https://www.sfox.com/blog/bitcoin-volatility-us-china-hedge-july-2019/,20200806101129,,0,,False,fetch_or_extract
sfox.com,yc,fintech,,https://www.sfox.com/blog/miners-developers-and-users-the-checks-and-balances-of-bitcoin/,https://web.archive.org/web/20200814203014/https://www.sfox.com/blog/miners-developers-and-users-the-checks-and-balances-of-bitcoin/,20200814203014,,0,,False,fetch_or_extract
angel.co,yc,fintech,ee16e39c003f53d9,https://angel.co/blog/best-first-jobs-in-tech,https://web.archive.org/web/20180916044925/https://angel.co/blog/best-first-jobs-in-tech,20180916044925,Midstage Startups Are Your Best First Job In Tech,2256,informational,True,
angel.co,yc,fintech,,https://angel.co/blog/how-remote-work-impacts-employees-with-disabilities,https://web.archive.org/web/20190627200107/https://angel.co/blog/how-remote-work-impacts-employees-with-disabilities,20190627200107,,0,,False,fetch_or_extract
angel.co,yc,fintech,,https://angel.co/blog/how-to-hire-world-class-engineers,https://web.archive.org/web/20190317230442/https://angel.co/blog/how-to-hire-world-class-engineers,20190317230442,,0,,False,fetch_or_extract
angel.co,yc,fintech,,https://angel.co/blog/venture-returns,https://web.archive.org/web/20191211195659/https://angel.co/blog/venture-returns,20191211195659,,0,,False,fetch_or_extract
angel.co,yc,fintech,,https://angel.co/blog/tech-burnout,https://web.archive.org/web/20220902162648/https://angel.co/blog/tech-burnout,20220902162648,,0,,False,fetch_or_extract
angel.co,yc,fintech,,https://angel.co/blog/the-w-fund-using-rolling-funds-to-close-the-48-gap,https://web.archive.org/web/20200922110825/https://angel.co/blog/the-w-fund-using-rolling-funds-to-close-the-48-gap,20200922110825,,0,,False,fetch_or_extract
angel.co,yc,fintech,,https://angel.co/blog/high-paying-remote-jobs,https://web.archive.org/web/20220130203129/https://angel.co/blog/high-paying-remote-jobs,20220130203129,,0,,False,fetch_or_extract
angel.co,yc,fintech,,https://angel.co/blog/what-angellist-data-says-about-power-law-returns-in-venture-capital,https://web.archive.org/web/20190622003117/https://angel.co/blog/what-angellist-data-says-about-power-law-returns-in-venture-capital,20190622003117,,0,,False,fetch_or_extract
angel.co,yc,fintech,,https://angel.co/blog-to-bollywood/jobs/110357-wordpress-ninja,https://web.archive.org/web/20160215070255/https://angel.co/blog-to-bollywood/jobs/110357-wordpress-ninja,20160215070255,,0,,False,fetch_or_extract
angel.co,yc,fintech,,https://angel.co/blog/the-truth-about-finding-your-first-engineering-job,https://web.archive.org/web/20190606204610/https://angel.co/blog/the-truth-about-finding-your-first-engineering-job,20190606204610,,0,,False,fetch_or_extract
angel.co,yc,fintech,,https://angel.co/blog/how-to-hire-after-raising-your-seed-round,https://web.archive.org/web/20190825051832/https://angel.co/blog/how-to-hire-after-raising-your-seed-round,20190825051832,,0,,False,fetch_or_extract
angel.co,yc,fintech,,https://angel.co/blog/3-obstacles-your-cs-degree-wont-prepare-you-for,https://web.archive.org/web/20190228183112/https://angel.co/blog/3-obstacles-your-cs-degree-wont-prepare-you-for,20190228183112,,0,,False,fetch_or_extract
angel.co,yc,fintech,,https://angel.co/blog/how-to-write-a-resignation-letter,https://web.archive.org/web/20220708175205/https://angel.co/blog/how-to-write-a-resignation-letter,20220708175205,,0,,False,fetch_or_extract
angel.co,yc,fintech,,https://angel.co/blog/what-startups-really-mean-by-why-should-we-hire-you,https://web.archive.org/web/20181130011810/https://angel.co/blog/what-startups-really-mean-by-why-should-we-hire-you,20181130011810,,0,,False,fetch_or_extract
angel.co,yc,fintech,,https://angel.co/blog/the-job-search-finding-web3-startup-jobs,https://web.archive.org/web/20220902164057/https://angel.co/blog/the-job-search-finding-web3-startup-jobs,20220902164057,,0,,False,fetch_or_extract
singlestore.com,yc,devtools,dab84bdf2a6a9cd1,https://www.singlestore.com/blog/aws-translate-and-singlestore/,https://web.archive.org/web/20211215164306/https://www.singlestore.com/blog/aws-translate-and-singlestore/,20211215164306,AWS Translate and SingleStore,1464,informational,True,
singlestore.com,yc,devtools,6ff7c88e38ec97a9,https://www.singlestore.com/blog/database-sharding-vs-partitioning-whats-the-difference/,https://web.archive.org/web/20211101185853/https://www.singlestore.com/blog/database-sharding-vs-partitioning-whats-the-difference/,20211101185853,Database Sharding vs. Partitioning: What’s the Difference?,1163,informational,True,
singlestore.com,yc,devtools,905375033ec626da,https://www.singlestore.com/blog/designing-for-a-database-whats-beyond-the-query/,https://web.archive.org/web/20220722205408/https://www.singlestore.com/blog/designing-for-a-database-whats-beyond-the-query/,20220722205408,Designing for a Database: What’s Beyond the Query?,1659,informational,True,
singlestore.com,yc,devtools,,https://www.singlestore.com/blog/case-study-ssimwave-memsql-scalability-performance/,https://web.archive.org/web/20201126183401/https://www.singlestore.com/blog/case-study-ssimwave-memsql-scalability-performance/,20201126183401,"Case Study: Emmy-Winning SSIMWAVE Chooses SingleStore for Scalability, Performance, and More - SingleStore Blog - MemSQL is Now SingleStore",99,,False,length
singlestore.com,yc,devtools,,https://www.singlestore.com/blog/data-stores-for-the-internet-of-things/,https://web.archive.org/web/20221129235652/https://www.singlestore.com/blog/data-stores-for-the-internet-of-things/,20221129235652,,0,,False,fetch_or_extract
singlestore.com,yc,devtools,,https://www.singlestore.com/blog/dzone-memsql-webinar-1-of-3-kubernetes-state/,https://web.archive.org/web/20211208002629/https://www.singlestore.com/blog/dzone-memsql-webinar-1-of-3-kubernetes-state/,20211208002629,,0,,False,fetch_or_extract
singlestore.com,yc,devtools,,https://www.singlestore.com/blog/7-reasons-why-2022-is-a-big-year-for-singlestore/,https://web.archive.org/web/20221005173403/https://www.singlestore.com/blog/7-reasons-why-2022-is-a-big-year-for-singlestore/,20221005173403,,0,,False,fetch_or_extract
singlestore.com,yc,devtools,,https://www.singlestore.com/blog/68-query-performance/,https://web.archive.org/web/20211028021148/https://www.singlestore.com/blog/68-query-performance/,20211028021148,,0,,False,fetch_or_extract
singlestore.com,yc,devtools,,https://www.singlestore.com/blog/how-three-developers-powered-saas-apps/,https://web.archive.org/web/20220607171959/https://www.singlestore.com/blog/how-three-developers-powered-saas-apps/,20220607171959,,0,,False,fetch_or_extract
singlestore.com,yc,devtools,,https://www.singlestore.com/blog/adaptive-compression-in-memsql/,https://web.archive.org/web/20210227222916/https://www.singlestore.com/blog/adaptive-compression-in-memsql/,20210227222916,,0,,False,fetch_or_extract
singlestore.com,yc,devtools,,https://www.singlestore.com/blog/hana-and-hadoop/,https://web.archive.org/web/20210620215254/https://www.singlestore.com/blog/hana-and-hadoop/,20210620215254,,0,,False,fetch_or_extract
singlestore.com,yc,devtools,,https://www.singlestore.com/blog/a-technical-introduction-to-memsql/,https://web.archive.org/web/20210116033639/https://www.singlestore.com/blog/a-technical-introduction-to-memsql/,20210116033639,,0,,False,fetch_or_extract
singlestore.com,yc,devtools,,https://www.singlestore.com/blog/gartner-peer-insights-applauds-memsql/,https://web.archive.org/web/20220127075054/https://www.singlestore.com/blog/gartner-peer-insights-applauds-memsql/,20220127075054,,0,,False,fetch_or_extract
singlestore.com,yc,devtools,,https://www.singlestore.com/blog/are-my-applications-data-intensive/,https://web.archive.org/web/20220318125034/https://www.singlestore.com/blog/are-my-applications-data-intensive/,20220318125034,,0,,False,fetch_or_extract
singlestore.com,yc,devtools,,https://www.singlestore.com/blog/getting-started-distributed-sql-databases/,https://web.archive.org/web/20211009121517/https://www.singlestore.com/blog/getting-started-distributed-sql-databases/,20211009121517,,0,,False,fetch_or_extract
custora.com,yc,ecommerce,464066ef0e3fafd0,https://www.custora.com/blog/discount-downward-spiral-excess-inventory,https://web.archive.org/web/20190717205632/https://www.custora.com/blog/discount-downward-spiral-excess-inventory,20190717205632,"Escape the Discount Downward Spiral, Part 1: Solving for Excess Inventory",950,informational,True,
custora.com,yc,ecommerce,2652205e01cf9e44,https://www.custora.com/blog/discount-downward-spiral-part-3-full-price-growth,https://web.archive.org/web/20190717205912/https://www.custora.com/blog/discount-downward-spiral-part-3-full-price-growth,20190717205912,"Escape the Discount Downward Spiral, Part 3: Full-Price Growth",1128,informational,True,
custora.com,yc,ecommerce,,https://www.custora.com/blog/four-steps-to-solve-one-time-buyer-prob-0-0,https://web.archive.org/web/20190821031359/https://www.custora.com/blog/four-steps-to-solve-one-time-buyer-prob-0-0,20190821031359,,0,,False,fetch_or_extract
custora.com,yc,ecommerce,,https://www.custora.com/blog/story/what-googles-inbox-means-for-email-marketing-teams,https://web.archive.org/web/20191105230124/https://www.custora.com/blog/story/what-googles-inbox-means-for-email-marketing-teams,20191105230124,,0,,False,fetch_or_extract
custora.com,yc,ecommerce,,https://www.custora.com/blog/story/not-all-states-were-equal-in-the-2013-holiday-season,https://web.archive.org/web/20190821034648/https://www.custora.com/blog/story/not-all-states-were-equal-in-the-2013-holiday-season,20190821034648,,0,,False,fetch_or_extract
custora.com,yc,ecommerce,,https://www.custora.com/blog/revenue-forecasting,https://web.archive.org/web/20190915081300/https://www.custora.com/blog/revenue-forecasting,20190915081300,,0,,False,fetch_or_extract
custora.com,yc,ecommerce,,https://www.custora.com/blog/story/using-the-science-of-persuasion-and-advanced-segmentation-to-boost-online-sales,https://web.archive.org/web/20190826074947/https://www.custora.com/blog/story/using-the-science-of-persuasion-and-advanced-segmentation-to-boost-online-sales,20190826074947,,0,,False,fetch_or_extract
custora.com,yc,ecommerce,,https://www.custora.com/blog/story/5-customer-centric-email-automations-you-can-trigger-with-your-e-commerce-data,https://web.archive.org/web/20190826073130/https://www.custora.com/blog/story/5-customer-centric-email-automations-you-can-trigger-with-your-e-commerce-data,20190826073130,,0,,False,fetch_or_extract
custora.com,yc,ecommerce,,https://www.custora.com/blog/story/seven-customer-segmentation-dimensions-that-matter,https://web.archive.org/web/20191105230531/https://www.custora.com/blog/story/seven-customer-segmentation-dimensions-that-matter,20191105230531,,0,,False,fetch_or_extract
custora.com,yc,ecommerce,,https://www.custora.com/blog/story/how-the-proposed-changes-to-facebooks-ad-targeting-might-affect-your-marketing-and-how-custora-can-help,https://web.archive.org/web/20191105194738/https://www.custora.com/blog/story/how-the-proposed-changes-to-facebooks-ad-targeting-might-affect-your-marketing-and-how-custora-can-help,20191105194738,,0,,False,fetch_or_extract
custora.com,yc,ecommerce,,https://www.custora.com/blog/e-mail-marketing/9-email-marketing-mistakes-and-how-to-avoid-them,https://web.archive.org/web/20190826081304/https://www.custora.com/blog/e-mail-marketing/9-email-marketing-mistakes-and-how-to-avoid-them,20190826081304,,0,,False,fetch_or_extract
custora.com,yc,ecommerce,,https://www.custora.com/blog/story/six-ideas-for-building-loyalty-with-todays-fickle-consumer,https://web.archive.org/web/20191105213742/https://www.custora.com/blog/story/six-ideas-for-building-loyalty-with-todays-fickle-consumer,20191105213742,,0,,False,fetch_or_extract
custora.com,yc,ecommerce,,https://www.custora.com/blog/story/trends-tips-to-optimize-your-shoptalk-agenda,https://web.archive.org/web/20191105203517/https://www.custora.com/blog/story/trends-tips-to-optimize-your-shoptalk-agenda,20191105203517,,0,,False,fetch_or_extract
custora.com,yc,ecommerce,,https://www.custora.com/blog/lookalike-models-part-1,https://web.archive.org/web/20190821031159/https://www.custora.com/blog/lookalike-models-part-1,20190821031159,,0,,False,fetch_or_extract
custora.com,yc,ecommerce,,https://www.custora.com/blog/story/marketing-to-generation-z-how-to-appeal-to-the-next-consumer-powerhouse-part-2,https://web.archive.org/web/20190821032925/https://www.custora.com/blog/story/marketing-to-generation-z-how-to-appeal-to-the-next-consumer-powerhouse-part-2,20190821032925,,0,,False,fetch_or_extract
signoz.io,yc,devtools,,https://signoz.io/blog/aws-xray-vs-jaeger,https://web.archive.org/web/20210920204339/https://signoz.io/blog/aws-xray-vs-jaeger,20210920204339,,0,,False,fetch_or_extract
signoz.io,yc,devtools,,https://signoz.io/blog/docker-stats/,https://web.archive.org/web/20220629140845/https://signoz.io/blog/docker-stats/,20220629140845,,0,,False,fetch_or_extract
signoz.io,yc,devtools,,https://signoz.io/blog/mysql-monitoring-tools/,https://web.archive.org/web/20220618162017/https://signoz.io/blog/mysql-monitoring-tools/,20220618162017,,0,,False,fetch_or_extract
signoz.io,yc,devtools,,https://signoz.io/blog/mongodb-monitoring/,https://web.archive.org/web/20220803060627/https://signoz.io/blog/mongodb-monitoring/,20220803060627,,0,,False,fetch_or_extract
signoz.io,yc,devtools,,https://signoz.io/blog/community-update-11,https://web.archive.org/web/20220413030023/https://signoz.io/blog/community-update-11,20220413030023,,0,,False,fetch_or_extract
signoz.io,yc,devtools,,https://signoz.io/blog/jaeger-vs-signoz/,https://web.archive.org/web/20210825180555/https://signoz.io/blog/jaeger-vs-signoz/,20210825180555,,0,,False,fetch_or_extract
signoz.io,yc,devtools,,https://signoz.io/blog/open-source-newrelic-alternative/,https://web.archive.org/web/20210927220056/https://signoz.io/blog/open-source-newrelic-alternative/,20210927220056,,0,,False,fetch_or_extract
signoz.io,yc,devtools,,https://signoz.io/blog/appdynamics-alternative/,https://web.archive.org/web/20210927220048/https://signoz.io/blog/appdynamics-alternative/,20210927220048,,0,,False,fetch_or_extract
signoz.io,yc,devtools,,https://signoz.io/blog/distributed-tracing-java/,https://web.archive.org/web/20220515131348/https://signoz.io/blog/distributed-tracing-java/,20220515131348,,0,,False,fetch_or_extract
signoz.io,yc,devtools,,https://signoz.io/blog/datadog-vs-jaeger/,https://web.archive.org/web/20210920203723/https://signoz.io/blog/datadog-vs-jaeger/,20210920203723,,0,,False,fetch_or_extract
signoz.io,yc,devtools,,https://signoz.io/blog/kubernetes-audit-logs/,https://web.archive.org/web/20220803060625/https://signoz.io/blog/kubernetes-audit-logs/,20220803060625,,0,,False,fetch_or_extract
signoz.io,yc,devtools,,https://signoz.io/blog/opentelemetry-angular/,https://web.archive.org/web/20220422170759/https://signoz.io/blog/opentelemetry-angular/,20220422170759,,0,,False,fetch_or_extract
signoz.io,yc,devtools,,https://signoz.io/blog/monitor-gunicorn-django-in-prometheus/,https://web.archive.org/web/20200920201016/https://signoz.io/blog/monitor-gunicorn-django-in-prometheus/,20200920201016,,0,,False,fetch_or_extract
signoz.io,yc,devtools,,https://signoz.io/blog/distributed-tracing-jaeger/,https://web.archive.org/web/20210927220201/https://signoz.io/blog/distributed-tracing-jaeger/,20210927220201,,0,,False,fetch_or_extract
signoz.io,yc,devtools,,https://signoz.io/blog/monitoring-graphql/,https://web.archive.org/web/20220516202133/https://signoz.io/blog/monitoring-graphql/,20220516202133,,0,,False,fetch_or_extract
goteleport.com,yc,devtools,a8eadbd99eb40c70,https://goteleport.com/resources/guides/connecting-iot-devices-to-go-teleport/,https://web.archive.org/web/20220121071650/https://goteleport.com/resources/guides/connecting-iot-devices-to-go-teleport/,20220121071650,How to Connect IoT Devices to Teleport | Teleport,1269,informational,True,
goteleport.com,yc,devtools,,https://goteleport.com/resources/podcast/access-control-dave-mangot/,https://web.archive.org/web/20210430213416/https://goteleport.com/resources/podcast/access-control-dave-mangot/,20210430213416,Access Control Podcast: Episode 2,7912,,False,length
goteleport.com,yc,devtools,,https://goteleport.com/resources/podcast/access-control-mario-loria-carta/,https://web.archive.org/web/20210920164308/https://goteleport.com/resources/podcast/access-control-mario-loria-carta/,20210920164308,Access Control Podcast: Episode 9,11108,,False,length
goteleport.com,yc,devtools,,https://goteleport.com/resources/videos/why-you-need-ditch-passwords-private-keys-all-other-forms-secrets/,https://web.archive.org/web/20221006180905/https://goteleport.com/resources/videos/why-you-need-ditch-passwords-private-keys-all-other-forms-secrets/,20221006180905,"Why You Need to Ditch Passwords, Private Keys, and All Other Forms of Secrets | Teleport",8678,,False,length
goteleport.com,yc,devtools,,https://goteleport.com/resources/guides/adding-your-first-server/,https://web.archive.org/web/20210815060423/https://goteleport.com/resources/guides/adding-your-first-server/,20210815060423,Adding Your First Server to Teleport,488,,False,length
goteleport.com,yc,devtools,,https://goteleport.com/resources/white-papers/2021-infrastructure-access-report/,https://web.archive.org/web/20211221151926/https://goteleport.com/resources/white-papers/2021-infrastructure-access-report/,20211221151926,Teleport State of Infrastructure Access and Security Report 2021 | Teleport,189,,False,length
goteleport.com,yc,devtools,,https://goteleport.com/resources/videos/introduction-to-teleport/,https://web.archive.org/web/20221013121853/https://goteleport.com/resources/videos/introduction-to-teleport/,20221013121853,Introduction to Teleport | Teleport,4951,,False,length
goteleport.com,yc,devtools,,https://goteleport.com/resources/videos/teleport-k8s-webinar/,https://web.archive.org/web/20201126093357/https://goteleport.com/resources/videos/teleport-k8s-webinar/,20201126093357,Best Practices for Teleport with SSH & Kubernetes,53,,False,length
goteleport.com,yc,devtools,,https://goteleport.com/resources/audits/teleport-features-security-audit-2021/,https://web.archive.org/web/20220807165839/https://goteleport.com/resources/audits/teleport-features-security-audit-2021/,20220807165839,Doyensec Teleport Platform Features Security Audit Report 2021 | Teleport,48,,False,length
goteleport.com,yc,devtools,,https://goteleport.com/resources/white-papers/report-gigaom/,https://web.archive.org/web/20221106013853/https://goteleport.com/resources/white-papers/report-gigaom/,20221106013853,The Business Value of Teleport,163,,False,length
goteleport.com,yc,devtools,,https://goteleport.com/resources/books/identity-native-infrastructure-access-management/,https://web.archive.org/web/20221126014020/https://goteleport.com/resources/books/identity-native-infrastructure-access-management/,20221126014020,Early Release from O'Reilly: Identity-Native Infrastructure Access Management,237,,False,length
goteleport.com,yc,devtools,,https://goteleport.com/resources/videos/teleconsole-intro/,https://web.archive.org/web/20201126101533/https://goteleport.com/resources/videos/teleconsole-intro/,20201126101533,Introduction to Teleconsole,15,,False,length
goteleport.com,yc,devtools,,https://goteleport.com/resources/videos/keren-elazari-innovation-lessons-we-can-learn-from-hackers/,https://web.archive.org/web/20220529021716/https://goteleport.com/resources/videos/keren-elazari-innovation-lessons-we-can-learn-from-hackers/,20220529021716,Innovation Lessons We Can Learn From Hackers with Keren Elazari | Teleport,10171,,False,length
goteleport.com,yc,devtools,,https://goteleport.com/resources/podcast/access-control-ben-sadeghipour/,https://web.archive.org/web/20210921083705/https://goteleport.com/resources/podcast/access-control-ben-sadeghipour/,20210921083705,Access Control Podcast: Episode 7,7980,,False,length
goteleport.com,yc,devtools,,https://goteleport.com/resources/videos/michael-coates-on-demand-balancing-security/,https://web.archive.org/web/20220526053554/https://goteleport.com/resources/videos/michael-coates-on-demand-balancing-security/,20220526053554,,0,,False,fetch_or_extract
postscript.io,yc,ecommerce,,https://postscript.io/blog/determining-value-sms,https://web.archive.org/web/20220309165424/https://postscript.io/blog/determining-value-sms,20220309165424,,0,,False,fetch_or_extract
postscript.io,yc,ecommerce,,https://postscript.io/blog/what-sms-marketers-need-to-know-ios-16,https://web.archive.org/web/20220919183538/https://postscript.io/blog/what-sms-marketers-need-to-know-ios-16,20220919183538,,0,,False,fetch_or_extract
postscript.io,yc,ecommerce,,https://www.postscript.io/blog/sms-predictions-2022/,https://web.archive.org/web/20220120025924/https://www.postscript.io/blog/sms-predictions-2022/,20220120025924,,0,,False,fetch_or_extract
postscript.io,yc,ecommerce,,https://www.postscript.io/blog/shopify-plus/,https://web.archive.org/web/20200927151038/https://www.postscript.io/blog/shopify-plus/,20200927151038,,0,,False,fetch_or_extract
postscript.io,yc,ecommerce,,https://postscript.io/blog/sms-cyber-checklist,https://web.archive.org/web/20220626203252/https://postscript.io/blog/sms-cyber-checklist,20220626203252,,0,,False,fetch_or_extract
postscript.io,yc,ecommerce,,https://postscript.io/blog/sms-subscriber-ltv,https://web.archive.org/web/20220214172110/https://postscript.io/blog/sms-subscriber-ltv,20220214172110,,0,,False,fetch_or_extract
postscript.io,yc,ecommerce,,https://postscript.io/blog/big-game-text-campaigns,https://web.archive.org/web/20220214215747/https://postscript.io/blog/big-game-text-campaigns,20220214215747,,0,,False,fetch_or_extract
postscript.io,yc,ecommerce,,https://postscript.io/blog/5-easy-loyalty-marketing-strategies-to-boost-your-ecommerce-sales,https://web.archive.org/web/20220729141437/https://postscript.io/blog/5-easy-loyalty-marketing-strategies-to-boost-your-ecommerce-sales,20220729141437,,0,,False,fetch_or_extract
postscript.io,yc,ecommerce,,https://postscript.io/blog/ab-tests-for-sms-marketers,https://web.archive.org/web/20220307194008/https://postscript.io/blog/ab-tests-for-sms-marketers,20220307194008,,0,,False,fetch_or_extract
postscript.io,yc,ecommerce,,https://www.postscript.io/blog/how-to-get-your-first-1000-sms-subscribers/,https://web.archive.org/web/20190918012707/https://www.postscript.io/blog/how-to-get-your-first-1000-sms-subscribers/,20190918012707,,0,,False,fetch_or_extract
postscript.io,yc,ecommerce,,https://www.postscript.io/blog/bfcm-black-friday-cyber-monday-sms-more-sales/,https://web.archive.org/web/20190822093218/https://www.postscript.io/blog/bfcm-black-friday-cyber-monday-sms-more-sales/,20190822093218,,0,,False,fetch_or_extract
postscript.io,yc,ecommerce,,https://postscript.io/blog/how-often-to-text-sms-marketing-subscribers,https://web.archive.org/web/20221006184654/https://postscript.io/blog/how-often-to-text-sms-marketing-subscribers,20221006184654,,0,,False,fetch_or_extract
postscript.io,yc,ecommerce,,https://postscript.io/blog/2022-product-features-postscript,https://web.archive.org/web/20220626192851/https://postscript.io/blog/2022-product-features-postscript,20220626192851,,0,,False,fetch_or_extract
postscript.io,yc,ecommerce,,https://postscript.io/blog/the-7-step-strategy-to-convert-email-loyalists-to-sms-subscribers,https://web.archive.org/web/20220626203834/https://postscript.io/blog/the-7-step-strategy-to-convert-email-loyalists-to-sms-subscribers,20220626203834,,0,,False,fetch_or_extract
postscript.io,yc,ecommerce,,https://www.postscript.io/blog/december-sms-strategy-examples/,https://web.archive.org/web/20211213160616/https://www.postscript.io/blog/december-sms-strategy-examples/,20211213160616,,0,,False,fetch_or_extract
vendoo.co,yc,ecommerce,,http://blog.vendoo.co/5-things-you-didnt-know-you-could-do-with-vendoo,https://web.archive.org/web/20211024004948/http://blog.vendoo.co/5-things-you-didnt-know-you-could-do-with-vendoo,20211024004948,,0,,False,fetch_or_extract
vendoo.co,yc,ecommerce,,http://blog.vendoo.co/5-tips-for-being-sustainable-as-a-reseller,https://web.archive.org/web/20210714182052/http://blog.vendoo.co/5-tips-for-being-sustainable-as-a-reseller,20210714182052,,0,,False,fetch_or_extract
vendoo.co,yc,ecommerce,,https://blog.vendoo.co/online-consignment-how-to-sell-with-thredup,https://web.archive.org/web/20221125190205/https://blog.vendoo.co/online-consignment-how-to-sell-with-thredup,20221125190205,,0,,False,fetch_or_extract
vendoo.co,yc,ecommerce,,https://blog.vendoo.co/selling-trends-on-etsy-for-2022,https://web.archive.org/web/20211222161557/https://blog.vendoo.co/selling-trends-on-etsy-for-2022,20211222161557,,0,,False,fetch_or_extract
vendoo.co,yc,ecommerce,,https://blog.vendoo.co/10-best-items-to-flip-for-a-profit-online,https://web.archive.org/web/20220804224238/https://blog.vendoo.co/10-best-items-to-flip-for-a-profit-online,20220804224238,,0,,False,fetch_or_extract
vendoo.co,yc,ecommerce,,https://blog.vendoo.co/how-to-start-selling-on-mercari,https://web.archive.org/web/20210420011021/https://blog.vendoo.co/how-to-start-selling-on-mercari,20210420011021,,0,,False,fetch_or_extract
vendoo.co,yc,ecommerce,,https://blog.vendoo.co/what-to-sell-on-depop-in-2022,https://web.archive.org/web/20220112170727/https://blog.vendoo.co/what-to-sell-on-depop-in-2022,20220112170727,,0,,False,fetch_or_extract
vendoo.co,yc,ecommerce,,https://blog.vendoo.co/how-to-get-started-selling-on-depop,https://web.archive.org/web/20220522135725/https://blog.vendoo.co/how-to-get-started-selling-on-depop,20220522135725,,0,,False,fetch_or_extract
vendoo.co,yc,ecommerce,,https://blog.vendoo.co/what-should-resellers-know-about-shipping,https://web.archive.org/web/20210417080138/https://blog.vendoo.co/what-should-resellers-know-about-shipping,20210417080138,,0,,False,fetch_or_extract
vendoo.co,yc,ecommerce,,https://blog.vendoo.co/whatnot-app-a-guide-for-sellers-and-buyers,https://web.archive.org/web/20220816013536/https://blog.vendoo.co/whatnot-app-a-guide-for-sellers-and-buyers,20220816013536,,0,,False,fetch_or_extract
vendoo.co,yc,ecommerce,,https://blog.vendoo.co/the-best-yard-sale-tips-and-tricks-for-2022,https://web.archive.org/web/20220727193257/https://blog.vendoo.co/the-best-yard-sale-tips-and-tricks-for-2022,20220727193257,,0,,False,fetch_or_extract
vendoo.co,yc,ecommerce,,https://blog.vendoo.co/reseller-bolos-the-best-things-to-buy-sell-online-for-profit,https://web.archive.org/web/20211206230224/https://blog.vendoo.co/reseller-bolos-the-best-things-to-buy-sell-online-for-profit,20211206230224,,0,,False,fetch_or_extract
vendoo.co,yc,ecommerce,,https://blog.vendoo.co/the-easiest-items-to-flip-for-profit-for-a-menswear-reseller,https://web.archive.org/web/20210618013239/https://blog.vendoo.co/the-easiest-items-to-flip-for-profit-for-a-menswear-reseller,20210618013239,,0,,False,fetch_or_extract
vendoo.co,yc,ecommerce,,https://blog.vendoo.co/how-to-delete-your-poshmark-account-in-a-few-easy-steps,https://web.archive.org/web/20220601193036/https://blog.vendoo.co/how-to-delete-your-poshmark-account-in-a-few-easy-steps,20220601193036,,0,,False,fetch_or_extract
vendoo.co,yc,ecommerce,,https://blog.vendoo.co/march22-product-updates,https://web.archive.org/web/20220414151812/https://blog.vendoo.co/march22-product-updates,20220414151812,,0,,False,fetch_or_extract
magicbell.com,yc,devtools,,https://www.magicbell.com/blog/best-presentation-software-tools,https://web.archive.org/web/20220706110001/https://www.magicbell.com/blog/best-presentation-software-tools,20220706110001,,0,,False,fetch_or_extract
magicbell.com,yc,devtools,,https://www.magicbell.com/blog/examples-of-highly-effective-browser-notifications,https://web.archive.org/web/20220706092310/https://www.magicbell.com/blog/examples-of-highly-effective-browser-notifications,20220706092310,,0,,False,fetch_or_extract
magicbell.com,yc,devtools,,https://magicbell.com/blog/how-to-set-up-android-push-notifications,https://web.archive.org/web/20211016003934/https://magicbell.com/blog/how-to-set-up-android-push-notifications,20211016003934,,0,,False,fetch_or_extract
magicbell.com,yc,devtools,,https://www.magicbell.com/blog/how-to-use-firebase-to-send-push-notifications,https://web.archive.org/web/20220504155119/https://www.magicbell.com/blog/how-to-use-firebase-to-send-push-notifications,20220504155119,,0,,False,fetch_or_extract
magicbell.com,yc,devtools,,https://magicbell.com/blog/docker-for-ruby-on-rails,https://web.archive.org/web/20210507093018/https://magicbell.com/blog/docker-for-ruby-on-rails,20210507093018,,0,,False,fetch_or_extract
magicbell.com,yc,devtools,,https://magicbell.com/blog/email-notification-design-the-essential-guide-to-getting-it-right,https://web.archive.org/web/20210507102242/https://magicbell.com/blog/email-notification-design-the-essential-guide-to-getting-it-right,20210507102242,,0,,False,fetch_or_extract
magicbell.com,yc,devtools,,https://www.magicbell.com/blog/guide-to-react-native-push-notifications,https://web.archive.org/web/20220630172043/https://www.magicbell.com/blog/guide-to-react-native-push-notifications,20220630172043,,0,,False,fetch_or_extract
magicbell.com,yc,devtools,,https://www.magicbell.com/blog/whats-the-best-sendgrid-alternative,https://web.archive.org/web/20211201174150/https://www.magicbell.com/blog/whats-the-best-sendgrid-alternative,20211201174150,,0,,False,fetch_or_extract
magicbell.com,yc,devtools,,https://www.magicbell.com/blog/tips-for-creating-engaging-push-notifications,https://web.archive.org/web/20211103014222/https://www.magicbell.com/blog/tips-for-creating-engaging-push-notifications,20211103014222,,0,,False,fetch_or_extract
magicbell.com,yc,devtools,,https://www.magicbell.com/blog/what-are-push-messages-and-how-do-they-work,https://web.archive.org/web/20220420144952/https://www.magicbell.com/blog/what-are-push-messages-and-how-do-they-work,20220420144952,,0,,False,fetch_or_extract
magicbell.com,yc,devtools,,https://www.magicbell.com/blog/from-bootstrapping-to-vc-path,https://web.archive.org/web/20220504155055/https://www.magicbell.com/blog/from-bootstrapping-to-vc-path,20220504155055,,0,,False,fetch_or_extract
magicbell.com,yc,devtools,,https://www.magicbell.com/blog/push-analytics-getting-customers-the-analytics-they-need-without-the-pains-of-etl,https://web.archive.org/web/20220516163127/https://www.magicbell.com/blog/push-analytics-getting-customers-the-analytics-they-need-without-the-pains-of-etl,20220516163127,,0,,False,fetch_or_extract
magicbell.com,yc,devtools,,https://magicbell.com/blog/your-guide-to-selecting-the-best-email-notification-template-for-your-use-case,https://web.archive.org/web/20210507091244/https://magicbell.com/blog/your-guide-to-selecting-the-best-email-notification-template-for-your-use-case,20210507091244,,0,,False,fetch_or_extract
magicbell.com,yc,devtools,,https://www.magicbell.com/blog/whats-the-best-twilio-alternative,https://web.archive.org/web/20220812212845/https://www.magicbell.com/blog/whats-the-best-twilio-alternative,20220812212845,,0,,False,fetch_or_extract
magicbell.com,yc,devtools,,https://www.magicbell.com/blog/best-email-verification-and-validation-api-tools-for-developers,https://web.archive.org/web/20220425180203/https://www.magicbell.com/blog/best-email-verification-and-validation-api-tools-for-developers,20220425180203,,0,,False,fetch_or_extract
lendup.com,yc,fintech,,http://www.lendup.com:80/blog/lendup-talks-tyra-fennell.html,https://web.archive.org/web/20180528133545/http://www.lendup.com:80/blog/lendup-talks-tyra-fennell.html,20180528133545,,0,,False,fetch_or_extract
lendup.com,yc,fintech,,https://www.lendup.com/blog/protecting-against-identity-fraud.html.html,https://web.archive.org/web/20190719171019/https://www.lendup.com/blog/protecting-against-identity-fraud.html.html,20190719171019,,0,,False,fetch_or_extract
lendup.com,yc,fintech,,http://www.lendup.com/blog/messaging-trust-through-design.html,https://web.archive.org/web/20150503101853/http://www.lendup.com/blog/messaging-trust-through-design.html,20150503101853,,0,,False,fetch_or_extract
lendup.com,yc,fintech,,https://www.lendup.com/blog/Cultivating-the-Next-Generation-of-Purpose-Driven-Entrepreneurs.html,https://web.archive.org/web/20211126221523/https://www.lendup.com/blog/Cultivating-the-Next-Generation-of-Purpose-Driven-Entrepreneurs.html,20211126221523,,0,,False,fetch_or_extract
lendup.com,yc,fintech,,http://www.lendup.com/blog/why-lendup-incentivizes-financial-education.html,https://web.archive.org/web/20150503162423/http://www.lendup.com/blog/why-lendup-incentivizes-financial-education.html,20150503162423,,0,,False,fetch_or_extract
lendup.com,yc,fintech,,https://www.lendup.com/blog/avoid-dangers-of-payday-loans.html,https://web.archive.org/web/20190719170600/https://www.lendup.com/blog/avoid-dangers-of-payday-loans.html,20190719170600,,0,,False,fetch_or_extract
lendup.com,yc,fintech,,https://www.lendup.com/blog/On%20AI-the-Future-of-America-and-Being-Gay-in-Tech.html,https://web.archive.org/web/20200630152527/https://www.lendup.com/blog/On%20AI-the-Future-of-America-and-Being-Gay-in-Tech.html,20200630152527,,0,,False,fetch_or_extract
lendup.com,yc,fintech,,https://www.lendup.com/blog/financial-education-for-all.html,https://web.archive.org/web/20191021001839/https://www.lendup.com/blog/financial-education-for-all.html,20191021001839,,0,,False,fetch_or_extract
lendup.com,yc,fintech,,https://www.lendup.com/blog/Welcome-to-LendUp%E2%80%99s-2017-INTERN-CLASS.html,https://web.archive.org/web/20190719172822/https://www.lendup.com/blog/Welcome-to-LendUp%E2%80%99s-2017-INTERN-CLASS.html,20190719172822,,0,,False,fetch_or_extract
lendup.com,yc,fintech,,http://www.lendup.com/blog/top-10-common-banking-fees-avoid-them.html,https://web.archive.org/web/20151021091828/http://www.lendup.com/blog/top-10-common-banking-fees-avoid-them.html,20151021091828,,0,,False,fetch_or_extract
lendup.com,yc,fintech,,https://www.lendup.com/blog/why-do-people-get-payday-loans.html,https://web.archive.org/web/20201104162327/https://www.lendup.com/blog/why-do-people-get-payday-loans.html,20201104162327,,0,,False,fetch_or_extract
lendup.com,yc,fintech,,https://www.lendup.com/blog/hope-global-forum-economic-empowerment-for-all.html,https://web.archive.org/web/20190821101916/https://www.lendup.com/blog/hope-global-forum-economic-empowerment-for-all.html,20190821101916,,0,,False,fetch_or_extract
lendup.com,yc,fintech,,https://www.lendup.com/blog/how-to-use-customer-reviews-when-vetting-a-payday-lender.html,https://web.archive.org/web/20190719170852/https://www.lendup.com/blog/how-to-use-customer-reviews-when-vetting-a-payday-lender.html,20190719170852,,0,,False,fetch_or_extract
lendup.com,yc,fintech,,http://www.lendup.com:80/blog/spent-looking-for-change.html,https://web.archive.org/web/20140416022633/http://www.lendup.com:80/blog/spent-looking-for-change.html,20140416022633,,0,,False,fetch_or_extract
lendup.com,yc,fintech,,https://www.lendup.com/blog/think-you-will-owe.html,https://web.archive.org/web/20190821094457/https://www.lendup.com/blog/think-you-will-owe.html,20190821094457,,0,,False,fetch_or_extract
makeschool.com,yc,other,90d807e1868085a9,https://www.makeschool.com/blog/4-things-to-consider-before-choosing-a-college,https://web.archive.org/web/20190818040017/https://www.makeschool.com/blog/4-things-to-consider-before-choosing-a-college,20190818040017,4 Things to Consider Before Choosing a College,926,informational,True,
makeschool.com,yc,other,ef025373ea3b0f6b,https://www.makeschool.com/blog/how-to-get-started-with-programming-in-2021,https://web.archive.org/web/20210209004606/https://www.makeschool.com/blog/how-to-get-started-with-programming-in-2021,20210209004606,How to Get Started With Programming in 2021,826,informational,True,
makeschool.com,yc,other,181673f11218f9ad,https://www.makeschool.com/blog/top-8-colleges-with-projectbased-computer-science-degree-programs,https://web.archive.org/web/20190719100408/https://www.makeschool.com/blog/top-8-colleges-with-projectbased-computer-science-degree-programs,20190719100408,Top 8 Colleges with Project-Based Computer Science Degree Programs,655,informational,True,
makeschool.com,yc,other,,https://www.makeschool.com/blog/the-product-university,https://web.archive.org/web/20160310165840/https://www.makeschool.com/blog/the-product-university,20160310165840,The Product University,1043,opinion_essay,False,genre
makeschool.com,yc,other,,https://www.makeschool.com/blog/student-profile-unathi-chonco,https://web.archive.org/web/20190719101729/https://www.makeschool.com/blog/student-profile-unathi-chonco,20190719101729,,0,,False,fetch_or_extract
makeschool.com,yc,other,,https://www.makeschool.com/blog/career-story-rob-percival-bestselling-ios-instructor-of-alltime-with-unathi-chonco-of-make-school,https://web.archive.org/web/20190823190336/https://www.makeschool.com/blog/career-story-rob-percival-bestselling-ios-instructor-of-alltime-with-unathi-chonco-of-make-school,20190823190336,,0,,False,fetch_or_extract
makeschool.com,yc,other,,https://www.makeschool.com/blog/launching-a-new-model-of-college,https://web.archive.org/web/20190719100238/https://www.makeschool.com/blog/launching-a-new-model-of-college,20190719100238,,0,,False,fetch_or_extract
makeschool.com,yc,other,,https://www.makeschool.com/blog/new-york-and-silicon-valley-summer-academy-locations-finalized,https://web.archive.org/web/20190719105225/https://www.makeschool.com/blog/new-york-and-silicon-valley-summer-academy-locations-finalized,20190719105225,,0,,False,fetch_or_extract
makeschool.com,yc,other,,https://www.makeschool.com/blog/the-white-house-and-make-school-are-tackling-the-digital-divide,https://web.archive.org/web/20190719100235/https://www.makeschool.com/blog/the-white-house-and-make-school-are-tackling-the-digital-divide,20190719100235,,0,,False,fetch_or_extract
makeschool.com,yc,other,,https://www.makeschool.com/blog/heres-why-you-should-be-hiring-diverse-talent,https://web.archive.org/web/20190825132034/https://www.makeschool.com/blog/heres-why-you-should-be-hiring-diverse-talent,20190825132034,,0,,False,fetch_or_extract
makeschool.com,yc,other,,https://www.makeschool.com/blog/therapy-bea-arthur-on-practices-of-self-understanding-and-wellness,https://web.archive.org/web/20190719105733/https://www.makeschool.com/blog/therapy-bea-arthur-on-practices-of-self-understanding-and-wellness,20190719105733,,0,,False,fetch_or_extract
makeschool.com,yc,other,,https://www.makeschool.com/blog/ramp-a-free-introductory-course-for-prospective-make-school-students,https://web.archive.org/web/20190719102505/https://www.makeschool.com/blog/ramp-a-free-introductory-course-for-prospective-make-school-students,20190719102505,,0,,False,fetch_or_extract
makeschool.com,yc,other,,https://www.makeschool.com/blog/yelp-welcomes-make-school-students-with-open-arms,https://web.archive.org/web/20190823173730/https://www.makeschool.com/blog/yelp-welcomes-make-school-students-with-open-arms,20190823173730,,0,,False,fetch_or_extract
makeschool.com,yc,other,,https://www.makeschool.com/blog/free-colleges-with-strong-computer-science-programs,https://web.archive.org/web/20190823175531/https://www.makeschool.com/blog/free-colleges-with-strong-computer-science-programs,20190823175531,,0,,False,fetch_or_extract
makeschool.com,yc,other,,https://www.makeschool.com/blog/make-school-students-win-nasa-hackathon,https://web.archive.org/web/20191214004035/https://www.makeschool.com/blog/make-school-students-win-nasa-hackathon,20191214004035,,0,,False,fetch_or_extract
betterhalf.ai,yc,ecommerce,,https://blog.betterhalf.ai/a-fools-guide-to-avg-antivirus-review-explained/,https://web.archive.org/web/20191021195703/https://blog.betterhalf.ai/a-fools-guide-to-avg-antivirus-review-explained/,20191021195703,,0,,False,fetch_or_extract
betterhalf.ai,yc,ecommerce,,https://blog.betterhalf.ai/no-fraaaandship-please-a-complete-guide-on-what-not-to-say-to-women-online/,https://web.archive.org/web/20190820114521/https://blog.betterhalf.ai/no-fraaaandship-please-a-complete-guide-on-what-not-to-say-to-women-online/,20190820114521,,0,,False,fetch_or_extract
betterhalf.ai,yc,ecommerce,,https://blog.betterhalf.ai/ready-to-finally-meet-your-quarantine-online-lover-after-lockdown-follow-these-tips-to-hit-it-off-on-the-right-note/,https://web.archive.org/web/20201204085410/https://blog.betterhalf.ai/ready-to-finally-meet-your-quarantine-online-lover-after-lockdown-follow-these-tips-to-hit-it-off-on-the-right-note/,20201204085410,,0,,False,fetch_or_extract
betterhalf.ai,yc,ecommerce,,https://blog.betterhalf.ai/remove-your-rosy-glasses-its-time-to-spot-the-obvious-red-flags-we-ignore-in-a-relationship/,https://web.archive.org/web/20201204071705/https://blog.betterhalf.ai/remove-your-rosy-glasses-its-time-to-spot-the-obvious-red-flags-we-ignore-in-a-relationship/,20201204071705,,0,,False,fetch_or_extract
betterhalf.ai,yc,ecommerce,,https://blog.betterhalf.ai/sitemap-pt-post-2020-06.html,https://web.archive.org/web/20210922034304/https://blog.betterhalf.ai/sitemap-pt-post-2020-06.html,20210922034304,,0,,False,fetch_or_extract
betterhalf.ai,yc,ecommerce,,https://blog.betterhalf.ai/5-important-things-to-see-while-choosing-your-life-partner/,https://web.archive.org/web/20190820121354/https://blog.betterhalf.ai/5-important-things-to-see-while-choosing-your-life-partner/,20190820121354,,0,,False,fetch_or_extract
betterhalf.ai,yc,ecommerce,,https://blog.betterhalf.ai/happily-married-in-2018/,https://web.archive.org/web/20190820123859/https://blog.betterhalf.ai/happily-married-in-2018/,20190820123859,,0,,False,fetch_or_extract
betterhalf.ai,yc,ecommerce,,https://blog.betterhalf.ai/reason-single-today-maybe-forever/,https://web.archive.org/web/20190820114440/https://blog.betterhalf.ai/reason-single-today-maybe-forever/,20190820114440,,0,,False,fetch_or_extract
betterhalf.ai,yc,ecommerce,,https://blog.betterhalf.ai/their-forever-began-with-friendship/,https://web.archive.org/web/20210617053936/https://blog.betterhalf.ai/their-forever-began-with-friendship/,20210617053936,,0,,False,fetch_or_extract
betterhalf.ai,yc,ecommerce,,https://blog.betterhalf.ai/heres-a-chance-to-win-a-gold-polki-necklace-worth-rs-15000/,https://web.archive.org/web/20210617054550/https://blog.betterhalf.ai/heres-a-chance-to-win-a-gold-polki-necklace-worth-rs-15000/,20210617054550,,0,,False,fetch_or_extract
betterhalf.ai,yc,ecommerce,,https://blog.betterhalf.ai/sitemap-pt-post-2020-08.html,https://web.archive.org/web/20210922032750/https://blog.betterhalf.ai/sitemap-pt-post-2020-08.html,20210922032750,,0,,False,fetch_or_extract
betterhalf.ai,yc,ecommerce,,https://blog.betterhalf.ai/what-you-need-to-know-about-best-free-antivirus-for-android-mobile/,https://web.archive.org/web/20191021200216/https://blog.betterhalf.ai/what-you-need-to-know-about-best-free-antivirus-for-android-mobile/,20191021200216,,0,,False,fetch_or_extract
betterhalf.ai,yc,ecommerce,,https://blog.betterhalf.ai/scary-thoughts-people-get-before-signing-up-on-matchmaking-apps/,https://web.archive.org/web/20201029050359/https://blog.betterhalf.ai/scary-thoughts-people-get-before-signing-up-on-matchmaking-apps/,20201029050359,,0,,False,fetch_or_extract
betterhalf.ai,yc,ecommerce,,https://blog.betterhalf.ai/sitemap-pt-post-2020-07.html,https://web.archive.org/web/20210922033633/https://blog.betterhalf.ai/sitemap-pt-post-2020-07.html,20210922033633,,0,,False,fetch_or_extract
betterhalf.ai,yc,ecommerce,,https://blog.betterhalf.ai/the-great-indian-arranged-marriage-saga-beautiful-girls-meet-young-achievers/,https://web.archive.org/web/20190820114451/https://blog.betterhalf.ai/the-great-indian-arranged-marriage-saga-beautiful-girls-meet-young-achievers/,20190820114451,,0,,False,fetch_or_extract
queenly.com,yc,ecommerce,352dd56fb49ceb4c,https://queenly.com/blog/2022-vma-nominations-fashion,https://web.archive.org/web/20220821160525/https://queenly.com/blog/2022-vma-nominations-fashion,20220821160525,2022 VMA Nominations and Fashion Predictions,2440,informational,True,
queenly.com,yc,ecommerce,8b13aa9e9a46c7d0,https://queenly.com/blog/girls-night-out-outfits,https://web.archive.org/web/20220812130954/https://queenly.com/blog/girls-night-out-outfits,20220812130954,How To Dress for a Girls Night Out,1502,informational,True,
queenly.com,yc,ecommerce,,https://queenly.com/blog/must-have-summer-formalwear,https://web.archive.org/web/20220712140758/https://queenly.com/blog/must-have-summer-formalwear,20220712140758,,0,,False,fetch_or_extract
queenly.com,yc,ecommerce,,https://queenly.com/blog-archives/january-2021,https://web.archive.org/web/20210411100619/https://queenly.com/blog-archives/january-2021,20210411100619,,0,,False,fetch_or_extract
queenly.com,yc,ecommerce,,https://queenly.com/blog/interview-with-maryam-jafaar-top-20-miss-new-york-usa-finalist,https://web.archive.org/web/20210919113031/https://queenly.com/blog/interview-with-maryam-jafaar-top-20-miss-new-york-usa-finalist,20210919113031,,0,,False,fetch_or_extract
queenly.com,yc,ecommerce,,https://queenly.com/blog/the-bachelor-recap-season-25-week-3,https://web.archive.org/web/20210410150127/https://queenly.com/blog/the-bachelor-recap-season-25-week-3,20210410150127,,0,,False,fetch_or_extract
queenly.com,yc,ecommerce,,https://queenly.com/blog/abena-appiah-the-first-black-miss-grand-international,https://web.archive.org/web/20210411104326/https://queenly.com/blog/abena-appiah-the-first-black-miss-grand-international,20210411104326,,0,,False,fetch_or_extract
queenly.com,yc,ecommerce,,https://queenly.com/blog/the-modern-day-quinceanera-dress-and-celebration,https://web.archive.org/web/20211022191048/https://queenly.com/blog/the-modern-day-quinceanera-dress-and-celebration,20211022191048,,0,,False,fetch_or_extract
queenly.com,yc,ecommerce,,https://queenly.com/blog/trendy-wedding-guest-dresses,https://web.archive.org/web/20220808202632/https://queenly.com/blog/trendy-wedding-guest-dresses,20220808202632,,0,,False,fetch_or_extract
queenly.com,yc,ecommerce,,https://queenly.com/blog/the-bachelor-recap-season-25-week-8-hometown-dates,https://web.archive.org/web/20210411091955/https://queenly.com/blog/the-bachelor-recap-season-25-week-8-hometown-dates,20210411091955,,0,,False,fetch_or_extract
queenly.com,yc,ecommerce,,https://queenly.com/blog/top-7-summer-colors,https://web.archive.org/web/20220717160158/https://queenly.com/blog/top-7-summer-colors,20220717160158,,0,,False,fetch_or_extract
queenly.com,yc,ecommerce,,https://queenly.com/blog/make-confidence-your-ritual,https://web.archive.org/web/20210118073408/https://queenly.com/blog/make-confidence-your-ritual,20210118073408,,0,,False,fetch_or_extract
queenly.com,yc,ecommerce,,https://queenly.com/blog/vma-red-carpet-dress-dupes,https://web.archive.org/web/20220923145532/https://queenly.com/blog/vma-red-carpet-dress-dupes,20220923145532,,0,,False,fetch_or_extract
queenly.com,yc,ecommerce,,https://queenly.com/blog/wearing-black-to-a-wedding,https://web.archive.org/web/20220630162643/https://queenly.com/blog/wearing-black-to-a-wedding,20220630162643,,0,,False,fetch_or_extract
queenly.com,yc,ecommerce,,https://queenly.com/blog/guide-to-miss-universe-2020-how-to-watch,https://web.archive.org/web/20211022200143/https://queenly.com/blog/guide-to-miss-universe-2020-how-to-watch,20211022200143,,0,,False,fetch_or_extract
fanhero.com,yc,ecommerce,434893deec57a239,http://blog.fanhero.com:80/4-ways-to-monetize-your-social-media-presence-as-an-influencer,https://web.archive.org/web/20170808183120/http://blog.fanhero.com:80/4-ways-to-monetize-your-social-media-presence-as-an-influencer,20170808183120,4 Ways to Monetize Your Social Media Presence as an Influencer,751,informational,True,
fanhero.com,yc,ecommerce,007ba04fe13c6ea0,https://blog.fanhero.com/blog/dont-let-third-parties-beat-you-to-the-play/,https://web.archive.org/web/20211130141601/https://blog.fanhero.com/blog/dont-let-third-parties-beat-you-to-the-play/,20211130141601,Don’t Let Third Parties Beat You To The Play,768,informational,True,
fanhero.com,yc,ecommerce,,https://blog.fanhero.com/blog/streaming-services-are-growing-to-meet-global-need-during-the-pandemic/,https://web.archive.org/web/20210517131856/https://blog.fanhero.com/blog/streaming-services-are-growing-to-meet-global-need-during-the-pandemic/,20210517131856,,0,,False,fetch_or_extract
fanhero.com,yc,ecommerce,,https://blog.fanhero.com/blog/turn-your-youtube-channel-into-a-video-on-demand-platform/,https://web.archive.org/web/20210517123446/https://blog.fanhero.com/blog/turn-your-youtube-channel-into-a-video-on-demand-platform/,20210517123446,,0,,False,fetch_or_extract
fanhero.com,yc,ecommerce,,http://blog.fanhero.com:80/how-artist-apps-help-build-brand-recognition-for-celebrities,https://web.archive.org/web/20170808182100/http://blog.fanhero.com:80/how-artist-apps-help-build-brand-recognition-for-celebrities,20170808182100,,0,,False,fetch_or_extract
fanhero.com,yc,ecommerce,,http://blog.fanhero.com:80/engage-your-most-valuable-fans-with-a-branded-sports-app,https://web.archive.org/web/20171205182034/http://blog.fanhero.com:80/engage-your-most-valuable-fans-with-a-branded-sports-app,20171205182034,,0,,False,fetch_or_extract
fanhero.com,yc,ecommerce,,http://blog.fanhero.com:80/how-branded-content-can-change-your-online-influencer-community,https://web.archive.org/web/20170808183633/http://blog.fanhero.com:80/how-branded-content-can-change-your-online-influencer-community,20170808183633,,0,,False,fetch_or_extract
fanhero.com,yc,ecommerce,,http://blog.fanhero.com:80/rebelling-against-the-greedy-youtube-empire-how-they-monetize-at-your-expense,https://web.archive.org/web/20171205181900/http://blog.fanhero.com:80/rebelling-against-the-greedy-youtube-empire-how-they-monetize-at-your-expense,20171205181900,,0,,False,fetch_or_extract
fanhero.com,yc,ecommerce,,https://blog.fanhero.com/blog/youtube-content-creators-grow-with-this-unexpected-tool/,https://web.archive.org/web/20211130155515/https://blog.fanhero.com/blog/youtube-content-creators-grow-with-this-unexpected-tool/,20211130155515,,0,,False,fetch_or_extract
fanhero.com,yc,ecommerce,,http://blog.fanhero.com:80/has-social-media-met-its-kryptonite,https://web.archive.org/web/20180221180011/http://blog.fanhero.com:80/has-social-media-met-its-kryptonite,20180221180011,,0,,False,fetch_or_extract
fanhero.com,yc,ecommerce,,https://blog.fanhero.com/blog/live-vs-virtual-event-you-dont-have-to-pick-just-one/,https://web.archive.org/web/20211130151844/https://blog.fanhero.com/blog/live-vs-virtual-event-you-dont-have-to-pick-just-one/,20211130151844,,0,,False,fetch_or_extract
fanhero.com,yc,ecommerce,,http://blog.fanhero.com:80/why-youtube-content-creators-need-their-own-custom-mobile-app,https://web.archive.org/web/20170808183211/http://blog.fanhero.com:80/why-youtube-content-creators-need-their-own-custom-mobile-app,20170808183211,,0,,False,fetch_or_extract
fanhero.com,yc,ecommerce,,https://blog.fanhero.com/blog/using-video-content-to-power-employee-wellness-programs/,https://web.archive.org/web/20210517133752/https://blog.fanhero.com/blog/using-video-content-to-power-employee-wellness-programs/,20210517133752,,0,,False,fetch_or_extract
fanhero.com,yc,ecommerce,,http://blog.fanhero.com:80/five-ways-sports-team-apps-make-game-day-better,https://web.archive.org/web/20171205181957/http://blog.fanhero.com:80/five-ways-sports-team-apps-make-game-day-better,20171205181957,,0,,False,fetch_or_extract
fanhero.com,yc,ecommerce,,https://blog.fanhero.com/blog/4-reasons-you-should-be-live-streaming-your-worship-services/,https://web.archive.org/web/20211130150852/https://blog.fanhero.com/blog/4-reasons-you-should-be-live-streaming-your-worship-services/,20211130150852,,0,,False,fetch_or_extract
dailybot.com,yc,devtools,dbce6ee89c693ee8,https://www.dailybot.com/blog-post/dont-build-a-slack-bot-from-scratch-when-you-can-use-a-no-code-tool-in-2022,https://web.archive.org/web/20220707053501/https://www.dailybot.com/blog-post/dont-build-a-slack-bot-from-scratch-when-you-can-use-a-no-code-tool-in-2022,20220707053501,Don’t build a Slack bot from scratch when you can use a no-code tool in 2022 | DailyBot's Blog,605,informational,True,
dailybot.com,yc,devtools,,https://www.dailybot.com/blog-post/the-best-kudos-apps-for-slack-in-2022,https://web.archive.org/web/20220707045934/https://www.dailybot.com/blog-post/the-best-kudos-apps-for-slack-in-2022,20220707045934,The Best Kudos Apps for Slack in 2022 | DailyBot's Blog,583,,False,length
dailybot.com,yc,devtools,7e9f3c876fdd48ba,https://www.dailybot.com/blog-post/3-modern-tools-to-run-slack-poll-in-2022,https://web.archive.org/web/20220924223642/https://www.dailybot.com/blog-post/3-modern-tools-to-run-slack-poll-in-2022,20220924223642,3 Modern tools to run Slack Poll in 2022 | DailyBot's Blog,686,informational,True,
dailybot.com,yc,devtools,,https://www.dailybot.com/blog-post/introducing-daily-stand-up-meetings-for-google-chat,https://web.archive.org/web/20201029051006/https://www.dailybot.com/blog-post/introducing-daily-stand-up-meetings-for-google-chat,20201029051006,Introducing Daily Stand-Up Meetings for Google Chat,304,,False,length
dailybot.com,yc,devtools,,https://www.dailybot.com/blog-post/1-1-meeting-template,https://web.archive.org/web/20210413164803/https://www.dailybot.com/blog-post/1-1-meeting-template,20210413164803,1:1 Meeting Template | DailyBot's Blog,168,,False,length
dailybot.com,yc,devtools,,https://www.dailybot.com/blog/release-notes/,https://web.archive.org/web/20200808175339/https://www.dailybot.com/blog/release-notes/,20200808175339,✨ Product Updates ✨,1028,news_pr_h,False,genre
dailybot.com,yc,devtools,,https://www.dailybot.com/blog-post/learn-about-follow-ups-templates,https://web.archive.org/web/20201029054902/https://www.dailybot.com/blog-post/learn-about-follow-ups-templates,20201029054902,Learn all you can do with Question Templates and Follow-Ups,553,,False,length
dailybot.com,yc,devtools,,https://www.dailybot.com/blog/introducing-daily-stand-up-meetings-for-hangouts/,https://web.archive.org/web/20200808173011/https://www.dailybot.com/blog/introducing-daily-stand-up-meetings-for-hangouts/,20200808173011,Introducing Daily Stand-Up Meetings for Hangouts,310,,False,length
dailybot.com,yc,devtools,,https://www.dailybot.com/blog/celebrate-wins-with-kudos/,https://web.archive.org/web/20200803091651/https://www.dailybot.com/blog/celebrate-wins-with-kudos/,20200803091651,Let's celebrate wins!,488,,False,length
dailybot.com,yc,devtools,0905de803b9b16e0,https://www.dailybot.com/blog-post/improving-team-mood,https://web.archive.org/web/20201028193224/https://www.dailybot.com/blog-post/improving-team-mood,20201028193224,Some ideas to improve your team mood,816,informational,True,
dailybot.com,yc,devtools,20021940fed00c6b,https://www.dailybot.com/blog-post/tips-for-recruiting-superstar-remote-talent-in-2021,https://web.archive.org/web/20210623062319/https://www.dailybot.com/blog-post/tips-for-recruiting-superstar-remote-talent-in-2021,20210623062319,Tips for recruiting superstar remote talent in 2021 | DailyBot's Blog,1119,informational,True,
dailybot.com,yc,devtools,9cf8e043b2a99efd,https://www.dailybot.com/blog-post/emotional-intelligence-in-the-workplace,https://web.archive.org/web/20210123141619/https://www.dailybot.com/blog-post/emotional-intelligence-in-the-workplace,20210123141619,Emotional Intelligence in the Workplace,943,informational,True,
dailybot.com,yc,devtools,,https://www.dailybot.com/blog/sprint-check-in/,https://web.archive.org/web/20200808182327/https://www.dailybot.com/blog/sprint-check-in/,20200808182327,,0,,False,fetch_or_extract
dailybot.com,yc,devtools,,https://www.dailybot.com/blog-post/very-unique-zoom-backgrounds-for-you,https://web.archive.org/web/20201028204853/https://www.dailybot.com/blog-post/very-unique-zoom-backgrounds-for-you,20201028204853,,0,,False,fetch_or_extract
dailybot.com,yc,devtools,,https://www.dailybot.com/blog-post/does-the-glass-ceiling-stand-a-chance-against-remote-work,https://web.archive.org/web/20201029045419/https://www.dailybot.com/blog-post/does-the-glass-ceiling-stand-a-chance-against-remote-work,20201029045419,,0,,False,fetch_or_extract
powerx.co,yc,other,,https://powerx.co/blogs/articles/how-can-universities-save-money,https://web.archive.org/web/20220521045823/https://powerx.co/blogs/articles/how-can-universities-save-money,20220521045823,,0,,False,fetch_or_extract
powerx.co,yc,other,,https://powerx.co/blogs/news/5-top-tips-to-save-energy-this-fall,https://web.archive.org/web/20210916205416/https://powerx.co/blogs/news/5-top-tips-to-save-energy-this-fall,20210916205416,,0,,False,fetch_or_extract
powerx.co,yc,other,,https://powerx.co/blogs/news/noticing-your-electricity-bills-are-higher-than-usual-you-re-not-alone,https://web.archive.org/web/20220304011836/https://powerx.co/blogs/news/noticing-your-electricity-bills-are-higher-than-usual-you-re-not-alone,20220304011836,,0,,False,fetch_or_extract
powerx.co,yc,other,,https://powerx.co/blogs/news/understanding-why-water-utilities-are-rising-across-the-u-s,https://web.archive.org/web/20210918003652/https://powerx.co/blogs/news/understanding-why-water-utilities-are-rising-across-the-u-s,20210918003652,,0,,False,fetch_or_extract
powerx.co,yc,other,,https://powerx.co/blogs/news/how-to-locate-your-main-water-shut-off-valve-quickly,https://web.archive.org/web/20220124155618/https://powerx.co/blogs/news/how-to-locate-your-main-water-shut-off-valve-quickly,20220124155618,,0,,False,fetch_or_extract
powerx.co,yc,other,,https://powerx.co/blogs/news/vampire-energy-the-demon-lurking-in-your-outlet,https://web.archive.org/web/20210720122821/https://powerx.co/blogs/news/vampire-energy-the-demon-lurking-in-your-outlet,20210720122821,,0,,False,fetch_or_extract
powerx.co,yc,other,,https://powerx.co/blogs/jobs/social-media-intership,https://web.archive.org/web/20210918012146/https://powerx.co/blogs/jobs/social-media-intership,20210918012146,,0,,False,fetch_or_extract
powerx.co,yc,other,,https://powerx.co/blogs/news/are-energy-efficient-appliances-worth-the-investment,https://web.archive.org/web/20211019125238/https://powerx.co/blogs/news/are-energy-efficient-appliances-worth-the-investment,20211019125238,,0,,False,fetch_or_extract
powerx.co,yc,other,,https://powerx.co/blogs/news/why-you-need-to-install-a-faucet-aerator-in-your-home,https://web.archive.org/web/20210918013021/https://powerx.co/blogs/news/why-you-need-to-install-a-faucet-aerator-in-your-home,20210918013021,,0,,False,fetch_or_extract
powerx.co,yc,other,,https://powerx.co/blogs/jobs/engineering-lead,https://web.archive.org/web/20211208012604/https://powerx.co/blogs/jobs/engineering-lead,20211208012604,,0,,False,fetch_or_extract
powerx.co,yc,other,,https://powerx.co/blogs/news/fix-and-insulate-drafty-energy-sucking-windows,https://web.archive.org/web/20211104210539/https://powerx.co/blogs/news/fix-and-insulate-drafty-energy-sucking-windows,20211104210539,,0,,False,fetch_or_extract
powerx.co,yc,other,,https://powerx.co/blogs/news/electrical-service-panel-basics-homeowners-should-know,https://web.archive.org/web/20220325200839/https://powerx.co/blogs/news/electrical-service-panel-basics-homeowners-should-know,20220325200839,,0,,False,fetch_or_extract
powerx.co,yc,other,,https://powerx.co/blogs/news/why-do-i-have-two-electrical-subpanels-and-what-do-they-do,https://web.archive.org/web/20220521055642/https://powerx.co/blogs/news/why-do-i-have-two-electrical-subpanels-and-what-do-they-do,20220521055642,,0,,False,fetch_or_extract
powerx.co,yc,other,,https://powerx.co/blogs/news/five-appliances-around-your-home-most-likely-to-cause-a-water-leak,https://web.archive.org/web/20210918015314/https://powerx.co/blogs/news/five-appliances-around-your-home-most-likely-to-cause-a-water-leak,20210918015314,,0,,False,fetch_or_extract
powerx.co,yc,other,,https://powerx.co/blogs/news/8-tips-for-saving-on-summer-bills,https://web.archive.org/web/20220613015039/https://powerx.co/blogs/news/8-tips-for-saving-on-summer-bills,20220613015039,,0,,False,fetch_or_extract
pulse.qa,yc,ecommerce,,https://blog.pulse.qa/2019/10/18/straight-talk-with-tim-campos-former-cio-at-facebook/,https://web.archive.org/web/20200927080551/https://blog.pulse.qa/2019/10/18/straight-talk-with-tim-campos-former-cio-at-facebook/,20200927080551,,0,,False,fetch_or_extract
pulse.qa,yc,ecommerce,,https://blog.pulse.qa/2019/10/21/cio-vs-cto-how-do-you-divide-the-responsibilities/,https://web.archive.org/web/20200927065538/https://blog.pulse.qa/2019/10/21/cio-vs-cto-how-do-you-divide-the-responsibilities/,20200927065538,,0,,False,fetch_or_extract
pulse.qa,yc,ecommerce,,https://blog.pulse.qa/2019/12/02/connecting-technology-to-people/,https://web.archive.org/web/20191215085225/https://blog.pulse.qa/2019/12/02/connecting-technology-to-people/,20191215085225,,0,,False,fetch_or_extract
pulse.qa,yc,ecommerce,,https://blog.pulse.qa/2020/04/01/mindfulness-in-it-ama-with-will-larson/,https://web.archive.org/web/20200806131336/https://blog.pulse.qa/2020/04/01/mindfulness-in-it-ama-with-will-larson/,20200806131336,,0,,False,fetch_or_extract
pulse.qa,yc,ecommerce,,https://blog.pulse.qa/2019/11/21/wondolowski-cybersecurity/,https://web.archive.org/web/20191215085101/https://blog.pulse.qa/2019/11/21/wondolowski-cybersecurity/,20191215085101,,0,,False,fetch_or_extract
pulse.qa,yc,ecommerce,,https://blog.pulse.qa/2020/02/03/the-5-essentials-with-chirag-boonlia/,https://web.archive.org/web/20201128015825/https://blog.pulse.qa/2020/02/03/the-5-essentials-with-chirag-boonlia/,20201128015825,,0,,False,fetch_or_extract
pulse.qa,yc,ecommerce,,https://blog.pulse.qa/2019/11/15/technologys-duty-in-the-public-sector/,https://web.archive.org/web/20191215085209/https://blog.pulse.qa/2019/11/15/technologys-duty-in-the-public-sector/,20191215085209,,0,,False,fetch_or_extract
pulse.qa,yc,ecommerce,,https://blog.pulse.qa/2020/01/24/going-electric-in-india-ask-me-anything-with-sudhindra-reddy/,https://web.archive.org/web/20200927074841/https://blog.pulse.qa/2020/01/24/going-electric-in-india-ask-me-anything-with-sudhindra-reddy/,20200927074841,,0,,False,fetch_or_extract
pulse.qa,yc,ecommerce,,https://blog.pulse.qa/2019/10/18/how-to-be-a-cio-of-not-one-but-two-fortune-500-companies/,https://web.archive.org/web/20200927055516/https://blog.pulse.qa/2019/10/18/how-to-be-a-cio-of-not-one-but-two-fortune-500-companies/,20200927055516,,0,,False,fetch_or_extract
pulse.qa,yc,ecommerce,,https://blog.pulse.qa/2019/10/18/technologist-taking-on-utility-giants-in-the-wild-wild-west/,https://web.archive.org/web/20200927073825/https://blog.pulse.qa/2019/10/18/technologist-taking-on-utility-giants-in-the-wild-wild-west/,20200927073825,,0,,False,fetch_or_extract
pulse.qa,yc,ecommerce,,https://blog.pulse.qa/2020/03/20/the-first-days-of-covid-19-how-did-executives-respond/,https://web.archive.org/web/20200927072114/https://blog.pulse.qa/2020/03/20/the-first-days-of-covid-19-how-did-executives-respond/,20200927072114,,0,,False,fetch_or_extract
pulse.qa,yc,ecommerce,,https://blog.pulse.qa/2019/11/11/speaking-the-boards-language/,https://web.archive.org/web/20200927062735/https://blog.pulse.qa/2019/11/11/speaking-the-boards-language/,20200927062735,,0,,False,fetch_or_extract
pulse.qa,yc,ecommerce,,https://blog.pulse.qa/2019/10/21/cmos-as-agents-for-change/,https://web.archive.org/web/20200927074055/https://blog.pulse.qa/2019/10/21/cmos-as-agents-for-change/,20200927074055,,0,,False,fetch_or_extract
pulse.qa,yc,ecommerce,,https://blog.pulse.qa/2020/03/31/the-future-role-of-the-cio/,https://web.archive.org/web/20200806134156/https://blog.pulse.qa/2020/03/31/the-future-role-of-the-cio/,20200806134156,,0,,False,fetch_or_extract
pulse.qa,yc,ecommerce,,https://blog.pulse.qa/2019/11/06/customizing-customer-experience-tech-business-loreals/,https://web.archive.org/web/20200806134104/https://blog.pulse.qa/2019/11/06/customizing-customer-experience-tech-business-loreals/,20200806134104,,0,,False,fetch_or_extract
secondmeasure.com,yc,fintech,2cafa0df1ca8278f,http://blog.secondmeasure.com:80/2018/01/22/from-avis-to-zipcar/,https://web.archive.org/web/20180206051333/http://blog.secondmeasure.com:80/2018/01/22/from-avis-to-zipcar/,20180206051333,From Avis to Zipcar: what’s driving change in how we get around,1186,informational,True,
secondmeasure.com,yc,fintech,,http://blog.secondmeasure.com:80/2018/02/14/love-at-first-sight-with-tinder-and-bumble/,https://web.archive.org/web/20180226042007/http://blog.secondmeasure.com:80/2018/02/14/love-at-first-sight-with-tinder-and-bumble/,20180226042007,,0,,False,fetch_or_extract
secondmeasure.com,yc,fintech,,https://blog.secondmeasure.com/datapoints/why-stitch-fix-isnt-like-blue-apron/,https://web.archive.org/web/20190615233453/https://blog.secondmeasure.com/datapoints/why-stitch-fix-isnt-like-blue-apron/,20190615233453,,0,,False,fetch_or_extract
secondmeasure.com,yc,fintech,,http://blog.secondmeasure.com:80/cdn-cgi/l/email-protection,https://web.archive.org/web/20150807155829/http://blog.secondmeasure.com:80/cdn-cgi/l/email-protection,20150807155829,,0,,False,fetch_or_extract
secondmeasure.com,yc,fintech,,http://blog.secondmeasure.com/2018/03/23/moviepass-ushers-in-surge-of-theater-sales/,https://web.archive.org/web/20180328213115/http://blog.secondmeasure.com/2018/03/23/moviepass-ushers-in-surge-of-theater-sales/,20180328213115,,0,,False,fetch_or_extract
secondmeasure.com,yc,fintech,,https://blog.secondmeasure.com/2018/12/17/rideshare-industry-overview/,https://web.archive.org/web/20190119095916/https://blog.secondmeasure.com/2018/12/17/rideshare-industry-overview/,20190119095916,,0,,False,fetch_or_extract
secondmeasure.com,yc,fintech,,http://blog.secondmeasure.com:80/2017/11/16/one-year-after-election-trump-bump-subscribers-still-with-the-new-york-times/,https://web.archive.org/web/20171124051733/http://blog.secondmeasure.com:80/2017/11/16/one-year-after-election-trump-bump-subscribers-still-with-the-new-york-times/,20171124051733,,0,,False,fetch_or_extract
secondmeasure.com,yc,fintech,,http://blog.secondmeasure.com:80/2015/06/23/nothing-hairy-about-dollar-shave-clubs-growth/,https://web.archive.org/web/20150807003753/http://blog.secondmeasure.com:80/2015/06/23/nothing-hairy-about-dollar-shave-clubs-growth/,20150807003753,,0,,False,fetch_or_extract
secondmeasure.com,yc,fintech,,http://blog.secondmeasure.com:80/2017/11/02/ubers-not-as-bad-off-as-you-think/,https://web.archive.org/web/20171105234416/http://blog.secondmeasure.com:80/2017/11/02/ubers-not-as-bad-off-as-you-think/,20171105234416,,0,,False,fetch_or_extract
secondmeasure.com,yc,fintech,,https://blog.secondmeasure.com/datapoints/fashion-retailers-have-nothing-to-fear-yet-from-the-rise-of-stitch-fix/,https://web.archive.org/web/20190923010924/https://blog.secondmeasure.com/datapoints/fashion-retailers-have-nothing-to-fear-yet-from-the-rise-of-stitch-fix/,20190923010924,,0,,False,fetch_or_extract
secondmeasure.com,yc,fintech,,http://blog.secondmeasure.com:80/2017/11/22/rei-holiday-sales-climb-despite-black-friday-closure/,https://web.archive.org/web/20171126075150/http://blog.secondmeasure.com:80/2017/11/22/rei-holiday-sales-climb-despite-black-friday-closure/,20171126075150,,0,,False,fetch_or_extract
secondmeasure.com,yc,fintech,,https://blog.secondmeasure.com/datapoints/is-amazon-primed-to-outsell-walmart-this-holiday-season/,https://web.archive.org/web/20190923004637/https://blog.secondmeasure.com/datapoints/is-amazon-primed-to-outsell-walmart-this-holiday-season/,20190923004637,,0,,False,fetch_or_extract
secondmeasure.com,yc,fintech,,https://blog.secondmeasure.com/datapoints/prime-members-deliver-for-amazon-every-day/,https://web.archive.org/web/20190923002400/https://blog.secondmeasure.com/datapoints/prime-members-deliver-for-amazon-every-day/,20190923002400,,0,,False,fetch_or_extract
secondmeasure.com,yc,fintech,,https://blog.secondmeasure.com/2018/10/17/rideshare-industry-overview/,https://web.archive.org/web/20181215024607/https://blog.secondmeasure.com/2018/10/17/rideshare-industry-overview/,20181215024607,,0,,False,fetch_or_extract
secondmeasure.com,yc,fintech,,http://blog.secondmeasure.com:80/2015/11/14/lasting-impact-of-adobes-move-to-subscriptions/,https://web.archive.org/web/20160501231924/http://blog.secondmeasure.com:80/2015/11/14/lasting-impact-of-adobes-move-to-subscriptions/,20160501231924,,0,,False,fetch_or_extract
gimbooks.com,yc,fintech,f43079be71f1ebb8,https://www.gimbooks.com/blog/difference-between-proforma-invoice-and-invoice/,https://web.archive.org/web/20220519042732/https://www.gimbooks.com/blog/difference-between-proforma-invoice-and-invoice/,20220519042732,Difference Between Proforma Invoice And Invoice,707,informational,True,
gimbooks.com,yc,fintech,,https://gimbooks.com/blog/how-to-get-a-first-time-business-loan/,https://web.archive.org/web/20210730020208/https://gimbooks.com/blog/how-to-get-a-first-time-business-loan/,20210730020208,How to get a first time business loan,581,,False,length
gimbooks.com,yc,fintech,,https://gimbooks.com/blog/how-to-make-gst-e-invoicing-effortless-gimbooks/,https://web.archive.org/web/20210616171812/https://gimbooks.com/blog/how-to-make-gst-e-invoicing-effortless-gimbooks/,20210616171812,How to make GST e-invoicing effortless - GimBooks,420,,False,length
gimbooks.com,yc,fintech,f0759c70ae627acf,https://www.gimbooks.com/blog/e-invoicing-solution-to-help-small-businesses-manage-invoices-under-gst/,https://web.archive.org/web/20210423071501/https://www.gimbooks.com/blog/e-invoicing-solution-to-help-small-businesses-manage-invoices-under-gst/,20210423071501,E-invoicing solution to help small businesses manage invoices under GST,637,informational,True,
gimbooks.com,yc,fintech,4ba28754856018e2,https://www.gimbooks.com/blog/the-only-invoice-manager-app-you-will-ever-need/,https://web.archive.org/web/20210423074328/https://www.gimbooks.com/blog/the-only-invoice-manager-app-you-will-ever-need/,20210423074328,The Only E-Invoice Manager App You Will Ever Need - GimBooks,748,informational,True,
gimbooks.com,yc,fintech,,https://www.gimbooks.com/blog/inventory-control-types-and-methods-you-should-know/,https://web.archive.org/web/20220519052642/https://www.gimbooks.com/blog/inventory-control-types-and-methods-you-should-know/,20220519052642,"Inventory Control: Types, Functions And Methods You Should Know",3174,,False,length
gimbooks.com,yc,fintech,e1021241744fb603,https://www.gimbooks.com/blog/impact-of-e-invoicing-in-gst-return-filing/,https://web.archive.org/web/20210423075841/https://www.gimbooks.com/blog/impact-of-e-invoicing-in-gst-return-filing/,20210423075841,Impact Of E-invoicing In GST Return Filing,644,informational,True,
gimbooks.com,yc,fintech,e224c113a3a0f1b4,https://gimbooks.com/blog/what-is-an-e-way-bill/,https://web.archive.org/web/20210510192918/https://gimbooks.com/blog/what-is-an-e-way-bill/,20210510192918,"What is E-way Bill under GST? Format, Generation of E-way Bill",604,informational,True,
gimbooks.com,yc,fintech,6c63ba513c314812,https://gimbooks.com/blog/checklist-to-keep-in-mind-before-applying-for-personal-loans-gimbooks/,https://web.archive.org/web/20210616170049/https://gimbooks.com/blog/checklist-to-keep-in-mind-before-applying-for-personal-loans-gimbooks/,20210616170049,Checklist to keep in mind before applying for Personal Loans- GimBooks,611,informational,True,
gimbooks.com,yc,fintech,5e843b8bc3c7ceed,https://www.gimbooks.com/blog/difference-between-bookkeeping-and-accounting/,https://web.archive.org/web/20220519043043/https://www.gimbooks.com/blog/difference-between-bookkeeping-and-accounting/,20220519043043,Difference Between Bookkeeping And Accounting,2273,informational,True,
gimbooks.com,yc,fintech,,https://www.gimbooks.com/blog/how-does-the-gst-e-invoice-system-work/,https://web.archive.org/web/20210614030627/https://www.gimbooks.com/blog/how-does-the-gst-e-invoice-system-work/,20210614030627,GimBooks,85,,False,length
gimbooks.com,yc,fintech,,https://gimbooks.com/blog/5-best-and-fast-small-business-loan/,https://web.archive.org/web/20210922042431/https://gimbooks.com/blog/5-best-and-fast-small-business-loan/,20210922042431,5 Best and Fast Small Business Loan,555,,False,length
gimbooks.com,yc,fintech,,https://gimbooks.com/blog/best-e-invoicing-software-and-the-reasons-to-use-cloud-based-e-invoicing-software/,https://web.archive.org/web/20210729234742/https://gimbooks.com/blog/best-e-invoicing-software-and-the-reasons-to-use-cloud-based-e-invoicing-software/,20210729234742,Best E-invoicing Software and the reasons to use Cloud Based E-invoicing Software,368,,False,length
gimbooks.com,yc,fintech,,https://gimbooks.com/blog/why-service-industries-need-an-erp-software-solution/,https://web.archive.org/web/20210922054122/https://gimbooks.com/blog/why-service-industries-need-an-erp-software-solution/,20210922054122,Why Service Industries need an ERP Software Solution?,513,,False,length
gimbooks.com,yc,fintech,d391d76e3419f788,https://www.gimbooks.com/blog/most-profitable-business-in-rural-area-in-india/,https://web.archive.org/web/20220519043232/https://www.gimbooks.com/blog/most-profitable-business-in-rural-area-in-india/,20220519043232,"Most Profitable Business in Rural Areas, Villages, Small Towns in India",1962,informational,True,
alinea-invest.com,yc,fintech,f8d3cfd4272334af,https://www.alinea-invest.com/blog/the-5-best-investing-books-for-beginners,https://web.archive.org/web/20220928154054/https://www.alinea-invest.com/blog/the-5-best-investing-books-for-beginners,20220928154054,The 5 Best Investing Books for Beginners | Alinea Invest: Social Investing App for GenZ,655,informational,True,
alinea-invest.com,yc,fintech,,https://www.alinea-invest.com/blog/top-4-best-crypto-investing-apps-reddit-recommends,https://web.archive.org/web/20220928152026/https://www.alinea-invest.com/blog/top-4-best-crypto-investing-apps-reddit-recommends,20220928152026,Top 4 Best Crypto Investing Apps Reddit Recommends | Alinea Invest: Social Investing App for GenZ,543,,False,length
alinea-invest.com,yc,fintech,,https://www.alinea-invest.com/blog/what-is-compounding-in-stocks-how-compound-interest-works,https://web.archive.org/web/20220928152204/https://www.alinea-invest.com/blog/what-is-compounding-in-stocks-how-compound-interest-works,20220928152204,What Is Compounding in Stocks? How Compound Interest Works? | Alinea Invest: Social Investing App for GenZ,536,,False,length
alinea-invest.com,yc,fintech,785366cf9d33f3dd,https://www.alinea-invest.com/blog/which-etf-does-warren-buffett-recommend-our-breakdown,https://web.archive.org/web/20220706010739/https://www.alinea-invest.com/blog/which-etf-does-warren-buffett-recommend-our-breakdown,20220706010739,Which ETF Does Warren Buffett Recommend: Our Breakdown- Alinea Blog,723,informational,True,
alinea-invest.com,yc,fintech,,https://www.alinea-invest.com/blog/two-women-led-fintechs-partner-to-bring-informed-investing-for-next-generation-of-investors,https://web.archive.org/web/20220706004358/https://www.alinea-invest.com/blog/two-women-led-fintechs-partner-to-bring-informed-investing-for-next-generation-of-investors,20220706004358,TWO WOMEN LED FINTECH’S PARTNER TO BRING INFORMED INVESTING FOR NEXT GENERATION OF INVESTORS- Alinea Blog,301,,False,length
alinea-invest.com,yc,fintech,,https://www.alinea-invest.com/blog/are-etfs-safe-yes-here-are-our-top-5-reasons,https://web.archive.org/web/20220520174056/https://www.alinea-invest.com/blog/are-etfs-safe-yes-here-are-our-top-5-reasons,20220520174056,,0,,False,fetch_or_extract
alinea-invest.com,yc,fintech,,https://www.alinea-invest.com/blog/top-10-chainlink-reddit-posts-every-crypto-follower-should-read,https://web.archive.org/web/20220706014553/https://www.alinea-invest.com/blog/top-10-chainlink-reddit-posts-every-crypto-follower-should-read,20220706014553,,0,,False,fetch_or_extract
alinea-invest.com,yc,fintech,,https://www.alinea-invest.com/blog/grifin-stock-app-review-is-it-worth-it,https://web.archive.org/web/20220706011653/https://www.alinea-invest.com/blog/grifin-stock-app-review-is-it-worth-it,20220706011653,,0,,False,fetch_or_extract
alinea-invest.com,yc,fintech,,https://www.alinea-invest.com/blog/what-is-financial-freedom,https://web.archive.org/web/20220706012500/https://www.alinea-invest.com/blog/what-is-financial-freedom,20220706012500,,0,,False,fetch_or_extract
alinea-invest.com,yc,fintech,,https://www.alinea-invest.com/blog/to-act-or-not-to-act-how-to-think-about-investing-during-a-recession,https://web.archive.org/web/20220711190300/https://www.alinea-invest.com/blog/to-act-or-not-to-act-how-to-think-about-investing-during-a-recession,20220711190300,,0,,False,fetch_or_extract
alinea-invest.com,yc,fintech,,https://www.alinea-invest.com/blog/meta-playlist-top-metaverse-stocks-etfs-in-2022,https://web.archive.org/web/20220503204040/https://www.alinea-invest.com/blog/meta-playlist-top-metaverse-stocks-etfs-in-2022,20220503204040,,0,,False,fetch_or_extract
alinea-invest.com,yc,fintech,,https://www.alinea-invest.com/blog/how-to-start-an-etf-with-alinea,https://web.archive.org/web/20220624001949/https://www.alinea-invest.com/blog/how-to-start-an-etf-with-alinea,20220624001949,,0,,False,fetch_or_extract
alinea-invest.com,yc,fintech,,https://www.alinea-invest.com/blog/genz-investing-report-q2-2022-by-alinea-team,https://web.archive.org/web/20220928163321/https://www.alinea-invest.com/blog/genz-investing-report-q2-2022-by-alinea-team,20220928163321,,0,,False,fetch_or_extract
alinea-invest.com,yc,fintech,,https://www.alinea-invest.com/blog/7-best-investment-apps-right-now-our-top-picks-for-july-2022,https://web.archive.org/web/20220816151638/https://www.alinea-invest.com/blog/7-best-investment-apps-right-now-our-top-picks-for-july-2022,20220816151638,,0,,False,fetch_or_extract
alinea-invest.com,yc,fintech,,https://www.alinea-invest.com/blog/day-trader-vs-holder-day-trading-risks-of-investing,https://web.archive.org/web/20220928160106/https://www.alinea-invest.com/blog/day-trader-vs-holder-day-trading-risks-of-investing,20220928160106,,0,,False,fetch_or_extract
joinfightcamp.com,yc,ecommerce,9495949b9ae26415,https://joinfightcamp.com/blog/home-boxing-equipment/how-to-choose-the-right-punching-bag-for-your-workout,https://web.archive.org/web/20201026150043/https://joinfightcamp.com/blog/home-boxing-equipment/how-to-choose-the-right-punching-bag-for-your-workout,20201026150043,How to Choose the Right Punching Bag for Your Workout,1320,informational,True,
joinfightcamp.com,yc,ecommerce,,https://joinfightcamp.com/blog/home-boxing-equipment/step-by-step-how-to-fill-your-heavy-bag-base,https://web.archive.org/web/20210415181341/https://joinfightcamp.com/blog/home-boxing-equipment/step-by-step-how-to-fill-your-heavy-bag-base,20210415181341,,0,,False,fetch_or_extract
joinfightcamp.com,yc,ecommerce,,https://joinfightcamp.com/blog/news/how-to-use-at-home-workouts-to-supplement-your-gym-or-studio-time,https://web.archive.org/web/20201126061337/https://joinfightcamp.com/blog/news/how-to-use-at-home-workouts-to-supplement-your-gym-or-studio-time,20201126061337,,0,,False,fetch_or_extract
joinfightcamp.com,yc,ecommerce,,http://joinfightcamp.com/blog/home-boxing-equipment/what-is-a-speed-bag-in-boxing,https://web.archive.org/web/20210127194325/http://joinfightcamp.com/blog/home-boxing-equipment/what-is-a-speed-bag-in-boxing,20210127194325,,0,,False,fetch_or_extract
joinfightcamp.com,yc,ecommerce,,https://joinfightcamp.com/blog/news/welcome-to-the-all-new-fightcamp,https://web.archive.org/web/20201126071545/https://joinfightcamp.com/blog/news/welcome-to-the-all-new-fightcamp,20201126071545,,0,,False,fetch_or_extract
joinfightcamp.com,yc,ecommerce,,http://joinfightcamp.com/blog/news/how-to-use-traditional-wraps-with-fightcamp,https://web.archive.org/web/20200922011018/http://joinfightcamp.com/blog/news/how-to-use-traditional-wraps-with-fightcamp,20200922011018,,0,,False,fetch_or_extract
joinfightcamp.com,yc,ecommerce,,http://joinfightcamp.com/blog/news/challenge-yourself-training-partners-with-fightcamps-vs-mode,https://web.archive.org/web/20201026145440/http://joinfightcamp.com/blog/news/challenge-yourself-training-partners-with-fightcamps-vs-mode,20201026145440,,0,,False,fetch_or_extract
joinfightcamp.com,yc,ecommerce,,http://joinfightcamp.com/blog/boxing-training/how-to-use-a-jab-in-boxing,https://web.archive.org/web/20201202102428/http://joinfightcamp.com/blog/boxing-training/how-to-use-a-jab-in-boxing,20201202102428,,0,,False,fetch_or_extract
joinfightcamp.com,yc,ecommerce,,http://joinfightcamp.com/blog/boxing-workouts-drills/3-glute-strengthening-exercises-for-boxing-no-equipment-needed,https://web.archive.org/web/20210127204624/http://joinfightcamp.com/blog/boxing-workouts-drills/3-glute-strengthening-exercises-for-boxing-no-equipment-needed,20210127204624,,0,,False,fetch_or_extract
joinfightcamp.com,yc,ecommerce,,http://joinfightcamp.com/blog/boxing-training/6-tips-to-throw-the-perfect-jab,https://web.archive.org/web/20201202095131/http://joinfightcamp.com/blog/boxing-training/6-tips-to-throw-the-perfect-jab,20201202095131,,0,,False,fetch_or_extract
joinfightcamp.com,yc,ecommerce,,https://joinfightcamp.com/blog/news/how-i-hacked-my-way-back-into-shape,https://web.archive.org/web/20201126064653/https://joinfightcamp.com/blog/news/how-i-hacked-my-way-back-into-shape,20201126064653,,0,,False,fetch_or_extract
joinfightcamp.com,yc,ecommerce,,http://joinfightcamp.com/blog/boxing-training/the-3-types-of-kicks-in-kickboxing,https://web.archive.org/web/20201202100529/http://joinfightcamp.com/blog/boxing-training/the-3-types-of-kicks-in-kickboxing,20201202100529,,0,,False,fetch_or_extract
joinfightcamp.com,yc,ecommerce,,https://joinfightcamp.com/blog/home-boxing-equipment/step-by-step-how-to-set-up-your-fightcamp-exercise-mat,https://web.archive.org/web/20210415171055/https://joinfightcamp.com/blog/home-boxing-equipment/step-by-step-how-to-set-up-your-fightcamp-exercise-mat,20210415171055,,0,,False,fetch_or_extract
joinfightcamp.com,yc,ecommerce,,https://joinfightcamp.com/blog/news/production-that-packs-a-punch-fightcamp,https://web.archive.org/web/20201205020009/https://joinfightcamp.com/blog/news/production-that-packs-a-punch-fightcamp,20201205020009,,0,,False,fetch_or_extract
joinfightcamp.com,yc,ecommerce,,http://joinfightcamp.com/blog/boxing-training/best-boxing-diet-plan-for-the-new-year,https://web.archive.org/web/20210127204725/http://joinfightcamp.com/blog/boxing-training/best-boxing-diet-plan-for-the-new-year,20210127204725,,0,,False,fetch_or_extract
datree.io,yc,devtools,,https://www.datree.io/resources/git-push-force,https://web.archive.org/web/20200921002425/https://www.datree.io/resources/git-push-force,20200921002425,,0,,False,fetch_or_extract
datree.io,yc,devtools,,https://www.datree.io/resources/git-undo-merge,https://web.archive.org/web/20200921002245/https://www.datree.io/resources/git-undo-merge,20200921002245,,0,,False,fetch_or_extract
datree.io,yc,devtools,,https://www.datree.io/resources/kubernetes-error-codes-container-not-found,https://web.archive.org/web/20220225122104/https://www.datree.io/resources/kubernetes-error-codes-container-not-found,20220225122104,,0,,False,fetch_or_extract
datree.io,yc,devtools,,https://datree.io/resources/kubernetes-error-codes-must-specify-a-volume-type,https://web.archive.org/web/20220516093850/https://datree.io/resources/kubernetes-error-codes-must-specify-a-volume-type,20220516093850,,0,,False,fetch_or_extract
datree.io,yc,devtools,,https://www.datree.io/resources/git-commit-message,https://web.archive.org/web/20191020142739/https://www.datree.io/resources/git-commit-message,20191020142739,,0,,False,fetch_or_extract
datree.io,yc,devtools,,https://www.datree.io/resources/git-bisect-debugging-with-git,https://web.archive.org/web/20200920032008/https://www.datree.io/resources/git-bisect-debugging-with-git,20200920032008,,0,,False,fetch_or_extract
datree.io,yc,devtools,,https://www.datree.io/resources/a-kubernetes-guide-for-labels-and-selectors,https://web.archive.org/web/20210802015713/https://www.datree.io/resources/a-kubernetes-guide-for-labels-and-selectors,20210802015713,,0,,False,fetch_or_extract
datree.io,yc,devtools,,https://www.datree.io/resources/node-js-frameworks-packages,https://web.archive.org/web/20191020134458/https://www.datree.io/resources/node-js-frameworks-packages,20191020134458,,0,,False,fetch_or_extract
datree.io,yc,devtools,,https://www.datree.io/resources/how-many-parsers-does-one-team-need,https://web.archive.org/web/20191112213606/https://www.datree.io/resources/how-many-parsers-does-one-team-need,20191112213606,,0,,False,fetch_or_extract
datree.io,yc,devtools,,https://www.datree.io/resources/open-source-license-compliance-scan,https://web.archive.org/web/20200814180010/https://www.datree.io/resources/open-source-license-compliance-scan,20200814180010,,0,,False,fetch_or_extract
datree.io,yc,devtools,,https://www.datree.io/resources/devops-containers-kubernetes,https://web.archive.org/web/20191020134512/https://www.datree.io/resources/devops-containers-kubernetes,20191020134512,,0,,False,fetch_or_extract
datree.io,yc,devtools,,https://www.datree.io/resources/kubernetes-error-codes-container-name-must-be-specified,https://web.archive.org/web/20220521175306/https://www.datree.io/resources/kubernetes-error-codes-container-name-must-be-specified,20220521175306,,0,,False,fetch_or_extract
datree.io,yc,devtools,,https://www.datree.io/resources/git-force-pull,https://web.archive.org/web/20200921010522/https://www.datree.io/resources/git-force-pull,20200921010522,,0,,False,fetch_or_extract
datree.io,yc,devtools,,https://www.datree.io/resources/kubernetes-error-codes-selector-does-not-match-template-labels,https://web.archive.org/web/20220521175618/https://www.datree.io/resources/kubernetes-error-codes-selector-does-not-match-template-labels,20220521175618,,0,,False,fetch_or_extract
datree.io,yc,devtools,,https://www.datree.io/resources/serverless-best-practices,https://web.archive.org/web/20191018231627/https://www.datree.io/resources/serverless-best-practices,20191018231627,,0,,False,fetch_or_extract
lofty.ai,yc,fintech,a4a375edf72b3678,https://www.lofty.ai/blog/condo-vs-townhouse,https://web.archive.org/web/20200813203452/https://www.lofty.ai/blog/condo-vs-townhouse,20200813203452,Condo vs. Townhouse: Which is a Better Investment?,753,informational,True,
lofty.ai,yc,fintech,5bc1daa291eca269,https://www.lofty.ai/blog/real-estate-investing-101-for-beginners,https://web.archive.org/web/20200813203530/https://www.lofty.ai/blog/real-estate-investing-101-for-beginners,20200813203530,Real estate investing 101: Tips for Beginners,1952,informational,True,
lofty.ai,yc,fintech,,https://www.lofty.ai/blog/lofty-is-bridging-defi-and-tradfi,https://web.archive.org/web/20220805191426/https://www.lofty.ai/blog/lofty-is-bridging-defi-and-tradfi,20220805191426,Lofty is Bridging DeFi and TradFi | Lofty | Real Estate Blog,9,,False,length
lofty.ai,yc,fintech,7b337eb4f8b2fd63,https://www.lofty.ai/blog/why-form-a-real-estate-llc,https://web.archive.org/web/20210414190232/https://www.lofty.ai/blog/why-form-a-real-estate-llc,20210414190232,Why Form a Real Estate LLC?,614,informational,True,
lofty.ai,yc,fintech,f0879ceedf56ef25,https://www.lofty.ai/blog/buying-a-duplex-for-sale,https://web.archive.org/web/20200813194330/https://www.lofty.ai/blog/buying-a-duplex-for-sale,20200813194330,6 Reasons Why You Should Buy a Duplex for Sale,759,informational,True,
lofty.ai,yc,fintech,3d45d59743a96998,https://www.lofty.ai/blog/assigning-real-estate-contracts,https://web.archive.org/web/20200813193448/https://www.lofty.ai/blog/assigning-real-estate-contracts,20200813193448,Contract Assignment 101: Tips for Wholesaling Real Estate,2012,informational,True,
lofty.ai,yc,fintech,aeb18ed40de6d6f0,https://www.lofty.ai/blog/what-is-real-estate-tokenization-defi,https://web.archive.org/web/20210722154820/https://www.lofty.ai/blog/what-is-real-estate-tokenization-defi,20210722154820,What is Real Estate Tokenization?,637,informational,True,
lofty.ai,yc,fintech,,https://www.lofty.ai/blog/introducing-the-lofty-vip-program,https://web.archive.org/web/20220305153346/https://www.lofty.ai/blog/introducing-the-lofty-vip-program,20220305153346,Buy Tokenized Real Estate | Lofty AI Investing App,9,,False,length
lofty.ai,yc,fintech,,https://www.lofty.ai/blog/buy-best-fractional-income-rental-real-estate-market-investment-property-with-crypto-and-top-tokenized-cheap-single-sfr-multi-family-mixed-use-homes-condos-for-sale-near-me-in-chesterfield-mo,https://web.archive.org/web/20220525025656/https://www.lofty.ai/blog/buy-best-fractional-income-rental-real-estate-market-investment-property-with-crypto-and-top-tokenized-cheap-single-sfr-multi-family-mixed-use-homes-condos-for-sale-near-me-in-chesterfield-mo,20220525025656,Buy Tokenized Real Estate | Lofty AI Investing App,9,,False,length
lofty.ai,yc,fintech,17dac084ea1d668e,https://www.lofty.ai/blog/what-is-a-good-cap-rate-rental-properties,https://web.archive.org/web/20200813191953/https://www.lofty.ai/blog/what-is-a-good-cap-rate-rental-properties,20200813191953,What is a Good Cap Rate for Rental Properties?,1286,informational,True,
lofty.ai,yc,fintech,804d27d5e003925e,https://www.lofty.ai/blog/buying-a-condo-for-investment,https://web.archive.org/web/20200813201041/https://www.lofty.ai/blog/buying-a-condo-for-investment,20200813201041,What Investors Need to Know About Buying a Condo for Investment,1016,informational,True,
lofty.ai,yc,fintech,,https://www.lofty.ai/blog/buy-top-fractional-income-rental-real-estate-market-investment-property-with-crypto-and-top-tokenized-cheap-single-sfr-multi-family-mixed-use-homes-condos-for-sale-near-me-in-elgin-il,https://web.archive.org/web/20220525025151/https://www.lofty.ai/blog/buy-top-fractional-income-rental-real-estate-market-investment-property-with-crypto-and-top-tokenized-cheap-single-sfr-multi-family-mixed-use-homes-condos-for-sale-near-me-in-elgin-il,20220525025151,Buy Tokenized Real Estate | Lofty AI Investing App,9,,False,length
lofty.ai,yc,fintech,9bb07826a8662cc4,https://www.lofty.ai/blog/how-we-use-data-to-predict-appreciation,https://web.archive.org/web/20201001043642/https://www.lofty.ai/blog/how-we-use-data-to-predict-appreciation,20201001043642,How we Use Data to Predict Property Appreciation,2067,informational,True,
lofty.ai,yc,fintech,,https://www.lofty.ai/blog/buy-best-fractional-income-rental-real-estate-market-investment-property-with-crypto-and-top-tokenized-cheap-single-sfr-multi-family-mixed-use-homes-condos-for-sale-near-me-in-lorain-oh,https://web.archive.org/web/20220526154851/https://www.lofty.ai/blog/buy-best-fractional-income-rental-real-estate-market-investment-property-with-crypto-and-top-tokenized-cheap-single-sfr-multi-family-mixed-use-homes-condos-for-sale-near-me-in-lorain-oh,20220526154851,Buy Tokenized Real Estate | Lofty AI Investing App,9,,False,length
lofty.ai,yc,fintech,f10e4daf90048a50,https://www.lofty.ai/blog/property-valuation-methods-real-estate-investors,https://web.archive.org/web/20200813203757/https://www.lofty.ai/blog/property-valuation-methods-real-estate-investors,20200813203757,4 Property Valuation Methods for Real Estate Investors,1293,informational,True,
trycelery.com,yc,ecommerce,5361c28798cf7361,http://blog.trycelery.com:80/coolest-cooler-6-lessons/,https://web.archive.org/web/20150207194447/http://blog.trycelery.com:80/coolest-cooler-6-lessons/,20150207194447,6 Supreme Lessons 'The Coolest' Cooler Can Teach You,1036,informational,True,
trycelery.com,yc,ecommerce,d00a601ec4f052ab,http://blog.trycelery.com:80/part-1-step-by-step-guide-to-marketing-your-crowdfund-optimizing-landing-pages/,https://web.archive.org/web/20150822184948/http://blog.trycelery.com:80/part-1-step-by-step-guide-to-marketing-your-crowdfund-optimizing-landing-pages/,20150822184948,Step-by-Step Guide to Marketing Your Crowdfund. Part 1: Optimizing Landing Pages,1178,informational,True,
trycelery.com,yc,ecommerce,e4949be6a20bff6b,http://blog.trycelery.com:80/post/77306301454/convergence-what-happens-when-virtual-realities-take,https://web.archive.org/web/20140308050104/http://blog.trycelery.com:80/post/77306301454/convergence-what-happens-when-virtual-realities-take,20140308050104,Convergence: What happens when virtual realities take over?,1218,informational,True,
trycelery.com,yc,ecommerce,87407dc8a99c4614,http://blog.trycelery.com:80/startup-guide-marketing/,https://web.archive.org/web/20151122070228/http://blog.trycelery.com:80/startup-guide-marketing/,20151122070228,Startup Guide: Marketing Means Buying Customers,780,informational,True,
trycelery.com,yc,ecommerce,,http://blog.trycelery.com:80/celery-history/,https://web.archive.org/web/20150201233839/http://blog.trycelery.com:80/celery-history/,20150201233839,,0,,False,fetch_or_extract
trycelery.com,yc,ecommerce,,http://blog.trycelery.com/post/84248072153/information-is-the-currency-of-journalism-unlike,https://web.archive.org/web/20140910173613/http://blog.trycelery.com/post/84248072153/information-is-the-currency-of-journalism-unlike,20140910173613,,0,,False,fetch_or_extract
trycelery.com,yc,ecommerce,,http://blog.trycelery.com:80/integrating-celery-with-squarespace-to-accept-pre-orders/,https://web.archive.org/web/20151217022600/http://blog.trycelery.com:80/integrating-celery-with-squarespace-to-accept-pre-orders/,20151217022600,,0,,False,fetch_or_extract
trycelery.com,yc,ecommerce,,http://blog.trycelery.com:80/7-ways-to-beat-the-odds-run-a-100k-crowdfund/,https://web.archive.org/web/20150701194940/http://blog.trycelery.com:80/7-ways-to-beat-the-odds-run-a-100k-crowdfund/,20150701194940,,0,,False,fetch_or_extract
trycelery.com,yc,ecommerce,,http://blog.trycelery.com:80/post/77304725827/the-hidden-kickstarter-industry,https://web.archive.org/web/20140308045752/http://blog.trycelery.com:80/post/77304725827/the-hidden-kickstarter-industry,20140308045752,,0,,False,fetch_or_extract
trycelery.com,yc,ecommerce,,http://blog.trycelery.com:80/independent-crowdfunding-future/,https://web.archive.org/web/20150219132900/http://blog.trycelery.com:80/independent-crowdfunding-future/,20150219132900,,0,,False,fetch_or_extract
trycelery.com,yc,ecommerce,,http://blog.trycelery.com:80/3-most-successful-crowdfunded-campaigns-and-why/,https://web.archive.org/web/20141226003708/http://blog.trycelery.com:80/3-most-successful-crowdfunded-campaigns-and-why/,20141226003708,,0,,False,fetch_or_extract
trycelery.com,yc,ecommerce,,http://blog.trycelery.com:80/how-much-did-they-crowdfund/,https://web.archive.org/web/20150722232150/http://blog.trycelery.com:80/how-much-did-they-crowdfund/,20150722232150,,0,,False,fetch_or_extract
trycelery.com,yc,ecommerce,,http://blog.trycelery.com:80/chapter-1-validating-your-crowdfunding-idea/,https://web.archive.org/web/20150802222850/http://blog.trycelery.com:80/chapter-1-validating-your-crowdfunding-idea/,20150802222850,,0,,False,fetch_or_extract
trycelery.com,yc,ecommerce,,http://blog.trycelery.com:80/4-dangers-in-charging-upfront/,https://web.archive.org/web/20141122081801/http://blog.trycelery.com:80/4-dangers-in-charging-upfront/,20141122081801,,0,,False,fetch_or_extract
trycelery.com,yc,ecommerce,,http://blog.trycelery.com:80/7-tips-to-reduce-your-merchant-fraud-and-chargebacks/,https://web.archive.org/web/20150529234207/http://blog.trycelery.com:80/7-tips-to-reduce-your-merchant-fraud-and-chargebacks/,20150529234207,,0,,False,fetch_or_extract
cognitohq.com,yc,fintech,,https://cognitohq.com/blog/address-verification,https://web.archive.org/web/20210926054250/https://cognitohq.com/blog/address-verification,20210926054250,,0,,False,fetch_or_extract
cognitohq.com,yc,fintech,,https://cognitohq.com/blog/age-verification-without-friction,https://web.archive.org/web/20210926061731/https://cognitohq.com/blog/age-verification-without-friction,20210926061731,,0,,False,fetch_or_extract
cognitohq.com,yc,fintech,,https://cognitohq.com/blog/best-practices-for-id-verification,https://web.archive.org/web/20210926062219/https://cognitohq.com/blog/best-practices-for-id-verification,20210926062219,,0,,False,fetch_or_extract
cognitohq.com,yc,fintech,,https://cognitohq.com/blog/is-manual-verification-outdated,https://web.archive.org/web/20210926060802/https://cognitohq.com/blog/is-manual-verification-outdated,20210926060802,,0,,False,fetch_or_extract
cognitohq.com,yc,fintech,,https://cognitohq.com/blog/plaid-and-cognito,https://web.archive.org/web/20220120173443/https://cognitohq.com/blog/plaid-and-cognito,20220120173443,,0,,False,fetch_or_extract
cognitohq.com,yc,fintech,,https://cognitohq.com/blog/international-identity-verification,https://web.archive.org/web/20210926060133/https://cognitohq.com/blog/international-identity-verification,20210926060133,,0,,False,fetch_or_extract
cognitohq.com,yc,fintech,,https://cognitohq.com/blog/how-gradual-verification-reduces-sign-up-abandonment,https://web.archive.org/web/20210926062810/https://cognitohq.com/blog/how-gradual-verification-reduces-sign-up-abandonment,20210926062810,,0,,False,fetch_or_extract
cognitohq.com,yc,fintech,,https://cognitohq.com/blog/ccpa-guidelines,https://web.archive.org/web/20210926053644/https://cognitohq.com/blog/ccpa-guidelines,20210926053644,,0,,False,fetch_or_extract
cognitohq.com,yc,fintech,,https://cognitohq.com/blog/new-regulations-for-e-cigarette-and-vaping-compliance-under-tx-sb97,https://web.archive.org/web/20210926061136/https://cognitohq.com/blog/new-regulations-for-e-cigarette-and-vaping-compliance-under-tx-sb97,20210926061136,,0,,False,fetch_or_extract
cognitohq.com,yc,fintech,,https://cognitohq.com/blog/how-we-re-built-our-product-to-have-2000-more-traction,https://web.archive.org/web/20210926055141/https://cognitohq.com/blog/how-we-re-built-our-product-to-have-2000-more-traction,20210926055141,,0,,False,fetch_or_extract
cognitohq.com,yc,fintech,,https://cognitohq.com/blog/what-is-required-to-know-your-customer,https://web.archive.org/web/20210926070449/https://cognitohq.com/blog/what-is-required-to-know-your-customer,20210926070449,,0,,False,fetch_or_extract
cognitohq.com,yc,fintech,,https://cognitohq.com/blog/enhanced-due-diligence-is-non-negotiable,https://web.archive.org/web/20210926063926/https://cognitohq.com/blog/enhanced-due-diligence-is-non-negotiable,20210926063926,,0,,False,fetch_or_extract
cognitohq.com,yc,fintech,,https://cognitohq.com/blog/how-compliance-officers-ensure-they-know-their-customers,https://web.archive.org/web/20210926060506/https://cognitohq.com/blog/how-compliance-officers-ensure-they-know-their-customers,20210926060506,,0,,False,fetch_or_extract
cognitohq.com,yc,fintech,,https://cognitohq.com/blog/how-ruby-hides-complexity,https://web.archive.org/web/20210926054006/https://cognitohq.com/blog/how-ruby-hides-complexity,20210926054006,,0,,False,fetch_or_extract
cognitohq.com,yc,fintech,,https://cognitohq.com/blog/identity-verification-for-the-gig-economy-sector,https://web.archive.org/web/20210926055027/https://cognitohq.com/blog/identity-verification-for-the-gig-economy-sector,20210926055027,,0,,False,fetch_or_extract
clustrix.com,yc,devtools,,http://www.clustrix.com/blog/bid/197461/Getting-started-with-Clustrix-DevKit,https://web.archive.org/web/20121018132048/http://www.clustrix.com/blog/bid/197461/Getting-started-with-Clustrix-DevKit,20121018132048,,0,,False,fetch_or_extract
clustrix.com,yc,devtools,,http://www.clustrix.com:80/blog/bid/257451/Three-Megatrends-Fueling-Database-Industry-Growth-in-2013,https://web.archive.org/web/20130129071830/http://www.clustrix.com:80/blog/bid/257451/Three-Megatrends-Fueling-Database-Industry-Growth-in-2013,20130129071830,,0,,False,fetch_or_extract
clustrix.com,yc,devtools,,http://www.clustrix.com:80/blog/bid/259919/Sharding-In-Theory-and-Practice-Part-Two,https://web.archive.org/web/20130129072500/http://www.clustrix.com:80/blog/bid/259919/Sharding-In-Theory-and-Practice-Part-Two,20130129072500,,0,,False,fetch_or_extract
clustrix.com,yc,devtools,,http://www.clustrix.com:80/blog/bid/316583/Differentiating-Real-Time-Analytics,https://web.archive.org/web/20130929112230/http://www.clustrix.com:80/blog/bid/316583/Differentiating-Real-Time-Analytics,20130929112230,,0,,False,fetch_or_extract
clustrix.com,yc,devtools,,http://www.clustrix.com:80/blog/bid/197493/Clustrix-dev-node-is-now-available-on-EC2-as-an-Amazon-Machine-Image,https://web.archive.org/web/20120905022132/http://www.clustrix.com:80/blog/bid/197493/Clustrix-dev-node-is-now-available-on-EC2-as-an-Amazon-Machine-Image,20120905022132,,0,,False,fetch_or_extract
clustrix.com,yc,devtools,,http://www.clustrix.com:80/blog/bid/236375/3-Takeaways-from-The-End-of-the-One-Size-Fits-All-Database-Era-Webinar,https://web.archive.org/web/20121119040127/http://www.clustrix.com:80/blog/bid/236375/3-Takeaways-from-The-End-of-the-One-Size-Fits-All-Database-Era-Webinar,20121119040127,,0,,False,fetch_or_extract
clustrix.com,yc,devtools,,http://www.clustrix.com:80/blog/bid/273851/Sharding-In-Theory-and-Practice-Part-Five,https://web.archive.org/web/20130725093923/http://www.clustrix.com:80/blog/bid/273851/Sharding-In-Theory-and-Practice-Part-Five,20130725093923,,0,,False,fetch_or_extract
clustrix.com,yc,devtools,,http://www.clustrix.com:80/blog/bid/194775/MongoDB-vs-Clustrix-Comparison-Part-1-Performance,https://web.archive.org/web/20120816080145/http://www.clustrix.com:80/blog/bid/194775/MongoDB-vs-Clustrix-Comparison-Part-1-Performance,20120816080145,,0,,False,fetch_or_extract
clustrix.com,yc,devtools,,http://www.clustrix.com:80/blog/bid/320512/Can-You-ALTER-a-3-Billion-Row-SQL-Table-Online,https://web.archive.org/web/20131023031437/http://www.clustrix.com:80/blog/bid/320512/Can-You-ALTER-a-3-Billion-Row-SQL-Table-Online,20131023031437,,0,,False,fetch_or_extract
clustrix.com,yc,devtools,,http://www.clustrix.com:80/blog/bid/239592/Clustrix-is-headed-to-the-11th-International-Cloud-Expo,https://web.archive.org/web/20121119034950/http://www.clustrix.com:80/blog/bid/239592/Clustrix-is-headed-to-the-11th-International-Cloud-Expo,20121119034950,,0,,False,fetch_or_extract
clustrix.com,yc,devtools,,http://www.clustrix.com:80/blog/bid/295626/Under-the-Radar-2013-Names-Clustrix-Among-Top-10-Most-Innovative-New-IT-Ventures-at-Conference,https://web.archive.org/web/20130615055946/http://www.clustrix.com:80/blog/bid/295626/Under-the-Radar-2013-Names-Clustrix-Among-Top-10-Most-Innovative-New-IT-Ventures-at-Conference,20130615055946,,0,,False,fetch_or_extract
clustrix.com,yc,devtools,,http://www.clustrix.com:80/blog/2010/06/25/surprising-advice-for-startups/,https://web.archive.org/web/20100702164012/http://www.clustrix.com:80/blog/2010/06/25/surprising-advice-for-startups/,20100702164012,,0,,False,fetch_or_extract
clustrix.com,yc,devtools,,http://www.clustrix.com:80/blog/2010/04/28/the-tyranny-of-the-or-vs-the-genius-of-the-and/,https://web.archive.org/web/20100512033115/http://www.clustrix.com:80/blog/2010/04/28/the-tyranny-of-the-or-vs-the-genius-of-the-and/,20100512033115,,0,,False,fetch_or_extract
clustrix.com,yc,devtools,,http://www.clustrix.com:80/blog/bid/281318/The-New-Database-Landscape,https://web.archive.org/web/20130505005654/http://www.clustrix.com:80/blog/bid/281318/The-New-Database-Landscape,20130505005654,,0,,False,fetch_or_extract
clustrix.com,yc,devtools,,http://www.clustrix.com:80/blog/bid/249733/Free-Webinar-12-11-How-Adscience-Gained-Peak-Performance-and-Linear-Scale-at-a-Low-TCO,https://web.archive.org/web/20130121061001/http://www.clustrix.com:80/blog/bid/249733/Free-Webinar-12-11-How-Adscience-Gained-Peak-Performance-and-Linear-Scale-at-a-Low-TCO,20130121061001,,0,,False,fetch_or_extract
alphaflow.com,yc,fintech,d54c8b07397e4bae,https://www.alphaflow.com/resources/articles/atlanta-real-estate-market-analysis/,https://web.archive.org/web/20190715205123/https://www.alphaflow.com/resources/articles/atlanta-real-estate-market-analysis/,20190715205123,Atlanta Real Estate Market Trends: An Objective Analysis,771,informational,True,
alphaflow.com,yc,fintech,,https://www.alphaflow.com/resources/articles/fintech-firms-becoming-banks/,https://web.archive.org/web/20191114170802/https://www.alphaflow.com/resources/articles/fintech-firms-becoming-banks/,20191114170802,,0,,False,fetch_or_extract
alphaflow.com,yc,fintech,,https://www.alphaflow.com/resources/articles/year-round-tax-planning-for-real-estate-investors/,https://web.archive.org/web/20191114173352/https://www.alphaflow.com/resources/articles/year-round-tax-planning-for-real-estate-investors/,20191114173352,,0,,False,fetch_or_extract
alphaflow.com,yc,fintech,,https://www.alphaflow.com/resources/knowledge-base/how-defaults-work/,https://web.archive.org/web/20200806003517/https://www.alphaflow.com/resources/knowledge-base/how-defaults-work/,20200806003517,,0,,False,fetch_or_extract
alphaflow.com,yc,fintech,,https://www.alphaflow.com/resources/articles/real-estate-crowdfunding-make-sure-you-understand-the-state-tax-implications/,https://web.archive.org/web/20190715202340/https://www.alphaflow.com/resources/articles/real-estate-crowdfunding-make-sure-you-understand-the-state-tax-implications/,20190715202340,,0,,False,fetch_or_extract
alphaflow.com,yc,fintech,,https://www.alphaflow.com/resources/articles/rising-rates-real-estate-crowdfunding/,https://web.archive.org/web/20190817205729/https://www.alphaflow.com/resources/articles/rising-rates-real-estate-crowdfunding/,20190817205729,,0,,False,fetch_or_extract
alphaflow.com,yc,fintech,,https://www.alphaflow.com/resources/news/closing-out-alphaflow-fund-i/,https://web.archive.org/web/20190817205747/https://www.alphaflow.com/resources/news/closing-out-alphaflow-fund-i/,20190817205747,,0,,False,fetch_or_extract
alphaflow.com,yc,fintech,,https://www.alphaflow.com/resources/knowledge-base/what-are-bridge-loans/,https://web.archive.org/web/20200805162426/https://www.alphaflow.com/resources/knowledge-base/what-are-bridge-loans/,20200805162426,,0,,False,fetch_or_extract
alphaflow.com,yc,fintech,,https://www.alphaflow.com/resources/articles/successful-lenders-solve-for-exits-not-payments/,https://web.archive.org/web/20210415010641/https://www.alphaflow.com/resources/articles/successful-lenders-solve-for-exits-not-payments/,20210415010641,,0,,False,fetch_or_extract
alphaflow.com,yc,fintech,,https://www.alphaflow.com/resources/articles/real-estate-crowdfunding-tax-considerations-for-foreign-investors/,https://web.archive.org/web/20190916163526/https://www.alphaflow.com/resources/articles/real-estate-crowdfunding-tax-considerations-for-foreign-investors/,20190916163526,,0,,False,fetch_or_extract
alphaflow.com,yc,fintech,,https://www.alphaflow.com/resources/articles/part-2-the-state-of-the-union-in-real-estate-crowdfunding/,https://web.archive.org/web/20190817210509/https://www.alphaflow.com/resources/articles/part-2-the-state-of-the-union-in-real-estate-crowdfunding/,20190817210509,,0,,False,fetch_or_extract
alphaflow.com,yc,fintech,,https://www.alphaflow.com/resources/articles/an-insiders-perspective-3-things-im-keeping-an-eye-on-in-real-estate-crowdfunding/,https://web.archive.org/web/20191114162825/https://www.alphaflow.com/resources/articles/an-insiders-perspective-3-things-im-keeping-an-eye-on-in-real-estate-crowdfunding/,20191114162825,,0,,False,fetch_or_extract
alphaflow.com,yc,fintech,,https://www.alphaflow.com/resources/news/redesigned-portfolios-dashboard/,https://web.archive.org/web/20200805170730/https://www.alphaflow.com/resources/news/redesigned-portfolios-dashboard/,20200805170730,,0,,False,fetch_or_extract
alphaflow.com,yc,fintech,,https://www.alphaflow.com/resources/articles/what-cities-are-the-top-choices-for-amazons-new-hq/,https://web.archive.org/web/20200806005719/https://www.alphaflow.com/resources/articles/what-cities-are-the-top-choices-for-amazons-new-hq/,20200806005719,,0,,False,fetch_or_extract
alphaflow.com,yc,fintech,,https://www.alphaflow.com/resources/articles/understanding-the-tax-differences-between-debt-and-equity-crowdfunding/,https://web.archive.org/web/20190817210955/https://www.alphaflow.com/resources/articles/understanding-the-tax-differences-between-debt-and-equity-crowdfunding/,20190817210955,,0,,False,fetch_or_extract
padmapper.com,yc,ecommerce,,http://blog.padmapper.com:80/2010/09/29/who-to-notify-when-you-move-and-how/,https://web.archive.org/web/20151019055101/http://blog.padmapper.com:80/2010/09/29/who-to-notify-when-you-move-and-how/,20151019055101,Who to Notify When You Move (and How),411,,False,length
padmapper.com,yc,ecommerce,,http://blog.padmapper.com:80/2009/08/08/what-to-bring-to-every-nyc-apartment-viewing/,https://web.archive.org/web/20121014024454/http://blog.padmapper.com:80/2009/08/08/what-to-bring-to-every-nyc-apartment-viewing/,20121014024454,What to bring to every NYC apartment viewing,294,,False,length
padmapper.com,yc,ecommerce,,http://blog.padmapper.com:80/2009/08/28/persistent-padmapper/,https://web.archive.org/web/20121014053356/http://blog.padmapper.com:80/2009/08/28/persistent-padmapper/,20121014053356,Persistent PadMapper,278,,False,length
padmapper.com,yc,ecommerce,,http://blog.padmapper.com:80/2012/04/30/voting-bot/comment-page-1/,https://web.archive.org/web/20120508181248/http://blog.padmapper.com:80/2012/04/30/voting-bot/comment-page-1/,20120508181248,"Eating, Praying, Losing: Getting Beaten by a Voting Bot in 50 Minutes",1533,opinion_essay,False,genre
padmapper.com,yc,ecommerce,,http://blog.padmapper.com:80/2012/06/22/bye-bye-craigslist/,https://web.archive.org/web/20120624212843/http://blog.padmapper.com:80/2012/06/22/bye-bye-craigslist/,20120624212843,Bye Bye Craigslist :-(,189,,False,length
padmapper.com,yc,ecommerce,,http://blog.padmapper.com:80/2009/06/25/recommended-services/,https://web.archive.org/web/20121014024438/http://blog.padmapper.com:80/2009/06/25/recommended-services/,20121014024438,Recommended Services,190,,False,length
padmapper.com,yc,ecommerce,,http://blog.padmapper.com:80/2012/06/22/bye-bye-craigslist/comment-page-2/,https://web.archive.org/web/20120627041745/http://blog.padmapper.com:80/2012/06/22/bye-bye-craigslist/comment-page-2/,20120627041745,Bye Bye Craigslist :-(,286,,False,length
padmapper.com,yc,ecommerce,,http://blog.padmapper.com:80/2010/04/02/amazing-padmapper-tutorial-video/,https://web.archive.org/web/20121014053445/http://blog.padmapper.com:80/2010/04/02/amazing-padmapper-tutorial-video/,20121014053445,Amazing PadMapper Tutorial Video,273,,False,length
padmapper.com,yc,ecommerce,,http://blog.padmapper.com:80/2010/10/05/giving-up-closet/,https://web.archive.org/web/20110603083945/http://blog.padmapper.com:80/2010/10/05/giving-up-closet/,20110603083945,Is an Awesome Apartment Worth Giving Up Your Closet?,595,,False,length
padmapper.com,yc,ecommerce,ec1d21d607fcb18b,http://blog.padmapper.com:80/2010/07/22/how-to-find-free-moving-boxes/,https://web.archive.org/web/20110523134111/http://blog.padmapper.com:80/2010/07/22/how-to-find-free-moving-boxes/,20110523134111,How to Find Free Moving Boxes,786,informational,True,
padmapper.com,yc,ecommerce,,http://blog.padmapper.com:80/2009/08/19/new-filter-sliders/,https://web.archive.org/web/20110606064546/http://blog.padmapper.com:80/2009/08/19/new-filter-sliders/,20110606064546,New Filter Sliders,251,,False,length
padmapper.com,yc,ecommerce,,http://blog.padmapper.com:80/2011/07/20/update-bunch-of-new-stuff/,https://web.archive.org/web/20111013145441/http://blog.padmapper.com:80/2011/07/20/update-bunch-of-new-stuff/,20111013145441,Update – bunch of new stuff,253,,False,length
padmapper.com,yc,ecommerce,,http://blog.padmapper.com:80/2009/09/07/more-persistent-padmapper-link-to-current-view-embedding-facebook-listing-sharing-and-more/,https://web.archive.org/web/20121105224857/http://blog.padmapper.com:80/2009/09/07/more-persistent-padmapper-link-to-current-view-embedding-facebook-listing-sharing-and-more/,20121105224857,"More Persistent PadMapper, Link to Current View, Embedding, Facebook Listing Sharing, and more",390,,False,length
padmapper.com,yc,ecommerce,,http://blog.padmapper.com:80/2009/03/02/padmapper-is-on-the-iphone-app-store/,https://web.archive.org/web/20121014053227/http://blog.padmapper.com:80/2009/03/02/padmapper-is-on-the-iphone-app-store/,20121014053227,PadMapper is on the iPhone App Store,87,,False,length
padmapper.com,yc,ecommerce,,http://blog.padmapper.com:80/2009/03/04/the-cat-is-out-of-the-bag/,https://web.archive.org/web/20110407033719/http://blog.padmapper.com:80/2009/03/04/the-cat-is-out-of-the-bag/,20110407033719,The Cat is out of the Bag,135,,False,length
kopa.co,yc,ecommerce,d54f2c929d42a3ac,https://www.kopa.co/blog/latest-posts,https://web.archive.org/web/20200806151525/https://www.kopa.co/blog/latest-posts,20200806151525,Kopa Blog Latest Posts,733,informational,True,
kopa.co,yc,ecommerce,d56e7ee3fa968971,https://www.kopa.co/blog/posts/13-things-to-know-before-moving-to-austin,https://web.archive.org/web/20200923220317/https://www.kopa.co/blog/posts/13-things-to-know-before-moving-to-austin,20200923220317,13 Things to Know Before Moving to Austin,1350,informational,True,
kopa.co,yc,ecommerce,0e60edd28568515b,https://www.kopa.co/blog/posts/15-things-to-know-before-moving-to-houston,https://web.archive.org/web/20200922194642/https://www.kopa.co/blog/posts/15-things-to-know-before-moving-to-houston,20200922194642,15 Things to Know Before Moving to Houston,1245,informational,True,
kopa.co,yc,ecommerce,,https://www.kopa.co/blog/posts/a-guide-to-the-neighborhoods-of-san-francisco,https://web.archive.org/web/20200806155817/https://www.kopa.co/blog/posts/a-guide-to-the-neighborhoods-of-san-francisco,20200806155817,A Guide to the Neighborhoods of San Francisco,5424,,False,length
kopa.co,yc,ecommerce,,https://www.kopa.co/blog/posts/a-guide-to-the-neighborhoods-of-seattle,https://web.archive.org/web/20211201160558/https://www.kopa.co/blog/posts/a-guide-to-the-neighborhoods-of-seattle,20211201160558,A Guide to the Neighborhoods of Seattle,4612,,False,length
kopa.co,yc,ecommerce,,https://www.kopa.co/blog/posts/q-a-with-breezeway-how-to-coordinate-cleaning-and-maintenance-for-your-rental-properties,https://web.archive.org/web/20200812014122/https://www.kopa.co/blog/posts/q-a-with-breezeway-how-to-coordinate-cleaning-and-maintenance-for-your-rental-properties,20200812014122,,0,,False,fetch_or_extract
kopa.co,yc,ecommerce,,https://www.kopa.co/blog/posts/what-to-include-in-your-rental-agreement,https://web.archive.org/web/20200923220712/https://www.kopa.co/blog/posts/what-to-include-in-your-rental-agreement,20200923220712,,0,,False,fetch_or_extract
kopa.co,yc,ecommerce,,https://kopa.co/blog/team-members/courtney-sabo,https://web.archive.org/web/20200812093314/https://kopa.co/blog/team-members/courtney-sabo,20200812093314,,0,,False,fetch_or_extract
kopa.co,yc,ecommerce,,https://www.kopa.co/blog/posts/lights-of-kopa-co-founder-and-ceo-jack-forbes,https://web.archive.org/web/20211201153207/https://www.kopa.co/blog/posts/lights-of-kopa-co-founder-and-ceo-jack-forbes,20211201153207,,0,,False,fetch_or_extract
kopa.co,yc,ecommerce,,https://www.kopa.co/blog/posts/the-guide-to-renting-to-students,https://web.archive.org/web/20200923222152/https://www.kopa.co/blog/posts/the-guide-to-renting-to-students,20200923222152,,0,,False,fetch_or_extract
kopa.co,yc,ecommerce,,https://www.kopa.co/blog/posts/rental-accounting-how-to-keep-it-simple,https://web.archive.org/web/20200922210446/https://www.kopa.co/blog/posts/rental-accounting-how-to-keep-it-simple,20200922210446,,0,,False,fetch_or_extract
kopa.co,yc,ecommerce,,https://www.kopa.co/blog/team-members/mackenzie-kearnan,https://web.archive.org/web/20200923213833/https://www.kopa.co/blog/team-members/mackenzie-kearnan,20200923213833,,0,,False,fetch_or_extract
kopa.co,yc,ecommerce,,https://www.kopa.co/blog/posts/everything-you-need-to-know-about-signing-a-lease,https://web.archive.org/web/20200923223012/https://www.kopa.co/blog/posts/everything-you-need-to-know-about-signing-a-lease,20200923223012,,0,,False,fetch_or_extract
kopa.co,yc,ecommerce,,https://www.kopa.co/blog/posts/16-things-to-know-before-moving-to-philadelphia,https://web.archive.org/web/20200919211821/https://www.kopa.co/blog/posts/16-things-to-know-before-moving-to-philadelphia,20200919211821,,0,,False,fetch_or_extract
kopa.co,yc,ecommerce,,https://www.kopa.co/blog/posts/12-things-to-know-before-moving-to-denver,https://web.archive.org/web/20200812005721/https://www.kopa.co/blog/posts/12-things-to-know-before-moving-to-denver,20200812005721,,0,,False,fetch_or_extract
tydo.com,yc,fintech,,https://www.tydo.com/blog/deepdive-baileecooper,https://web.archive.org/web/20220714184654/https://www.tydo.com/blog/deepdive-baileecooper,20220714184654,,0,,False,fetch_or_extract
tydo.com,yc,fintech,,https://www.tydo.com/blog/deepdive-jtbarnett,https://web.archive.org/web/20220419183452/https://www.tydo.com/blog/deepdive-jtbarnett,20220419183452,,0,,False,fetch_or_extract
tydo.com,yc,fintech,,https://www.tydo.com/blog/deepdive-wonderment,https://web.archive.org/web/20220112180722/https://www.tydo.com/blog/deepdive-wonderment,20220112180722,,0,,False,fetch_or_extract
tydo.com,yc,fintech,,https://www.tydo.com/blog/deepdive-repeat,https://web.archive.org/web/20211205010442/https://www.tydo.com/blog/deepdive-repeat,20211205010442,,0,,False,fetch_or_extract
tydo.com,yc,fintech,,https://www.tydo.com/blog/deepdive-obviyo,https://web.archive.org/web/20220126200945/https://www.tydo.com/blog/deepdive-obviyo,20220126200945,,0,,False,fetch_or_extract
tydo.com,yc,fintech,,https://www.tydo.com/blog/deepdive-ramp-1,https://web.archive.org/web/20211123034001/https://www.tydo.com/blog/deepdive-ramp-1,20211123034001,,0,,False,fetch_or_extract
tydo.com,yc,fintech,,https://www.tydo.com/blog/deepdive-verbatim,https://web.archive.org/web/20220707184456/https://www.tydo.com/blog/deepdive-verbatim,20220707184456,,0,,False,fetch_or_extract
tydo.com,yc,fintech,,https://www.tydo.com/blog/how-3pl-can-enable-growth-for-ecommerce-brands,https://web.archive.org/web/20221117180108/https://www.tydo.com/blog/how-3pl-can-enable-growth-for-ecommerce-brands,20221117180108,,0,,False,fetch_or_extract
tydo.com,yc,fintech,,https://www.tydo.com/blog/deepdive-returnkey,https://web.archive.org/web/20211205031459/https://www.tydo.com/blog/deepdive-returnkey,20211205031459,,0,,False,fetch_or_extract
tydo.com,yc,fintech,,https://www.tydo.com/blog/deepdive-airbyte,https://web.archive.org/web/20220110180824/https://www.tydo.com/blog/deepdive-airbyte,20220110180824,,0,,False,fetch_or_extract
tydo.com,yc,fintech,,https://www.tydo.com/blog/deepdive-govalo,https://web.archive.org/web/20220614232736/https://www.tydo.com/blog/deepdive-govalo,20220614232736,,0,,False,fetch_or_extract
tydo.com,yc,fintech,,https://www.tydo.com/blog/deepdive-novel,https://web.archive.org/web/20220425174046/https://www.tydo.com/blog/deepdive-novel,20220425174046,,0,,False,fetch_or_extract
tydo.com,yc,fintech,,https://www.tydo.com/blog/deepdive-smileio,https://web.archive.org/web/20220119204558/https://www.tydo.com/blog/deepdive-smileio,20220119204558,,0,,False,fetch_or_extract
tydo.com,yc,fintech,,https://www.tydo.com/blog/deepdive-kendalldickieson,https://web.archive.org/web/20220817195940/https://www.tydo.com/blog/deepdive-kendalldickieson,20220817195940,,0,,False,fetch_or_extract
tydo.com,yc,fintech,,https://www.tydo.com/blog/deepdive-dulma,https://web.archive.org/web/20220929143647/https://www.tydo.com/blog/deepdive-dulma,20220929143647,,0,,False,fetch_or_extract
inspectify.com,yc,ecommerce,,https://blog.inspectify.com/blog/the-home-buying-journey-from-start-to-finish,https://web.archive.org/web/20220706171903/https://blog.inspectify.com/blog/the-home-buying-journey-from-start-to-finish,20220706171903,,0,,False,fetch_or_extract
inspectify.com,yc,ecommerce,,http://blog.inspectify.com/blog/tips-for-winterizing-your-home,https://web.archive.org/web/20211203165452/http://blog.inspectify.com/blog/tips-for-winterizing-your-home,20211203165452,,0,,False,fetch_or_extract
inspectify.com,yc,ecommerce,,http://blog.inspectify.com/blog/what-is-a-maintenance-inspection-and-when-should-you-get-one,https://web.archive.org/web/20220128082128/http://blog.inspectify.com/blog/what-is-a-maintenance-inspection-and-when-should-you-get-one,20220128082128,,0,,False,fetch_or_extract
inspectify.com,yc,ecommerce,,http://blog.inspectify.com/blog/what-is-the-due-diligence-period,https://web.archive.org/web/20220228221505/http://blog.inspectify.com/blog/what-is-the-due-diligence-period,20220228221505,,0,,False,fetch_or_extract
inspectify.com,yc,ecommerce,,http://blog.inspectify.com/blog/why-you-should-never-skip-a-home-inspection,https://web.archive.org/web/20220221220738/http://blog.inspectify.com/blog/why-you-should-never-skip-a-home-inspection,20220221220738,,0,,False,fetch_or_extract
inspectify.com,yc,ecommerce,,https://blog.inspectify.com/blog/what-can-i-do-with-my-home-inspection-report,https://web.archive.org/web/20221126232852/https://blog.inspectify.com/blog/what-can-i-do-with-my-home-inspection-report,20221126232852,,0,,False,fetch_or_extract
inspectify.com,yc,ecommerce,,https://blog.inspectify.com/blog/the-mortgage-gap,https://web.archive.org/web/20210728163715/https://blog.inspectify.com/blog/the-mortgage-gap,20210728163715,,0,,False,fetch_or_extract
inspectify.com,yc,ecommerce,,https://blog.inspectify.com/blog/getting-a-home-inspection-before-closing-will-save-you-more-money-now-than-ever-before,https://web.archive.org/web/20221006052025/https://blog.inspectify.com/blog/getting-a-home-inspection-before-closing-will-save-you-more-money-now-than-ever-before,20221006052025,,0,,False,fetch_or_extract
inspectify.com,yc,ecommerce,,https://blog.inspectify.com/blog/10-costs-to-be-aware-of-when-buying-a-home,https://web.archive.org/web/20211028073033/https://blog.inspectify.com/blog/10-costs-to-be-aware-of-when-buying-a-home,20211028073033,,0,,False,fetch_or_extract
inspectify.com,yc,ecommerce,,https://blog.inspectify.com/blog/should-you-get-an-inspection-on-a-new-construction-home,https://web.archive.org/web/20211203154129/https://blog.inspectify.com/blog/should-you-get-an-inspection-on-a-new-construction-home,20211203154129,,0,,False,fetch_or_extract
inspectify.com,yc,ecommerce,,https://blog.inspectify.com/blog/water-heater,https://web.archive.org/web/20211028072054/https://blog.inspectify.com/blog/water-heater,20211028072054,,0,,False,fetch_or_extract
inspectify.com,yc,ecommerce,,https://blog.inspectify.com/blog/7-most-common-home-plumbing-issues,https://web.archive.org/web/20220706173100/https://blog.inspectify.com/blog/7-most-common-home-plumbing-issues,20220706173100,,0,,False,fetch_or_extract
inspectify.com,yc,ecommerce,,http://blog.inspectify.com/blog/your-complete-guide-to-ancillary-services-added-to-home-inspections,https://web.archive.org/web/20211203161649/http://blog.inspectify.com/blog/your-complete-guide-to-ancillary-services-added-to-home-inspections,20211203161649,,0,,False,fetch_or_extract
inspectify.com,yc,ecommerce,,https://blog.inspectify.com/blog/interest-rates-and-inflation-understanding-the-market-in-2022,https://web.archive.org/web/20220706160746/https://blog.inspectify.com/blog/interest-rates-and-inflation-understanding-the-market-in-2022,20220706160746,,0,,False,fetch_or_extract
inspectify.com,yc,ecommerce,,http://blog.inspectify.com/blog/should-you-attend-your-home-inspection,https://web.archive.org/web/20220326221009/http://blog.inspectify.com/blog/should-you-attend-your-home-inspection,20220326221009,,0,,False,fetch_or_extract
convox.com,yc,devtools,d11938b25a269b0f,https://convox.com/blog/challenges-of-efs,https://web.archive.org/web/20190822104909/https://convox.com/blog/challenges-of-efs,20190822104909,The Challenges of EFS,1708,informational,True,
convox.com,yc,devtools,3cc68974e184bbec,https://convox.com/blog/how-to-restart-pod-in-kubernetes/,https://web.archive.org/web/20220815063536/https://convox.com/blog/how-to-restart-pod-in-kubernetes/,20220815063536,How to Install Kubernetes the Easy Way - Convox,1914,informational,True,
convox.com,yc,devtools,f5591f828a90e70e,https://convox.com/blog/k8s-monitoring-logging,https://web.archive.org/web/20200926223327/https://convox.com/blog/k8s-monitoring-logging,20200926223327,Configuring Logging on Kubernetes,861,informational,True,
convox.com,yc,devtools,,https://convox.com/blog/session-playback,https://web.archive.org/web/20190822104722/https://convox.com/blog/session-playback,20190822104722,Announcing Audit Logs with Session Playback,218,,False,length
convox.com,yc,devtools,,https://convox.com/blog/how-to-install-kubernetes-the-easy-way/,https://web.archive.org/web/20220528075749/https://convox.com/blog/how-to-install-kubernetes-the-easy-way/,20220528075749,Convox Platform as a Service,1914,informational,False,near_duplicate
convox.com,yc,devtools,,https://convox.com/blog/botmetrics-enterprise-grade-deployment-on-aws,https://web.archive.org/web/20190822104855/https://convox.com/blog/botmetrics-enterprise-grade-deployment-on-aws,20190822104855,Botmetrics Enterprise Deployment on AWS with Convox,525,,False,length
convox.com,yc,devtools,,https://convox.com/blog/bidirectional-sync/,https://web.archive.org/web/20160617134723/https://convox.com/blog/bidirectional-sync/,20160617134723,True Containerized Development with Convox Code Sync,718,product_announcement,False,genre
convox.com,yc,devtools,,https://convox.com/blog/introducing-grid,https://web.archive.org/web/20190822104939/https://convox.com/blog/introducing-grid,20190822104939,Grid: Devops Services for Engineering Teams,608,news_pr_h,False,genre
convox.com,yc,devtools,,https://convox.com/blog/flipside-crypto,https://web.archive.org/web/20200810084459/https://convox.com/blog/flipside-crypto,20200810084459,Flipside Crypto runs on Convox,1506,case_study,False,genre
convox.com,yc,devtools,,https://convox.com/blog/convox-newsletter-audit-logs-proxy-protocol-gitlab-load-balancer-migration-latest-releases/,https://web.archive.org/web/20220815055939/https://convox.com/blog/convox-newsletter-audit-logs-proxy-protocol-gitlab-load-balancer-migration-latest-releases/,20220815055939,"Convox Newsletter: Audit Logs, Proxy-Protocol, Gitlab, Load Balancer Migration, Latest releases. - Convox",658,product_announcement,False,genre
convox.com,yc,devtools,,https://convox.com/blog/zero-configuration-rails,https://web.archive.org/web/20190822104851/https://convox.com/blog/zero-configuration-rails,20190822104851,Zero Configuration Rails,426,,False,length
convox.com,yc,devtools,,https://convox.com/blog/convox-tips-disabling-racks-evenings-weekends,https://web.archive.org/web/20190822104818/https://convox.com/blog/convox-tips-disabling-racks-evenings-weekends,20190822104818,Convox Tips: Disabling racks on evenings and weekends,579,,False,length
convox.com,yc,devtools,,https://convox.com/blog/lambda-migration,https://web.archive.org/web/20190822104759/https://convox.com/blog/lambda-migration,20190822104759,Lambda Node.js 0.10 Update Instructions,241,,False,length
convox.com,yc,devtools,733ee1edbbf0e5f6,https://convox.com/blog/k8s-monitoring-overview,https://web.archive.org/web/20200926205128/https://convox.com/blog/k8s-monitoring-overview,20200926205128,Monitoring Applications on Kubernetes,2248,informational,True,
convox.com,yc,devtools,e6b3ae2b28e212a9,https://convox.com/blog/cost-of-running-k8s,https://web.archive.org/web/20200402143250/https://convox.com/blog/cost-of-running-k8s,20200402143250,The True Cost of Running Kubernetes in the Cloud,1093,informational,True,
eduflow.com,yc,other,c3cdafc38df20af2,https://www.eduflow.com/blog/how-covid-19-will-change-online-learning-forever,https://web.archive.org/web/20200923230454/https://www.eduflow.com/blog/how-covid-19-will-change-online-learning-forever,20200923230454,How COVID-19 will change online learning forever · Eduflow blog,1475,informational,True,
eduflow.com,yc,other,a13a459960db7e3e,https://www.eduflow.com/blog/the-ultimate-roundup-of-remote-workplace-learning-resources,https://web.archive.org/web/20201128231629/https://www.eduflow.com/blog/the-ultimate-roundup-of-remote-workplace-learning-resources,20201128231629,The Ultimate Roundup of Remote Workplace Learning Resources · Eduflow blog,1879,informational,True,
eduflow.com,yc,other,,https://www.eduflow.com/blog/eduflow-2021-wrapped,https://web.archive.org/web/20211228094602/https://www.eduflow.com/blog/eduflow-2021-wrapped,20211228094602,Eduflow - 2021 Wrapped · Eduflow blog,1119,news_pr,False,genre
eduflow.com,yc,other,,https://www.eduflow.com/blog/build-a-better-employment-skill-assessment-with-this-hiring-challenge-template,https://web.archive.org/web/20200923233157/https://www.eduflow.com/blog/build-a-better-employment-skill-assessment-with-this-hiring-challenge-template,20200923233157,Build a Better Employment Skill Assessment with this Hiring Challenge Template · Eduflow blog,1526,news_pr_h,False,genre
eduflow.com,yc,other,,https://www.eduflow.com/blog/deadline-extensions-individualised-activity-settings,https://web.archive.org/web/20200923212300/https://www.eduflow.com/blog/deadline-extensions-individualised-activity-settings,20200923212300,New feature: Deadline extensions & individualised activity settings · Eduflow blog,214,,False,length
eduflow.com,yc,other,,https://www.eduflow.com/blog/5-instructional-designer-resume-must-haves,https://web.archive.org/web/20200805014350/https://www.eduflow.com/blog/5-instructional-designer-resume-must-haves,20200805014350,,0,,False,fetch_or_extract
eduflow.com,yc,other,,https://www.eduflow.com/blog/how-bi-uses-eduflow,https://web.archive.org/web/20200805011238/https://www.eduflow.com/blog/how-bi-uses-eduflow,20200805011238,,0,,False,fetch_or_extract
eduflow.com,yc,other,,https://www.eduflow.com/blog/use-peer-review-to-create-stronger-skill-development-plans,https://web.archive.org/web/20210303025458/https://www.eduflow.com/blog/use-peer-review-to-create-stronger-skill-development-plans,20210303025458,,0,,False,fetch_or_extract
eduflow.com,yc,other,,https://www.eduflow.com/blog/how-to-pivot-to-online-learning-in-the-event-of-a-campus-shut-down,https://web.archive.org/web/20200425102113/https://www.eduflow.com/blog/how-to-pivot-to-online-learning-in-the-event-of-a-campus-shut-down,20200425102113,,0,,False,fetch_or_extract
eduflow.com,yc,other,,https://www.eduflow.com/blog/peer-training-is-the-secret-to-more-effective-employee-training,https://web.archive.org/web/20210303024454/https://www.eduflow.com/blog/peer-training-is-the-secret-to-more-effective-employee-training,20210303024454,,0,,False,fetch_or_extract
eduflow.com,yc,other,,https://www.eduflow.com/blog/institutional-knowledge-why-it-matters-and-how-to-tap-into-it,https://web.archive.org/web/20210303024146/https://www.eduflow.com/blog/institutional-knowledge-why-it-matters-and-how-to-tap-into-it,20210303024146,,0,,False,fetch_or_extract
eduflow.com,yc,other,,https://www.eduflow.com/blog/think-backward-design-wont-work-in-corporate-settings-think-again,https://web.archive.org/web/20211128180626/https://www.eduflow.com/blog/think-backward-design-wont-work-in-corporate-settings-think-again,20211128180626,,0,,False,fetch_or_extract
eduflow.com,yc,other,,https://www.eduflow.com/blog/new-feature-notifications,https://web.archive.org/web/20200923221744/https://www.eduflow.com/blog/new-feature-notifications,20200923221744,,0,,False,fetch_or_extract
eduflow.com,yc,other,,https://www.eduflow.com/blog/how-backbase-bolstered-their-sales-enablement-training-with-eduflow,https://web.archive.org/web/20210508135851/https://www.eduflow.com/blog/how-backbase-bolstered-their-sales-enablement-training-with-eduflow,20210508135851,,0,,False,fetch_or_extract
eduflow.com,yc,other,,https://www.eduflow.com/blog/why-peer-learning-is-the-future-of-remote-learning,https://web.archive.org/web/20200923211815/https://www.eduflow.com/blog/why-peer-learning-is-the-future-of-remote-learning,20200923211815,,0,,False,fetch_or_extract
upequity.com,yc,fintech,be2e332519f890c5,https://blog.upequity.com/can-a-mortgage-calculator-determine-if-you-will-get-approved-for-a-mortgage-loan,https://web.archive.org/web/20220127185005/https://blog.upequity.com/can-a-mortgage-calculator-determine-if-you-will-get-approved-for-a-mortgage-loan,20220127185005,Can a Mortgage Calculator Determine if You will Get Approved for a Mortgage Loan?,1176,informational,True,
upequity.com,yc,fintech,3fa5fd142c3e7e82,https://blog.upequity.com/how-is-variable-income-calculated-by-my-mortgage-lender,https://web.archive.org/web/20211025224907/https://blog.upequity.com/how-is-variable-income-calculated-by-my-mortgage-lender,20211025224907,"How is Bonus, Overtime, and Commission Income Calculated by My Mortgage Lender?",640,informational,True,
upequity.com,yc,fintech,3c865bfdee3d0609,https://blog.upequity.com/how-to-know-which-offer-to-accept-when-selling-your-home,https://web.archive.org/web/20220819082724/https://blog.upequity.com/how-to-know-which-offer-to-accept-when-selling-your-home,20220819082724,How to Know Which Offer to Accept When Selling Your Home,742,informational,True,
upequity.com,yc,fintech,,https://blog.upequity.com/what-is-an-ibuyers-and-why-should-homeowners-care,https://web.archive.org/web/20220819074524/https://blog.upequity.com/what-is-an-ibuyers-and-why-should-homeowners-care,20220819074524,What is an iBuyer and Why Should Homeowners Care?,579,,False,length
upequity.com,yc,fintech,cd9d130e88574c70,https://blog.upequity.com/can-i-get-a-mortgage-if-i-owe-the-irs-back-taxes,https://web.archive.org/web/20220927113914/https://blog.upequity.com/can-i-get-a-mortgage-if-i-owe-the-irs-back-taxes,20220927113914,Can I Get a Mortgage if I Owe the IRS Money for Back Taxes?,798,informational,True,
upequity.com,yc,fintech,,https://blog.upequity.com/press/metaverse-virtual-real-estate-boom,https://web.archive.org/web/20220120201847/https://blog.upequity.com/press/metaverse-virtual-real-estate-boom,20220120201847,Metaverse Virtual Real Estate Boom,133,,False,length
upequity.com,yc,fintech,92b8ef8a4339ab13,https://blog.upequity.com/use-a-mortgage-calculator-and-find-out-your-home-buying-purchase-power,https://web.archive.org/web/20211112163818/https://blog.upequity.com/use-a-mortgage-calculator-and-find-out-your-home-buying-purchase-power,20211112163818,Use a Mortgage Calculator and Find Out Your Home-Buying Purchase Power,1193,informational,True,
upequity.com,yc,fintech,4fb71da1ddf37845,https://blog.upequity.com/should-you-include-appraisal-gap-coverage-when-buying-a-home,https://web.archive.org/web/20210925041759/https://blog.upequity.com/should-you-include-appraisal-gap-coverage-when-buying-a-home,20210925041759,Should You Include Appraisal Gap Coverage In Your Next Offer?,607,informational,True,
upequity.com,yc,fintech,f89b04b688b6989f,https://blog.upequity.com/picking-the-perfect-home-style-for-you,https://web.archive.org/web/20210925032532/https://blog.upequity.com/picking-the-perfect-home-style-for-you,20210925032532,Picking the Perfect Home Style For You,1064,informational,True,
upequity.com,yc,fintech,,https://blog.upequity.com/what-is-the-difference-between-a-fixed-and-variable-rate-mortgage,https://web.archive.org/web/20220819085901/https://blog.upequity.com/what-is-the-difference-between-a-fixed-and-variable-rate-mortgage,20220819085901,What Is The Difference Between A Fixed And Variable Rate Mortgage?,432,,False,length
upequity.com,yc,fintech,e3780ea9b6aa6121,https://blog.upequity.com/what-does-contingent-mean-in-real-estate,https://web.archive.org/web/20210925023628/https://blog.upequity.com/what-does-contingent-mean-in-real-estate,20210925023628,What Does Contingent Mean In Real Estate? Here's What To Know,986,informational,True,
upequity.com,yc,fintech,e12edaa396cc0a81,https://blog.upequity.com/why-does-your-credit-score-matter-when-applying-for-a-loan,https://web.archive.org/web/20220105145231/https://blog.upequity.com/why-does-your-credit-score-matter-when-applying-for-a-loan,20220105145231,Why Does Your Credit Score Matter When Applying for a Mortgage?,1193,informational,True,
upequity.com,yc,fintech,1e67db5775fed271,https://blog.upequity.com/how-often-do-mortgage-rates-change-in-the-united-states,https://web.archive.org/web/20220121155012/https://blog.upequity.com/how-often-do-mortgage-rates-change-in-the-united-states,20220121155012,How Often do Mortgage Rates Change in the United States?,1097,informational,True,
upequity.com,yc,fintech,edba8b8687b39c83,https://blog.upequity.com/choosing-the-right-mortgage-type-for-you,https://web.archive.org/web/20220120205508/https://blog.upequity.com/choosing-the-right-mortgage-type-for-you,20220120205508,What Type Of Mortgage Should I Get? Weighing the Pros and Cons,721,informational,True,
upequity.com,yc,fintech,,https://blog.upequity.com/press/ilender-offers-ca-home-sellers-up-to-3-mil-guaranteed-if-buyer-falter,https://web.archive.org/web/20220120193734/https://blog.upequity.com/press/ilender-offers-ca-home-sellers-up-to-3-mil-guaranteed-if-buyer-falter,20220120193734,iLender offers CA home sellers up to $3 mil guaranteed if buyer falter,114,,False,length
naborly.com,yc,fintech,9e16d4e69141808c,https://www.naborly.com/blog/5-tips-traveling-across-country,https://web.archive.org/web/20220706162533/https://www.naborly.com/blog/5-tips-traveling-across-country,20220706162533,5 Tips For Moving Across Country,885,informational,True,
naborly.com,yc,fintech,0fd28c33dc353768,https://naborly.com/blog/collect-rent-top-three-ways/,https://web.archive.org/web/20200807033742/https://naborly.com/blog/collect-rent-top-three-ways/,20200807033742,Top Three Ways to Collect Rent - Naborly Inc.,651,informational,True,
naborly.com,yc,fintech,0af3bbcc31a94030,https://naborly.com/blog/dos-donts-tenant-screening/,https://web.archive.org/web/20200807033207/https://naborly.com/blog/dos-donts-tenant-screening/,20200807033207,The Dos and Don’ts of Tenant Screening - Naborly Inc.,1181,informational,True,
naborly.com,yc,fintech,,https://naborly.com/blog/move-out-inspection-how-to/,https://web.archive.org/web/20191208050725/https://naborly.com/blog/move-out-inspection-how-to/,20191208050725,,0,,False,fetch_or_extract
naborly.com,yc,fintech,,https://www.naborly.com/blog/whats-new-at-naborly,https://web.archive.org/web/20200923234256/https://www.naborly.com/blog/whats-new-at-naborly,20200923234256,,0,,False,fetch_or_extract
naborly.com,yc,fintech,,https://naborly.com/blog/5-steps-building-healthy-working-relationship-tenants/,https://web.archive.org/web/20200807030606/https://naborly.com/blog/5-steps-building-healthy-working-relationship-tenants/,20200807030606,,0,,False,fetch_or_extract
naborly.com,yc,fintech,,https://naborly.com/blog/debunking-the-rent-to-income-ratio/,https://web.archive.org/web/20191208060133/https://naborly.com/blog/debunking-the-rent-to-income-ratio/,20191208060133,,0,,False,fetch_or_extract
naborly.com,yc,fintech,,https://www.naborly.com/blog/2022-challenges-for-rental-property-owners,https://web.archive.org/web/20211018205920/https://www.naborly.com/blog/2022-challenges-for-rental-property-owners,20211018205920,,0,,False,fetch_or_extract
naborly.com,yc,fintech,,https://www.naborly.com/blog/understanding-cosigning-companies,https://web.archive.org/web/20211021020243/https://www.naborly.com/blog/understanding-cosigning-companies,20211021020243,,0,,False,fetch_or_extract
naborly.com,yc,fintech,,https://www.naborly.com/blog/rental-trends-usa-2021,https://web.archive.org/web/20211027214131/https://www.naborly.com/blog/rental-trends-usa-2021,20211027214131,,0,,False,fetch_or_extract
naborly.com,yc,fintech,,https://naborly.com/blog/collections-conundrums/,https://web.archive.org/web/20190723024913/https://naborly.com/blog/collections-conundrums/,20190723024913,,0,,False,fetch_or_extract
naborly.com,yc,fintech,,https://www.naborly.com/blog/find-tenants-winter-months,https://web.archive.org/web/20220706170646/https://www.naborly.com/blog/find-tenants-winter-months,20220706170646,,0,,False,fetch_or_extract
naborly.com,yc,fintech,,https://naborly.com/blog/fake-credit-reports-on-the-rise-in-toronto-what-every-landlord-needs-to-know/,https://web.archive.org/web/20191208051512/https://naborly.com/blog/fake-credit-reports-on-the-rise-in-toronto-what-every-landlord-needs-to-know/,20191208051512,,0,,False,fetch_or_extract
naborly.com,yc,fintech,,https://naborly.com/blog/cosigner-on-a-lease/,https://web.archive.org/web/20191021224035/https://naborly.com/blog/cosigner-on-a-lease/,20191021224035,,0,,False,fetch_or_extract
naborly.com,yc,fintech,,https://naborly.com/blog/civil-forfeiture/,https://web.archive.org/web/20191021222718/https://naborly.com/blog/civil-forfeiture/,20191021222718,,0,,False,fetch_or_extract
castle.io,yc,devtools,cf2dac6bf446c21e,https://blog.castle.io/how-to-think-about-gdpr-as-a-security-vendor/,https://web.archive.org/web/20200813112424/https://blog.castle.io/how-to-think-about-gdpr-as-a-security-vendor/,20200813112424,How to Think About GDPR as a Security Vendor,1021,informational,True,
castle.io,yc,devtools,377484f1cadeb792,https://blog.castle.io/redefining-security-as-a-profit-driver/,https://web.archive.org/web/20200616183131/https://blog.castle.io/redefining-security-as-a-profit-driver/,20200616183131,Why Online Services with Good Security Are More Profitable,959,informational,True,
castle.io,yc,devtools,,https://blog.castle.io/managing-atos-when-online-engagement-is-at-a-peak/,https://web.archive.org/web/20200616173951/https://blog.castle.io/managing-atos-when-online-engagement-is-at-a-peak/,20200616173951,,0,,False,fetch_or_extract
castle.io,yc,devtools,,https://blog.castle.io/introducing-codeless-customer-account-protection/,https://web.archive.org/web/20190917211427/https://blog.castle.io/introducing-codeless-customer-account-protection/,20190917211427,,0,,False,fetch_or_extract
castle.io,yc,devtools,,https://blog.castle.io/cybernews-interview/,https://web.archive.org/web/20220517181520/https://blog.castle.io/cybernews-interview/,20220517181520,,0,,False,fetch_or_extract
castle.io,yc,devtools,,https://blog.castle.io/announcing-the-event-explorer/,https://web.archive.org/web/20210729145713/https://blog.castle.io/announcing-the-event-explorer/,20210729145713,,0,,False,fetch_or_extract
castle.io,yc,devtools,,https://blog.castle.io/how-acting-like-your-neighbor-helps-attackers-perpetrate-account-takeover-attacks/,https://web.archive.org/web/20200616162721/https://blog.castle.io/how-acting-like-your-neighbor-helps-attackers-perpetrate-account-takeover-attacks/,20200616162721,,0,,False,fetch_or_extract
castle.io,yc,devtools,,https://blog.castle.io/8-things-to-avoid-when-building-account-takeover-prevention-in-house/,https://web.archive.org/web/20210510084425/https://blog.castle.io/8-things-to-avoid-when-building-account-takeover-prevention-in-house/,20210510084425,,0,,False,fetch_or_extract
castle.io,yc,devtools,,https://blog.castle.io/account-takeovers-happen-at-login-not-the-transaction/,https://web.archive.org/web/20210510083237/https://blog.castle.io/account-takeovers-happen-at-login-not-the-transaction/,20210510083237,,0,,False,fetch_or_extract
castle.io,yc,devtools,,https://blog.castle.io/integration-debugger-console/,https://web.archive.org/web/20210510082446/https://blog.castle.io/integration-debugger-console/,20210510082446,,0,,False,fetch_or_extract
castle.io,yc,devtools,,https://blog.castle.io/why-users-need-to-be-central-to-account-takeover-prevention/,https://web.archive.org/web/20190917211419/https://blog.castle.io/why-users-need-to-be-central-to-account-takeover-prevention/,20190917211419,,0,,False,fetch_or_extract
castle.io,yc,devtools,,https://blog.castle.io/living-on-the-edge-less-servers-less-code-more-security/,https://web.archive.org/web/20191016101818/https://blog.castle.io/living-on-the-edge-less-servers-less-code-more-security/,20191016101818,,0,,False,fetch_or_extract
castle.io,yc,devtools,,https://blog.castle.io/a-layered-approach-to-bot-detection-and-ato-prevention/,https://web.archive.org/web/20210325161533/https://blog.castle.io/a-layered-approach-to-bot-detection-and-ato-prevention/,20210325161533,,0,,False,fetch_or_extract
castle.io,yc,devtools,,https://blog.castle.io/3-things-anti-fraud-tools-need-to-do-to-effectively-prevent-account-takeover/,https://web.archive.org/web/20190820011729/https://blog.castle.io/3-things-anti-fraud-tools-need-to-do-to-effectively-prevent-account-takeover/,20190820011729,,0,,False,fetch_or_extract
castle.io,yc,devtools,,https://blog.castle.io/bad-bots-vs-seo-where-security-and-marketing-collide/,https://web.archive.org/web/20200511032948/https://blog.castle.io/bad-bots-vs-seo-where-security-and-marketing-collide/,20200511032948,,0,,False,fetch_or_extract
getmeadow.com,yc,ecommerce,,https://getmeadow.com/blog/serving-cannabis-q-and-a-with-old-pal-ceo-rusty-wilenkin,https://web.archive.org/web/20210926055706/https://getmeadow.com/blog/serving-cannabis-q-and-a-with-old-pal-ceo-rusty-wilenkin,20210926055706,,0,,False,fetch_or_extract
getmeadow.com,yc,ecommerce,,https://getmeadow.com/blog/the-cannabis-411-part-1-a-brief-history-of-cannabis-criminalization-in-the-us,https://web.archive.org/web/20211018233317/https://getmeadow.com/blog/the-cannabis-411-part-1-a-brief-history-of-cannabis-criminalization-in-the-us,20211018233317,,0,,False,fetch_or_extract
getmeadow.com,yc,ecommerce,,https://getmeadow.com/blog/why-california-dispensaries-need-a-california-specific-pos-for-compliant,https://web.archive.org/web/20210621231112/https://getmeadow.com/blog/why-california-dispensaries-need-a-california-specific-pos-for-compliant,20210621231112,,0,,False,fetch_or_extract
getmeadow.com,yc,ecommerce,,https://getmeadow.com/blog/hall-of-flowers-arena-booth-sales-powered-by-meadow,https://web.archive.org/web/20210621224648/https://getmeadow.com/blog/hall-of-flowers-arena-booth-sales-powered-by-meadow,20210621224648,,0,,False,fetch_or_extract
getmeadow.com,yc,ecommerce,,https://getmeadow.com/blog/meadow-cannabis-retail-software-powers-the-first-legal-sales-at-hippie-hill,https://web.archive.org/web/20220701164401/https://getmeadow.com/blog/meadow-cannabis-retail-software-powers-the-first-legal-sales-at-hippie-hill,20220701164401,,0,,False,fetch_or_extract
getmeadow.com,yc,ecommerce,,https://getmeadow.com/blog/meadow-memo-dispensary-marketing-and-building-brand-relationships,https://web.archive.org/web/20220819150935/https://getmeadow.com/blog/meadow-memo-dispensary-marketing-and-building-brand-relationships,20220819150935,,0,,False,fetch_or_extract
getmeadow.com,yc,ecommerce,,https://getmeadow.com/blog/the-fastest-cannabis-delivery-software-system-is-here,https://web.archive.org/web/20220526035457/https://getmeadow.com/blog/the-fastest-cannabis-delivery-software-system-is-here,20220526035457,,0,,False,fetch_or_extract
getmeadow.com,yc,ecommerce,,https://getmeadow.com/blog/meadowlands-2018-californias-cannabis-supply-chain-panel,https://web.archive.org/web/20211018221623/https://getmeadow.com/blog/meadowlands-2018-californias-cannabis-supply-chain-panel,20211018221623,,0,,False,fetch_or_extract
getmeadow.com,yc,ecommerce,,https://getmeadow.com/blog/meadow-memo-surviving-the-storm-of-california-cannabis,https://web.archive.org/web/20220701161630/https://getmeadow.com/blog/meadow-memo-surviving-the-storm-of-california-cannabis,20220701161630,,0,,False,fetch_or_extract
getmeadow.com,yc,ecommerce,,https://getmeadow.com/blog/q-and-a-with-weldon-angelos-highlighting-the-weldon-project-and-mission,https://web.archive.org/web/20210802110502/https://getmeadow.com/blog/q-and-a-with-weldon-angelos-highlighting-the-weldon-project-and-mission,20210802110502,,0,,False,fetch_or_extract
getmeadow.com,yc,ecommerce,,https://getmeadow.com/blog/cannabis-m-and-a-summit-creating-deal-terms-contracts-equity-and-licenses,https://web.archive.org/web/20220819143519/https://getmeadow.com/blog/cannabis-m-and-a-summit-creating-deal-terms-contracts-equity-and-licenses,20220819143519,,0,,False,fetch_or_extract
getmeadow.com,yc,ecommerce,,https://getmeadow.com/blog/the-dabbies-awards-presented-by-the-hood-incubator,https://web.archive.org/web/20210911201717/https://getmeadow.com/blog/the-dabbies-awards-presented-by-the-hood-incubator,20210911201717,,0,,False,fetch_or_extract
getmeadow.com,yc,ecommerce,,https://getmeadow.com/blog/how-to-launch-compliant-cannabis-delivery-in-california,https://web.archive.org/web/20210621224336/https://getmeadow.com/blog/how-to-launch-compliant-cannabis-delivery-in-california,20210621224336,,0,,False,fetch_or_extract
getmeadow.com,yc,ecommerce,,https://getmeadow.com/blog/cannabis-case-study-bleu-diamond-delivery,https://web.archive.org/web/20220415182619/https://getmeadow.com/blog/cannabis-case-study-bleu-diamond-delivery,20220415182619,,0,,False,fetch_or_extract
getmeadow.com,yc,ecommerce,,https://getmeadow.com/blog/serving-cannabis-q-and-a-with-nabis-ceo-vincent-ning,https://web.archive.org/web/20210628185123/https://getmeadow.com/blog/serving-cannabis-q-and-a-with-nabis-ceo-vincent-ning,20210628185123,,0,,False,fetch_or_extract
adyn.com,yc,ecommerce,bf894a7af60c5f16,https://adyn.com/blog/can-birth-control-cause-infertility/,https://web.archive.org/web/20220522082108/https://adyn.com/blog/can-birth-control-cause-infertility/,20220522082108,Can Birth Control Cause Infertility? | adyn,1268,informational,True,
adyn.com,yc,ecommerce,2570f73709533b9c,https://adyn.com/blog/how-effective-is-plan-b-and-other-questions-about-emergency-contraceptives/,https://web.archive.org/web/20220522081348/https://adyn.com/blog/how-effective-is-plan-b-and-other-questions-about-emergency-contraceptives/,20220522081348,How effective is Plan B? And other questions about emergency contraceptives | adyn,1560,informational,True,
adyn.com,yc,ecommerce,21ad66c7cf6dc154,https://adyn.com/blog/male-female-sex-hormones/,https://web.archive.org/web/20221001102145/https://adyn.com/blog/male-female-sex-hormones/,20221001102145,Male and Female Sex Hormones (That Actually Everyone Has) | adyn,980,informational,True,
adyn.com,yc,ecommerce,622a2971f7062f9b,https://adyn.com/blog/the-11-biggest-std-myths-debunked/,https://web.archive.org/web/20220225011328/https://adyn.com/blog/the-11-biggest-std-myths-debunked/,20220225011328,"The 11 Biggest STD Myths, Debunked | adyn",1699,informational,True,
adyn.com,yc,ecommerce,b372462e05e4e0ec,https://adyn.com/blog/withdrawal-bleeding-from-birth-control-what-you-need-to-know/,https://web.archive.org/web/20220225040356/https://adyn.com/blog/withdrawal-bleeding-from-birth-control-what-you-need-to-know/,20220225040356,Withdrawal bleeding from birth control: What you need to know | adyn,2183,informational,True,
adyn.com,yc,ecommerce,,https://adyn.com/blog/adyn-ceo-elizabeth-ruzzo-wants-to-help-you-optimize-your-birth-control/,https://web.archive.org/web/20220522071050/https://adyn.com/blog/adyn-ceo-elizabeth-ruzzo-wants-to-help-you-optimize-your-birth-control/,20220522071050,adyn CEO Elizabeth Ruzzo Wants to Help You Optimize Your Birth Control | adyn,1524,news_pr,False,genre
adyn.com,yc,ecommerce,4d444e51208dd79f,https://adyn.com/blog/expired-birth-control/,https://web.archive.org/web/20220706191132/https://adyn.com/blog/expired-birth-control/,20220706191132,Can You Still Take Expired Birth Control Pills? | adyn,1102,informational,True,
adyn.com,yc,ecommerce,bf36bb8ad188fc1d,https://adyn.com/blog/beyond-the-birth-control-quiz/,https://web.archive.org/web/20220522064942/https://adyn.com/blog/beyond-the-birth-control-quiz/,20220522064942,5 Reasons Birth Control Selection Should Be More Than An Online Quiz | adyn,1377,informational,True,
adyn.com,yc,ecommerce,f9b5ff4b5af72c33,https://adyn.com/blog/state-of-abortion-laws-post-roe-vs-wade/,https://web.archive.org/web/20220628131051/https://adyn.com/blog/state-of-abortion-laws-post-roe-vs-wade/,20220628131051,The State of Abortion Laws in a Post-Roe United States | adyn,1178,informational,True,
adyn.com,yc,ecommerce,3d40a6d6af9f7821,https://adyn.com/blog/whats-the-best-birth-control/,https://web.archive.org/web/20220522082805/https://adyn.com/blog/whats-the-best-birth-control/,20220522082805,What’s the best birth control? | adyn,2189,informational,True,
adyn.com,yc,ecommerce,b53962048cb77ccf,https://adyn.com/blog/iud-side-effects/,https://web.archive.org/web/20220706182501/https://adyn.com/blog/iud-side-effects/,20220706182501,What Are the Most Common IUD Side Effects? | adyn,1199,informational,True,
adyn.com,yc,ecommerce,548c01cdee4d11ba,https://adyn.com/blog/birth-control-pmdd-symptoms/,https://web.archive.org/web/20220522071258/https://adyn.com/blog/birth-control-pmdd-symptoms/,20220522071258,Does birth control help with PMDD symptoms? | adyn,1689,informational,True,
adyn.com,yc,ecommerce,66e7ca2791ff658b,https://adyn.com/blog/8-reasons-move-fast-and-break-things-doesnt-work-for-health-care-companies/,https://web.archive.org/web/20220522075447/https://adyn.com/blog/8-reasons-move-fast-and-break-things-doesnt-work-for-health-care-companies/,20220522075447,8 reasons “move fast and break things” doesn’t work for health care companies | adyn,1174,informational,True,
archbee.com,yc,devtools,29cfcef643b115df,https://www.archbee.com/blog/api-documentation,https://web.archive.org/web/20220723134921/https://www.archbee.com/blog/api-documentation,20220723134921,Guide to API Documentation,2384,informational,True,
archbee.com,yc,devtools,,https://www.archbee.com/blog/single-sourcing-in-technical-writing,https://web.archive.org/web/20221006063237/https://www.archbee.com/blog/single-sourcing-in-technical-writing,20221006063237,Single Sourcing in Technical Writing: An Overview,2726,,False,length
archbee.com,yc,devtools,34907117bd0ebf0d,https://www.archbee.com/blog/software-testing-documentation,https://web.archive.org/web/20220723134921/https://www.archbee.com/blog/software-testing-documentation,20220723134921,Software Testing Documentation: What Is It and Why Should You Have It?,2042,informational,True,
archbee.com,yc,devtools,a9942b9e30d72283,https://www.archbee.com/blog/technical-writer-certifications,https://web.archive.org/web/20221006082248/https://www.archbee.com/blog/technical-writer-certifications,20221006082248,10 Best Certifications in Technical Writing for Technical Writers,2332,informational,True,
archbee.com,yc,devtools,ef398119446d20a4,https://www.archbee.com/blog/technical-writer-soft-skills,https://web.archive.org/web/20221006080606/https://www.archbee.com/blog/technical-writer-soft-skills,20221006080606,6 Soft Skills Every Technical Writer Should Possess,2343,informational,True,
archbee.com,yc,devtools,5d10d5d8d96a7024,https://www.archbee.com/blog/code-documentation-best-practices,https://web.archive.org/web/20221129132635/https://www.archbee.com/blog/code-documentation-best-practices,20221129132635,Best Practices in Code Documentation for Software Engineers,2298,informational,True,
archbee.com,yc,devtools,38cc9ae930254fce,https://www.archbee.com/blog/technical-writer-job-stress,https://web.archive.org/web/20221006074214/https://www.archbee.com/blog/technical-writer-job-stress,20221006074214,Is Being a Technical Writer Stressful?,2379,informational,True,
archbee.com,yc,devtools,,https://www.archbee.com/blog/research-in-technical-writing,https://web.archive.org/web/20221006083001/https://www.archbee.com/blog/research-in-technical-writing,20221006083001,,0,,False,fetch_or_extract
archbee.com,yc,devtools,,https://www.archbee.com/blog/employee-orientation-vs-onboarding,https://web.archive.org/web/20221006072841/https://www.archbee.com/blog/employee-orientation-vs-onboarding,20221006072841,,0,,False,fetch_or_extract
archbee.com,yc,devtools,,https://www.archbee.com/blog-categories/onboarding-new-hires,https://web.archive.org/web/20221129150649/https://www.archbee.com/blog-categories/onboarding-new-hires,20221129150649,,0,,False,fetch_or_extract
archbee.com,yc,devtools,,https://www.archbee.com/blog/software-documentation-terms,https://web.archive.org/web/20221006080905/https://www.archbee.com/blog/software-documentation-terms,20221006080905,,0,,False,fetch_or_extract
archbee.com,yc,devtools,,https://www.archbee.com/blog/we-raised-3m-to-rethink-documentation,https://web.archive.org/web/20220808132708/https://www.archbee.com/blog/we-raised-3m-to-rethink-documentation,20220808132708,,0,,False,fetch_or_extract
archbee.com,yc,devtools,,https://www.archbee.com/blog/how-to-improve-technical-writing-skills,https://web.archive.org/web/20221008005419/https://www.archbee.com/blog/how-to-improve-technical-writing-skills,20221008005419,,0,,False,fetch_or_extract
archbee.com,yc,devtools,,https://www.archbee.com/blog/10-open-source-tech-you-should-take-a-look-at-before-2020,https://web.archive.org/web/20220924061525/https://www.archbee.com/blog/10-open-source-tech-you-should-take-a-look-at-before-2020,20220924061525,,0,,False,fetch_or_extract
archbee.com,yc,devtools,,https://www.archbee.com/blog/good-software-documentation-practices,https://web.archive.org/web/20220723134921/https://www.archbee.com/blog/good-software-documentation-practices,20220723134921,,0,,False,fetch_or_extract
enterneverland.com,yc,ecommerce,f90dd0da05e12232,https://www.enterneverland.com/blog/c/collections/best-pink-houseplants-and-perennials-for-your-space,https://web.archive.org/web/20221007153232/https://www.enterneverland.com/blog/c/collections/best-pink-houseplants-and-perennials-for-your-space,20221007153232,Best Pink Houseplants and Perennials For Your Space | Neverland Blog,1747,informational,True,
enterneverland.com,yc,ecommerce,37c653ad464eae45,https://www.enterneverland.com/blog/how-to-achieve-proper-chinese-elm-bonsai-care,https://web.archive.org/web/20220629043446/https://www.enterneverland.com/blog/how-to-achieve-proper-chinese-elm-bonsai-care,20220629043446,How To Achieve Proper Chinese Elm Bonsai Care | Neverland Blog,2109,informational,True,
enterneverland.com,yc,ecommerce,,https://www.enterneverland.com/blog/how-to-choose-and-use-a-tomato-cage,https://web.archive.org/web/20220629040826/https://www.enterneverland.com/blog/how-to-choose-and-use-a-tomato-cage,20220629040826,How to Choose and Use a Tomato Cage | Neverland Blog,2892,,False,length
enterneverland.com,yc,ecommerce,,https://www.enterneverland.com/blog/how-to-grow-and-care-for-alocasia-maharani,https://web.archive.org/web/20221122101744/https://www.enterneverland.com/blog/how-to-grow-and-care-for-alocasia-maharani,20221122101744,How to Grow and Care For Alocasia Maharani | Neverland Blog,2882,,False,length
enterneverland.com,yc,ecommerce,27912f48995c24e6,https://www.enterneverland.com/blog/how-to-grow-and-care-for-philodendron-micans,https://web.archive.org/web/20220629044041/https://www.enterneverland.com/blog/how-to-grow-and-care-for-philodendron-micans,20220629044041,How to Grow and Care For Philodendron Micans | Neverland Blog,2119,informational,True,
enterneverland.com,yc,ecommerce,a4e2c25df0652442,https://www.enterneverland.com/blog/c/plant-care/how-to-grow-and-care-for-neon-pothos-ultimate-guide,https://web.archive.org/web/20221007160229/https://www.enterneverland.com/blog/c/plant-care/how-to-grow-and-care-for-neon-pothos-ultimate-guide,20221007160229,How to Grow and Care for Neon Pothos | Neverland Blog,2310,informational,True,
enterneverland.com,yc,ecommerce,,https://www.enterneverland.com/blog/how-to-grow-and-care-for-alocasia-polly,https://web.archive.org/web/20221007161530/https://www.enterneverland.com/blog/how-to-grow-and-care-for-alocasia-polly,20221007161530,How to Grow and Care For Alocasia Polly | Neverland Blog,2857,,False,length
enterneverland.com,yc,ecommerce,,https://www.enterneverland.com/blog/how-to-plant-the-snow-queen-pothos,https://web.archive.org/web/20220629044350/https://www.enterneverland.com/blog/how-to-plant-the-snow-queen-pothos,20220629044350,,0,,False,fetch_or_extract
enterneverland.com,yc,ecommerce,,https://www.enterneverland.com/blog/how-to-grow-and-care-for-stephania-erecta,https://web.archive.org/web/20220629032620/https://www.enterneverland.com/blog/how-to-grow-and-care-for-stephania-erecta,20220629032620,,0,,False,fetch_or_extract
enterneverland.com,yc,ecommerce,,https://www.enterneverland.com/blog/c/indoor/raven-zz-plant-comprehensive-care-guide,https://web.archive.org/web/20221007163409/https://www.enterneverland.com/blog/c/indoor/raven-zz-plant-comprehensive-care-guide,20221007163409,,0,,False,fetch_or_extract
enterneverland.com,yc,ecommerce,,https://www.enterneverland.com/blog/how-to-prevent-and-treat-root-rot,https://web.archive.org/web/20220629033813/https://www.enterneverland.com/blog/how-to-prevent-and-treat-root-rot,20220629033813,,0,,False,fetch_or_extract
enterneverland.com,yc,ecommerce,,https://www.enterneverland.com/blog/c/plant-care/choosing-the-right-succulent-pots-comprehensive-guide,https://web.archive.org/web/20221122101739/https://www.enterneverland.com/blog/c/plant-care/choosing-the-right-succulent-pots-comprehensive-guide,20221122101739,,0,,False,fetch_or_extract
enterneverland.com,yc,ecommerce,,https://www.enterneverland.com/blog/c/plant-care/raven-zz-plant-comprehensive-care-guide,https://web.archive.org/web/20221122101742/https://www.enterneverland.com/blog/c/plant-care/raven-zz-plant-comprehensive-care-guide,20221122101742,,0,,False,fetch_or_extract
enterneverland.com,yc,ecommerce,,https://www.enterneverland.com/blog/how-to-grow-propagate-and-care-for-lipstick-echeveria,https://web.archive.org/web/20220629031317/https://www.enterneverland.com/blog/how-to-grow-propagate-and-care-for-lipstick-echeveria,20220629031317,,0,,False,fetch_or_extract
enterneverland.com,yc,ecommerce,,https://www.enterneverland.com/blog/how-to-care-for-philodendron-pink-princess,https://web.archive.org/web/20220729204558/https://www.enterneverland.com/blog/how-to-care-for-philodendron-pink-princess,20220729204558,,0,,False,fetch_or_extract
beacons.ai,yc,ecommerce,d0d99df83da4c94d,https://blog.beacons.ai/how-to-add-links-to-instagram-stories/,https://web.archive.org/web/20210922065445/https://blog.beacons.ai/how-to-add-links-to-instagram-stories/,20210922065445,How to add links to Instagram Stories & get more clicks | Beacons,1765,informational,True,
beacons.ai,yc,ecommerce,a7dc9a73b14260be,https://blog.beacons.ai/proven-best-times-to-post-on-instagram-every-day-of-the-week/,https://web.archive.org/web/20210902191828/https://blog.beacons.ai/proven-best-times-to-post-on-instagram-every-day-of-the-week/,20210902191828,The proven best times to post on Instagram every day of the week | Beacons,2395,informational,True,
beacons.ai,yc,ecommerce,845dd85eebdeb048,https://blog.beacons.ai/the-best-time-to-post-on-tiktok-every-day-of-the-week/,https://web.archive.org/web/20210928134411/https://blog.beacons.ai/the-best-time-to-post-on-tiktok-every-day-of-the-week/,20210928134411,The Best Time to Post on TikTok Every Day of the Week | Beacons,2180,informational,True,
beacons.ai,yc,ecommerce,1e539f1f3b169d9f,https://blog.beacons.ai/youtube-gaming-channel/,https://web.archive.org/web/20210928130032/https://blog.beacons.ai/youtube-gaming-channel/,20210928130032,How To Start & Grow A YouTube Gaming Channel | Beacons,1900,informational,True,
beacons.ai,yc,ecommerce,,https://blog.beacons.ai/building-your-email-list/,https://web.archive.org/web/20201021013536/https://blog.beacons.ai/building-your-email-list/,20201021013536,Building your email list 📬,235,,False,length
beacons.ai,yc,ecommerce,6bf460d86d56c8a7,https://blog.beacons.ai/getting-started-with-beacons/,https://web.archive.org/web/20201021010709/https://blog.beacons.ai/getting-started-with-beacons/,20201021010709,🚦Getting started with your Beacons profile,665,informational,True,
beacons.ai,yc,ecommerce,,https://blog.beacons.ai/optimizing-your-links-for-clicks/,https://web.archive.org/web/20201021020033/https://blog.beacons.ai/optimizing-your-links-for-clicks/,20201021020033,,0,,False,fetch_or_extract
beacons.ai,yc,ecommerce,,https://blog.beacons.ai/13-ideas-for-your-creators-block/,https://web.archive.org/web/20210928123159/https://blog.beacons.ai/13-ideas-for-your-creators-block/,20210928123159,,0,,False,fetch_or_extract
beacons.ai,yc,ecommerce,,https://blog.beacons.ai/creator-spotlight/,https://web.archive.org/web/20211202031348/https://blog.beacons.ai/creator-spotlight/,20211202031348,,0,,False,fetch_or_extract
beacons.ai,yc,ecommerce,,https://blog.beacons.ai/7-ways-to-make-money-while-you-sleep/,https://web.archive.org/web/20210816144525/https://blog.beacons.ai/7-ways-to-make-money-while-you-sleep/,20210816144525,,0,,False,fetch_or_extract
beacons.ai,yc,ecommerce,,https://blog.beacons.ai/custom-themes/,https://web.archive.org/web/20210928145057/https://blog.beacons.ai/custom-themes/,20210928145057,,0,,False,fetch_or_extract
beacons.ai,yc,ecommerce,,https://blog.beacons.ai/taking-commissions/,https://web.archive.org/web/20201127164737/https://blog.beacons.ai/taking-commissions/,20201127164737,,0,,False,fetch_or_extract
beacons.ai,yc,ecommerce,,https://blog.beacons.ai/how-to-become-famous-on-tiktok/,https://web.archive.org/web/20210929200451/https://blog.beacons.ai/how-to-become-famous-on-tiktok/,20210929200451,,0,,False,fetch_or_extract
beacons.ai,yc,ecommerce,,https://blog.beacons.ai/connect-with-your-audience-directly/,https://web.archive.org/web/20211019202756/https://blog.beacons.ai/connect-with-your-audience-directly/,20211019202756,,0,,False,fetch_or_extract
beacons.ai,yc,ecommerce,,https://blog.beacons.ai/your-beacons-digital-store/,https://web.archive.org/web/20201127170621/https://blog.beacons.ai/your-beacons-digital-store/,20201127170621,,0,,False,fetch_or_extract
catch.co,yc,fintech,,https://www.catch.co/blog/2020-recap-taxes,https://web.archive.org/web/20210303140025/https://www.catch.co/blog/2020-recap-taxes,20210303140025,,0,,False,fetch_or_extract
catch.co,yc,fintech,,https://catch.co/blog/3-health-insurance-excuses-answered-why-to-stay-insured/,https://web.archive.org/web/20190823093226/https://catch.co/blog/3-health-insurance-excuses-answered-why-to-stay-insured/,20190823093226,,0,,False,fetch_or_extract
catch.co,yc,fintech,,https://catch.co/blog/health-insurance-metallic-plans-and-cost-savings/,https://web.archive.org/web/20190823090225/https://catch.co/blog/health-insurance-metallic-plans-and-cost-savings/,20190823090225,,0,,False,fetch_or_extract
catch.co,yc,fintech,,https://www.catch.co/blog/how-to-pay-off-student-loan-debt-as-a-freelancer-contractor,https://web.archive.org/web/20190721145948/https://www.catch.co/blog/how-to-pay-off-student-loan-debt-as-a-freelancer-contractor,20190721145948,,0,,False,fetch_or_extract
catch.co,yc,fintech,,https://catch.co/blog/a-new-freelancer-writes/,https://web.archive.org/web/20190918181031/https://catch.co/blog/a-new-freelancer-writes/,20190918181031,,0,,False,fetch_or_extract
catch.co,yc,fintech,,https://www.catch.co/blog/health-insurance-auto-renewal,https://web.archive.org/web/20210122160256/https://www.catch.co/blog/health-insurance-auto-renewal,20210122160256,,0,,False,fetch_or_extract
catch.co,yc,fintech,,https://www.catch.co/blog/what-options-do-i-have-to-control-the-costs-of-health-insurance,https://web.archive.org/web/20201204051328/https://www.catch.co/blog/what-options-do-i-have-to-control-the-costs-of-health-insurance,20201204051328,,0,,False,fetch_or_extract
catch.co,yc,fintech,,https://catch.co/blog/top-tools-new-freelancers-should-know-about-copy,https://web.archive.org/web/20210624111131/https://catch.co/blog/top-tools-new-freelancers-should-know-about-copy,20210624111131,,0,,False,fetch_or_extract
catch.co,yc,fintech,,https://www.catch.co/blog/interview-with-carolyn-bothwell-founder-of-freelance-founders,https://web.archive.org/web/20200928105512/https://www.catch.co/blog/interview-with-carolyn-bothwell-founder-of-freelance-founders,20200928105512,,0,,False,fetch_or_extract
catch.co,yc,fintech,,https://catch.co/blog/benefits-and-challenges-of-working-as-a-freelancer/,https://web.archive.org/web/20190823090245/https://catch.co/blog/benefits-and-challenges-of-working-as-a-freelancer/,20190823090245,,0,,False,fetch_or_extract
catch.co,yc,fintech,,https://www.catch.co/blog/how-does-the-catch-health-explorer-work,https://web.archive.org/web/20201204045026/https://www.catch.co/blog/how-does-the-catch-health-explorer-work,20201204045026,,0,,False,fetch_or_extract
catch.co,yc,fintech,,https://catch.co/blog/advice-for-freelancers-from-a-freelancer/,https://web.archive.org/web/20190918180257/https://catch.co/blog/advice-for-freelancers-from-a-freelancer/,20190918180257,,0,,False,fetch_or_extract
catch.co,yc,fintech,,https://catch.co/blog/why-you-must-balance-hustle-and-rest/,https://web.archive.org/web/20190823090342/https://catch.co/blog/why-you-must-balance-hustle-and-rest/,20190823090342,,0,,False,fetch_or_extract
catch.co,yc,fintech,,https://www.catch.co/blog/is-there-affordable-health-insurance-for-me,https://web.archive.org/web/20201204052917/https://www.catch.co/blog/is-there-affordable-health-insurance-for-me,20201204052917,,0,,False,fetch_or_extract
catch.co,yc,fintech,,https://www.catch.co/blog/2021-covid-19-special-enrollment-period,https://web.archive.org/web/20210224173857/https://www.catch.co/blog/2021-covid-19-special-enrollment-period,20210224173857,,0,,False,fetch_or_extract
usefriz.com,yc,devtools,,https://blog.usefriz.com/how-lending-is-evolving-for-the-future-of-work/,https://web.archive.org/web/20220120102208/https://blog.usefriz.com/how-lending-is-evolving-for-the-future-of-work/,20220120102208,,0,,False,fetch_or_extract
usefriz.com,yc,devtools,,https://blog.usefriz.com/how-to-be-successful-as-a-freelancer-in-singapore/,https://web.archive.org/web/20220120104255/https://blog.usefriz.com/how-to-be-successful-as-a-freelancer-in-singapore/,20220120104255,,0,,False,fetch_or_extract
usefriz.com,yc,devtools,,https://blog.usefriz.com/top-10-best-accounting-software-tools-for-freelancers-to-manage-finances/,https://web.archive.org/web/20220202130717/https://blog.usefriz.com/top-10-best-accounting-software-tools-for-freelancers-to-manage-finances/,20220202130717,,0,,False,fetch_or_extract
usefriz.com,yc,devtools,,https://blog.usefriz.com/2-easy-ways-to-follow-through-on-your-new-year-resolutions/,https://web.archive.org/web/20220517145017/https://blog.usefriz.com/2-easy-ways-to-follow-through-on-your-new-year-resolutions/,20220517145017,,0,,False,fetch_or_extract
usefriz.com,yc,devtools,,https://blog.usefriz.com/freelancers-guide-to-calculating-your-rates-negotiating-your-fee/,https://web.archive.org/web/20220517150242/https://blog.usefriz.com/freelancers-guide-to-calculating-your-rates-negotiating-your-fee/,20220517150242,,0,,False,fetch_or_extract
usefriz.com,yc,devtools,,https://blog.usefriz.com/how-to-think-about-pricing-freelancing-services/,https://web.archive.org/web/20220120111102/https://blog.usefriz.com/how-to-think-about-pricing-freelancing-services/,20220120111102,,0,,False,fetch_or_extract
usefriz.com,yc,devtools,,https://blog.usefriz.com/friz-is-a-y-combinator-company/,https://web.archive.org/web/20220120111026/https://blog.usefriz.com/friz-is-a-y-combinator-company/,20220120111026,,0,,False,fetch_or_extract
usefriz.com,yc,devtools,,https://blog.usefriz.com/why-register-a-business-entity-as-a-freelancer/,https://web.archive.org/web/20220120101250/https://blog.usefriz.com/why-register-a-business-entity-as-a-freelancer/,20220120101250,,0,,False,fetch_or_extract
usefriz.com,yc,devtools,,https://blog.usefriz.com/the-8-best-freelance-job-websites-in-singapore/,https://web.archive.org/web/20220120115640/https://blog.usefriz.com/the-8-best-freelance-job-websites-in-singapore/,20220120115640,,0,,False,fetch_or_extract
usefriz.com,yc,devtools,,https://blog.usefriz.com/nine-best-practices-for-freelancers-to-always-get-paid-on-time/,https://web.archive.org/web/20220120103449/https://blog.usefriz.com/nine-best-practices-for-freelancers-to-always-get-paid-on-time/,20220120103449,,0,,False,fetch_or_extract
usefriz.com,yc,devtools,,https://blog.usefriz.com/money-management-freelancers/,https://web.archive.org/web/20220120111743/https://blog.usefriz.com/money-management-freelancers/,20220120111743,,0,,False,fetch_or_extract
usefriz.com,yc,devtools,,https://blog.usefriz.com/calculating-your-own-fee/,https://web.archive.org/web/20220517135138/https://blog.usefriz.com/calculating-your-own-fee/,20220517135138,,0,,False,fetch_or_extract
usefriz.com,yc,devtools,,https://blog.usefriz.com/opportunities-for-freelance-software-developers/,https://web.archive.org/web/20220120114148/https://blog.usefriz.com/opportunities-for-freelance-software-developers/,20220120114148,,0,,False,fetch_or_extract
usefriz.com,yc,devtools,,https://blog.usefriz.com/work-life-balance-as-a-digital-entrepreneur/,https://web.archive.org/web/20220120120320/https://blog.usefriz.com/work-life-balance-as-a-digital-entrepreneur/,20220120120320,,0,,False,fetch_or_extract
usefriz.com,yc,devtools,,https://blog.usefriz.com/quick-payment-freelancer/,https://web.archive.org/web/20220120104332/https://blog.usefriz.com/quick-payment-freelancer/,20220120104332,,0,,False,fetch_or_extract
accept.inc,yc,fintech,1b20ac5913812709,https://accept.inc/blog/cash-vs-mortgage,https://web.archive.org/web/20220118043830/https://accept.inc/blog/cash-vs-mortgage,20220118043830,Buying a House Cash vs Mortgage - What's Better?,1388,informational,True,
accept.inc,yc,fintech,7b58080bd129ff97,https://accept.inc/blog/how-to-buy-a-home-step-2-find-your-financing,https://web.archive.org/web/20210418151907/https://accept.inc/blog/how-to-buy-a-home-step-2-find-your-financing,20210418151907,How to Buy a Home - Step Two: Find Your Financing,1459,informational,True,
accept.inc,yc,fintech,f0562d51d90a87d1,https://accept.inc/blog/how-to-find-the-best-mortgage-lender-in-denver,https://web.archive.org/web/20211130120405/https://accept.inc/blog/how-to-find-the-best-mortgage-lender-in-denver,20211130120405,How to Find the Best Mortgage Lender in Denver | Accept.inc,1362,informational,True,
accept.inc,yc,fintech,2027b70980e5d6a2,https://accept.inc/blog/cash-offer-cost-savings,https://web.archive.org/web/20220118051645/https://accept.inc/blog/cash-offer-cost-savings,20220118051645,The Hidden Discount of an All-Cash House Offer,864,informational,True,
accept.inc,yc,fintech,95e447c962f39927,https://accept.inc/blog/cost-of-waiting-to-buy-a-house,https://web.archive.org/web/20220129124038/https://accept.inc/blog/cost-of-waiting-to-buy-a-house,20220129124038,The Cost of Waiting: Reasons to Buy a Home in Early 2022,915,informational,True,
accept.inc,yc,fintech,0c492c625b84ebb2,https://accept.inc/blog/what-to-expect-home-inspection-and-contingency,https://web.archive.org/web/20220521062053/https://accept.inc/blog/what-to-expect-home-inspection-and-contingency,20220521062053,What to Expect from a Home Inspection as a Buyer,1572,informational,True,
accept.inc,yc,fintech,84361714a6d94252,https://accept.inc/blog/how-to-buy-a-home-step-three-find-a-neighborhood,https://web.archive.org/web/20210324022853/https://accept.inc/blog/how-to-buy-a-home-step-three-find-a-neighborhood,20210324022853,How to Buy a Home - Step Three: Choose a Neighborhood,1212,informational,True,
accept.inc,yc,fintech,e515657f89fdacdf,https://accept.inc/blog/whats-required-to-make-a-cash-offer-in-real-estate,https://web.archive.org/web/20211130114646/https://accept.inc/blog/whats-required-to-make-a-cash-offer-in-real-estate,20211130114646,Making a Cash Offer In Real Estate: What's Required,986,informational,True,
accept.inc,yc,fintech,ba73eb127d70fc1c,https://accept.inc/blog/home-selling,https://web.archive.org/web/20210916185801/https://accept.inc/blog/home-selling,20210916185801,Home Selling Resources,930,informational,True,
accept.inc,yc,fintech,a9a9bf982bbe9f36,https://accept.inc/blog/7-fees-closing-costs-associated-with-real-estate-cash-offers,https://web.archive.org/web/20210725193333/https://accept.inc/blog/7-fees-closing-costs-associated-with-real-estate-cash-offers,20210725193333,Closing Costs Associated With Real Estate Cash Offers,1247,informational,True,
accept.inc,yc,fintech,71afeb885d1fe264,https://accept.inc/blog/buying-house-with-cash,https://web.archive.org/web/20210916194006/https://accept.inc/blog/buying-house-with-cash,20210916194006,Buying a House with Cash: A Guide | Accept.inc,1778,informational,True,
accept.inc,yc,fintech,4167bb1ed84f713b,https://accept.inc/blog/how-to-pick-real-estate-agent,https://web.archive.org/web/20220325225743/https://accept.inc/blog/how-to-pick-real-estate-agent,20220325225743,How to Choose a Denver Real Estate Agent,1182,informational,True,
zbiotics.com,yc,ecommerce,a20d05e61409b353,https://zbiotics.com/blogs/journal/7-tips-to-feel-better-after-drinking-alcohol,https://web.archive.org/web/20211101182053/https://zbiotics.com/blogs/journal/7-tips-to-feel-better-after-drinking-alcohol,20211101182053,7 Tips to Feel Better After Drinking Alcohol,958,informational,True,
zbiotics.com,yc,ecommerce,98e473914d94b135,https://zbiotics.com/blogs/journal/alcohol-and-dehydration,https://web.archive.org/web/20200927152930/https://zbiotics.com/blogs/journal/alcohol-and-dehydration,20200927152930,Does alcohol really cause dehydration?,1729,informational,True,
zbiotics.com,yc,ecommerce,4ac06d09a2c9f1ce,https://zbiotics.com/blogs/journal/whats-wrong-with-probiotics-part-1,https://web.archive.org/web/20190824083653/https://zbiotics.com/blogs/journal/whats-wrong-with-probiotics-part-1,20190824083653,What's Wrong with Probiotics? Part 1,1181,informational,True,
zbiotics.com,yc,ecommerce,843d3ebda2fdcfc3,https://zbiotics.com/blogs/journal/what-is-acetaldehyde-and-why-does-it-matter,https://web.archive.org/web/20211208084649/https://zbiotics.com/blogs/journal/what-is-acetaldehyde-and-why-does-it-matter,20211208084649,What is Acetaldehyde?,1080,informational,True,
zbiotics.com,yc,ecommerce,f95d78bd3e5321e3,https://zbiotics.com/blogs/journal/3-cultural-shifts-that-will-change-how-we-drink-in-2020,https://web.archive.org/web/20200812055846/https://zbiotics.com/blogs/journal/3-cultural-shifts-that-will-change-how-we-drink-in-2020,20200812055846,Top 3 Drinking Trends for 2020,1834,informational,True,
zbiotics.com,yc,ecommerce,d98c19be5ce500bc,https://zbiotics.com/blogs/journal/product-safety,https://web.archive.org/web/20190824083854/https://zbiotics.com/blogs/journal/product-safety,20190824083854,Product Safety,2033,informational,True,
zbiotics.com,yc,ecommerce,a92101421fcff464,https://zbiotics.com/blogs/journal/alcohol-and-food-cravings,https://web.archive.org/web/20220907202654/https://zbiotics.com/blogs/journal/alcohol-and-food-cravings,20220907202654,Why Does Alcohol Make You Hungry? Alcohol and Food Cravings,1427,informational,True,
zbiotics.com,yc,ecommerce,fee8b36067c4c9cb,https://zbiotics.com/blogs/journal/alcohols-effect-on-sleep,https://web.archive.org/web/20220912211854/https://zbiotics.com/blogs/journal/alcohols-effect-on-sleep,20220912211854,How Alcohol Affects Your Sleep | Alcohol’s Effects on Sleep Quality,1327,informational,True,
zbiotics.com,yc,ecommerce,,https://zbiotics.com/blogs/journal/debunking-drinking-myths,https://web.archive.org/web/20191014165534/https://zbiotics.com/blogs/journal/debunking-drinking-myths,20191014165534,,0,,False,fetch_or_extract
zbiotics.com,yc,ecommerce,,https://zbiotics.com/blogs/journal/think-like-a-scientist,https://web.archive.org/web/20200812054214/https://zbiotics.com/blogs/journal/think-like-a-scientist,20200812054214,,0,,False,fetch_or_extract
zbiotics.com,yc,ecommerce,,https://zbiotics.com/blogs/journal/do-wine-liquor-and-beer-affect-you-differently,https://web.archive.org/web/20210412234319/https://zbiotics.com/blogs/journal/do-wine-liquor-and-beer-affect-you-differently,20210412234319,,0,,False,fetch_or_extract
zbiotics.com,yc,ecommerce,,https://zbiotics.com/blogs/journal/what-is-a-hangover,https://web.archive.org/web/20200812063818/https://zbiotics.com/blogs/journal/what-is-a-hangover,20200812063818,,0,,False,fetch_or_extract
zbiotics.com,yc,ecommerce,,http://zbiotics.com/blog/how-gmos-go-mainstream-lessons-from-impossible-foods,https://web.archive.org/web/20180523011226/http://zbiotics.com/blog/how-gmos-go-mainstream-lessons-from-impossible-foods,20180523011226,,0,,False,fetch_or_extract
zbiotics.com,yc,ecommerce,,https://zbiotics.com/blogs/journal/bioengineered-or-gmo-definitional-disorder-in-food-labeling,https://web.archive.org/web/20190824083705/https://zbiotics.com/blogs/journal/bioengineered-or-gmo-definitional-disorder-in-food-labeling,20190824083705,,0,,False,fetch_or_extract
zbiotics.com,yc,ecommerce,,https://zbiotics.com/blogs/journal/the-perfect-gift,https://web.archive.org/web/20221128161944/https://zbiotics.com/blogs/journal/the-perfect-gift,20221128161944,,0,,False,fetch_or_extract
honeylove.com,yc,ecommerce,,https://www.honeylove.com/blogs/essays/end-of-year-check-in,https://web.archive.org/web/20210412211959/https://www.honeylove.com/blogs/essays/end-of-year-check-in,20210412211959,,0,,False,fetch_or_extract
honeylove.com,yc,ecommerce,,https://www.honeylove.com/blogs/essays/resolutions-are-overrated,https://web.archive.org/web/20210412223259/https://www.honeylove.com/blogs/essays/resolutions-are-overrated,20210412223259,,0,,False,fetch_or_extract
honeylove.com,yc,ecommerce,,https://www.honeylove.com/blogs/news/how-to-date-yourself,https://web.archive.org/web/20210514172148/https://www.honeylove.com/blogs/news/how-to-date-yourself,20210514172148,,0,,False,fetch_or_extract
honeylove.com,yc,ecommerce,,https://www.honeylove.com/blogs/essays/holiday-gift-guide,https://web.archive.org/web/20211206143813/https://www.honeylove.com/blogs/essays/holiday-gift-guide,20211206143813,,0,,False,fetch_or_extract
honeylove.com,yc,ecommerce,,https://www.honeylove.com/blogs/power-up/get-social-get-rewarded,https://web.archive.org/web/20200807093115/https://www.honeylove.com/blogs/power-up/get-social-get-rewarded,20200807093115,,0,,False,fetch_or_extract
honeylove.com,yc,ecommerce,,https://www.honeylove.com/blogs/essays/interview-tips,https://web.archive.org/web/20191212132537/https://www.honeylove.com/blogs/essays/interview-tips,20191212132537,,0,,False,fetch_or_extract
honeylove.com,yc,ecommerce,,https://www.honeylove.com/blogs/essays/everyday-extraordinary-nerlyn-jean,https://web.archive.org/web/20220630104225/https://www.honeylove.com/blogs/essays/everyday-extraordinary-nerlyn-jean,20220630104225,,0,,False,fetch_or_extract
honeylove.com,yc,ecommerce,,https://www.honeylove.com/blogs/essays/everyday-extraordinary-amber-pfeifer,https://web.archive.org/web/20220709001018/https://www.honeylove.com/blogs/essays/everyday-extraordinary-amber-pfeifer,20220709001018,,0,,False,fetch_or_extract
honeylove.com,yc,ecommerce,,https://www.honeylove.com/blogs/essays/how-to-feel-beautiful,https://web.archive.org/web/20200527141545/https://www.honeylove.com/blogs/essays/how-to-feel-beautiful,20200527141545,,0,,False,fetch_or_extract
honeylove.com,yc,ecommerce,,https://www.honeylove.com/blogs/essays/its-ok-to-not-be-ok,https://web.archive.org/web/20200807100113/https://www.honeylove.com/blogs/essays/its-ok-to-not-be-ok,20200807100113,,0,,False,fetch_or_extract
honeylove.com,yc,ecommerce,,https://www.honeylove.com/blogs/essays/lessons-from-shelter-in-place,https://web.archive.org/web/20200807085417/https://www.honeylove.com/blogs/essays/lessons-from-shelter-in-place,20200807085417,,0,,False,fetch_or_extract
honeylove.com,yc,ecommerce,,https://www.honeylove.com/blogs/essays/everyday-extraordinary-christine-lee,https://web.archive.org/web/20221006200047/https://www.honeylove.com/blogs/essays/everyday-extraordinary-christine-lee,20221006200047,,0,,False,fetch_or_extract
honeylove.com,yc,ecommerce,,https://www.honeylove.com/blogs/essays/everyday-extraordinary-leah-lahkiah,https://web.archive.org/web/20220815060256/https://www.honeylove.com/blogs/essays/everyday-extraordinary-leah-lahkiah,20220815060256,,0,,False,fetch_or_extract
honeylove.com,yc,ecommerce,,https://www.honeylove.com/blogs/essays/women-who-inspire,https://web.archive.org/web/20200807092533/https://www.honeylove.com/blogs/essays/women-who-inspire,20200807092533,,0,,False,fetch_or_extract
honeylove.com,yc,ecommerce,,https://www.honeylove.com/blogs/essays/negative-self-talk,https://web.archive.org/web/20200807041527/https://www.honeylove.com/blogs/essays/negative-self-talk,20200807041527,,0,,False,fetch_or_extract
jenfi.com,yc,fintech,,https://jenfi.com/blog/3-ways-to-advertise-without-spending-any-money/,https://web.archive.org/web/20210419005725/https://jenfi.com/blog/3-ways-to-advertise-without-spending-any-money/,20210419005725,3 Ways to Advertise Without Spending Any Money,502,,False,length
jenfi.com,yc,fintech,041eeac524c96f18,https://jenfi.com/blog/how-to-obtain-a-small-business-loan-through-paypal/,https://web.archive.org/web/20210507092849/https://jenfi.com/blog/how-to-obtain-a-small-business-loan-through-paypal/,20210507092849,How To Obtain A Small Business Loan Through PayPal,1011,informational,True,
jenfi.com,yc,fintech,ffd444b67f5d7cdb,https://jenfi.com/blog/skyrocket-sales-by-optimizing-your-facebook-target-audience-%E2%80%A8/,https://web.archive.org/web/20210507100350/https://jenfi.com/blog/skyrocket-sales-by-optimizing-your-facebook-target-audience-%E2%80%A8/,20210507100350,Skyrocket Sales by Optimizing Your Facebook Target Audience,838,informational,True,
jenfi.com,yc,fintech,,https://jenfi.com/blog/2019/7/do-you-know-what-your-customers-really-want,https://web.archive.org/web/20200925214037/https://jenfi.com/blog/2019/7/do-you-know-what-your-customers-really-want,20200925214037,DO YOU KNOW WHAT YOUR CUSTOMERS REALLY WANT?,370,,False,length
jenfi.com,yc,fintech,e7f07c5d4281e11d,https://jenfi.com/blog/6-ways-digital-marketing-is-crucial-for-small-businesses-success/,https://web.archive.org/web/20210616202506/https://jenfi.com/blog/6-ways-digital-marketing-is-crucial-for-small-businesses-success/,20210616202506,6 Ways Digital Marketing Is Crucial For Small Businesses’ Success - Jenfi,735,informational,True,
jenfi.com,yc,fintech,051ed9a1ac3923a0,https://jenfi.com/blog/obtaining-a-companys-financial-statements-in-singapore/,https://web.archive.org/web/20210507111518/https://jenfi.com/blog/obtaining-a-companys-financial-statements-in-singapore/,20210507111518,Obtaining a Company’s Financial Statements in Singapore,665,informational,True,
jenfi.com,yc,fintech,,https://jenfi.com/blog/110-resources-to-spark-your-small-business/,https://web.archive.org/web/20210418225414/https://jenfi.com/blog/110-resources-to-spark-your-small-business/,20210418225414,110 Resources to Spark Your Small Business,239,,False,length
jenfi.com,yc,fintech,,https://jenfi.com/blog/2019/7/4-tips-for-better-small-business-networking,https://web.archive.org/web/20200925234722/https://jenfi.com/blog/2019/7/4-tips-for-better-small-business-networking,20200925234722,4 TIPS FOR BETTER SMALL BUSINESS NETWORKING,325,,False,length
jenfi.com,yc,fintech,,https://jenfi.com/blog/how-to-be-self-employed/,https://web.archive.org/web/20210418224715/https://jenfi.com/blog/how-to-be-self-employed/,20210418224715,How to Be Self-Employed,500,,False,length
jenfi.com,yc,fintech,2725126fd6706344,https://jenfi.com/blog/business-tips/stand-out-as-a-desirable-vc-investment-opportunity/,https://web.archive.org/web/20210419004642/https://jenfi.com/blog/business-tips/stand-out-as-a-desirable-vc-investment-opportunity/,20210419004642,Stand Out As A Desirable VC Investment Opportunity,914,informational,True,
jenfi.com,yc,fintech,b0abb04d6b666179,https://jenfi.com/blog/business-tips/facebook-marketing-tips-for-small-businesses/,https://web.archive.org/web/20210419000325/https://jenfi.com/blog/business-tips/facebook-marketing-tips-for-small-businesses/,20210419000325,Facebook Marketing Tips for Small Businesses,867,informational,True,
jenfi.com,yc,fintech,,https://www.jenfi.com/blog/2019/7/3-ways-to-advertise-without-spending-any-money,https://web.archive.org/web/20200812064515/https://www.jenfi.com/blog/2019/7/3-ways-to-advertise-without-spending-any-money,20200812064515,3 WAYS TO ADVERTISE WITHOUT SPENDING ANY MONEY,501,,False,length
jenfi.com,yc,fintech,bb33452978306d2e,https://jenfi.com/blog/business-tips/top-5-ecommerce-business-trends-for-2021/,https://web.archive.org/web/20210419005108/https://jenfi.com/blog/business-tips/top-5-ecommerce-business-trends-for-2021/,20210419005108,Top 5 eCommerce Business Trends for 2021,764,informational,True,
jenfi.com,yc,fintech,50a1b747b41f7f7f,https://jenfi.com/blog/how-to-write-an-impressive-case-study/,https://web.archive.org/web/20210616190604/https://jenfi.com/blog/how-to-write-an-impressive-case-study/,20210616190604,How To Write An Impressive Case Study - Jenfi,786,informational,True,
jenfi.com,yc,fintech,,https://jenfi.com/blog/the-5-biggest-money-mistakes-small-business-owners-make/,https://web.archive.org/web/20210418230920/https://jenfi.com/blog/the-5-biggest-money-mistakes-small-business-owners-make/,20210418230920,The 5 Biggest Money Mistakes Small Business Owners Make,501,,False,length
stownest.com,yc,ecommerce,1df208c4dccb08ba,https://stownest.com/blog/5%20Reasons%20To%20Use%20A%20Self-Storage%20Unit,https://web.archive.org/web/20220517213244/https://stownest.com/blog/5%20Reasons%20To%20Use%20A%20Self-Storage%20Unit,20220517213244,5 Reasons To Use A Self-Storage Unit,691,informational,True,
stownest.com,yc,ecommerce,e54be5f009cbe21f,https://stownest.com/blog/how-to-store-your-beloved-bike-tips-and-tricks,https://web.archive.org/web/20210120050024/https://stownest.com/blog/how-to-store-your-beloved-bike-tips-and-tricks,20210120050024,How to Store your Beloved Bike: Tips and Tricks,1487,informational,True,
stownest.com,yc,ecommerce,9a811d421364b143,https://stownest.com/blog/questions-to-ask-about-self-storage-before-renting,https://web.archive.org/web/20191218172456/https://stownest.com/blog/questions-to-ask-about-self-storage-before-renting,20191218172456,Questions to Ask About Self-Storage Before Renting,650,informational,True,
stownest.com,yc,ecommerce,,https://stownest.com/blog/where-and-how-to-store-your-stuff-during-rennovation,https://web.archive.org/web/20191113011803/https://stownest.com/blog/where-and-how-to-store-your-stuff-during-rennovation,20191113011803,Where and How to Store Your Stuff during Rennovation,553,,False,length
stownest.com,yc,ecommerce,,https://stownest.com/blog/what-is-the-safest-way-to-keep-company-papers-and-documents-secure,https://web.archive.org/web/20210304130723/https://stownest.com/blog/what-is-the-safest-way-to-keep-company-papers-and-documents-secure,20210304130723,What is the safest way to keep company papers and documents secure,242,,False,length
stownest.com,yc,ecommerce,,https://stownest.com/blog/document-storage-why-is-it-relevant-today,https://web.archive.org/web/20220116103803/https://stownest.com/blog/document-storage-why-is-it-relevant-today,20220116103803,,0,,False,fetch_or_extract
stownest.com,yc,ecommerce,,https://stownest.com/blog/simple-tips-to-declutter-your-home,https://web.archive.org/web/20191217054944/https://stownest.com/blog/simple-tips-to-declutter-your-home,20191217054944,,0,,False,fetch_or_extract
stownest.com,yc,ecommerce,,https://stownest.com/blog/the-factors-to-consider-when-choosing-a-warehouse,https://web.archive.org/web/20220517205737/https://stownest.com/blog/the-factors-to-consider-when-choosing-a-warehouse,20220517205737,,0,,False,fetch_or_extract
stownest.com,yc,ecommerce,,https://stownest.com/blog/tips-for-luggage-storage-%E2%80%93-things-to-consider-while-choosing-a-luggage-storage-company,https://web.archive.org/web/20220517194510/https://stownest.com/blog/tips-for-luggage-storage-%E2%80%93-things-to-consider-while-choosing-a-luggage-storage-company,20220517194510,,0,,False,fetch_or_extract
stownest.com,yc,ecommerce,,https://stownest.com/blog/top-reasons-why-you-need-a-self-storage-unit,https://web.archive.org/web/20220116094831/https://stownest.com/blog/top-reasons-why-you-need-a-self-storage-unit,20220116094831,,0,,False,fetch_or_extract
stownest.com,yc,ecommerce,,https://stownest.com/blog/household-storage-why-it-is-a-great-idea-for-making-relocation-stress-free,https://web.archive.org/web/20220116093312/https://stownest.com/blog/household-storage-why-it-is-a-great-idea-for-making-relocation-stress-free,20220116093312,,0,,False,fetch_or_extract
stownest.com,yc,ecommerce,,https://stownest.com/blog/self-storage-dos-and-donts-a-guide-to-keeping-you-out-of-trouble,https://web.archive.org/web/20220517214114/https://stownest.com/blog/self-storage-dos-and-donts-a-guide-to-keeping-you-out-of-trouble,20220517214114,,0,,False,fetch_or_extract
stownest.com,yc,ecommerce,,https://stownest.com/blog/mistakes-to-avoid-when-packing-boxes-for-your-move,https://web.archive.org/web/20191219101254/https://stownest.com/blog/mistakes-to-avoid-when-packing-boxes-for-your-move,20191219101254,,0,,False,fetch_or_extract
stownest.com,yc,ecommerce,,https://stownest.com/blog/tips-to-store-your-clothes-for-long-term,https://web.archive.org/web/20191216220446/https://stownest.com/blog/tips-to-store-your-clothes-for-long-term,20191216220446,,0,,False,fetch_or_extract
stownest.com,yc,ecommerce,,https://stownest.com/blog/the-role-of-technology-in-self-storage-during-covid-19,https://web.archive.org/web/20200811004750/https://stownest.com/blog/the-role-of-technology-in-self-storage-during-covid-19,20200811004750,,0,,False,fetch_or_extract
metaplane.dev,yc,devtools,,https://www.metaplane.dev/blog/data-observability-best-practices,https://web.archive.org/web/20221005014332/https://www.metaplane.dev/blog/data-observability-best-practices,20221005014332,,0,,False,fetch_or_extract
metaplane.dev,yc,devtools,,https://www.metaplane.dev/blog/how-to-evaluate-data-observability-tools,https://web.archive.org/web/20211209210721/https://www.metaplane.dev/blog/how-to-evaluate-data-observability-tools,20211209210721,,0,,False,fetch_or_extract
metaplane.dev,yc,devtools,,https://www.metaplane.dev/blog/how-to-maximize-the-value-of-your-metadata,https://web.archive.org/web/20220120024217/https://www.metaplane.dev/blog/how-to-maximize-the-value-of-your-metadata,20220120024217,,0,,False,fetch_or_extract
metaplane.dev,yc,devtools,,https://www.metaplane.dev/blog/what-is-data-observability,https://web.archive.org/web/20221004103059/https://www.metaplane.dev/blog/what-is-data-observability,20221004103059,,0,,False,fetch_or_extract
metaplane.dev,yc,devtools,,https://www.metaplane.dev/blog/data-quality-begins-and-ends-outside-of-the-analytics-team,https://web.archive.org/web/20220325173757/https://www.metaplane.dev/blog/data-quality-begins-and-ends-outside-of-the-analytics-team,20220325173757,,0,,False,fetch_or_extract
metaplane.dev,yc,devtools,,https://www.metaplane.dev/blog/announcing-soc-2,https://web.archive.org/web/20210923081453/https://www.metaplane.dev/blog/announcing-soc-2,20210923081453,,0,,False,fetch_or_extract
metaplane.dev,yc,devtools,,https://www.metaplane.dev/blog/five-talks-on-careers-in-data-from-coalesce-2022,https://web.archive.org/web/20221025214837/https://www.metaplane.dev/blog/five-talks-on-careers-in-data-from-coalesce-2022,20221025214837,,0,,False,fetch_or_extract
metaplane.dev,yc,devtools,,https://www.metaplane.dev/blog/how-low-quality-data-hurts-business-performance,https://web.archive.org/web/20220815122103/https://www.metaplane.dev/blog/how-low-quality-data-hurts-business-performance,20220815122103,,0,,False,fetch_or_extract
metaplane.dev,yc,devtools,,https://www.metaplane.dev/blog/data-quality-metrics-for-data-warehouses,https://web.archive.org/web/20210927142017/https://www.metaplane.dev/blog/data-quality-metrics-for-data-warehouses,20210927142017,,0,,False,fetch_or_extract
metaplane.dev,yc,devtools,,https://www.metaplane.dev/blog/the-importance-of-data-quality-for-plg-companies,https://web.archive.org/web/20220811231715/https://www.metaplane.dev/blog/the-importance-of-data-quality-for-plg-companies,20220811231715,,0,,False,fetch_or_extract
metaplane.dev,yc,devtools,,https://www.metaplane.dev/blog/data-accuracy-definition-examples,https://web.archive.org/web/20221004100606/https://www.metaplane.dev/blog/data-accuracy-definition-examples,20221004100606,,0,,False,fetch_or_extract
metaplane.dev,yc,devtools,,https://www.metaplane.dev/blog/buy-build-data-observability-tool,https://web.archive.org/web/20221005012420/https://www.metaplane.dev/blog/buy-build-data-observability-tool,20221005012420,,0,,False,fetch_or_extract
metaplane.dev,yc,devtools,,https://www.metaplane.dev/blog/data-quality-challenges,https://web.archive.org/web/20220908171546/https://www.metaplane.dev/blog/data-quality-challenges,20220908171546,,0,,False,fetch_or_extract
metaplane.dev,yc,devtools,,https://www.metaplane.dev/blog/metaplane-partners-with-snowflake-to-ensure-trust-in-data,https://web.archive.org/web/20221024172429/https://www.metaplane.dev/blog/metaplane-partners-with-snowflake-to-ensure-trust-in-data,20221024172429,,0,,False,fetch_or_extract
metaplane.dev,yc,devtools,,https://www.metaplane.dev/blog/the-origins-purpose-and-practice-of-data-observability,https://web.archive.org/web/20220815010943/https://www.metaplane.dev/blog/the-origins-purpose-and-practice-of-data-observability,20220815010943,,0,,False,fetch_or_extract
instapainting.com,yc,ecommerce,,https://www.instapainting.com/blog/how-to-showcase-your-pet-with-the-perfect-pet-portrait-painting/,https://web.archive.org/web/20200507140641/https://www.instapainting.com/blog/how-to-showcase-your-pet-with-the-perfect-pet-portrait-painting/,20200507140641,,0,,False,fetch_or_extract
instapainting.com,yc,ecommerce,,https://www.instapainting.com/blog/inside-the-lives-of-chinese-art-factory-workers/,https://web.archive.org/web/20171118161618/https://www.instapainting.com/blog/inside-the-lives-of-chinese-art-factory-workers/,20171118161618,,0,,False,fetch_or_extract
instapainting.com,yc,ecommerce,,https://www.instapainting.com/blog/company/2014/10/02/lower-prices/,https://web.archive.org/web/20160304215829/https://www.instapainting.com/blog/company/2014/10/02/lower-prices/,20160304215829,,0,,False,fetch_or_extract
instapainting.com,yc,ecommerce,,https://www.instapainting.com/blog/the-top-online-resources-for-artists/,https://web.archive.org/web/20200805141752/https://www.instapainting.com/blog/the-top-online-resources-for-artists/,20200805141752,,0,,False,fetch_or_extract
instapainting.com,yc,ecommerce,,https://www.instapainting.com/blog/company/2015/10/28/how-to-paint-10000-paintings/,https://web.archive.org/web/20151030011514/https://www.instapainting.com/blog/company/2015/10/28/how-to-paint-10000-paintings/,20151030011514,,0,,False,fetch_or_extract
instapainting.com,yc,ecommerce,,https://www.instapainting.com/blog/inside-the-lives-of-chinese-factory-artists/,https://web.archive.org/web/20171118210102/https://www.instapainting.com/blog/inside-the-lives-of-chinese-factory-artists/,20171118210102,,0,,False,fetch_or_extract
instapainting.com,yc,ecommerce,,https://www.instapainting.com/blog/learn-to-paint-portraits-with-these-tips/,https://web.archive.org/web/20200506211543/https://www.instapainting.com/blog/learn-to-paint-portraits-with-these-tips/,20200506211543,,0,,False,fetch_or_extract
instapainting.com,yc,ecommerce,,https://www.instapainting.com/blog/research/2017/08/09/robotic-painter-2/,https://web.archive.org/web/20171121011303/https://www.instapainting.com/blog/research/2017/08/09/robotic-painter-2/,20171121011303,,0,,False,fetch_or_extract
instapainting.com,yc,ecommerce,,https://www.instapainting.com/blog/3-main-differences-between-oil-acrylic-paint/,https://web.archive.org/web/20200506195609/https://www.instapainting.com/blog/3-main-differences-between-oil-acrylic-paint/,20200506195609,,0,,False,fetch_or_extract
instapainting.com,yc,ecommerce,,https://www.instapainting.com/blog/selecting-art-for-your-home/,https://web.archive.org/web/20220801161229/https://www.instapainting.com/blog/selecting-art-for-your-home/,20220801161229,,0,,False,fetch_or_extract
instapainting.com,yc,ecommerce,,https://www.instapainting.com/blog/company/2015/04/01/no-child-labor/,https://web.archive.org/web/20150401143336/https://www.instapainting.com/blog/company/2015/04/01/no-child-labor/,20150401143336,,0,,False,fetch_or_extract
instapainting.com,yc,ecommerce,,https://www.instapainting.com/blog/the-secret-lives-of-china-art-factory-workers/,https://web.archive.org/web/20171120194643/https://www.instapainting.com/blog/the-secret-lives-of-china-art-factory-workers/,20171120194643,,0,,False,fetch_or_extract
instapainting.com,yc,ecommerce,,https://www.instapainting.com/blog/use-dataloader-to-batch-and-cache-arbitrary-mongodb-queries,https://web.archive.org/web/20200814020630/https://www.instapainting.com/blog/use-dataloader-to-batch-and-cache-arbitrary-mongodb-queries,20200814020630,,0,,False,fetch_or_extract
instapainting.com,yc,ecommerce,,https://www.instapainting.com/blog/blog/artists/2014/08/14/brawling-bohemians/,https://web.archive.org/web/20190430062317/https://www.instapainting.com/blog/blog/artists/2014/08/14/brawling-bohemians/,20190430062317,,0,,False,fetch_or_extract
instapainting.com,yc,ecommerce,,https://www.instapainting.com/blog/artists/2016/11/21/pokemon-go-paintings/,https://web.archive.org/web/20171121024011/https://www.instapainting.com/blog/artists/2016/11/21/pokemon-go-paintings/,20171121024011,,0,,False,fetch_or_extract
controlhub.com,yc,fintech,6946083013b957cb,https://www.controlhub.com/blog/7-steps-to-effective-spend-management,https://web.archive.org/web/20220816132053/https://www.controlhub.com/blog/7-steps-to-effective-spend-management,20220816132053,7 Steps to Effective Spend Management,1652,informational,True,
controlhub.com,yc,fintech,7a56721b7337dc85,https://www.controlhub.com/blog/credit-card-reconciliation-general-ledger-account-reconciliation-example,https://web.archive.org/web/20220927083606/https://www.controlhub.com/blog/credit-card-reconciliation-general-ledger-account-reconciliation-example,20220927083606,General Ledger Account Reconciliation Example,1350,informational,True,
controlhub.com,yc,fintech,6d06ad223fd164d3,https://www.controlhub.com/blog/credit-card-reconciliation-month-end-reconciliation,https://web.archive.org/web/20220927070615/https://www.controlhub.com/blog/credit-card-reconciliation-month-end-reconciliation,20220927070615,Month End Reconciliation: What You Need to Know,1880,informational,True,
controlhub.com,yc,fintech,05e4483cdac88daa,https://www.controlhub.com/blog/procure-to-pay-process-optimization,https://web.archive.org/web/20220816125612/https://www.controlhub.com/blog/procure-to-pay-process-optimization,20220816125612,Procure-to-Pay Process Optimization,1642,informational,True,
controlhub.com,yc,fintech,2d13afcfd9131159,https://www.controlhub.com/blog/credit-card-reconciliation-everything-you-need-to-know,https://web.archive.org/web/20220927074957/https://www.controlhub.com/blog/credit-card-reconciliation-everything-you-need-to-know,20220927074957,Credit Card Reconciliation for Engineering Startups: Everything You Need to Know,1180,informational,True,
controlhub.com,yc,fintech,6f6d322c30002fd6,https://www.controlhub.com/blog/procurement-vs-sourcing,https://web.archive.org/web/20220816122849/https://www.controlhub.com/blog/procurement-vs-sourcing,20220816122849,Procurement vs sourcing: What Startup Management Needs to Know,1769,informational,True,
controlhub.com,yc,fintech,e8fe772c8a526fe4,https://www.controlhub.com/blog/credit-card-reconciliation-reconcile-your-corporate-accounts,https://web.archive.org/web/20220927071314/https://www.controlhub.com/blog/credit-card-reconciliation-reconcile-your-corporate-accounts,20220927071314,Corporate Account Reconciliation: How a Startup Can Save Its Engineering Director Hours per Week,1376,informational,True,
controlhub.com,yc,fintech,ef97e3627e9f53ca,https://www.controlhub.com/blog/everything-about-invoice-management,https://web.archive.org/web/20220816133129/https://www.controlhub.com/blog/everything-about-invoice-management,20220816133129,Everything Accounting teams Need to Know About Invoice Management,1758,informational,True,
controlhub.com,yc,fintech,2b28c72126189d17,https://www.controlhub.com/blog/urchase-order-vs-invoice,https://web.archive.org/web/20220927091657/https://www.controlhub.com/blog/urchase-order-vs-invoice,20220927091657,Purchase Order vs Invoice,825,informational,True,
controlhub.com,yc,fintech,596b84db0e77bb12,https://www.controlhub.com/blog/the-stages-of-procurement-life-cycle-a-procure-to-pay-process,https://web.archive.org/web/20220816122104/https://www.controlhub.com/blog/the-stages-of-procurement-life-cycle-a-procure-to-pay-process,20220816122104,The Stages of Procurement Life Cycle - A Procure-To-Pay Process,1538,informational,True,
controlhub.com,yc,fintech,14a923d195c820af,https://www.controlhub.com/blog/what-is-a-purchase-order,https://web.archive.org/web/20210920235830/https://www.controlhub.com/blog/what-is-a-purchase-order,20210920235830,What is a Purchase Order?,696,informational,True,
controlhub.com,yc,fintech,88b78509cefcf71c,https://www.controlhub.com/blog/direct-vs-indirect-procurement,https://web.archive.org/web/20210920234555/https://www.controlhub.com/blog/direct-vs-indirect-procurement,20210920234555,Direct vs Indirect Procurement - How are they different?,1096,informational,True,
doppler.com,yc,devtools,7140bc61be46b8c9,https://www.doppler.com/blog/doppler-vs-hashicorp-vault,https://web.archive.org/web/20210506220019/https://www.doppler.com/blog/doppler-vs-hashicorp-vault,20210506220019,Doppler vs. HashiCorp Vault,1309,informational,True,
doppler.com,yc,devtools,70c5e26e6fe64230,https://www.doppler.com/blog/the-triumph-and-tragedy-of-env-files,https://web.archive.org/web/20210616232149/https://www.doppler.com/blog/the-triumph-and-tragedy-of-env-files,20210616232149,The Triumph and Tragedy of .env Files,775,informational,True,
doppler.com,yc,devtools,,https://www.doppler.com/blog/a-un-foreseen-path-to-doing-what-i-love-why-i-joined-doppler,https://web.archive.org/web/20210824125039/https://www.doppler.com/blog/a-un-foreseen-path-to-doing-what-i-love-why-i-joined-doppler,20210824125039,A (Un)foreseen Path to Doing What I Love: Why I Joined Doppler,1367,culture_hiring,False,genre
doppler.com,yc,devtools,c57d62bd505b5ee5,https://www.doppler.com/blog/environment-variables-node-js,https://web.archive.org/web/20210413063314/https://www.doppler.com/blog/environment-variables-node-js,20210413063314,Using Environment Variables in Node.js for App Configuration and Secrets,1207,informational,True,
doppler.com,yc,devtools,f62a0e923bcb40b5,https://doppler.com/blog/environment-variables-in-python,https://web.archive.org/web/20210122215443/https://doppler.com/blog/environment-variables-in-python,20210122215443,Using Environment Variables in Python for App Configuration,1148,informational,True,
doppler.com,yc,devtools,,https://www.doppler.com/blog/why-i-joined-doppler,https://web.archive.org/web/20210831191542/https://www.doppler.com/blog/why-i-joined-doppler,20210831191542,Why I Joined Doppler,419,,False,length
doppler.com,yc,devtools,a6f54119fef1a7e1,https://www.doppler.com/blog/what-is-a-secrets-manager,https://web.archive.org/web/20210607200217/https://www.doppler.com/blog/what-is-a-secrets-manager,20210607200217,What is a Secrets Manager?,1267,informational,True,
doppler.com,yc,devtools,,https://doppler.com/blog/when-being-scrappy-backfires,https://web.archive.org/web/20200804025814/https://doppler.com/blog/when-being-scrappy-backfires,20200804025814,When Being Scrappy Backfires,379,,False,length
doppler.com,yc,devtools,,https://www.doppler.com/blog/visual-studio-dev-containers-for-node-js-apps-on-aws,https://web.archive.org/web/20210716141412/https://www.doppler.com/blog/visual-studio-dev-containers-for-node-js-apps-on-aws,20210716141412,,0,,False,fetch_or_extract
doppler.com,yc,devtools,,https://doppler.com/blog/goodbye-env-files,https://web.archive.org/web/20200515024647/https://doppler.com/blog/goodbye-env-files,20200515024647,,0,,False,fetch_or_extract
doppler.com,yc,devtools,,https://www.doppler.com/blog/truffle-security-recommends-doppler-for-remediating-leaked-secrets,https://web.archive.org/web/20210810160611/https://www.doppler.com/blog/truffle-security-recommends-doppler-for-remediating-leaked-secrets,20210810160611,,0,,False,fetch_or_extract
doppler.com,yc,devtools,,https://www.doppler.com/blog/environment-variables-python-django-apache-mod-wsgi-docker,https://web.archive.org/web/20210909063402/https://www.doppler.com/blog/environment-variables-python-django-apache-mod-wsgi-docker,20210909063402,,0,,False,fetch_or_extract
doppler.com,yc,devtools,,https://www.doppler.com/blog/kubernetes-secrets-management-in-2022,https://web.archive.org/web/20221123120128/https://www.doppler.com/blog/kubernetes-secrets-management-in-2022,20221123120128,,0,,False,fetch_or_extract
doppler.com,yc,devtools,,https://www.doppler.com/blog/configuring-php-applications-using-environment-variables,https://web.archive.org/web/20210825081024/https://www.doppler.com/blog/configuring-php-applications-using-environment-variables,20210825081024,,0,,False,fetch_or_extract
doppler.com,yc,devtools,,https://www.doppler.com/blog/soc-2-compliance,https://web.archive.org/web/20210413065728/https://www.doppler.com/blog/soc-2-compliance,20210413065728,,0,,False,fetch_or_extract
getlago.com,yc,fintech,,https://www.getlago.com/blog/generating-pdf-invoices-using-lago,https://web.archive.org/web/20220728153805/https://www.getlago.com/blog/generating-pdf-invoices-using-lago,20220728153805,,0,,False,fetch_or_extract
getlago.com,yc,fintech,,https://www.getlago.com/blog/how-we-got-into-yc,https://web.archive.org/web/20221114222201/https://www.getlago.com/blog/how-we-got-into-yc,20221114222201,,0,,False,fetch_or_extract
getlago.com,yc,fintech,,https://www.getlago.com/blog/we-crunched-the-fees-of-stripes-21-products,https://web.archive.org/web/20220722203213/https://www.getlago.com/blog/we-crunched-the-fees-of-stripes-21-products,20220722203213,,0,,False,fetch_or_extract
getlago.com,yc,fintech,,https://www.getlago.com/blog/traveling-to-the-north-pole-is-like-creating-a-startup,https://web.archive.org/web/20220919103101/https://www.getlago.com/blog/traveling-to-the-north-pole-is-like-creating-a-startup,20220919103101,,0,,False,fetch_or_extract
getlago.com,yc,fintech,,https://www.getlago.com/blog/how-soon-should-you-have-a-design-system,https://web.archive.org/web/20220928161740/https://www.getlago.com/blog/how-soon-should-you-have-a-design-system,20220928161740,,0,,False,fetch_or_extract
getlago.com,yc,fintech,,https://www.getlago.com/blog/the-4-biggest-problems-with-homemade-billing-systems,https://web.archive.org/web/20220922145435/https://www.getlago.com/blog/the-4-biggest-problems-with-homemade-billing-systems,20220922145435,,0,,False,fetch_or_extract
getlago.com,yc,fintech,,https://www.getlago.com/blog/which-pricing-model-should-you-choose,https://web.archive.org/web/20221018154134/https://www.getlago.com/blog/which-pricing-model-should-you-choose,20221018154134,,0,,False,fetch_or_extract
getlago.com,yc,fintech,,https://www.getlago.com/blog/engineers-need-open-source-to-end-their-billing-nightmares,https://web.archive.org/web/20220601160042/https://www.getlago.com/blog/engineers-need-open-source-to-end-their-billing-nightmares,20220601160042,,0,,False,fetch_or_extract
getlago.com,yc,fintech,,https://www.getlago.com/blog/why-b2b-billing-is-hard,https://web.archive.org/web/20220519102012/https://www.getlago.com/blog/why-b2b-billing-is-hard,20220519102012,,0,,False,fetch_or_extract
getlago.com,yc,fintech,,https://www.getlago.com/blog/3-traps-for-unwary-technical-founders,https://web.archive.org/web/20221006094329/https://www.getlago.com/blog/3-traps-for-unwary-technical-founders,20221006094329,,0,,False,fetch_or_extract
getlago.com,yc,fintech,,https://www.getlago.com/blog/why-we-moved-away-from-the-no-code-reverse-etl-space,https://web.archive.org/web/20220823154216/https://www.getlago.com/blog/why-we-moved-away-from-the-no-code-reverse-etl-space,20220823154216,,0,,False,fetch_or_extract
getlago.com,yc,fintech,,https://www.getlago.com/blog/how-we-ship-fast-our-framework,https://web.archive.org/web/20221109102945/https://www.getlago.com/blog/how-we-ship-fast-our-framework,20221109102945,,0,,False,fetch_or_extract
getlago.com,yc,fintech,,https://www.getlago.com/blog/6-steps-to-build-a-usage-based-billing-system,https://web.archive.org/web/20220928224231/https://www.getlago.com/blog/6-steps-to-build-a-usage-based-billing-system,20220928224231,,0,,False,fetch_or_extract
getlago.com,yc,fintech,,https://www.getlago.com/blog/open-source-licensing-and-why-lago-chose-agplv3,https://web.archive.org/web/20220802011838/https://www.getlago.com/blog/open-source-licensing-and-why-lago-chose-agplv3,20220802011838,,0,,False,fetch_or_extract
getlago.com,yc,fintech,,https://www.getlago.com/blog/why-billing-systems-are-a-nightmare-for-engineers%0A%0A%0A%D0%A0%D0%B0%D0%B1%D0%BE%D1%82%D0%B0,https://web.archive.org/web/20220826053242/https://www.getlago.com/blog/why-billing-systems-are-a-nightmare-for-engineers%0A%0A%0A%D0%A0%D0%B0%D0%B1%D0%BE%D1%82%D0%B0,20220826053242,,0,,False,fetch_or_extract
lovd.com,yc,ecommerce,116e73f758b8e6b7,https://www.lovd.com/blog/3-ways-tech-and-fitness-work-together/,https://web.archive.org/web/20220930100203/https://www.lovd.com/blog/3-ways-tech-and-fitness-work-together/,20220930100203,3 ways tech and fitness work together - Lovd NYC,917,informational,True,
lovd.com,yc,ecommerce,,https://www.lovd.com/blog/the-best-tech-gifts-for-fathers-day/,https://web.archive.org/web/20220702110015/https://www.lovd.com/blog/the-best-tech-gifts-for-fathers-day/,20220702110015,,0,,False,fetch_or_extract
lovd.com,yc,ecommerce,,https://www.lovd.com/blog/the-easiest-side-hustle-for-new-yorkers-nyc-side-hustles/,https://web.archive.org/web/20220930092645/https://www.lovd.com/blog/the-easiest-side-hustle-for-new-yorkers-nyc-side-hustles/,20220930092645,,0,,False,fetch_or_extract
lovd.com,yc,ecommerce,,https://www.lovd.com/blog/tips-to-host-a-legendary-memorial-day-cookout/,https://web.archive.org/web/20220525101410/https://www.lovd.com/blog/tips-to-host-a-legendary-memorial-day-cookout/,20220525101410,,0,,False,fetch_or_extract
lovd.com,yc,ecommerce,,https://www.lovd.com/blog/home-decor-tips-for-when-you-can-barely-afford-groceries/,https://web.archive.org/web/20220525100522/https://www.lovd.com/blog/home-decor-tips-for-when-you-can-barely-afford-groceries/,20220525100522,,0,,False,fetch_or_extract
lovd.com,yc,ecommerce,,https://www.lovd.com/blog/earn-lovd-credits-easily/,https://web.archive.org/web/20220930083404/https://www.lovd.com/blog/earn-lovd-credits-easily/,20220930083404,,0,,False,fetch_or_extract
lovd.com,yc,ecommerce,,https://www.lovd.com/blog/the-biggest-used-goods-marketplace/,https://web.archive.org/web/20220816171115/https://www.lovd.com/blog/the-biggest-used-goods-marketplace/,20220816171115,,0,,False,fetch_or_extract
lovd.com,yc,ecommerce,,https://www.lovd.com/blog/best-websites-sell-used-tech/,https://web.archive.org/web/20220930084745/https://www.lovd.com/blog/best-websites-sell-used-tech/,20220930084745,,0,,False,fetch_or_extract
lovd.com,yc,ecommerce,,https://www.lovd.com/blog/marketing-affiliate-program-agreement/,https://web.archive.org/web/20220930092517/https://www.lovd.com/blog/marketing-affiliate-program-agreement/,20220930092517,,0,,False,fetch_or_extract
lovd.com,yc,ecommerce,,https://www.lovd.com/blog/how-to-reset-your-android-before-selling/,https://web.archive.org/web/20220816153754/https://www.lovd.com/blog/how-to-reset-your-android-before-selling/,20220816153754,,0,,False,fetch_or_extract
lovd.com,yc,ecommerce,,https://www.lovd.com/blog/how-to-sell-on-lovd/,https://web.archive.org/web/20220930102449/https://www.lovd.com/blog/how-to-sell-on-lovd/,20220930102449,,0,,False,fetch_or_extract
lovd.com,yc,ecommerce,,https://www.lovd.com/blog/hot-new-used-tech-on-lovd-nyc/,https://web.archive.org/web/20220930103328/https://www.lovd.com/blog/hot-new-used-tech-on-lovd-nyc/,20220930103328,,0,,False,fetch_or_extract
lovd.com,yc,ecommerce,,https://www.lovd.com/blog/what-sells-on-lovd/,https://web.archive.org/web/20220925165926/https://www.lovd.com/blog/what-sells-on-lovd/,20220925165926,,0,,False,fetch_or_extract
lovd.com,yc,ecommerce,,https://www.lovd.com/blog/how-to-factory-reset-your-used-apple-products/,https://web.archive.org/web/20220816155430/https://www.lovd.com/blog/how-to-factory-reset-your-used-apple-products/,20220816155430,,0,,False,fetch_or_extract
lovd.com,yc,ecommerce,,https://www.lovd.com/blog/lovd-affiliate-program-policies/,https://web.archive.org/web/20220930093020/https://www.lovd.com/blog/lovd-affiliate-program-policies/,20220930093020,,0,,False,fetch_or_extract
hypercontext.com,yc,saas,8a5222bc168bed1b,https://hypercontext.com/blog/employee-motivation/increase-productivity-on-your-team,https://web.archive.org/web/20220523103621/https://hypercontext.com/blog/employee-motivation/increase-productivity-on-your-team,20220523103621,5 Ways to increase productivity on your team,2298,informational,True,
hypercontext.com,yc,saas,51ca2893915abdbe,https://hypercontext.com/blog/management-skills/engaging-motivating-employees-reward-vs-recognition,https://web.archive.org/web/20211206211425/https://hypercontext.com/blog/management-skills/engaging-motivating-employees-reward-vs-recognition,20211206211425,Reward vs Recognition: Engaging and Motivating Employees | SoapBox,795,informational,True,
hypercontext.com,yc,saas,e2afe7e264b332b2,https://hypercontext.com/blog/management-skills/things-a-boss-should-never-say-to-an-employee,https://web.archive.org/web/20210621030823/https://hypercontext.com/blog/management-skills/things-a-boss-should-never-say-to-an-employee,20210621030823,9 Things a Boss Should Never Say to an Employee in a Meeting | SoapBox,929,informational,True,
hypercontext.com,yc,saas,81979f19db960ff8,https://hypercontext.com/blog/meetings/how-venngage-does-one-on-one-meetings,https://web.archive.org/web/20220628094642/https://hypercontext.com/blog/meetings/how-venngage-does-one-on-one-meetings,20220628094642,How Venngage does one-on-one meetings,1226,informational,True,
hypercontext.com,yc,saas,265092c5f322101e,https://hypercontext.com/blog/meetings/remote-first-meetings,https://web.archive.org/web/20210616174308/https://hypercontext.com/blog/meetings/remote-first-meetings,20210616174308,Remote-first meetings improve productivity and communication | Hypercontext,895,informational,True,
hypercontext.com,yc,saas,687ddc4cc55f489a,https://hypercontext.com/blog/management-skills/what-to-do-when-your-employees-hate-meetings,https://web.archive.org/web/20210621030350/https://hypercontext.com/blog/management-skills/what-to-do-when-your-employees-hate-meetings,20210621030350,What to Do When Your Employees Hate Your Meetings | SoapBox,1087,informational,True,
hypercontext.com,yc,saas,,https://hypercontext.com/blog/employee-motivation/disengagement-what-happens-to-your-employees,https://web.archive.org/web/20210621034354/https://hypercontext.com/blog/employee-motivation/disengagement-what-happens-to-your-employees,20210621034354,10 Reasons Why Employees Get Disengaged (And How to Prevent it) | SoapBox,702,news_pr_h,False,genre
hypercontext.com,yc,saas,,https://hypercontext.com/blog/modern-manager-community/remote-leaders-helpscout-anjuan-simmons,https://web.archive.org/web/20220701074551/https://hypercontext.com/blog/modern-manager-community/remote-leaders-helpscout-anjuan-simmons,20220701074551,Remote Leaders: Anjuan Simmons of Help Scout and how remote work opens up new talent pools,1631,culture_hiring,False,genre
hypercontext.com,yc,saas,53b723e1e4f62ac8,https://hypercontext.com/blog/meetings/remote-one-on-one-meeting-agenda-template,https://web.archive.org/web/20210621030729/https://hypercontext.com/blog/meetings/remote-one-on-one-meeting-agenda-template,20210621030729,Nail Your Remote One-on-one Meetings (Including Agenda Template!) | Hypercontext,2062,informational,True,
hypercontext.com,yc,saas,,https://hypercontext.com/blog/employee-motivation/trust-at-work,https://web.archive.org/web/20210621034202/https://hypercontext.com/blog/employee-motivation/trust-at-work,20210621034202,Trust at Work and the link Performance. An Infographic from SoapBox.,180,,False,length
hypercontext.com,yc,saas,,https://hypercontext.com/blog/modern-manager-community/3-things-can-right-now-better-meetings,https://web.archive.org/web/20220701071323/https://hypercontext.com/blog/modern-manager-community/3-things-can-right-now-better-meetings,20220701071323,3 Things You Can Do Right Now to Have Better Meetings,368,,False,length
hypercontext.com,yc,saas,,https://hypercontext.com/blog/management-skills/lessons-from-ratehubs-switch-to-a-matrix-organizational-structure,https://web.archive.org/web/20210621045444/https://hypercontext.com/blog/management-skills/lessons-from-ratehubs-switch-to-a-matrix-organizational-structure,20210621045444,,0,,False,fetch_or_extract
hypercontext.com,yc,saas,,https://hypercontext.com/blog/meetings/6-marketing-meeting-agenda-tips,https://web.archive.org/web/20210619224920/https://hypercontext.com/blog/meetings/6-marketing-meeting-agenda-tips,20210619224920,,0,,False,fetch_or_extract
hypercontext.com,yc,saas,,https://hypercontext.com/blog/employee-motivation/3-ideas-from-successful-leaders-to-make-your-company-a-great-place-to-work,https://web.archive.org/web/20220629184824/https://hypercontext.com/blog/employee-motivation/3-ideas-from-successful-leaders-to-make-your-company-a-great-place-to-work,20220629184824,,0,,False,fetch_or_extract
hypercontext.com,yc,saas,,https://hypercontext.com/blog/employee-motivation/the-new-manager-gift-guide,https://web.archive.org/web/20220121145133/https://hypercontext.com/blog/employee-motivation/the-new-manager-gift-guide,20220121145133,,0,,False,fetch_or_extract
scuba.io,yc,saas,7b3bc1f4d45bd191,https://blog.scuba.io/blog/6-common-types-of-behavioral-segmentation,https://web.archive.org/web/20210507051159/https://blog.scuba.io/blog/6-common-types-of-behavioral-segmentation,20210507051159,6 Common Types of Behavioral Segmentation for Understanding Your Customers,1508,informational,True,
scuba.io,yc,saas,,https://blog.scuba.io/blog/bleacher-report-won-sports-publication-game,https://web.archive.org/web/20210922053527/https://blog.scuba.io/blog/bleacher-report-won-sports-publication-game,20210922053527,How Bleacher Report Won the Sports Publication Game,576,,False,length
scuba.io,yc,saas,8ef7c485e9c3a221,https://blog.scuba.io/blog/four-things-amplitude-users-need-to-know,https://web.archive.org/web/20210513094210/https://blog.scuba.io/blog/four-things-amplitude-users-need-to-know,20210513094210,Product Analytics Growing Pains: 4 Things Amplitude Users Need to Know,605,informational,True,
scuba.io,yc,saas,3029d8613862f6e8,https://blog.scuba.io/blog/5-cx-trends-to-implement-now,https://web.archive.org/web/20210728181158/https://blog.scuba.io/blog/5-cx-trends-to-implement-now,20210728181158,5 CX Trends Any Organization Can Implement Now,1311,informational,True,
scuba.io,yc,saas,,https://blog.scuba.io/blog/growth-metrics,https://web.archive.org/web/20210513084012/https://blog.scuba.io/blog/growth-metrics,20210513084012,Growth Metrics Your Organization Should Track,441,,False,length
scuba.io,yc,saas,,https://blog.scuba.io/blog/what-is-a-data-ecosystem,https://web.archive.org/web/20210513082525/https://blog.scuba.io/blog/what-is-a-data-ecosystem,20210513082525,What is a Data Ecosystem?,466,,False,length
scuba.io,yc,saas,,https://blog.scuba.io/blog/virtual-gaming-world-vgw-doubles-luckyland-slots-average-revenue,https://web.archive.org/web/20210701131827/https://blog.scuba.io/blog/virtual-gaming-world-vgw-doubles-luckyland-slots-average-revenue,20210701131827,Virtual Gaming World (VGW) Doubles LuckyLand Slots Average Revenue,852,case_study,False,genre
scuba.io,yc,saas,deed33b4104467ed,https://blog.scuba.io/blog/how-publishers-can-track-the-customer-journey,https://web.archive.org/web/20210306074045/https://blog.scuba.io/blog/how-publishers-can-track-the-customer-journey,20210306074045,How Publishers Can Track the Customer Journey,1592,informational,True,
scuba.io,yc,saas,1949d9236c1468b2,https://blog.scuba.io/blog/behavioral-analytics-cybersecurity-threats,https://web.archive.org/web/20210624131325/https://blog.scuba.io/blog/behavioral-analytics-cybersecurity-threats,20210624131325,How Behavioral Analytics Can Help Your Organization Identify Cybersecurity Threats,1150,informational,True,
scuba.io,yc,saas,5bd55064baf244e5,https://blog.scuba.io/blog/whats-your-first-party-data-strategy,https://web.archive.org/web/20210714181437/https://blog.scuba.io/blog/whats-your-first-party-data-strategy,20210714181437,What’s Your First Party Data Strategy?,938,informational,True,
scuba.io,yc,saas,87b74639194b2c83,https://blog.scuba.io/blog/industries-use-behavioral-analytics,https://web.archive.org/web/20210525160825/https://blog.scuba.io/blog/industries-use-behavioral-analytics,20210525160825,"How Industries Like Media, SaaS, Tech, and Retail Use Behavioral Analytics (with Examples)",1120,informational,True,
scuba.io,yc,saas,7bf2653576f2e4d4,https://blog.scuba.io/blog/how-to-perform-retention-analysis,https://web.archive.org/web/20210405211320/https://blog.scuba.io/blog/how-to-perform-retention-analysis,20210405211320,How to Perform Retention Analysis To Grow Your Revenue,1281,informational,True,
scuba.io,yc,saas,418a1ee54cbd24a4,https://blog.scuba.io/blog/tweets-and-cx-strategy,https://web.archive.org/web/20210622210734/https://blog.scuba.io/blog/tweets-and-cx-strategy,20210622210734,What Your Customer’s Tweets Can Teach Your Brand About CX Strategy,1758,informational,True,
scuba.io,yc,saas,039c83eea7532576,https://blog.scuba.io/blog/which-industries-suffer-from-poor-cx,https://web.archive.org/web/20210513094412/https://blog.scuba.io/blog/which-industries-suffer-from-poor-cx,20210513094412,Which Industries Suffer From Poor CX Management (and How to Change)?,1203,informational,True,
scuba.io,yc,saas,20c5d6e6895d45bf,https://blog.scuba.io/blog/understanding-value-data,https://web.archive.org/web/20210306081501/https://blog.scuba.io/blog/understanding-value-data,20210306081501,Understanding the Value of Your Data,1221,informational,True,
demandcurve.com,yc,saas,,https://www.demandcurve.com/blog/email-marketing-best-practices,https://web.archive.org/web/20220223202604/https://www.demandcurve.com/blog/email-marketing-best-practices,20220223202604,Email marketing best practices and tips for 2022 | Demand Curve Blog,3527,,False,length
demandcurve.com,yc,saas,,https://www.demandcurve.com/blog/how-to-grow-your-email-list,https://web.archive.org/web/20220225201122/https://www.demandcurve.com/blog/how-to-grow-your-email-list,20220225201122,Email List Growth: 19 Tactics to Help Grow Your Email List in 2022 | Demand Curve Blog,6073,,False,length
demandcurve.com,yc,saas,,https://www.demandcurve.com/blog/the-complete-glossary-of-marketing-terms,https://web.archive.org/web/20220214121210/https://www.demandcurve.com/blog/the-complete-glossary-of-marketing-terms,20220214121210,The Complete Glossary of Marketing Terms | Demand Curve Blog,4667,,False,length
demandcurve.com,yc,saas,,https://www.demandcurve.com/blog/types-of-google-ads,https://web.archive.org/web/20220521022104/https://www.demandcurve.com/blog/types-of-google-ads,20220521022104,"Types of Google Ads: Ad Formats, Campaign Types & Best Practices for 2022 | Demand Curve Blog",7976,,False,length
demandcurve.com,yc,saas,cba3264ee3f9f223,https://www.demandcurve.com/blog/youtube-ads-cost,https://web.archive.org/web/20220521034016/https://www.demandcurve.com/blog/youtube-ads-cost,20220521034016,What do YouTube ads cost? | Demand Curve Blog,1451,informational,True,
demandcurve.com,yc,saas,,https://www.demandcurve.com/blog/viral-marketing,https://web.archive.org/web/20220410175042/https://www.demandcurve.com/blog/viral-marketing,20220410175042,,0,,False,fetch_or_extract
demandcurve.com,yc,saas,,https://www.demandcurve.com/blog/how-amanda-natividad-grew-her-audience,https://web.archive.org/web/20220725175627/https://www.demandcurve.com/blog/how-amanda-natividad-grew-her-audience,20220725175627,,0,,False,fetch_or_extract
demandcurve.com,yc,saas,,https://www.demandcurve.com/blog/inbound-vs-outbound-marketing,https://web.archive.org/web/20220521025008/https://www.demandcurve.com/blog/inbound-vs-outbound-marketing,20220521025008,,0,,False,fetch_or_extract
demandcurve.com,yc,saas,,https://www.demandcurve.com/blog/cold-email-template,https://web.archive.org/web/20220327043722/https://www.demandcurve.com/blog/cold-email-template,20220327043722,,0,,False,fetch_or_extract
demandcurve.com,yc,saas,,https://www.demandcurve.com/blog/referral-program,https://web.archive.org/web/20220521024821/https://www.demandcurve.com/blog/referral-program,20220521024821,,0,,False,fetch_or_extract
demandcurve.com,yc,saas,,https://www.demandcurve.com/blog/how-bernard-huang-grew-clearscope,https://web.archive.org/web/20220728141404/https://www.demandcurve.com/blog/how-bernard-huang-grew-clearscope,20220728141404,,0,,False,fetch_or_extract
demandcurve.com,yc,saas,,https://www.demandcurve.com/blog/growth-hacking,https://web.archive.org/web/20220507194836/https://www.demandcurve.com/blog/growth-hacking,20220507194836,,0,,False,fetch_or_extract
demandcurve.com,yc,saas,,https://www.demandcurve.com/blog/influencer-marketing,https://web.archive.org/web/20220521023453/https://www.demandcurve.com/blog/influencer-marketing,20220521023453,,0,,False,fetch_or_extract
demandcurve.com,yc,saas,,https://www.demandcurve.com/blog/instagram-video-length,https://web.archive.org/web/20220521033434/https://www.demandcurve.com/blog/instagram-video-length,20220521033434,,0,,False,fetch_or_extract
demandcurve.com,yc,saas,,https://www.demandcurve.com/blog/adwords-vs-adsense,https://web.archive.org/web/20220521024635/https://www.demandcurve.com/blog/adwords-vs-adsense,20220521024635,,0,,False,fetch_or_extract
windsor.io,yc,saas,,https://www.windsor.io/blog/3-ways-to-upgrade-your-email-marketing-using-ai-powered-videos,https://web.archive.org/web/20220820003029/https://www.windsor.io/blog/3-ways-to-upgrade-your-email-marketing-using-ai-powered-videos,20220820003029,,0,,False,fetch_or_extract
windsor.io,yc,saas,,https://www.windsor.io/blog/five-unique-ecommerce-email-campaigns,https://web.archive.org/web/20220702141226/https://www.windsor.io/blog/five-unique-ecommerce-email-campaigns,20220702141226,,0,,False,fetch_or_extract
windsor.io,yc,saas,,https://www.windsor.io/blog/how-dover-uses-personalized-email-flows-to-streamline-recruitment,https://web.archive.org/web/20220927145818/https://www.windsor.io/blog/how-dover-uses-personalized-email-flows-to-streamline-recruitment,20220927145818,,0,,False,fetch_or_extract
windsor.io,yc,saas,,https://www.windsor.io/blog/how-video-can-accelerate-your-ecommerce-growth,https://web.archive.org/web/20220702145708/https://www.windsor.io/blog/how-video-can-accelerate-your-ecommerce-growth,20220702145708,,0,,False,fetch_or_extract
windsor.io,yc,saas,,https://www.windsor.io/blog/the-psychology-of-gratitude-for-online-stores,https://web.archive.org/web/20220702135617/https://www.windsor.io/blog/the-psychology-of-gratitude-for-online-stores,20220702135617,,0,,False,fetch_or_extract
windsor.io,yc,saas,,https://www.windsor.io/blog/exploring-calls-to-action-in-your-video-email-outreach,https://web.archive.org/web/20220702150429/https://www.windsor.io/blog/exploring-calls-to-action-in-your-video-email-outreach,20220702150429,,0,,False,fetch_or_extract
windsor.io,yc,saas,,https://www.windsor.io/blog/siqi-chen-how-early-movers-can-take-advantage-of-email-arbitrage,https://web.archive.org/web/20220830205618/https://www.windsor.io/blog/siqi-chen-how-early-movers-can-take-advantage-of-email-arbitrage,20220830205618,,0,,False,fetch_or_extract
windsor.io,yc,saas,,https://www.windsor.io/blog/how-much-customization-should-your-videos-have,https://web.archive.org/web/20220702143805/https://www.windsor.io/blog/how-much-customization-should-your-videos-have,20220702143805,,0,,False,fetch_or_extract
windsor.io,yc,saas,,https://www.windsor.io/blog/why-uptics-doubled-down-on-pairing-automation-with-personalization,https://web.archive.org/web/20220913183556/https://www.windsor.io/blog/why-uptics-doubled-down-on-pairing-automation-with-personalization,20220913183556,,0,,False,fetch_or_extract
windsor.io,yc,saas,,https://www.windsor.io/blog/leveraging-video-to-build-ecommerce-relationships,https://web.archive.org/web/20220702132445/https://www.windsor.io/blog/leveraging-video-to-build-ecommerce-relationships,20220702132445,,0,,False,fetch_or_extract
windsor.io,yc,saas,,https://www.windsor.io/blog/mistakes-to-avoid-when-emailing-customers,https://web.archive.org/web/20220702142955/https://www.windsor.io/blog/mistakes-to-avoid-when-emailing-customers,20220702142955,,0,,False,fetch_or_extract
windsor.io,yc,saas,,https://www.windsor.io/blog/lagrowthmachine-why-antiquated-emails-dont-drive-conversion,https://web.archive.org/web/20220920191930/https://www.windsor.io/blog/lagrowthmachine-why-antiquated-emails-dont-drive-conversion,20220920191930,,0,,False,fetch_or_extract
windsor.io,yc,saas,,https://www.windsor.io/blog/generating-upsells-without-being-pushy,https://web.archive.org/web/20220702150358/https://www.windsor.io/blog/generating-upsells-without-being-pushy,20220702150358,,0,,False,fetch_or_extract
windsor.io,yc,saas,,https://windsor.io/blog/windsor-node-v1,https://web.archive.org/web/20200810024301/https://windsor.io/blog/windsor-node-v1,20200810024301,,0,,False,fetch_or_extract
windsor.io,yc,saas,,https://www.windsor.io/blog/anatomy-of-a-great-thank-you-email,https://web.archive.org/web/20220702150837/https://www.windsor.io/blog/anatomy-of-a-great-thank-you-email,20220702150837,,0,,False,fetch_or_extract
zerocater.com,yc,saas,daeb7bc0c655dbf3,https://zerocater.com/blog/2017/10/23/appeal-to-millennials-with-these-money-saving-work-perks/,https://web.archive.org/web/20190918200128/https://zerocater.com/blog/2017/10/23/appeal-to-millennials-with-these-money-saving-work-perks/,20190918200128,Appeal to Millennials With These Money-Saving Work Perks,1033,informational,True,
zerocater.com,yc,saas,08c295b30541b914,https://zerocater.com/blog/2017/12/04/creative-fun-holiday-office-party-ideas/,https://web.archive.org/web/20211209002502/https://zerocater.com/blog/2017/12/04/creative-fun-holiday-office-party-ideas/,20211209002502,Creative and Fun Holiday Office Party Ideas,834,informational,True,
zerocater.com,yc,saas,ac1219aba01c4a9a,https://zerocater.com/blog/2018/02/19/what-is-mindful-eating/,https://web.archive.org/web/20190822050855/https://zerocater.com/blog/2018/02/19/what-is-mindful-eating/,20190822050855,What Is Mindful Eating? | ZeroCater,720,informational,True,
zerocater.com,yc,saas,8b94bf4201c89392,https://zerocater.com/blog/2019/09/09/how-to-enhance-sandwich-offerings-at-the-office/,https://web.archive.org/web/20190918200950/https://zerocater.com/blog/2019/09/09/how-to-enhance-sandwich-offerings-at-the-office/,20190918200950,How to Enhance Sandwich Offerings at the Office | ZeroCater,1115,informational,True,
zerocater.com,yc,saas,,https://zerocater.com/blog/2015/04/03/a-party-without-cake-is-just-a-meeting/,https://web.archive.org/web/20220625200436/https://zerocater.com/blog/2015/04/03/a-party-without-cake-is-just-a-meeting/,20220625200436,A Party without Cake Is Just a Meeting - Zerocater,345,,False,length
zerocater.com,yc,saas,,https://zerocater.com/blog/2019/03/27/introducing-zerocater-enterprise-catering/,https://web.archive.org/web/20191022033552/https://zerocater.com/blog/2019/03/27/introducing-zerocater-enterprise-catering/,20191022033552,Introducing ZeroCater Enterprise Catering | ZeroCater,315,,False,length
zerocater.com,yc,saas,,https://zerocater.com/blog/2018/10/17/what-office-drink-are-you/,https://web.archive.org/web/20220625202338/https://zerocater.com/blog/2018/10/17/what-office-drink-are-you/,20220625202338,,0,,False,fetch_or_extract
zerocater.com,yc,saas,,https://zerocater.com/blog/2018/09/24/the-culture-club-meet-crystal-zerocater-charming-customer-success-whiz/,https://web.archive.org/web/20191114054538/https://zerocater.com/blog/2018/09/24/the-culture-club-meet-crystal-zerocater-charming-customer-success-whiz/,20191114054538,,0,,False,fetch_or_extract
zerocater.com,yc,saas,,https://zerocater.com/blog/2015/12/09/employee-spotlight-lizette-penalber/,https://web.archive.org/web/20190822050748/https://zerocater.com/blog/2015/12/09/employee-spotlight-lizette-penalber/,20190822050748,,0,,False,fetch_or_extract
zerocater.com,yc,saas,,https://zerocater.com/blog/2015/04/09/citi-fields-amazin-lineup/,https://web.archive.org/web/20220701103040/https://zerocater.com/blog/2015/04/09/citi-fields-amazin-lineup/,20220701103040,,0,,False,fetch_or_extract
zerocater.com,yc,saas,,https://zerocater.com/blog/2015/09/09/eliminate-food-waste/,https://web.archive.org/web/20190822044955/https://zerocater.com/blog/2015/09/09/eliminate-food-waste/,20190822044955,,0,,False,fetch_or_extract
zerocater.com,yc,saas,,https://zerocater.com/blog/2015/05/15/guac-and-roll/,https://web.archive.org/web/20220625201032/https://zerocater.com/blog/2015/05/15/guac-and-roll/,20220625201032,,0,,False,fetch_or_extract
zerocater.com,yc,saas,,https://zerocater.com/blog/2020/01/20/soup-up-your-lunch-with-one-of-the-latest-soup-trends/,https://web.archive.org/web/20200920182219/https://zerocater.com/blog/2020/01/20/soup-up-your-lunch-with-one-of-the-latest-soup-trends/,20200920182219,,0,,False,fetch_or_extract
zerocater.com,yc,saas,,https://zerocater.com/blog/2019/01/30/partner-provisions-meet-khe-yo-laotian-cuisine-from-chef-soulayphet-schwader-iron-chef-marc-forgione/,https://web.archive.org/web/20190721195305/https://zerocater.com/blog/2019/01/30/partner-provisions-meet-khe-yo-laotian-cuisine-from-chef-soulayphet-schwader-iron-chef-marc-forgione/,20190721195305,,0,,False,fetch_or_extract
zerocater.com,yc,saas,,https://zerocater.com/blog/2018/11/26/top-tailgate-foods-inspired-by-each-nfl-team-city/,https://web.archive.org/web/20190721192312/https://zerocater.com/blog/2018/11/26/top-tailgate-foods-inspired-by-each-nfl-team-city/,20190721192312,,0,,False,fetch_or_extract
theforage.com,yc,saas,fb2e55ff39f8b4f3,https://www.theforage.com/blog/basics/how-far-back-should-resume-go,https://web.archive.org/web/20220624225504/https://www.theforage.com/blog/basics/how-far-back-should-resume-go,20220624225504,How Far Back Should a Resume Go?,1210,informational,True,
theforage.com,yc,saas,0f42519404c3ce3f,https://www.theforage.com/blog/basics/how-to-respond-job-interview-email,https://web.archive.org/web/20221128120449/https://www.theforage.com/blog/basics/how-to-respond-job-interview-email,20221128120449,How to Respond to a Job Interview Email (With Examples),1747,informational,True,
theforage.com,yc,saas,ceb1c934cc5f9fee,https://www.theforage.com/blog/basics/how-to-stand-out-at-a-remote-internship,https://web.archive.org/web/20220929011747/https://www.theforage.com/blog/basics/how-to-stand-out-at-a-remote-internship,20220929011747,Have a Remote Internship? Here Are 6 Ways to Stand Out,782,informational,True,
theforage.com,yc,saas,c8bab3748b21cb87,https://www.theforage.com/blog/careers/accounting-career-path,https://web.archive.org/web/20221109131910/https://www.theforage.com/blog/careers/accounting-career-path,20221109131910,How to Choose an Accounting Career Path,1375,informational,True,
theforage.com,yc,saas,,https://www.theforage.com/blog/basics/14-hiring-manager-secrets-for-job-seekers,https://web.archive.org/web/20220613232549/https://www.theforage.com/blog/basics/14-hiring-manager-secrets-for-job-seekers,20220613232549,14 Hiring Manager Secrets for Job Seekers,1368,news_pr_h,False,genre
theforage.com,yc,saas,608b1c590821958b,https://www.theforage.com/blog/skills/the-internet-of-things-and-the-law,https://web.archive.org/web/20220624223229/https://www.theforage.com/blog/skills/the-internet-of-things-and-the-law,20220624223229,The Internet of Things and the Law: What You Need to Know,736,informational,True,
theforage.com,yc,saas,,https://www.theforage.com/blog/success-stories/elizabeth-bodmer,https://web.archive.org/web/20220624224907/https://www.theforage.com/blog/success-stories/elizabeth-bodmer,20220624224907,Elizabeth Bodmer: Path to RPC,502,,False,length
theforage.com,yc,saas,57116fc53fd0e816,https://www.theforage.com/blog/skills/cybersecurity-and-the-law,https://web.archive.org/web/20220624220646/https://www.theforage.com/blog/skills/cybersecurity-and-the-law,20220624220646,Cybersecurity and the Law: What You Need to Know,747,informational,True,
theforage.com,yc,saas,4fd696681a852fd6,https://www.theforage.com/blog/basics/13-digital-tools-every-student-should-know-about,https://web.archive.org/web/20221128120730/https://www.theforage.com/blog/basics/13-digital-tools-every-student-should-know-about,20221128120730,13 Digital Tools Every Student Should Know About,1421,informational,True,
theforage.com,yc,saas,,https://www.theforage.com/blog/skills/public-speaking-skills,https://web.archive.org/web/20220914140445/https://www.theforage.com/blog/skills/public-speaking-skills,20220914140445,,0,,False,fetch_or_extract
theforage.com,yc,saas,,https://www.theforage.com/blog/careers/securities-trader,https://web.archive.org/web/20221128121403/https://www.theforage.com/blog/careers/securities-trader,20221128121403,,0,,False,fetch_or_extract
theforage.com,yc,saas,,https://www.theforage.com/blog/success-stories/alex-aristides,https://web.archive.org/web/20220524143518/https://www.theforage.com/blog/success-stories/alex-aristides,20220524143518,,0,,False,fetch_or_extract
theforage.com,yc,saas,,"https://www.theforage.com/blog/basics/hard-skills%22,","https://web.archive.org/web/20221104104438/https://www.theforage.com/blog/basics/hard-skills%22,",20221104104438,,0,,False,fetch_or_extract
theforage.com,yc,saas,,https://www.theforage.com/blog/basics/the-gig-economy-and-the-law,https://web.archive.org/web/20220624220913/https://www.theforage.com/blog/basics/the-gig-economy-and-the-law,20220624220913,,0,,False,fetch_or_extract
theforage.com,yc,saas,,https://www.theforage.com/blog/skills/self-driving-cars-and-the-law,https://web.archive.org/web/20220624230314/https://www.theforage.com/blog/skills/self-driving-cars-and-the-law,20220624230314,,0,,False,fetch_or_extract
instrumentl.com,yc,saas,,https://www.instrumentl.com/blog/grant-proposal-narratives,https://web.archive.org/web/20220809235747/https://www.instrumentl.com/blog/grant-proposal-narratives,20220809235747,,0,,False,fetch_or_extract
instrumentl.com,yc,saas,,https://www.instrumentl.com/blog/how-to-go-from-zero-to-hero-grant-strategy,https://web.archive.org/web/20210726172604/https://www.instrumentl.com/blog/how-to-go-from-zero-to-hero-grant-strategy,20210726172604,,0,,False,fetch_or_extract
instrumentl.com,yc,saas,,https://www.instrumentl.com/blog/how-to-write-general-operating-grant-proposals,https://web.archive.org/web/20220813063517/https://www.instrumentl.com/blog/how-to-write-general-operating-grant-proposals,20220813063517,,0,,False,fetch_or_extract
instrumentl.com,yc,saas,,https://www.instrumentl.com/blog/whats-the-difference-between-501c6-and-501c3,https://web.archive.org/web/20220929004632/https://www.instrumentl.com/blog/whats-the-difference-between-501c6-and-501c3,20220929004632,,0,,False,fetch_or_extract
instrumentl.com,yc,saas,,https://www.instrumentl.com/blog/american-rescue-plan-act-grant,https://web.archive.org/web/20211020162850/https://www.instrumentl.com/blog/american-rescue-plan-act-grant,20211020162850,How to Understand & Take Advantage of the Grant Opportunities in the American Rescue Plan Act with Julie Assel,10382,,False,length
instrumentl.com,yc,saas,8ec4330bf117e752,https://www.instrumentl.com/blog/what-is-a-budget-narrative,https://web.archive.org/web/20220522072346/https://www.instrumentl.com/blog/what-is-a-budget-narrative,20220522072346,What is a Budget Narrative? Grant Writing 101,1627,informational,True,
instrumentl.com,yc,saas,,https://www.instrumentl.com/blog/how-to-call-for-nonprofit-donations,https://web.archive.org/web/20220929020228/https://www.instrumentl.com/blog/how-to-call-for-nonprofit-donations,20220929020228,,0,,False,fetch_or_extract
instrumentl.com,yc,saas,,https://www.instrumentl.com/blog/grant-management-process,https://web.archive.org/web/20220809232556/https://www.instrumentl.com/blog/grant-management-process,20220809232556,,0,,False,fetch_or_extract
instrumentl.com,yc,saas,,https://www.instrumentl.com/blog/restricted-unrestricted-funds-difference,https://web.archive.org/web/20221119180406/https://www.instrumentl.com/blog/restricted-unrestricted-funds-difference,20221119180406,,0,,False,fetch_or_extract
instrumentl.com,yc,saas,,https://www.instrumentl.com/blog/grant-writing-fees,https://web.archive.org/web/20211025095239/https://www.instrumentl.com/blog/grant-writing-fees,20211025095239,,0,,False,fetch_or_extract
instrumentl.com,yc,saas,,https://www.instrumentl.com/blog/how-to-build-logic-models-for-grants,https://web.archive.org/web/20220702133954/https://www.instrumentl.com/blog/how-to-build-logic-models-for-grants,20220702133954,,0,,False,fetch_or_extract
instrumentl.com,yc,saas,,https://www.instrumentl.com/blog/things-to-do-before-you-write-grants,https://web.archive.org/web/20211021145359/https://www.instrumentl.com/blog/things-to-do-before-you-write-grants,20211021145359,,0,,False,fetch_or_extract
instrumentl.com,yc,saas,,https://www.instrumentl.com/blog/how-many-grants-to-apply-for,https://web.archive.org/web/20211020162808/https://www.instrumentl.com/blog/how-many-grants-to-apply-for,20211020162808,,0,,False,fetch_or_extract
instrumentl.com,yc,saas,,https://www.instrumentl.com/blog/how-to-unleash-volunteer-metrics-power,https://web.archive.org/web/20220824145852/https://www.instrumentl.com/blog/how-to-unleash-volunteer-metrics-power,20220824145852,,0,,False,fetch_or_extract
instrumentl.com,yc,saas,,https://www.instrumentl.com/blog/7-tips-to-write-grants-like-a-pro,https://web.archive.org/web/20211020081453/https://www.instrumentl.com/blog/7-tips-to-write-grants-like-a-pro,20211020081453,,0,,False,fetch_or_extract
snapdocs.com,yc,saas,ce634e1f84a0e750,https://snapdocs.com/blog/how-to-measure-your-success-with-digital-closings/,https://web.archive.org/web/20210215180149/https://snapdocs.com/blog/how-to-measure-your-success-with-digital-closings/,20210215180149,How to Measure Your Success With eClosings | Snapdocs,1619,informational,True,
snapdocs.com,yc,saas,7444533dec3348bf,http://www.snapdocs.com/blog/marketing-tips-signing-services/,https://web.archive.org/web/20150419160638/http://www.snapdocs.com/blog/marketing-tips-signing-services/,20150419160638,Marketing Tips for Signing Services,671,informational,True,
snapdocs.com,yc,saas,4cda92a37f815138,https://snapdocs.com/blog/the-5-rs-requirements/,https://web.archive.org/web/20210701202514/https://snapdocs.com/blog/the-5-rs-requirements/,20210701202514,The 5 Rs of e-Eligibility: Requirements | Snapdocs,774,informational,True,
snapdocs.com,yc,saas,,https://snapdocs.com/blog/where-should-lenders-begin-with-digital-closings/,https://web.archive.org/web/20200918204259/https://snapdocs.com/blog/where-should-lenders-begin-with-digital-closings/,20200918204259,,0,,False,fetch_or_extract
snapdocs.com,yc,saas,,https://snapdocs.com/blog/six-ways-lenders-benefit-from-digital-mortgage-closings/,https://web.archive.org/web/20201022201158/https://snapdocs.com/blog/six-ways-lenders-benefit-from-digital-mortgage-closings/,20201022201158,,0,,False,fetch_or_extract
snapdocs.com,yc,saas,,https://snapdocs.com/blog/what-is-an-eclosing-and-how-does-it-work/,https://web.archive.org/web/20201207202402/https://snapdocs.com/blog/what-is-an-eclosing-and-how-does-it-work/,20201207202402,,0,,False,fetch_or_extract
snapdocs.com,yc,saas,,http://www.snapdocs.com:80/blog/vetting-third-party-vendors-cfpb-compliance/,https://web.archive.org/web/20150222034312/http://www.snapdocs.com:80/blog/vetting-third-party-vendors-cfpb-compliance/,20150222034312,,0,,False,fetch_or_extract
snapdocs.com,yc,saas,,http://www.snapdocs.com:80/blog/introducing-the-activity-feed/,https://web.archive.org/web/20140816044431/http://www.snapdocs.com:80/blog/introducing-the-activity-feed/,20140816044431,,0,,False,fetch_or_extract
snapdocs.com,yc,saas,,http://www.snapdocs.com/blog/snapdocs-resware-integration/,https://web.archive.org/web/20150618142535/http://www.snapdocs.com/blog/snapdocs-resware-integration/,20150618142535,,0,,False,fetch_or_extract
snapdocs.com,yc,saas,,http://www.snapdocs.com:80/blog/quickbooks-integration/,https://web.archive.org/web/20140816044446/http://www.snapdocs.com:80/blog/quickbooks-integration/,20140816044446,,0,,False,fetch_or_extract
snapdocs.com,yc,saas,,https://snapdocs.com/blog/three-types-of-digital-closing-technology-that-lenders-need-to-know/,https://web.archive.org/web/20201109195044/https://snapdocs.com/blog/three-types-of-digital-closing-technology-that-lenders-need-to-know/,20201109195044,,0,,False,fetch_or_extract
snapdocs.com,yc,saas,,https://snapdocs.com/blog/how-evergreen-home-loans-created-a-beautiful-and-consistent-digital-closing-experience-for-borrowers/,https://web.archive.org/web/20200918200431/https://snapdocs.com/blog/how-evergreen-home-loans-created-a-beautiful-and-consistent-digital-closing-experience-for-borrowers/,20200918200431,,0,,False,fetch_or_extract
snapdocs.com,yc,saas,,https://snapdocs.com/blog/the-5-rs-recording/,https://web.archive.org/web/20210925183816/https://snapdocs.com/blog/the-5-rs-recording/,20210925183816,,0,,False,fetch_or_extract
snapdocs.com,yc,saas,,https://snapdocs.com/blog/why-your-eclosing-platform-needs-to-handle-all-your-closings/,https://web.archive.org/web/20210122065335/https://snapdocs.com/blog/why-your-eclosing-platform-needs-to-handle-all-your-closings/,20210122065335,,0,,False,fetch_or_extract
snapdocs.com,yc,saas,,https://snapdocs.com/blog/a-lenders-five-minute-guide-to-how-remote-online-notarization-works/,https://web.archive.org/web/20200918194611/https://snapdocs.com/blog/a-lenders-five-minute-guide-to-how-remote-online-notarization-works/,20200918194611,,0,,False,fetch_or_extract
convex.com,yc,saas,768d011f73ed54c6,https://www.convex.com/blog/3-trends-that-will-impact-the-elevator-service-industry-this-year/,https://web.archive.org/web/20220418164504/https://www.convex.com/blog/3-trends-that-will-impact-the-elevator-service-industry-this-year/,20220418164504,3 Trends That Will Impact the Elevator Service Industry This Year | Convex,1033,informational,True,
convex.com,yc,saas,052ea429c2c97ba2,https://www.convex.com/blog/how-successful-sales-teams-use-atlas-for-more-effective-prospecting-2/,https://web.archive.org/web/20220217153047/https://www.convex.com/blog/how-successful-sales-teams-use-atlas-for-more-effective-prospecting-2/,20220217153047,How Sales Teams Use Atlas for Effective Prospecting | Convex,1365,informational,True,
convex.com,yc,saas,9f2af4841065f045,https://www.convex.com/blog/new-trends-in-the-access-control-industry/,https://web.archive.org/web/20220810135555/https://www.convex.com/blog/new-trends-in-the-access-control-industry/,20220810135555,New Trends in the Access Control Industry | Convex,1124,informational,True,
convex.com,yc,saas,3d25ddbfb94520ec,https://www.convex.com/blog/this-sales-pipeline-calculator-simplifies-cold-calling/,https://web.archive.org/web/20211115014549/https://www.convex.com/blog/this-sales-pipeline-calculator-simplifies-cold-calling/,20211115014549,This Sales Pipeline Calculator Simplifies Cold Calling (Free Spreadsheet) | Convex,1301,informational,True,
convex.com,yc,saas,fa66940ec1c04847,https://www.convex.com/blog/ceo-insights-5-commercial-services-trends-to-watch/,https://web.archive.org/web/20220210162532/https://www.convex.com/blog/ceo-insights-5-commercial-services-trends-to-watch/,20220210162532,CEO Insight: 5 Commercial Services Trends to Watch | Convex,1240,informational,True,
convex.com,yc,saas,,https://www.convex.com/blog/7-successful-sales-methodologies-commercial-services-sales-teams-swear-by/,https://web.archive.org/web/20220224221700/https://www.convex.com/blog/7-successful-sales-methodologies-commercial-services-sales-teams-swear-by/,20220224221700,7 Methodologies Commercial Services Sales Teams Swear By | Convex,2556,,False,length
convex.com,yc,saas,,https://www.convex.com/blog/weve-raised-60-million-heres-how-were-turning-buildings-into-business/,https://web.archive.org/web/20211012222240/https://www.convex.com/blog/weve-raised-60-million-heres-how-were-turning-buildings-into-business/,20211012222240,We’ve raised $60 million. Here’s how we’re helping a 100-year-old industry turn buildings into business. | Convex,652,news_pr,False,genre
convex.com,yc,saas,,https://www.convex.com/blog/meet-michael-chou-convex-vp-of-product/,https://web.archive.org/web/20220522110047/https://www.convex.com/blog/meet-michael-chou-convex-vp-of-product/,20220522110047,Meet Michael Chou VP of Product | Convex,1194,news_pr,False,genre
convex.com,yc,saas,,https://www.convex.com/blog/meet-dan-mandelbrot/,https://web.archive.org/web/20220927165704/https://www.convex.com/blog/meet-dan-mandelbrot/,20220927165704,"Meet Dan Mandelbrot, VP of Sales | Convex",1113,culture_hiring,False,genre
convex.com,yc,saas,1c8481f9d28ab468,https://www.convex.com/blog/the-common-sense-guide-to-sales-route-planning/,https://web.archive.org/web/20211017163627/https://www.convex.com/blog/the-common-sense-guide-to-sales-route-planning/,20211017163627,The Common Sense Guide to Sales Route Planning | Convex,1115,informational,True,
convex.com,yc,saas,,https://www.convex.com/blog/meet-jim-soss-convex-chief-revenue-officer/,https://web.archive.org/web/20220131190655/https://www.convex.com/blog/meet-jim-soss-convex-chief-revenue-officer/,20220131190655,"Meet Jim Soss, Convex CRO | Convex",784,news_pr,False,genre
convex.com,yc,saas,,https://www.convex.com/blog/how-successful-sales-teams-use-atlas-for-more-effective-prospecting/,https://web.archive.org/web/20220522100854/https://www.convex.com/blog/how-successful-sales-teams-use-atlas-for-more-effective-prospecting/,20220522100854,How Sales Teams Use Atlas for Effective Prospecting | Convex,1365,informational,False,near_duplicate
convex.com,yc,saas,b50e997651d71abc,https://www.convex.com/blog/the-outlook-for-biometric-access-control-in-2021/,https://web.archive.org/web/20210625031256/https://www.convex.com/blog/the-outlook-for-biometric-access-control-in-2021/,20210625031256,The Outlook for Biometric Access Control in 2021 | Convex,1143,informational,True,
convex.com,yc,saas,,https://www.convex.com/blog/summer-release-2022/,https://web.archive.org/web/20220927174603/https://www.convex.com/blog/summer-release-2022/,20220927174603,New Ways to Accelerate Revenue: Summer Release 2022 | Convex,1419,product_announcement,False,genre
convex.com,yc,saas,,https://www.convex.com/blog/fall-release-2022,https://web.archive.org/web/20221128103812/https://www.convex.com/blog/fall-release-2022,20221128103812,New Ways to Target and Engage: Fall Release 2022 | Convex,1032,product_announcement,False,genre
letterdrop.com,yc,saas,356f5fa73094462d,https://letterdrop.com/blog/p/content-marketing-goals,https://web.archive.org/web/20211103174120/https://letterdrop.com/blog/p/content-marketing-goals,20211103174120,A Guide to Identifying Your Content Marketing Goals,1573,informational,True,
letterdrop.com,yc,saas,085ff3f1e64cda04,https://letterdrop.com/blog/p/so-you-want-to-run-a-paid-newsletter,https://web.archive.org/web/20220117214006/https://letterdrop.com/blog/p/so-you-want-to-run-a-paid-newsletter,20220117214006,So you want to run a paid newsletter?,1539,informational,True,
letterdrop.com,yc,saas,aba8935a471527aa,https://letterdrop.com/blog/p/top-8-blog-post-templates-to-fuel-your-writing-process,https://web.archive.org/web/20210929061042/https://letterdrop.com/blog/p/top-8-blog-post-templates-to-fuel-your-writing-process,20210929061042,Top 8 Blog Post Templates to Fuel Your Writing Process | A Guide to Content Marketing from Letterdrop,1833,informational,True,
letterdrop.com,yc,saas,8f04fe29ac3c2e27,https://letterdrop.com/blog/p/writing-style-guide,https://web.archive.org/web/20211026094509/https://letterdrop.com/blog/p/writing-style-guide,20211026094509,How to Create a Writing Style Guide for Your Company,1755,informational,True,
letterdrop.com,yc,saas,,https://letterdrop.com/blog/p/letterdrop-is-live-on-the-webflow-app-marketplace,https://web.archive.org/web/20221109181636/https://letterdrop.com/blog/p/letterdrop-is-live-on-the-webflow-app-marketplace,20221109181636,Letterdrop Is a Launch Partner on the Webflow App Marketplace,955,news_pr_h,False,genre
letterdrop.com,yc,saas,,https://letterdrop.com/blog/p/webflow-cms-via-api-and-zapier,https://web.archive.org/web/20221026205723/https://letterdrop.com/blog/p/webflow-cms-via-api-and-zapier,20221026205723,,0,,False,fetch_or_extract
letterdrop.com,yc,saas,,https://letterdrop.com/blog/p/want-to-start-a-newsletter-read-this,https://web.archive.org/web/20220117222152/https://letterdrop.com/blog/p/want-to-start-a-newsletter-read-this,20220117222152,,0,,False,fetch_or_extract
letterdrop.com,yc,saas,,https://letterdrop.com/blog/p/everything-you-need-to-know-about-content-pillars--a-guide,https://web.archive.org/web/20210909231527/https://letterdrop.com/blog/p/everything-you-need-to-know-about-content-pillars--a-guide,20210909231527,,0,,False,fetch_or_extract
letterdrop.com,yc,saas,,https://letterdrop.com/blog/p/how-to-become-a-finance-writer,https://web.archive.org/web/20220117224241/https://letterdrop.com/blog/p/how-to-become-a-finance-writer,20220117224241,,0,,False,fetch_or_extract
letterdrop.com,yc,saas,,https://letterdrop.com/blog/p/successful-client-relationship-for-content-marketing-agency,https://web.archive.org/web/20220516013250/https://letterdrop.com/blog/p/successful-client-relationship-for-content-marketing-agency,20220516013250,,0,,False,fetch_or_extract
letterdrop.com,yc,saas,,https://letterdrop.com/blog/p/how-to-take-your-newsletter-to-instagram,https://web.archive.org/web/20220117230740/https://letterdrop.com/blog/p/how-to-take-your-newsletter-to-instagram,20220117230740,,0,,False,fetch_or_extract
letterdrop.com,yc,saas,,https://letterdrop.com/blog/p/the-importance-of-editing-for-business-writing,https://web.archive.org/web/20220117224027/https://letterdrop.com/blog/p/the-importance-of-editing-for-business-writing,20220117224027,,0,,False,fetch_or_extract
letterdrop.com,yc,saas,,https://letterdrop.com/blog/p/startup-growth-marketing-interview-trevor-divisional,https://web.archive.org/web/20220316185800/https://letterdrop.com/blog/p/startup-growth-marketing-interview-trevor-divisional,20220316185800,,0,,False,fetch_or_extract
letterdrop.com,yc,saas,,https://letterdrop.com/blog/p/how-to-start-a-paid-newsletter-business,https://web.archive.org/web/20220117222117/https://letterdrop.com/blog/p/how-to-start-a-paid-newsletter-business,20220117222117,,0,,False,fetch_or_extract
letterdrop.com,yc,saas,,https://letterdrop.com/blog/p/finding-sponsors-for-your-newsletter,https://web.archive.org/web/20220117231607/https://letterdrop.com/blog/p/finding-sponsors-for-your-newsletter,20220117231607,,0,,False,fetch_or_extract
ambition.com,yc,saas,,https://ambition.com/blog/entry/2015-10-29-anatomy-effective-sales-feedback/,https://web.archive.org/web/20161121044228/https://ambition.com/blog/entry/2015-10-29-anatomy-effective-sales-feedback/,20161121044228,,0,,False,fetch_or_extract
ambition.com,yc,saas,,https://ambition.com/blog/entry/2015-12-31-top-10-ambition-blog-posts-2015/,https://web.archive.org/web/20210413015749/https://ambition.com/blog/entry/2015-12-31-top-10-ambition-blog-posts-2015/,20210413015749,,0,,False,fetch_or_extract
ambition.com,yc,saas,,https://ambition.com/blog/entry/2016-05-15-account-management-kpi-index/,https://web.archive.org/web/20211026011914/https://ambition.com/blog/entry/2016-05-15-account-management-kpi-index/,20211026011914,,0,,False,fetch_or_extract
ambition.com,yc,saas,,http://ambition.com:80/blog/2014/05/19/6-Sales-Tools-Your-Company-Should-Be-Using/,https://web.archive.org/web/20140606073751/http://ambition.com:80/blog/2014/05/19/6-Sales-Tools-Your-Company-Should-Be-Using/,20140606073751,,0,,False,fetch_or_extract
ambition.com,yc,saas,,https://ambition.com/blog/2015/12/09/apex-predator-explains-48-laws-power-part-ii/,https://web.archive.org/web/20160320043637/https://ambition.com/blog/2015/12/09/apex-predator-explains-48-laws-power-part-ii/,20160320043637,,0,,False,fetch_or_extract
ambition.com,yc,saas,,https://ambition.com/blog/entry/2015-4-24-sales-motivation-from-the-apex-predator/,https://web.archive.org/web/20201026071150/https://ambition.com/blog/entry/2015-4-24-sales-motivation-from-the-apex-predator/,20201026071150,,0,,False,fetch_or_extract
ambition.com,yc,saas,,https://ambition.com/blog/entry/2015-4-10-how-to-revive-sales-in-Q2/,https://web.archive.org/web/20210413010014/https://ambition.com/blog/entry/2015-4-10-how-to-revive-sales-in-Q2/,20210413010014,,0,,False,fetch_or_extract
ambition.com,yc,saas,,https://ambition.com/blog/entry/2016-08-01-release-notes-july/,https://web.archive.org/web/20191116212838/https://ambition.com/blog/entry/2016-08-01-release-notes-july/,20191116212838,,0,,False,fetch_or_extract
ambition.com,yc,saas,,https://ambition.com/blog/2015/10/09/5-essential-sales-articles-for-every-sales-pro/,https://web.archive.org/web/20160320045733/https://ambition.com/blog/2015/10/09/5-essential-sales-articles-for-every-sales-pro/,20160320045733,,0,,False,fetch_or_extract
ambition.com,yc,saas,,https://ambition.com/blog/entry/2014-10-15-interview-john-barrows/,https://web.archive.org/web/20161121043448/https://ambition.com/blog/entry/2014-10-15-interview-john-barrows/,20161121043448,,0,,False,fetch_or_extract
ambition.com,yc,saas,,http://www.ambition.com:80/blog/2014/09/02/meet-state-art-ambition-trigger/,https://web.archive.org/web/20141010062753/http://www.ambition.com:80/blog/2014/09/02/meet-state-art-ambition-trigger/,20141010062753,,0,,False,fetch_or_extract
ambition.com,yc,saas,,https://ambition.com/blog/entry/18-06-05-power-recognition-and-celebrating-wins-sales-tvs/,https://web.archive.org/web/20190718220631/https://ambition.com/blog/entry/18-06-05-power-recognition-and-celebrating-wins-sales-tvs/,20190718220631,,0,,False,fetch_or_extract
ambition.com,yc,saas,,http://ambition.com:80/blog/2014/06/03/ambition-guide-predictable-revenue-part-iii/,https://web.archive.org/web/20140608093227/http://ambition.com:80/blog/2014/06/03/ambition-guide-predictable-revenue-part-iii/,20140608093227,,0,,False,fetch_or_extract
ambition.com,yc,saas,,https://ambition.com/blog/2016/02/01/cisco-integration/,https://web.archive.org/web/20160320051839/https://ambition.com/blog/2016/02/01/cisco-integration/,20160320051839,,0,,False,fetch_or_extract
ambition.com,yc,saas,,https://ambition.com/blog/entry/2016-05-25-new-feature-smart-benchmarks/,https://web.archive.org/web/20210412075500/https://ambition.com/blog/entry/2016-05-25-new-feature-smart-benchmarks/,20210412075500,,0,,False,fetch_or_extract
sketchdeck.com,yc,saas,,http://www.sketchdeck.com:80/blog/113-new-marketing-tools-you-need-to-grow-in-2016-part-7-social-media-marketing/,https://web.archive.org/web/20160329213929/http://www.sketchdeck.com:80/blog/113-new-marketing-tools-you-need-to-grow-in-2016-part-7-social-media-marketing/,20160329213929,,0,,False,fetch_or_extract
sketchdeck.com,yc,saas,,http://sketchdeck.com/blog/how-top-b2b-startups-are-creating-case-studies-to-turn-leads-into-customers,https://web.archive.org/web/20160817135253/http://sketchdeck.com/blog/how-top-b2b-startups-are-creating-case-studies-to-turn-leads-into-customers,20160817135253,,0,,False,fetch_or_extract
sketchdeck.com,yc,saas,,https://www.sketchdeck.com/blog/tips-on-how-non-designers-can-get-smart-fast-about-graphic-design,https://web.archive.org/web/20210325201636/https://www.sketchdeck.com/blog/tips-on-how-non-designers-can-get-smart-fast-about-graphic-design,20210325201636,,0,,False,fetch_or_extract
sketchdeck.com,yc,saas,,https://www.sketchdeck.com/blog/how-to-make-your-b2b-brand-succeed-on-instagram,https://web.archive.org/web/20200924164919/https://www.sketchdeck.com/blog/how-to-make-your-b2b-brand-succeed-on-instagram,20200924164919,,0,,False,fetch_or_extract
sketchdeck.com,yc,saas,,https://www.sketchdeck.com/blog/editorial-design,https://web.archive.org/web/20200928225512/https://www.sketchdeck.com/blog/editorial-design,20200928225512,,0,,False,fetch_or_extract
sketchdeck.com,yc,saas,,https://sketchdeck.com/blog/create-case-studies-that-turn-leads-into-customers/,https://web.archive.org/web/20220525162649/https://sketchdeck.com/blog/create-case-studies-that-turn-leads-into-customers/,20220525162649,,0,,False,fetch_or_extract
sketchdeck.com,yc,saas,,https://www.sketchdeck.com/blog/conference-design,https://web.archive.org/web/20200815074157/https://www.sketchdeck.com/blog/conference-design,20200815074157,,0,,False,fetch_or_extract
sketchdeck.com,yc,saas,,https://sketchdeck.com/blog/tips-for-communicating-with-your-designer-video/,https://web.archive.org/web/20220525160126/https://sketchdeck.com/blog/tips-for-communicating-with-your-designer-video/,20220525160126,,0,,False,fetch_or_extract
sketchdeck.com,yc,saas,,https://www.sketchdeck.com/blog/how-deepgram-used-design-to-help-increase-traffic-400,https://web.archive.org/web/20190718065352/https://www.sketchdeck.com/blog/how-deepgram-used-design-to-help-increase-traffic-400,20190718065352,,0,,False,fetch_or_extract
sketchdeck.com,yc,saas,,http://www.sketchdeck.com:80/blog/brandbook-by-sketchdeck-now-live/,https://web.archive.org/web/20150308113342/http://www.sketchdeck.com:80/blog/brandbook-by-sketchdeck-now-live/,20150308113342,,0,,False,fetch_or_extract
sketchdeck.com,yc,saas,,https://sketchdeck.com/blog/rebrand-support/,https://web.archive.org/web/20220519205715/https://sketchdeck.com/blog/rebrand-support/,20220519205715,,0,,False,fetch_or_extract
sketchdeck.com,yc,saas,,https://www.sketchdeck.com/blog/yc-one-slide-summary,https://web.archive.org/web/20200928222235/https://www.sketchdeck.com/blog/yc-one-slide-summary,20200928222235,,0,,False,fetch_or_extract
sketchdeck.com,yc,saas,,https://www.sketchdeck.com/blog/hire-or-outsource,https://web.archive.org/web/20210119001155/https://www.sketchdeck.com/blog/hire-or-outsource,20210119001155,,0,,False,fetch_or_extract
sketchdeck.com,yc,saas,,http://www.sketchdeck.com:80/blog/113-new-marketing-tools-you-need-to-grow-in-2016-part-3-productivity-boosters/,https://web.archive.org/web/20160329225808/http://www.sketchdeck.com:80/blog/113-new-marketing-tools-you-need-to-grow-in-2016-part-3-productivity-boosters/,20160329225808,,0,,False,fetch_or_extract
sketchdeck.com,yc,saas,,https://www.sketchdeck.com/blog/give-great-design-feedback,https://web.archive.org/web/20200814083553/https://www.sketchdeck.com/blog/give-great-design-feedback,20200814083553,,0,,False,fetch_or_extract
omnivirt.com,yc,saas,,https://www.omnivirt.com/blog/4-best-3d-photo-apps-2019/,https://web.archive.org/web/20190722151451/https://www.omnivirt.com/blog/4-best-3d-photo-apps-2019/,20190722151451,,0,,False,fetch_or_extract
omnivirt.com,yc,saas,,https://www.omnivirt.com/blog/augmented-reality-examples-marketers/,https://web.archive.org/web/20190722150959/https://www.omnivirt.com/blog/augmented-reality-examples-marketers/,20190722150959,,0,,False,fetch_or_extract
omnivirt.com,yc,saas,,https://www.omnivirt.com/blog/omnivirts-virtual-reality-trends-2017-360-video-headsets-sports/,https://web.archive.org/web/20190824032242/https://www.omnivirt.com/blog/omnivirts-virtual-reality-trends-2017-360-video-headsets-sports/,20190824032242,,0,,False,fetch_or_extract
omnivirt.com,yc,saas,,https://www.omnivirt.com/blog/experience-holidays-360-samsungs-latest-campaign/,https://web.archive.org/web/20190817154534/https://www.omnivirt.com/blog/experience-holidays-360-samsungs-latest-campaign/,20190817154534,,0,,False,fetch_or_extract
omnivirt.com,yc,saas,,https://www.omnivirt.com/blog/brands-look-to-omnivirt-to-power-vr-experiences-inside-snapchat/,https://web.archive.org/web/20190817214444/https://www.omnivirt.com/blog/brands-look-to-omnivirt-to-power-vr-experiences-inside-snapchat/,20190817214444,,0,,False,fetch_or_extract
omnivirt.com,yc,saas,,https://www.omnivirt.com/blog/what-we-learned-about-vr-ads-after-delivering-100-million-impressions-for-brands/,https://web.archive.org/web/20190722062452/https://www.omnivirt.com/blog/what-we-learned-about-vr-ads-after-delivering-100-million-impressions-for-brands/,20190722062452,,0,,False,fetch_or_extract
omnivirt.com,yc,saas,,https://www.omnivirt.com/blog/omnivirts-360-vr-player-compares-players-market/,https://web.archive.org/web/20191022085811/https://www.omnivirt.com/blog/omnivirts-360-vr-player-compares-players-market/,20191022085811,,0,,False,fetch_or_extract
omnivirt.com,yc,saas,,https://www.omnivirt.com/blog/numbers-matter-pitching-360-vr-client/,https://web.archive.org/web/20201126103131/https://www.omnivirt.com/blog/numbers-matter-pitching-360-vr-client/,20201126103131,,0,,False,fetch_or_extract
omnivirt.com,yc,saas,,https://www.omnivirt.com/blog/3d-marketing-comprehensive-guide/,https://web.archive.org/web/20190824033343/https://www.omnivirt.com/blog/3d-marketing-comprehensive-guide/,20190824033343,,0,,False,fetch_or_extract
omnivirt.com,yc,saas,,https://www.omnivirt.com/blog/vr-distribution/,https://web.archive.org/web/20190824033329/https://www.omnivirt.com/blog/vr-distribution/,20190824033329,,0,,False,fetch_or_extract
omnivirt.com,yc,saas,,https://www.omnivirt.com/blog/omnivirt-helps-vice-launch-three-sixty-ad-product/,https://web.archive.org/web/20171121214220/https://www.omnivirt.com/blog/omnivirt-helps-vice-launch-three-sixty-ad-product/,20171121214220,,0,,False,fetch_or_extract
omnivirt.com,yc,saas,,https://www.omnivirt.com/blog/making-impressions-jonathon-mckenzie-turner/,https://web.archive.org/web/20190824032838/https://www.omnivirt.com/blog/making-impressions-jonathon-mckenzie-turner/,20190824032838,,0,,False,fetch_or_extract
omnivirt.com,yc,saas,,https://www.omnivirt.com/blog/360-video-jwplayer/,https://web.archive.org/web/20190817153941/https://www.omnivirt.com/blog/360-video-jwplayer/,20190817153941,,0,,False,fetch_or_extract
omnivirt.com,yc,saas,,https://www.omnivirt.com/blog/omnivirt-google-webinar-best-practices-creating-360-vr-ads/,https://web.archive.org/web/20190722151100/https://www.omnivirt.com/blog/omnivirt-google-webinar-best-practices-creating-360-vr-ads/,20190722151100,,0,,False,fetch_or_extract
omnivirt.com,yc,saas,,https://www.omnivirt.com/blog/apples-latest-ar-play-majorly-impacts-marketers-heres/,https://web.archive.org/web/20190822130849/https://www.omnivirt.com/blog/apples-latest-ar-play-majorly-impacts-marketers-heres/,20190822130849,,0,,False,fetch_or_extract
giveffect.com,yc,saas,,https://www.giveffect.com/blog/how-giveffects-email-marketing-system-makes-your-npo-stronger/,https://web.archive.org/web/20210128122315/https://www.giveffect.com/blog/how-giveffects-email-marketing-system-makes-your-npo-stronger/,20210128122315,,0,,False,fetch_or_extract
giveffect.com,yc,saas,,https://www.giveffect.com/blog/tis-the-season-4-tips-for-holiday-fundraising-in-2021/,https://web.archive.org/web/20211118183250/https://www.giveffect.com/blog/tis-the-season-4-tips-for-holiday-fundraising-in-2021/,20211118183250,,0,,False,fetch_or_extract
giveffect.com,yc,saas,,https://www.giveffect.com/blog/unravel-the-puzzle-getting-the-most-out-of-volunteers-free-questionnaire-template,https://web.archive.org/web/20220305022043/https://www.giveffect.com/blog/unravel-the-puzzle-getting-the-most-out-of-volunteers-free-questionnaire-template,20220305022043,,0,,False,fetch_or_extract
giveffect.com,yc,saas,,https://www.giveffect.com/blog/three-mistakes-your-nonprofit-website-may-be-making-and-how-to-correct-them/,https://web.archive.org/web/20220317220120/https://www.giveffect.com/blog/three-mistakes-your-nonprofit-website-may-be-making-and-how-to-correct-them/,20220317220120,,0,,False,fetch_or_extract
giveffect.com,yc,saas,,https://www.giveffect.com/blog/childrens-charity/,https://web.archive.org/web/20201130165721/https://www.giveffect.com/blog/childrens-charity/,20201130165721,,0,,False,fetch_or_extract
giveffect.com,yc,saas,,https://www.giveffect.com/blog/now-is-an-ideal-time-to-re-evaluate-systems-and-processes/,https://web.archive.org/web/20210428170340/https://www.giveffect.com/blog/now-is-an-ideal-time-to-re-evaluate-systems-and-processes/,20210428170340,,0,,False,fetch_or_extract
giveffect.com,yc,saas,,https://www.giveffect.com/blog/case-study-york-habitat-for-humanity/,https://web.archive.org/web/20210701143922/https://www.giveffect.com/blog/case-study-york-habitat-for-humanity/,20210701143922,,0,,False,fetch_or_extract
giveffect.com,yc,saas,,https://www.giveffect.com/blog/get-creative-with-a-twist/,https://web.archive.org/web/20210730213358/https://www.giveffect.com/blog/get-creative-with-a-twist/,20210730213358,,0,,False,fetch_or_extract
giveffect.com,yc,saas,,https://www.giveffect.com/blog/your-stats-your-way/,https://web.archive.org/web/20210907190247/https://www.giveffect.com/blog/your-stats-your-way/,20210907190247,,0,,False,fetch_or_extract
giveffect.com,yc,saas,,https://www.giveffect.com/blog/holiday-appeal/,https://web.archive.org/web/20190821162720/https://www.giveffect.com/blog/holiday-appeal/,20190821162720,,0,,False,fetch_or_extract
giveffect.com,yc,saas,,https://www.giveffect.com/blog/benefits-best-practices-of-capital-campaigns/,https://web.archive.org/web/20190722031240/https://www.giveffect.com/blog/benefits-best-practices-of-capital-campaigns/,20190722031240,,0,,False,fetch_or_extract
giveffect.com,yc,saas,,https://www.giveffect.com/blog/smart-automation-saves-time/,https://web.archive.org/web/20190715220606/https://www.giveffect.com/blog/smart-automation-saves-time/,20190715220606,,0,,False,fetch_or_extract
giveffect.com,yc,saas,,https://www.giveffect.com/blog/who-are-your-donors/,https://web.archive.org/web/20210519171035/https://www.giveffect.com/blog/who-are-your-donors/,20210519171035,,0,,False,fetch_or_extract
giveffect.com,yc,saas,,https://www.giveffect.com/blog/volunteer-appreciation-2/,https://web.archive.org/web/20190722032516/https://www.giveffect.com/blog/volunteer-appreciation-2/,20190722032516,,0,,False,fetch_or_extract
giveffect.com,yc,saas,,https://www.giveffect.com/blog/donor-cultivation-event/,https://web.archive.org/web/20190823140911/https://www.giveffect.com/blog/donor-cultivation-event/,20190823140911,,0,,False,fetch_or_extract
sqreen.com,yc,saas,,https://blog.sqreen.com/diy-node-apm/,https://web.archive.org/web/20190719061409/https://blog.sqreen.com/diy-node-apm/,20190719061409,,0,,False,fetch_or_extract
sqreen.com,yc,saas,,https://blog.sqreen.com/javascript-engine-performance/,https://web.archive.org/web/20190719060938/https://blog.sqreen.com/javascript-engine-performance/,20190719060938,,0,,False,fetch_or_extract
sqreen.com,yc,saas,,https://blog.sqreen.com/mobile-app-security-topics/,https://web.archive.org/web/20200811121655/https://blog.sqreen.com/mobile-app-security-topics/,20200811121655,,0,,False,fetch_or_extract
sqreen.com,yc,saas,,https://blog.sqreen.com/one-easy-way-to-inject-malicious-code-in-any-node-js-application/,https://web.archive.org/web/20190719062714/https://blog.sqreen.com/one-easy-way-to-inject-malicious-code-in-any-node-js-application/,20190719062714,,0,,False,fetch_or_extract
sqreen.com,yc,saas,,https://blog.sqreen.com/three-reasons-sqreen-summit/,https://web.archive.org/web/20201031002540/https://blog.sqreen.com/three-reasons-sqreen-summit/,20201031002540,,0,,False,fetch_or_extract
sqreen.com,yc,saas,,https://blog.sqreen.com/security-api/,https://web.archive.org/web/20190719064129/https://blog.sqreen.com/security-api/,20190719064129,,0,,False,fetch_or_extract
sqreen.com,yc,saas,,https://blog.sqreen.com/how-to-build-a-waf-at-the-application-layer/,https://web.archive.org/web/20191017001622/https://blog.sqreen.com/how-to-build-a-waf-at-the-application-layer/,20191017001622,,0,,False,fetch_or_extract
sqreen.com,yc,saas,,https://blog.sqreen.com/top-10-python-security-best-practices/,https://web.archive.org/web/20200811125823/https://blog.sqreen.com/top-10-python-security-best-practices/,20200811125823,,0,,False,fetch_or_extract
sqreen.com,yc,saas,,https://blog.sqreen.com/soc-2-compliance-guide-for-startups/,https://web.archive.org/web/20200923123627/https://blog.sqreen.com/soc-2-compliance-guide-for-startups/,20200923123627,,0,,False,fetch_or_extract
sqreen.com,yc,saas,,https://blog.sqreen.com/bad-bot-protection/,https://web.archive.org/web/20190717163104/https://blog.sqreen.com/bad-bot-protection/,20190717163104,,0,,False,fetch_or_extract
sqreen.com,yc,saas,,https://blog.sqreen.com/sqreens-architecture-through-the-ages-part-one/,https://web.archive.org/web/20210114190141/https://blog.sqreen.com/sqreens-architecture-through-the-ages-part-one/,20210114190141,,0,,False,fetch_or_extract
sqreen.com,yc,saas,,https://blog.sqreen.com/prevent-nosql-injections-mongodb-node-js/,https://web.archive.org/web/20190719055222/https://blog.sqreen.com/prevent-nosql-injections-mongodb-node-js/,20190719055222,How to prevent NoSQL injections in MongoDB in a Node.js app - Sqreen Blog,524,,False,length
sqreen.com,yc,saas,,https://blog.sqreen.com/security-interview-david-scrobonia-on-making-security-practical-at-segment/,https://web.archive.org/web/20190822092913/https://blog.sqreen.com/security-interview-david-scrobonia-on-making-security-practical-at-segment/,20190822092913,,0,,False,fetch_or_extract
sqreen.com,yc,saas,,https://blog.sqreen.com/poison-packages-in-python/,https://web.archive.org/web/20190719064404/https://blog.sqreen.com/poison-packages-in-python/,20190719064404,Poison Packages in Python - Sqreen Blog,540,,False,length
sqreen.com,yc,saas,,https://blog.sqreen.com/preventing-sql-injections-in-java-and-other-vulnerabilities/,https://web.archive.org/web/20210121190402/https://blog.sqreen.com/preventing-sql-injections-in-java-and-other-vulnerabilities/,20210121190402,Preventing SQL injections in Java (and other vulnerabilities) - Sqreen Blog,1628,news_pr_h,False,genre
authy.com,yc,saas,,https://authy.com/blog/multi-device/,https://web.archive.org/web/20200421201850/https://authy.com/blog/multi-device/,20200421201850,New Phone? Lost Phone? Our Multi-Device Feature Keeps You 2FA-Ready! - Authy,520,,False,length
authy.com,yc,saas,,https://authy.com/blog/protecting-the-front-door-to-your-app-the-login/,https://web.archive.org/web/20170525041910/https://authy.com/blog/protecting-the-front-door-to-your-app-the-login/,20170525041910,Two-Factor Authentication News • Authy,556,,False,length
authy.com,yc,saas,d8f7bcad496f9d69,https://authy.com/blog/push-your-account-security-into-the-modern-age-two-factor-authentication/,https://web.archive.org/web/20171114095532/https://authy.com/blog/push-your-account-security-into-the-modern-age-two-factor-authentication/,20171114095532,Two-Factor Authentication News • Authy,970,informational,True,
authy.com,yc,saas,,https://www.authy.com/blog/authy-does-fintech,https://web.archive.org/web/20160423113953/https://www.authy.com/blog/authy-does-fintech,20160423113953,,0,,False,fetch_or_extract
authy.com,yc,saas,,https://authy.com/blog/authy-user-from-defense-contractor-to-cyber-defense/,https://web.archive.org/web/20190719013414/https://authy.com/blog/authy-user-from-defense-contractor-to-cyber-defense/,20190719013414,,0,,False,fetch_or_extract
authy.com,yc,saas,087195189da66633,https://authy.com/blog/2fa-in-rails-4-with-devise-authy-and-puppies-2/,https://web.archive.org/web/20190721192933/https://authy.com/blog/2fa-in-rails-4-with-devise-authy-and-puppies-2/,20190721192933,"2FA in Rails 4 with Devise, Authy and Puppies - Authy",1386,informational,True,
authy.com,yc,saas,115192f7b8c6326b,https://www.authy.com/blog/top-takeaways-from-the-first-annual-two-factor-tuesday,https://web.archive.org/web/20160423114917/https://www.authy.com/blog/top-takeaways-from-the-first-annual-two-factor-tuesday,20160423114917,Top Takeaways From The 1st Annual Two Factor Tuesday • Authy,978,informational,True,
authy.com,yc,saas,,https://authy.com/blog/twilio-authy-present-new-account-security-webinar-series/,https://web.archive.org/web/20190630163239/https://authy.com/blog/twilio-authy-present-new-account-security-webinar-series/,20190630163239,Presenting New Account Security Webinar Series - Authy,451,,False,length
authy.com,yc,saas,,https://authy.com/blog/when-the-boss-makes-you-switch-2fa-apps/,https://web.archive.org/web/20190719012732/https://authy.com/blog/when-the-boss-makes-you-switch-2fa-apps/,20190719012732,Authy User: When The Boss Makes You Switch - Authy,576,,False,length
authy.com,yc,saas,,https://authy.com/blog/talking-2fa-with-the-b-libre-podcast/,https://web.archive.org/web/20190102172204/https://authy.com/blog/talking-2fa-with-the-b-libre-podcast/,20190102172204,Talking 2FA with the B Libre Podcast - Authy,193,,False,length
authy.com,yc,saas,,https://authy.com/blog/people-of-authy-simon-thorpe/,https://web.archive.org/web/20190719012904/https://authy.com/blog/people-of-authy-simon-thorpe/,20190719012904,People of Authy: Simon Thorpe - Authy,1625,culture_hiring,False,genre
authy.com,yc,saas,,https://authy.com/blog/cross-industry-security-4-brands-getting-2fa-right/,https://web.archive.org/web/20190420093104/https://authy.com/blog/cross-industry-security-4-brands-getting-2fa-right/,20190420093104,Cross-Industry Security: 4 Brands Getting 2FA Right - Authy,679,case_study,False,genre
authy.com,yc,saas,,https://www.authy.com/blog/format-injection-vulnerability,https://web.archive.org/web/20160423113958/https://www.authy.com/blog/format-injection-vulnerability,20160423113958,Security Notice: Format Injection Vulnerability • Authy,245,,False,length
authy.com,yc,saas,,https://authy.com/blog/authy-wordpress-plugin-now-supports-onetouch/,https://web.archive.org/web/20190823135534/https://authy.com/blog/authy-wordpress-plugin-now-supports-onetouch/,20190823135534,Authy WordPress Plugin Now Supports OneTouch - Authy,302,,False,length
authy.com,yc,saas,,https://www.authy.com/blog/how-the-authy-two-factor-backups-work,https://web.archive.org/web/20151222070730/https://www.authy.com/blog/how-the-authy-two-factor-backups-work,20151222070730,How the Authy Two-Factor backups work • Authy,247,,False,length
gigster.com,yc,saas,,https://gigster.com/blog/driving-adoption-in-web3/,https://web.archive.org/web/20220612175957/https://gigster.com/blog/driving-adoption-in-web3/,20220612175957,Driving adoption in Web3 | Gigster,539,,False,length
gigster.com,yc,saas,cc33d573d3414b1a,https://gigster.com/blog/gamestop-wallet-and-crypto-adoption/,https://web.archive.org/web/20220626202846/https://gigster.com/blog/gamestop-wallet-and-crypto-adoption/,20220626202846,What the GameStop Wallet Means for Mass Crypto Adoption and Gaming | Gigster,1141,informational,True,
gigster.com,yc,saas,,https://gigster.com/blog/is-automl-worth-it-the-risks-of-deploying-machine-learning-models-you-dont-understand/,https://web.archive.org/web/20220522195417/https://gigster.com/blog/is-automl-worth-it-the-risks-of-deploying-machine-learning-models-you-dont-understand/,20220522195417,,0,,False,fetch_or_extract
gigster.com,yc,saas,,https://gigster.com/blog/4-startups-that-outsourced-their-tech-development/,https://web.archive.org/web/20170721081625/https://gigster.com/blog/4-startups-that-outsourced-their-tech-development/,20170721081625,,0,,False,fetch_or_extract
gigster.com,yc,saas,,https://gigster.com/blog/an-overview-of-personalization-technologies-across-the-internet,https://web.archive.org/web/20190615052023/https://gigster.com/blog/an-overview-of-personalization-technologies-across-the-internet,20190615052023,An Overview of Personalization Technologies Across the Internet,32,,False,length
gigster.com,yc,saas,,http://gigster.com/blog/go-big-or-go-home,https://web.archive.org/web/20190525133851/http://gigster.com/blog/go-big-or-go-home,20190525133851,Go Big or Go Home,29,,False,length
gigster.com,yc,saas,,https://gigster.com/blog/intros-in-silicon-valley-tech-and-startups/,https://web.archive.org/web/20160901191918/https://gigster.com/blog/intros-in-silicon-valley-tech-and-startups/,20160901191918,,0,,False,fetch_or_extract
gigster.com,yc,saas,,https://www.gigster.com/blog/gigster-drives-transformation-at-a-global-top-10-digital-agency/,https://web.archive.org/web/20210803210717/https://www.gigster.com/blog/gigster-drives-transformation-at-a-global-top-10-digital-agency/,20210803210717,,0,,False,fetch_or_extract
gigster.com,yc,saas,,https://gigster.com/blog/apply-the-build-measure-learn-cycle/,https://web.archive.org/web/20220426004422/https://gigster.com/blog/apply-the-build-measure-learn-cycle/,20220426004422,,0,,False,fetch_or_extract
gigster.com,yc,saas,,https://gigster.com/blog/daos-support-human-capital-innovation/,https://web.archive.org/web/20220616082211/https://gigster.com/blog/daos-support-human-capital-innovation/,20220616082211,,0,,False,fetch_or_extract
gigster.com,yc,saas,,https://gigster.com/blog/benefits-and-risks-of-dao/,https://web.archive.org/web/20220612175956/https://gigster.com/blog/benefits-and-risks-of-dao/,20220612175956,,0,,False,fetch_or_extract
gigster.com,yc,saas,,https://gigster.com/blog/how-nft-developers-can-use-gamification/,https://web.archive.org/web/20220317080255/https://gigster.com/blog/how-nft-developers-can-use-gamification/,20220317080255,,0,,False,fetch_or_extract
gigster.com,yc,saas,,https://www.gigster.com/blog/new-techniques-for-heuristic-evaluations-how-they-can-help-you-ensure-maximum-usability-in-new-apps/,https://web.archive.org/web/20210616191714/https://www.gigster.com/blog/new-techniques-for-heuristic-evaluations-how-they-can-help-you-ensure-maximum-usability-in-new-apps/,20210616191714,,0,,False,fetch_or_extract
gigster.com,yc,saas,,https://gigster.com/blog/preventing-scams-and-hacks/,https://web.archive.org/web/20220725220057/https://gigster.com/blog/preventing-scams-and-hacks/,20220725220057,,0,,False,fetch_or_extract
gigster.com,yc,saas,,https://gigster.com/blog/3-benefits-of-working-with-distributed-teams/,https://web.archive.org/web/20220202194141/https://gigster.com/blog/3-benefits-of-working-with-distributed-teams/,20220202194141,,0,,False,fetch_or_extract
hatchways.io,yc,saas,,https://www.hatchways.io/blog/apprenticeships-part-1,https://web.archive.org/web/20221002183538/https://www.hatchways.io/blog/apprenticeships-part-1,20221002183538,,0,,False,fetch_or_extract
hatchways.io,yc,saas,,https://www.hatchways.io/blog/apprenticeships-part-2-critiques-and-the-future-of-coding-apprenticeships,https://web.archive.org/web/20220521185915/https://www.hatchways.io/blog/apprenticeships-part-2-critiques-and-the-future-of-coding-apprenticeships,20220521185915,,0,,False,fetch_or_extract
hatchways.io,yc,saas,,https://www.hatchways.io/blog/moocs-part-1-what-are-moocs,https://web.archive.org/web/20220521193408/https://www.hatchways.io/blog/moocs-part-1-what-are-moocs,20220521193408,,0,,False,fetch_or_extract
hatchways.io,yc,saas,,https://www.hatchways.io/blog/you-never-know-where,https://web.archive.org/web/20221002191223/https://www.hatchways.io/blog/you-never-know-where,20221002191223,,0,,False,fetch_or_extract
hatchways.io,yc,saas,,https://www.hatchways.io/blog/pursuing-creativity-from-magazine-editor-to-software-engineer,https://web.archive.org/web/20220521182449/https://www.hatchways.io/blog/pursuing-creativity-from-magazine-editor-to-software-engineer,20220521182449,,0,,False,fetch_or_extract
hatchways.io,yc,saas,,https://www.hatchways.io/blog/combining-medicine-and-technology,https://web.archive.org/web/20220521194920/https://www.hatchways.io/blog/combining-medicine-and-technology,20220521194920,,0,,False,fetch_or_extract
hatchways.io,yc,saas,,https://www.hatchways.io/blog/healthy-working-from-home-habits,https://web.archive.org/web/20220521181614/https://www.hatchways.io/blog/healthy-working-from-home-habits,20220521181614,,0,,False,fetch_or_extract
hatchways.io,yc,saas,,https://www.hatchways.io/blog/hiring-grants-for-american-companies,https://web.archive.org/web/20220521175608/https://www.hatchways.io/blog/hiring-grants-for-american-companies,20220521175608,,0,,False,fetch_or_extract
hatchways.io,yc,saas,,https://www.hatchways.io/blog/on-making-a-change-and-why-hatchways-is-awesome,https://web.archive.org/web/20220521185401/https://www.hatchways.io/blog/on-making-a-change-and-why-hatchways-is-awesome,20220521185401,,0,,False,fetch_or_extract
hatchways.io,yc,saas,,https://www.hatchways.io/blog/working-with-hatchways-changed-my-life,https://web.archive.org/web/20220521191629/https://www.hatchways.io/blog/working-with-hatchways-changed-my-life,20220521191629,,0,,False,fetch_or_extract
hatchways.io,yc,saas,,https://www.hatchways.io/blog/bootcamps-part-1-what-are-coding-bootcamps,https://web.archive.org/web/20220521192108/https://www.hatchways.io/blog/bootcamps-part-1-what-are-coding-bootcamps,20220521192108,,0,,False,fetch_or_extract
hatchways.io,yc,saas,,https://www.hatchways.io/blog/furnishr-experience,https://web.archive.org/web/20221002192433/https://www.hatchways.io/blog/furnishr-experience,20221002192433,,0,,False,fetch_or_extract
hatchways.io,yc,saas,,https://www.hatchways.io/blog/moocs-part-2-critiques-and-the-future-of-moocs,https://web.archive.org/web/20220521181519/https://www.hatchways.io/blog/moocs-part-2-critiques-and-the-future-of-moocs,20220521181519,,0,,False,fetch_or_extract
hatchways.io,yc,saas,,https://www.hatchways.io/blog/bangladesh-to-canada,https://web.archive.org/web/20221002202143/https://www.hatchways.io/blog/bangladesh-to-canada,20221002202143,,0,,False,fetch_or_extract
hatchways.io,yc,saas,,https://www.hatchways.io/blog/finding-a-senior-in-a-junior,https://web.archive.org/web/20220503122214/https://www.hatchways.io/blog/finding-a-senior-in-a-junior,20220503122214,,0,,False,fetch_or_extract
humaans.io,yc,saas,ca37fcd2f418b5e0,https://humaans.io/blog/how-hr-tech-can-help-your-startup-focus-on-people-and-scale-better/,https://web.archive.org/web/20191020230341/https://humaans.io/blog/how-hr-tech-can-help-your-startup-focus-on-people-and-scale-better/,20191020230341,How HR tech can help your startup focus on people and scale better,759,informational,True,
humaans.io,yc,saas,7246b8e102ec245f,https://humaans.io/blog/how-to-build-a-people-operations-budget/,https://web.archive.org/web/20191020230422/https://humaans.io/blog/how-to-build-a-people-operations-budget/,20191020230422,How to build effective HR and People Operations budget,1533,informational,True,
humaans.io,yc,saas,0bcb8a9a1aa710fe,https://humaans.io/blog/hrms-vs-hris-the-difference/,https://web.archive.org/web/20220816061905/https://humaans.io/blog/hrms-vs-hris-the-difference/,20220816061905,HRMS vs HRIS: What's the Difference?,1711,informational,True,
humaans.io,yc,saas,bcec222977ffc128,https://humaans.io/blog/hr-challenges-startup-solutions/,https://web.archive.org/web/20220816064200/https://humaans.io/blog/hr-challenges-startup-solutions/,20220816064200,Top HR Challenges in a Startup,1673,informational,True,
humaans.io,yc,saas,,https://humaans.io/blog/new-in-humaans-workable/,https://web.archive.org/web/20210728101446/https://humaans.io/blog/new-in-humaans-workable/,20210728101446,,0,,False,fetch_or_extract
humaans.io,yc,saas,,https://humaans.io/blog/how-to-start-a-successful-rewards-and-recognition-programme/,https://web.archive.org/web/20210430195907/https://humaans.io/blog/how-to-start-a-successful-rewards-and-recognition-programme/,20210430195907,,0,,False,fetch_or_extract
humaans.io,yc,saas,,https://humaans.io/blog/9-people-talks-company-retreats-elisa-rueda/,https://web.archive.org/web/20200930150345/https://humaans.io/blog/9-people-talks-company-retreats-elisa-rueda/,20200930150345,,0,,False,fetch_or_extract
humaans.io,yc,saas,,https://humaans.io/blog/how-to-prioritise-features-in-your-roadmap-planning/,https://web.archive.org/web/20191020230428/https://humaans.io/blog/how-to-prioritise-features-in-your-roadmap-planning/,20191020230428,,0,,False,fetch_or_extract
humaans.io,yc,saas,,https://humaans.io/blog/10-people-talks-from-army-to-people-ops-with-cj-belford-at-wiser/,https://web.archive.org/web/20210725050215/https://humaans.io/blog/10-people-talks-from-army-to-people-ops-with-cj-belford-at-wiser/,20210725050215,,0,,False,fetch_or_extract
humaans.io,yc,saas,,https://humaans.io/blog/new-in-humaans-pento-integration/,https://web.archive.org/web/20220303105447/https://humaans.io/blog/new-in-humaans-pento-integration/,20220303105447,,0,,False,fetch_or_extract
humaans.io,yc,saas,,https://humaans.io/blog/how-to-build-sustainable-diversity/,https://web.archive.org/web/20191210095605/https://humaans.io/blog/how-to-build-sustainable-diversity/,20191210095605,,0,,False,fetch_or_extract
humaans.io,yc,saas,,https://humaans.io/blog/new-in-humaans-workflows/,https://web.archive.org/web/20210930114703/https://humaans.io/blog/new-in-humaans-workflows/,20210930114703,,0,,False,fetch_or_extract
humaans.io,yc,saas,,https://humaans.io/blog/new-in-humaans-open-api/,https://web.archive.org/web/20200722224109/https://humaans.io/blog/new-in-humaans-open-api/,20200722224109,,0,,False,fetch_or_extract
humaans.io,yc,saas,,https://humaans.io/blog/weekly-picks-part-3-5-video-chat-tools-with-a-twist/,https://web.archive.org/web/20200807101204/https://humaans.io/blog/weekly-picks-part-3-5-video-chat-tools-with-a-twist/,20200807101204,,0,,False,fetch_or_extract
humaans.io,yc,saas,,https://humaans.io/blog/weekly-picks-part-4-5-task-managers-that-will-change-your-life/,https://web.archive.org/web/20200722224108/https://humaans.io/blog/weekly-picks-part-4-5-task-managers-that-will-change-your-life/,20200722224108,,0,,False,fetch_or_extract
devcycle.com,yc,saas,2ff1ad5fba52c18c,https://devcycle.com/blog/what-are-feature-flags-in-devops,https://web.archive.org/web/20220516092702/https://devcycle.com/blog/what-are-feature-flags-in-devops,20220516092702,What Are Feature Flags In DevOps,1172,informational,True,
devcycle.com,yc,saas,0ac1df7610bb9595,https://devcycle.com/blog/what-you-need-to-know-about-feature-management-in-2022,https://web.archive.org/web/20220516085715/https://devcycle.com/blog/what-you-need-to-know-about-feature-management-in-2022,20220516085715,What You Need to Know About Feature Management in 2022,1464,informational,True,
devcycle.com,yc,saas,,https://devcycle.com/blog/why-use-nest-js,https://web.archive.org/web/20220226202600/https://devcycle.com/blog/why-use-nest-js,20220226202600,,0,,False,fetch_or_extract
devcycle.com,yc,saas,,https://devcycle.com/blog/how-can-feature-flags-help-my-business-devcycle,https://web.archive.org/web/20220516083503/https://devcycle.com/blog/how-can-feature-flags-help-my-business-devcycle,20220516083503,,0,,False,fetch_or_extract
devcycle.com,yc,saas,,https://devcycle.com/blog/adopt-the-10-000-experiment-rule-like-netflix-and-facebook,https://web.archive.org/web/20220930071448/https://devcycle.com/blog/adopt-the-10-000-experiment-rule-like-netflix-and-facebook,20220930071448,,0,,False,fetch_or_extract
devcycle.com,yc,saas,,https://devcycle.com/blog/how-release-management-reduces-risk-and-helps-build-a-better-feature-roll-out-plan,https://web.archive.org/web/20220930074419/https://devcycle.com/blog/how-release-management-reduces-risk-and-helps-build-a-better-feature-roll-out-plan,20220930074419,,0,,False,fetch_or_extract
devcycle.com,yc,saas,,https://devcycle.com/blog/feature-flagging-for-smaller-engineering-teams,https://web.archive.org/web/20220630071103/https://devcycle.com/blog/feature-flagging-for-smaller-engineering-teams,20220630071103,,0,,False,fetch_or_extract
devcycle.com,yc,saas,,https://devcycle.com/blog/backend-architecture-decisions,https://web.archive.org/web/20211220142117/https://devcycle.com/blog/backend-architecture-decisions,20211220142117,,0,,False,fetch_or_extract
devcycle.com,yc,saas,,https://devcycle.com/blog/devcycle-c-net-sdk-privacy-and-speed-guaranteed,https://web.archive.org/web/20220602140643/https://devcycle.com/blog/devcycle-c-net-sdk-privacy-and-speed-guaranteed,20220602140643,,0,,False,fetch_or_extract
devcycle.com,yc,saas,,https://devcycle.com/blog/feature-flags-and-environments,https://web.archive.org/web/20220516091819/https://devcycle.com/blog/feature-flags-and-environments,20220516091819,,0,,False,fetch_or_extract
devcycle.com,yc,saas,,https://devcycle.com/blog/improve-your-tech-stack-spend-the-rest-of-your-annual-budget-in-q4,https://web.archive.org/web/20221103161344/https://devcycle.com/blog/improve-your-tech-stack-spend-the-rest-of-your-annual-budget-in-q4,20221103161344,,0,,False,fetch_or_extract
devcycle.com,yc,saas,,https://devcycle.com/blog/the-product-development-life-cycle,https://web.archive.org/web/20220813123654/https://devcycle.com/blog/the-product-development-life-cycle,20220813123654,,0,,False,fetch_or_extract
devcycle.com,yc,saas,,https://devcycle.com/blog/super-segments-feature-targeting-for-entire-user-cohorts,https://web.archive.org/web/20220916143613/https://devcycle.com/blog/super-segments-feature-targeting-for-entire-user-cohorts,20220916143613,,0,,False,fetch_or_extract
devcycle.com,yc,saas,,https://devcycle.com/blog/reordering-targets,https://web.archive.org/web/20220526145224/https://devcycle.com/blog/reordering-targets,20220526145224,,0,,False,fetch_or_extract
devcycle.com,yc,saas,,https://devcycle.com/blog/beta-flag-best-practices,https://web.archive.org/web/20220516081910/https://devcycle.com/blog/beta-flag-best-practices,20220516081910,,0,,False,fetch_or_extract
zeorouteplanner.com,yc,saas,385734c91ea48160,https://zeorouteplanner.com/blog/how-can-routing-software-help-you-match-with-the-e-commerce-boom-in-2021/,https://web.archive.org/web/20210223215426/https://zeorouteplanner.com/blog/how-can-routing-software-help-you-match-with-the-e-commerce-boom-in-2021/,20210223215426,How can routing software help you match with the e-commerce boom in 2021,1602,informational,True,
zeorouteplanner.com,yc,saas,7947fb4902ffb09a,https://zeorouteplanner.com/blog/how-to-plan-a-route-for-multiple-destinations-in-google-maps/,https://web.archive.org/web/20210205132159/https://zeorouteplanner.com/blog/how-to-plan-a-route-for-multiple-destinations-in-google-maps/,20210205132159,How to plan a route for multiple destinations in Google Maps,1276,informational,True,
zeorouteplanner.com,yc,saas,d002dfe59efb2cd5,https://zeorouteplanner.com/blog/how-to-reduce-last-mile-delivery-costs/,https://web.archive.org/web/20210129134209/https://zeorouteplanner.com/blog/how-to-reduce-last-mile-delivery-costs/,20210129134209,How to reduce last mile delivery costs,1242,informational,True,
zeorouteplanner.com,yc,saas,,https://zeorouteplanner.com/blog/must-see-architecture-in-berlin/,https://web.archive.org/web/20210602075727/https://zeorouteplanner.com/blog/must-see-architecture-in-berlin/,20210602075727,,0,,False,fetch_or_extract
zeorouteplanner.com,yc,saas,,https://zeorouteplanner.com/blog/using-the-best-navigation-tool-in-zeo-route-planner/,https://web.archive.org/web/20210122120046/https://zeorouteplanner.com/blog/using-the-best-navigation-tool-in-zeo-route-planner/,20210122120046,,0,,False,fetch_or_extract
zeorouteplanner.com,yc,saas,,https://zeorouteplanner.com/blog/how-to-alter-settings-in-zeo-route-planner/,https://web.archive.org/web/20220702120321/https://zeorouteplanner.com/blog/how-to-alter-settings-in-zeo-route-planner/,20220702120321,,0,,False,fetch_or_extract
zeorouteplanner.com,yc,saas,,https://zeorouteplanner.com/blog/how-to-choose-the-best-proof-of-delivery-app-for-your-delivery-business/,https://web.archive.org/web/20220702102905/https://zeorouteplanner.com/blog/how-to-choose-the-best-proof-of-delivery-app-for-your-delivery-business/,20220702102905,,0,,False,fetch_or_extract
zeorouteplanner.com,yc,saas,,https://zeorouteplanner.com/blog/how-to-deliver-packages-efficiently-using-zeo-route-planner/,https://web.archive.org/web/20220702103407/https://zeorouteplanner.com/blog/how-to-deliver-packages-efficiently-using-zeo-route-planner/,20220702103407,,0,,False,fetch_or_extract
zeorouteplanner.com,yc,saas,,https://zeorouteplanner.com/blog/4-features-to-look-at-in-a-delivery-management-app-in-2021/,https://web.archive.org/web/20210216121556/https://zeorouteplanner.com/blog/4-features-to-look-at-in-a-delivery-management-app-in-2021/,20210216121556,,0,,False,fetch_or_extract
zeorouteplanner.com,yc,saas,,https://zeorouteplanner.com/blog/how-the-zeo-route-planner-app-helps-you-deliver-packages-quickly-and-securely/,https://web.archive.org/web/20220702115656/https://zeorouteplanner.com/blog/how-the-zeo-route-planner-app-helps-you-deliver-packages-quickly-and-securely/,20220702115656,,0,,False,fetch_or_extract
zeorouteplanner.com,yc,saas,,https://zeorouteplanner.com/blog/people-of-new-york/,https://web.archive.org/web/20210602075729/https://zeorouteplanner.com/blog/people-of-new-york/,20210602075729,,0,,False,fetch_or_extract
zeorouteplanner.com,yc,saas,,https://zeorouteplanner.com/blog/what-is-contactless-delivery-and-how-you-should-be-prepared-for-it-in-2021/,https://web.archive.org/web/20210212124900/https://zeorouteplanner.com/blog/what-is-contactless-delivery-and-how-you-should-be-prepared-for-it-in-2021/,20210212124900,,0,,False,fetch_or_extract
zeorouteplanner.com,yc,saas,,https://zeorouteplanner.com/blog/zeo-featured-on-app-of-the-day/,https://web.archive.org/web/20220702104244/https://zeorouteplanner.com/blog/zeo-featured-on-app-of-the-day/,20220702104244,,0,,False,fetch_or_extract
zeorouteplanner.com,yc,saas,,https://zeorouteplanner.com/blog/wrap-your-head-around-large-scale-architecture/,https://web.archive.org/web/20210602075717/https://zeorouteplanner.com/blog/wrap-your-head-around-large-scale-architecture/,20210602075717,,0,,False,fetch_or_extract
zeorouteplanner.com,yc,saas,,https://zeorouteplanner.com/blog/how-can-electronic-proof-of-delivery-help-you-in-the-reliability-of-your-delivery-business/,https://web.archive.org/web/20220702115413/https://zeorouteplanner.com/blog/how-can-electronic-proof-of-delivery-help-you-in-the-reliability-of-your-delivery-business/,20220702115413,,0,,False,fetch_or_extract
popl.co,yc,saas,,https://popl.co/blogs/all/popl-digital-business-cards-vs-paper-business-cards,https://web.archive.org/web/20220922162910/https://popl.co/blogs/all/popl-digital-business-cards-vs-paper-business-cards,20220922162910,,0,,False,fetch_or_extract
popl.co,yc,saas,,https://popl.co/blogs/all/team-management-app-the-key-to-modernizing-your-team,https://web.archive.org/web/20221005091017/https://popl.co/blogs/all/team-management-app-the-key-to-modernizing-your-team,20221005091017,,0,,False,fetch_or_extract
popl.co,yc,saas,,https://popl.co/blogs/blog-1/a-guide-to-digital-business-cards-in-2022,https://web.archive.org/web/20220517045302/https://popl.co/blogs/blog-1/a-guide-to-digital-business-cards-in-2022,20220517045302,,0,,False,fetch_or_extract
popl.co,yc,saas,,https://popl.co/blogs/press/popl-tops-2-7m-in-sales,https://web.archive.org/web/20210729181345/https://popl.co/blogs/press/popl-tops-2-7m-in-sales,20210729181345,,0,,False,fetch_or_extract
popl.co,yc,saas,,https://popl.co/blogs/all/the-introverts-guide-to-networking-expert-networking-advice,https://web.archive.org/web/20221005074334/https://popl.co/blogs/all/the-introverts-guide-to-networking-expert-networking-advice,20221005074334,,0,,False,fetch_or_extract
popl.co,yc,saas,,https://popl.co/blogs/all/5-proven-in-person-sales-tactics-historic-sales-tactics,https://web.archive.org/web/20221005075552/https://popl.co/blogs/all/5-proven-in-person-sales-tactics-historic-sales-tactics,20221005075552,,0,,False,fetch_or_extract
popl.co,yc,saas,,https://popl.co/blogs/all/real-estate-networking-networking-tips-for-realtors,https://web.archive.org/web/20221005074613/https://popl.co/blogs/all/real-estate-networking-networking-tips-for-realtors,20221005074613,,0,,False,fetch_or_extract
popl.co,yc,saas,,https://popl.co/blogs/blog-1/nfc-business-card-what-is-it-and-how-do-you-make-one,https://web.archive.org/web/20220517045744/https://popl.co/blogs/blog-1/nfc-business-card-what-is-it-and-how-do-you-make-one,20220517045744,,0,,False,fetch_or_extract
popl.co,yc,saas,,https://popl.co/blogs/press/how-to-sync-members-from-microsoft-active-directory,https://web.archive.org/web/20220704051551/https://popl.co/blogs/press/how-to-sync-members-from-microsoft-active-directory,20220704051551,,0,,False,fetch_or_extract
popl.co,yc,saas,,https://popl.co/blogs/press/jason-alvarez-cohen-and-nick-eischens-of-popl-instantly-share-your-social-media-and-contact-info-wearelatech,https://web.archive.org/web/20201202200452/https://popl.co/blogs/press/jason-alvarez-cohen-and-nick-eischens-of-popl-instantly-share-your-social-media-and-contact-info-wearelatech,20201202200452,,0,,False,fetch_or_extract
popl.co,yc,saas,,https://popl.co/blogs/all/top-networking-tips-from-sales-professionals,https://web.archive.org/web/20221005102401/https://popl.co/blogs/all/top-networking-tips-from-sales-professionals,20221005102401,,0,,False,fetch_or_extract
popl.co,yc,saas,,https://popl.co/blogs/press/how-to-get-your-business-started-on-tiktok,https://web.archive.org/web/20210124115943/https://popl.co/blogs/press/how-to-get-your-business-started-on-tiktok,20210124115943,,0,,False,fetch_or_extract
popl.co,yc,saas,,https://popl.co/blogs/all/how-seo-can-grow-your-personal-brand-marketing-tips,https://web.archive.org/web/20220819102942/https://popl.co/blogs/all/how-seo-can-grow-your-personal-brand-marketing-tips,20220819102942,,0,,False,fetch_or_extract
popl.co,yc,saas,,https://popl.co/blogs/press/a-guide-to-digital-business-cards-in-2022,https://web.archive.org/web/20220607190639/https://popl.co/blogs/press/a-guide-to-digital-business-cards-in-2022,20220607190639,,0,,False,fetch_or_extract
popl.co,yc,saas,,https://popl.co/blogs/all/how-to-create-a-qr-code-and-add-it-to-your-business-card,https://web.archive.org/web/20220804103403/https://popl.co/blogs/all/how-to-create-a-qr-code-and-add-it-to-your-business-card,20220804103403,,0,,False,fetch_or_extract
nextcaller.com,yc,saas,d89ff5cb7e77a3da,http://www.blog.nextcaller.com:80/blog/top-tips-for-a-successful-data-management-strategy,https://web.archive.org/web/20160530121130/http://www.blog.nextcaller.com:80/blog/top-tips-for-a-successful-data-management-strategy,20160530121130,Top Tips For A Successful Data Management Strategy,618,informational,True,
nextcaller.com,yc,saas,5c885b1e7912d0b1,http://blog.nextcaller.com/post/103416044004/15-for-2015-customer-service-trends,https://web.archive.org/web/20150414033411/http://blog.nextcaller.com/post/103416044004/15-for-2015-customer-service-trends,20150414033411,15 for 2015 – Customer Service Trends - Next Caller Blog,955,informational,True,
nextcaller.com,yc,saas,,http://blog.nextcaller.com/post/132477561959/top-tips-for-a-successful-data-management-strategy,https://web.archive.org/web/20160329130029/http://blog.nextcaller.com/post/132477561959/top-tips-for-a-successful-data-management-strategy,20160329130029,Top Tips For A Successful Data Management Strategy - Next Caller Blog,618,informational,False,near_duplicate
nextcaller.com,yc,saas,99cd1abf8e680b86,http://blog.nextcaller.com:80/post/92552328209/how-data-can-grow-sales-productivity,https://web.archive.org/web/20140803220709/http://blog.nextcaller.com:80/post/92552328209/how-data-can-grow-sales-productivity,20140803220709,How Data Can Grow Sales Productivity - Next Caller Blog,910,informational,True,
nextcaller.com,yc,saas,,http://blog.nextcaller.com/post/104681988234/next-caller-welcomes-cas-hoefman-to-the-team,https://web.archive.org/web/20150414033358/http://blog.nextcaller.com/post/104681988234/next-caller-welcomes-cas-hoefman-to-the-team,20150414033358,Next Caller Welcomes Cas Hoefman to the Team - Next Caller Blog,281,,False,length
nextcaller.com,yc,saas,ccd5e8a3df6368f2,http://blog.nextcaller.com:80/post/91053118144/see-what-im-talking-about-the-future-of-visual-ivr,https://web.archive.org/web/20141017000707/http://blog.nextcaller.com:80/post/91053118144/see-what-im-talking-about-the-future-of-visual-ivr,20141017000707,See What I'm Talking About?: The Future of Visual IVR - Next Caller Blog,890,informational,True,
nextcaller.com,yc,saas,,http://blog.nextcaller.com/post/89166476089/next-caller-co-founders-ian-roncoroni-left-and,https://web.archive.org/web/20140807181345/http://blog.nextcaller.com/post/89166476089/next-caller-co-founders-ian-roncoroni-left-and,20140807181345,Next Caller co-Founders Ian Roncoroni (left) and... - Next Caller Blog,151,,False,length
nextcaller.com,yc,saas,,http://blog.nextcaller.com/post/126009714804/why-the-reemergence-of-robocalling-threatens,https://web.archive.org/web/20160329125848/http://blog.nextcaller.com/post/126009714804/why-the-reemergence-of-robocalling-threatens,20160329125848,Why the Reemergence of Robocalling Threatens... - Next Caller Blog,19,,False,length
nextcaller.com,yc,saas,,http://blog.nextcaller.com/post/108280287064/next-caller-on-the-radio,https://web.archive.org/web/20150413213639/http://blog.nextcaller.com/post/108280287064/next-caller-on-the-radio,20150413213639,Next Caller on the Radio! - Next Caller Blog,45,,False,length
nextcaller.com,yc,saas,a521be8fd269127e,http://www.blog.nextcaller.com:80/blog/top-call-center-and-telecom-trends-for-2016,https://web.archive.org/web/20160530120134/http://www.blog.nextcaller.com:80/blog/top-call-center-and-telecom-trends-for-2016,20160530120134,Top Call Center And Telecom Trends For 2016,714,informational,True,
nextcaller.com,yc,saas,,http://blog.nextcaller.com/post/126102333999/dial800-partners-with-next-caller-to-deliver,https://web.archive.org/web/20160329130754/http://blog.nextcaller.com/post/126102333999/dial800-partners-with-next-caller-to-deliver,20160329130754,Dial800 partners with Next Caller to deliver... - Next Caller Blog,25,,False,length
nextcaller.com,yc,saas,,http://blog.nextcaller.com:80/post/90511978564/big-data-big-win,https://web.archive.org/web/20141126201712/http://blog.nextcaller.com:80/post/90511978564/big-data-big-win,20141126201712,,0,,False,fetch_or_extract
nextcaller.com,yc,saas,,http://blog.nextcaller.com/post/125191726774/connected-customers-the-value-of-leveraging-big,https://web.archive.org/web/20160329131220/http://blog.nextcaller.com/post/125191726774/connected-customers-the-value-of-leveraging-big,20160329131220,,0,,False,fetch_or_extract
nextcaller.com,yc,saas,,http://blog.nextcaller.com/post/84850772699/next-caller-icmi,https://web.archive.org/web/20140807181451/http://blog.nextcaller.com/post/84850772699/next-caller-icmi,20140807181451,,0,,False,fetch_or_extract
nextcaller.com,yc,saas,,http://blog.nextcaller.com/post/90074456269/customers-want-you-to-take-things-personally,https://web.archive.org/web/20140807170641/http://blog.nextcaller.com/post/90074456269/customers-want-you-to-take-things-personally,20140807170641,,0,,False,fetch_or_extract
nextravel.com,yc,saas,c6800b8dda4dd09a,https://blog.nextravel.com/covid-19-travel-trends,https://web.archive.org/web/20200808195319/https://blog.nextravel.com/covid-19-travel-trends,20200808195319,What COVID-19 Travel Looks Like,690,informational,True,
nextravel.com,yc,saas,6b48fa0aaa959b2c,https://blog.nextravel.com/hotel-unexpected-charges,https://web.archive.org/web/20201025045347/https://blog.nextravel.com/hotel-unexpected-charges,20201025045347,Hotel Unexpected Charges: Don’t Let it Ruin your Vacation,1084,informational,True,
nextravel.com,yc,saas,096a854ab969b39f,https://blog.nextravel.com/the-best-out-of-basic-economy-fares,https://web.archive.org/web/20200918131338/https://blog.nextravel.com/the-best-out-of-basic-economy-fares,20200918131338,The Best Out of Basic Economy Fares,1056,informational,True,
nextravel.com,yc,saas,,https://blog.nextravel.com/learning-how-to-travel-smarter-with-platzi-case-study,https://web.archive.org/web/20191211033824/https://blog.nextravel.com/learning-how-to-travel-smarter-with-platzi-case-study,20191211033824,Learning How to Travel Smarter with Platzi (Case Study),270,,False,length
nextravel.com,yc,saas,,https://blog.nextravel.com/travel-visa-guide,https://web.archive.org/web/20200918140925/https://blog.nextravel.com/travel-visa-guide,20200918140925,Your Guide to Travel Visas,522,,False,length
nextravel.com,yc,saas,,https://blog.nextravel.com/2017/08/10/keep-all-your-trips-receipts-centralized-with-open-booking/,https://web.archive.org/web/20171201164730/https://blog.nextravel.com/2017/08/10/keep-all-your-trips-receipts-centralized-with-open-booking/,20171201164730,Blog - Keep All Your Trips & Receipts Centralized With Open Booking,117,,False,length
nextravel.com,yc,saas,af7097e637ac8a3f,https://blog.nextravel.com/a-peek-at-what-post-covid-travel-will-look-like,https://web.archive.org/web/20200918124635/https://blog.nextravel.com/a-peek-at-what-post-covid-travel-will-look-like,20200918124635,A Peek at What Post-COVID Travel Will Look Like,775,informational,True,
nextravel.com,yc,saas,,https://blog.nextravel.com/nextravel-joins-travelperk,https://web.archive.org/web/20210113173103/https://blog.nextravel.com/nextravel-joins-travelperk,20210113173103,NexTravel Joins TravelPerk,273,,False,length
nextravel.com,yc,saas,,https://blog.nextravel.com/2016/02/24/happy-birthday-nextravel/,https://web.archive.org/web/20190821123917/https://blog.nextravel.com/2016/02/24/happy-birthday-nextravel/,20190821123917,Blog - Happy Birthday NexTravel!,191,,False,length
nextravel.com,yc,saas,,https://blog.nextravel.com/home-rental-options,https://web.archive.org/web/20200918140619/https://blog.nextravel.com/home-rental-options,20200918140619,,0,,False,fetch_or_extract
nextravel.com,yc,saas,,https://blog.nextravel.com/what-to-do-when-your-airline-goes-bankrupt,https://web.archive.org/web/20200808201842/https://blog.nextravel.com/what-to-do-when-your-airline-goes-bankrupt,20200808201842,,0,,False,fetch_or_extract
nextravel.com,yc,saas,,https://blog.nextravel.com/2015/07/23/we-are-so-excited-to-announce-our-preferred-partnership-with-expensify-to-bring-seamless-travel-and-expense-to-small-to-medium-sized-business-2/,https://web.archive.org/web/20190821121243/https://blog.nextravel.com/2015/07/23/we-are-so-excited-to-announce-our-preferred-partnership-with-expensify-to-bring-seamless-travel-and-expense-to-small-to-medium-sized-business-2/,20190821121243,,0,,False,fetch_or_extract
nextravel.com,yc,saas,,https://blog.nextravel.com/keeping-employees-safe-when-traveling-during-the-coronavirus-pandemic,https://web.archive.org/web/20200808211514/https://blog.nextravel.com/keeping-employees-safe-when-traveling-during-the-coronavirus-pandemic,20200808211514,,0,,False,fetch_or_extract
nextravel.com,yc,saas,,https://blog.nextravel.com/best-places-to-enjoy-your-remote-work,https://web.archive.org/web/20201025051247/https://blog.nextravel.com/best-places-to-enjoy-your-remote-work,20201025051247,,0,,False,fetch_or_extract
nextravel.com,yc,saas,,https://blog.nextravel.com/travel-safety-how-hotels-are-keeping-you-safe-during-the-pandemic,https://web.archive.org/web/20200808210902/https://blog.nextravel.com/travel-safety-how-hotels-are-keeping-you-safe-during-the-pandemic,20200808210902,,0,,False,fetch_or_extract
worklytics.co,yc,saas,,https://www.worklytics.co/blog/developing-great-engineering-teams/,https://web.archive.org/web/20190724062328/https://www.worklytics.co/blog/developing-great-engineering-teams/,20190724062328,,0,,False,fetch_or_extract
worklytics.co,yc,saas,,https://www.worklytics.co/blog/going-beyond-email-in-organizational-network-analysis,https://web.archive.org/web/20221117124712/https://www.worklytics.co/blog/going-beyond-email-in-organizational-network-analysis,20221117124712,,0,,False,fetch_or_extract
worklytics.co,yc,saas,,https://www.worklytics.co/blog/why-feedback-matters/,https://web.archive.org/web/20190724065228/https://www.worklytics.co/blog/why-feedback-matters/,20190724065228,,0,,False,fetch_or_extract
worklytics.co,yc,saas,,https://www.worklytics.co/blog/creating-a-culture-of-transparency-on-software-development-teams/,https://web.archive.org/web/20190724071919/https://www.worklytics.co/blog/creating-a-culture-of-transparency-on-software-development-teams/,20190724071919,,0,,False,fetch_or_extract
worklytics.co,yc,saas,,https://www.worklytics.co/blog/5-takeaways-from-pafow/,https://web.archive.org/web/20190820082356/https://www.worklytics.co/blog/5-takeaways-from-pafow/,20190820082356,,0,,False,fetch_or_extract
worklytics.co,yc,saas,,https://www.worklytics.co/blog/the-myth-of-the-full-stack-engineer/,https://web.archive.org/web/20190724062320/https://www.worklytics.co/blog/the-myth-of-the-full-stack-engineer/,20190724062320,,0,,False,fetch_or_extract
worklytics.co,yc,saas,,https://www.worklytics.co/blog/is-your-email-productive/,https://web.archive.org/web/20190724073059/https://www.worklytics.co/blog/is-your-email-productive/,20190724073059,,0,,False,fetch_or_extract
worklytics.co,yc,saas,,https://www.worklytics.co/blog/360-feedback-for-software-engineers/,https://web.archive.org/web/20190724064645/https://www.worklytics.co/blog/360-feedback-for-software-engineers/,20190724064645,,0,,False,fetch_or_extract
worklytics.co,yc,saas,,https://www.worklytics.co/blog/dr-jessica-neff/,https://web.archive.org/web/20190724071004/https://www.worklytics.co/blog/dr-jessica-neff/,20190724071004,,0,,False,fetch_or_extract
worklytics.co,yc,saas,,https://www.worklytics.co/blog/automatic-technical-skills-assessments,https://web.archive.org/web/20220809195639/https://www.worklytics.co/blog/automatic-technical-skills-assessments,20220809195639,,0,,False,fetch_or_extract
worklytics.co,yc,saas,,https://www.worklytics.co/blog/how-to-adapt-your-employee-listening-strategy-to-support-remote-hybrid,https://web.archive.org/web/20220629131232/https://www.worklytics.co/blog/how-to-adapt-your-employee-listening-strategy-to-support-remote-hybrid,20220629131232,,0,,False,fetch_or_extract
worklytics.co,yc,saas,,https://www.worklytics.co/blog/work-analytics-coffee-chat-with-stela-lupushor,https://web.archive.org/web/20220919211742/https://www.worklytics.co/blog/work-analytics-coffee-chat-with-stela-lupushor,20220919211742,,0,,False,fetch_or_extract
worklytics.co,yc,saas,,https://www.worklytics.co/blog/gray-scalable/,https://web.archive.org/web/20190724065531/https://www.worklytics.co/blog/gray-scalable/,20190724065531,,0,,False,fetch_or_extract
worklytics.co,yc,saas,,https://www.worklytics.co/blog/5-traits-of-great-software-development-teams/,https://web.archive.org/web/20190724062324/https://www.worklytics.co/blog/5-traits-of-great-software-development-teams/,20190724062324,,0,,False,fetch_or_extract
worklytics.co,yc,saas,,https://www.worklytics.co/blog/commit-early-push-often/,https://web.archive.org/web/20190724063036/https://www.worklytics.co/blog/commit-early-push-often/,20190724063036,,0,,False,fetch_or_extract
oneschema.co,yc,saas,d7f1f5ff255ff47e,https://www.oneschema.co/blog/flatfile-competitors-alternatives,https://web.archive.org/web/20221001040702/https://www.oneschema.co/blog/flatfile-competitors-alternatives,20221001040702,Flatfile Competitors: The 4 Best Alternatives,1250,informational,True,
oneschema.co,yc,saas,9de3c3945455651d,https://www.oneschema.co/blog/how-do-you-format-dates-in-excel,https://web.archive.org/web/20220124131507/https://www.oneschema.co/blog/how-do-you-format-dates-in-excel,20220124131507,How Do You Format Dates in Excel? - Tech - Webflow Ecommerce Website Template,777,informational,True,
oneschema.co,yc,saas,219495602c1543ce,https://www.oneschema.co/blog/how-to-reduce-customer-churn-with-better-customer-onboarding,https://web.archive.org/web/20220517182703/https://www.oneschema.co/blog/how-to-reduce-customer-churn-with-better-customer-onboarding,20220517182703,How to Reduce Customer Churn with Better Customer Onboarding? - Tech - Webflow Ecommerce Website Template,821,informational,True,
oneschema.co,yc,saas,,https://www.oneschema.co/blog/oneschema-vs-csvbox,https://web.archive.org/web/20221001060256/https://www.oneschema.co/blog/oneschema-vs-csvbox,20221001060256,,0,,False,fetch_or_extract
oneschema.co,yc,saas,,https://www.oneschema.co/blog-category/importing-data,https://web.archive.org/web/20221001050954/https://www.oneschema.co/blog-category/importing-data,20221001050954,,0,,False,fetch_or_extract
oneschema.co,yc,saas,,https://www.oneschema.co/blog/product-update-september-22,https://web.archive.org/web/20220915165537/https://www.oneschema.co/blog/product-update-september-22,20220915165537,,0,,False,fetch_or_extract
oneschema.co,yc,saas,,https://www.oneschema.co/blog/heron-data-case-study,https://web.archive.org/web/20220928130412/https://www.oneschema.co/blog/heron-data-case-study,20220928130412,,0,,False,fetch_or_extract
oneschema.co,yc,saas,,https://www.oneschema.co/blog/soc-2-learnings-for-startups,https://web.archive.org/web/20220713205645/https://www.oneschema.co/blog/soc-2-learnings-for-startups,20220713205645,,0,,False,fetch_or_extract
oneschema.co,yc,saas,,https://www.oneschema.co/blog/how-to-separate-first-and-last-names-in-excel,https://web.archive.org/web/20220124135526/https://www.oneschema.co/blog/how-to-separate-first-and-last-names-in-excel,20220124135526,,0,,False,fetch_or_extract
oneschema.co,yc,saas,,https://www.oneschema.co/blog/why-customer-retention-is-the-ultimate-growth-strategy,https://web.archive.org/web/20211021211423/https://www.oneschema.co/blog/why-customer-retention-is-the-ultimate-growth-strategy,20211021211423,,0,,False,fetch_or_extract
oneschema.co,yc,saas,,https://www.oneschema.co/blog/oneschema-branding-suite,https://web.archive.org/web/20221001060600/https://www.oneschema.co/blog/oneschema-branding-suite,20221001060600,,0,,False,fetch_or_extract
oneschema.co,yc,saas,,https://www.oneschema.co/blog/practicepanther-case-study,https://web.archive.org/web/20220630101427/https://www.oneschema.co/blog/practicepanther-case-study,20220630101427,,0,,False,fetch_or_extract
oneschema.co,yc,saas,,https://www.oneschema.co/blog/csv-import-errors,https://web.archive.org/web/20220517180454/https://www.oneschema.co/blog/csv-import-errors,20220517180454,,0,,False,fetch_or_extract
oneschema.co,yc,saas,,https://www.oneschema.co/blog/overwhelmed-csm,https://web.archive.org/web/20220517174847/https://www.oneschema.co/blog/overwhelmed-csm,20220517174847,,0,,False,fetch_or_extract
oneschema.co,yc,saas,,https://www.oneschema.co/blog/oneschema-vs-flatfile,https://web.archive.org/web/20220818145345/https://www.oneschema.co/blog/oneschema-vs-flatfile,20220818145345,,0,,False,fetch_or_extract
gogenuity.com,yc,saas,,https://gogenuity.com/blog/insurance-premiums-skyrocket/,https://web.archive.org/web/20220204131246/https://gogenuity.com/blog/insurance-premiums-skyrocket/,20220204131246,,0,,False,fetch_or_extract
gogenuity.com,yc,saas,,https://gogenuity.com/blog/keep-pace-with-digital-transformation/,https://web.archive.org/web/20200926142612/https://gogenuity.com/blog/keep-pace-with-digital-transformation/,20200926142612,,0,,False,fetch_or_extract
gogenuity.com,yc,saas,,https://gogenuity.com/blog/technology-management-uncertain-times/,https://web.archive.org/web/20200926152048/https://gogenuity.com/blog/technology-management-uncertain-times/,20200926152048,,0,,False,fetch_or_extract
gogenuity.com,yc,saas,,https://gogenuity.com/blog/spring-g2-awards/,https://web.archive.org/web/20220329114800/https://gogenuity.com/blog/spring-g2-awards/,20220329114800,,0,,False,fetch_or_extract
gogenuity.com,yc,saas,,https://gogenuity.com/blog/ms-office-365/,https://web.archive.org/web/20220518025404/https://gogenuity.com/blog/ms-office-365/,20220518025404,,0,,False,fetch_or_extract
gogenuity.com,yc,saas,,https://gogenuity.com/blog/increase-roi-with-better-invoice-management-it-help-desk/,https://web.archive.org/web/20220928023559/https://gogenuity.com/blog/increase-roi-with-better-invoice-management-it-help-desk/,20220928023559,,0,,False,fetch_or_extract
gogenuity.com,yc,saas,,https://gogenuity.com/blog/how-entrepreneurs-can-use-tech-to-compete/,https://web.archive.org/web/20190916023942/https://gogenuity.com/blog/how-entrepreneurs-can-use-tech-to-compete/,20190916023942,,0,,False,fetch_or_extract
gogenuity.com,yc,saas,,https://gogenuity.com/blog/spring-updates/,https://web.archive.org/web/20220420120329/https://gogenuity.com/blog/spring-updates/,20220420120329,,0,,False,fetch_or_extract
gogenuity.com,yc,saas,,https://gogenuity.com/blog/what-is-an-it-help-desk-ticketing-system-why-do-you-need-one/,https://web.archive.org/web/20221011114803/https://gogenuity.com/blog/what-is-an-it-help-desk-ticketing-system-why-do-you-need-one/,20221011114803,,0,,False,fetch_or_extract
gogenuity.com,yc,saas,,https://gogenuity.com/blog/you-dont-need-another-saas-app/,https://web.archive.org/web/20190722183443/https://gogenuity.com/blog/you-dont-need-another-saas-app/,20190722183443,,0,,False,fetch_or_extract
gogenuity.com,yc,saas,,https://gogenuity.com/blog/accurate-spend-management-beyond-reconciling-invoices/,https://web.archive.org/web/20191120202039/https://gogenuity.com/blog/accurate-spend-management-beyond-reconciling-invoices/,20191120202039,,0,,False,fetch_or_extract
gogenuity.com,yc,saas,,https://gogenuity.com/blog/transparency-empowers-business/,https://web.archive.org/web/20190817130026/https://gogenuity.com/blog/transparency-empowers-business/,20190817130026,,0,,False,fetch_or_extract
gogenuity.com,yc,saas,,https://gogenuity.com/blog/telecom-offer/,https://web.archive.org/web/20210928062720/https://gogenuity.com/blog/telecom-offer/,20210928062720,,0,,False,fetch_or_extract
gogenuity.com,yc,saas,,https://gogenuity.com/blog/feature-highlight-telecom-expense-management/,https://web.archive.org/web/20200924190531/https://gogenuity.com/blog/feature-highlight-telecom-expense-management/,20200924190531,,0,,False,fetch_or_extract
gogenuity.com,yc,saas,,https://gogenuity.com/blog/you-dont-need-another-saas-app-you-need-a-better-model/,https://web.archive.org/web/20190622005810/https://gogenuity.com/blog/you-dont-need-another-saas-app-you-need-a-better-model/,20190622005810,,0,,False,fetch_or_extract
warmly.ai,yc,saas,79426d1c670b8cba,https://www.warmly.ai/blog/how-to-improve-employee-experience-in-the-digital-workplace,https://web.archive.org/web/20220825120603/https://www.warmly.ai/blog/how-to-improve-employee-experience-in-the-digital-workplace,20220825120603,How to Improve Employee Experience in The Digital Workplace,808,informational,True,
warmly.ai,yc,saas,b75a1f5c6ca2f295,https://www.warmly.ai/blog/the-intersection-of-authenticity-and-accountability-2,https://web.archive.org/web/20210812161318/https://www.warmly.ai/blog/the-intersection-of-authenticity-and-accountability-2,20210812161318,The Intersection of Authenticity and Accountability,1240,informational,True,
warmly.ai,yc,saas,,https://www.warmly.ai/blog/week-8-in-y-combinator-why-376-people-help-warmly-regularly-the-power-of-a-weekly-mailing-list,https://web.archive.org/web/20210305072558/https://www.warmly.ai/blog/week-8-in-y-combinator-why-376-people-help-warmly-regularly-the-power-of-a-weekly-mailing-list,20210305072558,Week 8 in Y-Combinator: Why 376 people help Warmly regularly - The Power of a Weekly Mailing List,2930,,False,length
warmly.ai,yc,saas,,https://www.warmly.ai/blog/week-5-in-y-combinator-things-we-did-that-didnt-scale,https://web.archive.org/web/20210305075144/https://www.warmly.ai/blog/week-5-in-y-combinator-things-we-did-that-didnt-scale,20210305075144,Week 5 in Y-Combinator: Things we did that didn’t scale,1077,opinion_essay,False,genre
warmly.ai,yc,saas,ff6a28a4652eb233,https://www.warmly.ai/blog/50-icebreakers-for-your-next-zoom-meeting,https://web.archive.org/web/20210418043620/https://www.warmly.ai/blog/50-icebreakers-for-your-next-zoom-meeting,20210418043620,50 Icebreakers for Your Next Zoom Meeting,675,informational,True,
warmly.ai,yc,saas,d16d8754563e7b73,https://warmly.ai/blog/4-ways-zoom-can-make-you-sell-better-virtually,https://web.archive.org/web/20220816111209/https://warmly.ai/blog/4-ways-zoom-can-make-you-sell-better-virtually,20220816111209,4 Ways Zoom Can Make You Sell Better Virtually,617,informational,True,
warmly.ai,yc,saas,ae9c7b65ec016eef,https://www.warmly.ai/blog/how-your-sales-team-can-build-trust-with-minimal-effort,https://web.archive.org/web/20220920120821/https://www.warmly.ai/blog/how-your-sales-team-can-build-trust-with-minimal-effort,20220920120821,How Your Sales Team Can Build Trust With Minimal Effort,889,informational,True,
warmly.ai,yc,saas,,https://www.warmly.ai/blog/who-is-warmly-for,https://web.archive.org/web/20210918064921/https://www.warmly.ai/blog/who-is-warmly-for,20210918064921,Who Is #Warmly For?,237,,False,length
warmly.ai,yc,saas,,https://www.warmly.ai/blog/week-1-in-y-combinator-hello-world-and-yc-bootcamp,https://web.archive.org/web/20210305064121/https://www.warmly.ai/blog/week-1-in-y-combinator-hello-world-and-yc-bootcamp,20210305064121,,0,,False,fetch_or_extract
warmly.ai,yc,saas,,https://warmly.ai/blog/week-4-in-y-combinator-youre-not-moving-fast-enough-if-things-arent-breaking,https://web.archive.org/web/20221129205649/https://warmly.ai/blog/week-4-in-y-combinator-youre-not-moving-fast-enough-if-things-arent-breaking,20221129205649,,0,,False,fetch_or_extract
warmly.ai,yc,saas,,https://www.warmly.ai/blog/week-7-in-y-combinator-scaling-trust,https://web.archive.org/web/20210305072742/https://www.warmly.ai/blog/week-7-in-y-combinator-scaling-trust,20210305072742,,0,,False,fetch_or_extract
warmly.ai,yc,saas,,https://www.warmly.ai/blog/how-to-stand-out-in-every-zoom-meeting,https://web.archive.org/web/20210722180113/https://www.warmly.ai/blog/how-to-stand-out-in-every-zoom-meeting,20210722180113,,0,,False,fetch_or_extract
warmly.ai,yc,saas,,https://www.warmly.ai/blog/week-4-in-y-combinator-youre-not-moving-fast-enough-if-things-aren-t-breaking,https://web.archive.org/web/20210305070412/https://www.warmly.ai/blog/week-4-in-y-combinator-youre-not-moving-fast-enough-if-things-aren-t-breaking,20210305070412,,0,,False,fetch_or_extract
warmly.ai,yc,saas,,https://warmly.ai/blog/warmth-at-work-episode-5-doist,https://web.archive.org/web/20220808233237/https://warmly.ai/blog/warmth-at-work-episode-5-doist,20220808233237,,0,,False,fetch_or_extract
warmly.ai,yc,saas,,https://warmly.ai/blog/client-facing-teams-build-trust-over-zoom,https://web.archive.org/web/20220808231316/https://warmly.ai/blog/client-facing-teams-build-trust-over-zoom,20220808231316,,0,,False,fetch_or_extract
edenworkplace.com,yc,saas,,https://www.edenworkplace.com/blog/commuter-benefits-program-for-employees,https://web.archive.org/web/20210416151411/https://www.edenworkplace.com/blog/commuter-benefits-program-for-employees,20210416151411,,0,,False,fetch_or_extract
edenworkplace.com,yc,saas,,https://www.edenworkplace.com/blog/employees-are-happy-to-be-back-but-crave-flexibility-above-all-else,https://web.archive.org/web/20210917171311/https://www.edenworkplace.com/blog/employees-are-happy-to-be-back-but-crave-flexibility-above-all-else,20210917171311,,0,,False,fetch_or_extract
edenworkplace.com,yc,saas,,https://www.edenworkplace.com/blog/building-a-trustworthy-marketplace,https://web.archive.org/web/20210413033611/https://www.edenworkplace.com/blog/building-a-trustworthy-marketplace,20210413033611,,0,,False,fetch_or_extract
edenworkplace.com,yc,saas,,https://www.edenworkplace.com/blog/how-to-become-an-office-manager,https://web.archive.org/web/20210411071201/https://www.edenworkplace.com/blog/how-to-become-an-office-manager,20210411071201,,0,,False,fetch_or_extract
edenworkplace.com,yc,saas,,https://www.edenworkplace.com/blog/networking-tips-for-office-managers,https://web.archive.org/web/20210410144617/https://www.edenworkplace.com/blog/networking-tips-for-office-managers,20210410144617,,0,,False,fetch_or_extract
edenworkplace.com,yc,saas,,https://www.edenworkplace.com/blog/6-rules-for-creating-an-office-dating-policy,https://web.archive.org/web/20210411063612/https://www.edenworkplace.com/blog/6-rules-for-creating-an-office-dating-policy,20210411063612,,0,,False,fetch_or_extract
edenworkplace.com,yc,saas,,https://www.edenworkplace.com/blog/7-ways-to-celebrate-black-history-month-in-the-office,https://web.archive.org/web/20210411073915/https://www.edenworkplace.com/blog/7-ways-to-celebrate-black-history-month-in-the-office,20210411073915,,0,,False,fetch_or_extract
edenworkplace.com,yc,saas,,https://www.edenworkplace.com/blog/office-halloween-ideas-so-good-theyre-scary,https://web.archive.org/web/20210413044002/https://www.edenworkplace.com/blog/office-halloween-ideas-so-good-theyre-scary,20210413044002,,0,,False,fetch_or_extract
edenworkplace.com,yc,saas,,https://www.edenworkplace.com/blog/office-budget-proposal-approved,https://web.archive.org/web/20210411074706/https://www.edenworkplace.com/blog/office-budget-proposal-approved,20210411074706,,0,,False,fetch_or_extract
edenworkplace.com,yc,saas,,https://www.edenworkplace.com/blog/increase-employee-satisfaction-workplace,https://web.archive.org/web/20210413043205/https://www.edenworkplace.com/blog/increase-employee-satisfaction-workplace,20210413043205,,0,,False,fetch_or_extract
edenworkplace.com,yc,saas,,https://www.edenworkplace.com/blog/eight-interview-questions-to-understand-company-culture,https://web.archive.org/web/20210416130741/https://www.edenworkplace.com/blog/eight-interview-questions-to-understand-company-culture,20210416130741,,0,,False,fetch_or_extract
edenworkplace.com,yc,saas,,https://www.edenworkplace.com/blog/how-harper-casimiro-is-reimagining-an-office-manager,https://web.archive.org/web/20210416142031/https://www.edenworkplace.com/blog/how-harper-casimiro-is-reimagining-an-office-manager,20210416142031,,0,,False,fetch_or_extract
edenworkplace.com,yc,saas,,https://www.edenworkplace.com/blog/from-hr-to-people-operations-why-the-language-we-use-is-changing,https://web.archive.org/web/20220719160425/https://www.edenworkplace.com/blog/from-hr-to-people-operations-why-the-language-we-use-is-changing,20220719160425,,0,,False,fetch_or_extract
edenworkplace.com,yc,saas,,https://www.edenworkplace.com/blog/meeting-employee-needs-workplace-culture,https://web.archive.org/web/20210413035058/https://www.edenworkplace.com/blog/meeting-employee-needs-workplace-culture,20210413035058,,0,,False,fetch_or_extract
edenworkplace.com,yc,saas,,https://www.edenworkplace.com/blog/providing-free-office-snacks-to-employees,https://web.archive.org/web/20210410142655/https://www.edenworkplace.com/blog/providing-free-office-snacks-to-employees,20210410142655,,0,,False,fetch_or_extract
chartio.com,yc,saas,,http://chartio.com/blog/2014/03/google-analytics,https://web.archive.org/web/20140628050047/http://chartio.com/blog/2014/03/google-analytics,20140628050047,,0,,False,fetch_or_extract
chartio.com,yc,saas,,https://chartio.com/blog/an-overview-on-redshift-and-bigquery-security/,https://web.archive.org/web/20190825010125/https://chartio.com/blog/an-overview-on-redshift-and-bigquery-security/,20190825010125,,0,,False,fetch_or_extract
chartio.com,yc,saas,,https://chartio.com/blog/anita-lillie-interview/,https://web.archive.org/web/20190824004855/https://chartio.com/blog/anita-lillie-interview/,20190824004855,,0,,False,fetch_or_extract
chartio.com,yc,saas,,https://chartio.com/blog/best-practices-for-developing-an-elt-pipeline/,https://web.archive.org/web/20200525201251/https://chartio.com/blog/best-practices-for-developing-an-elt-pipeline/,20200525201251,,0,,False,fetch_or_extract
chartio.com,yc,saas,,http://chartio.com:80/blog/2011/11/new-on-chartio-permissioning,https://web.archive.org/web/20130102171851/http://chartio.com:80/blog/2011/11/new-on-chartio-permissioning,20130102171851,,0,,False,fetch_or_extract
chartio.com,yc,saas,,https://chartio.com/blog/chartios-pdf-exports-have-been-improved/,https://web.archive.org/web/20190825010952/https://chartio.com/blog/chartios-pdf-exports-have-been-improved/,20190825010952,,0,,False,fetch_or_extract
chartio.com,yc,saas,,https://chartio.com/blog/analytics-stack-with-blendo-chartio/,https://web.archive.org/web/20190824005548/https://chartio.com/blog/analytics-stack-with-blendo-chartio/,20190824005548,,0,,False,fetch_or_extract
chartio.com,yc,saas,,http://chartio.com/blog/2014/03/little-opera-and-chartio,https://web.archive.org/web/20140628155809/http://chartio.com/blog/2014/03/little-opera-and-chartio,20140628155809,,0,,False,fetch_or_extract
chartio.com,yc,saas,,http://chartio.com:80/blog/2012/01/big-data-meets-the-hype-cycle,https://web.archive.org/web/20130103090308/http://chartio.com:80/blog/2012/01/big-data-meets-the-hype-cycle,20130103090308,,0,,False,fetch_or_extract
chartio.com,yc,saas,,http://chartio.com:80/blog/2011/02/complexity-in-dashboard-design,https://web.archive.org/web/20130102171821/http://chartio.com:80/blog/2011/02/complexity-in-dashboard-design,20130102171821,,0,,False,fetch_or_extract
chartio.com,yc,saas,,https://chartio.com/blog/global-filter-updates/,https://web.archive.org/web/20190822225750/https://chartio.com/blog/global-filter-updates/,20190822225750,,0,,False,fetch_or_extract
chartio.com,yc,saas,,https://chartio.com/blog/how-do-you-define-being-data-driven/,https://web.archive.org/web/20190824005628/https://chartio.com/blog/how-do-you-define-being-data-driven/,20190824005628,,0,,False,fetch_or_extract
chartio.com,yc,saas,,https://chartio.com/blog/a-deeper-look-into-chartios-visualization-library/,https://web.archive.org/web/20201208072419/https://chartio.com/blog/a-deeper-look-into-chartios-visualization-library/,20201208072419,,0,,False,fetch_or_extract
chartio.com,yc,saas,,http://chartio.com:80/blog/2014/01/mining-the-data-behind-toy-safety,https://web.archive.org/web/20140119221056/http://chartio.com:80/blog/2014/01/mining-the-data-behind-toy-safety,20140119221056,,0,,False,fetch_or_extract
chartio.com,yc,saas,,https://chartio.com/blog/improving-your-marketing-tech-stack-with-business-intelligence/,https://web.archive.org/web/20190824005535/https://chartio.com/blog/improving-your-marketing-tech-stack-with-business-intelligence/,20190824005535,,0,,False,fetch_or_extract
vidyard.com,yc,saas,,https://www.vidyard.com/blog/4-tips-creating-killer-video-voicemail/,https://web.archive.org/web/20191228014514/https://www.vidyard.com/blog/4-tips-creating-killer-video-voicemail/,20191228014514,,0,,False,fetch_or_extract
vidyard.com,yc,saas,,http://www.vidyard.com:80/blog/9-examples-b2b-video-demand-generation/,https://web.archive.org/web/20150320062411/http://www.vidyard.com:80/blog/9-examples-b2b-video-demand-generation/,20150320062411,,0,,False,fetch_or_extract
vidyard.com,yc,saas,,https://www.vidyard.com/blog/6-trends-sales-saas-video-hubspot/,https://web.archive.org/web/20190920182852/https://www.vidyard.com/blog/6-trends-sales-saas-video-hubspot/,20190920182852,,0,,False,fetch_or_extract
vidyard.com,yc,saas,,https://www.vidyard.com/blog/4-ways-video-makes-marketing-automation-better/,https://web.archive.org/web/20160404174720/https://www.vidyard.com/blog/4-ways-video-makes-marketing-automation-better/,20160404174720,,0,,False,fetch_or_extract
vidyard.com,yc,saas,,https://www.vidyard.com/blog/5-techniques-successful-sales-prospecting/,https://web.archive.org/web/20190920182422/https://www.vidyard.com/blog/5-techniques-successful-sales-prospecting/,20190920182422,,0,,False,fetch_or_extract
vidyard.com,yc,saas,,http://www.vidyard.com:80/blog/3-tips-to-increase-your-landing-page-conversions-with-an-explainer-video/,https://web.archive.org/web/20140506002532/http://www.vidyard.com:80/blog/3-tips-to-increase-your-landing-page-conversions-with-an-explainer-video/,20140506002532,,0,,False,fetch_or_extract
vidyard.com,yc,saas,,https://www.vidyard.com/blog/7-ways-hr-can-use-video-to-better-engage-and-hire-top-talent/,https://web.archive.org/web/20190920191030/https://www.vidyard.com/blog/7-ways-hr-can-use-video-to-better-engage-and-hire-top-talent/,20190920191030,,0,,False,fetch_or_extract
vidyard.com,yc,saas,,https://www.vidyard.com/blog/cetera-financial-group-lenovo-prophix-software-boost-video-marketing-results-vidyard-eloqua/,https://web.archive.org/web/20190917143401/https://www.vidyard.com/blog/cetera-financial-group-lenovo-prophix-software-boost-video-marketing-results-vidyard-eloqua/,20190917143401,,0,,False,fetch_or_extract
vidyard.com,yc,saas,,https://www.vidyard.com/blog/4-tactical-ways-salespeople-can-build-trust-video/,https://web.archive.org/web/20190224021938/https://www.vidyard.com/blog/4-tactical-ways-salespeople-can-build-trust-video/,20190224021938,,0,,False,fetch_or_extract
vidyard.com,yc,saas,,http://www.vidyard.com:80/blog/attributing-content-marketing-to-pipeline/,https://web.archive.org/web/20141226012001/http://www.vidyard.com:80/blog/attributing-content-marketing-to-pipeline/,20141226012001,,0,,False,fetch_or_extract
vidyard.com,yc,saas,,http://www.vidyard.com:80/blog/corporate-speak-in-your-brand-videos/,https://web.archive.org/web/20140620111755/http://www.vidyard.com:80/blog/corporate-speak-in-your-brand-videos/,20140620111755,,0,,False,fetch_or_extract
vidyard.com,yc,saas,,http://www.vidyard.com:80/blog/choose-your-own-adventure-videos-using-call-to-actions/,https://web.archive.org/web/20130217082826/http://www.vidyard.com:80/blog/choose-your-own-adventure-videos-using-call-to-actions/,20130217082826,,0,,False,fetch_or_extract
vidyard.com,yc,saas,,https://www.vidyard.com/blog/4-ways-league-video-sales-strategy/,https://web.archive.org/web/20190909031415/https://www.vidyard.com/blog/4-ways-league-video-sales-strategy/,20190909031415,,0,,False,fetch_or_extract
vidyard.com,yc,saas,,http://www.vidyard.com:80/blog/a-new-vidyard-feature-embed-location-analytics/,https://web.archive.org/web/20130211095846/http://www.vidyard.com:80/blog/a-new-vidyard-feature-embed-location-analytics/,20130211095846,,0,,False,fetch_or_extract
vidyard.com,yc,saas,,https://www.vidyard.com/blog/3-ways-research-companies-personalized-sales-video/,https://web.archive.org/web/20180116033319/https://www.vidyard.com/blog/3-ways-research-companies-personalized-sales-video/,20180116033319,,0,,False,fetch_or_extract
storylane.io,yc,saas,,https://www.storylane.io/blog/how-to-reduce-the-b2b-saas-sales-process-timeline,https://web.archive.org/web/20220809112515/https://www.storylane.io/blog/how-to-reduce-the-b2b-saas-sales-process-timeline,20220809112515,,0,,False,fetch_or_extract
storylane.io,yc,saas,,https://www.storylane.io/blog/shadow-calling-sales-performance,https://web.archive.org/web/20220701083024/https://www.storylane.io/blog/shadow-calling-sales-performance,20220701083024,,0,,False,fetch_or_extract
storylane.io,yc,saas,,https://www.storylane.io/blog/how-to-schedule-a-product-demo-with-prospects-and-avoid-no-shows,https://web.archive.org/web/20220701071734/https://www.storylane.io/blog/how-to-schedule-a-product-demo-with-prospects-and-avoid-no-shows,20220701071734,,0,,False,fetch_or_extract
storylane.io,yc,saas,,https://www.storylane.io/blog/everything-you-need-to-know-about-product-led-sales,https://web.archive.org/web/20220701084140/https://www.storylane.io/blog/everything-you-need-to-know-about-product-led-sales,20220701084140,,0,,False,fetch_or_extract
storylane.io,yc,saas,,https://www.storylane.io/blog/why-do-we-need-a-product-demo-video-alternative,https://web.archive.org/web/20220701083631/https://www.storylane.io/blog/why-do-we-need-a-product-demo-video-alternative,20220701083631,,0,,False,fetch_or_extract
storylane.io,yc,saas,,https://www.storylane.io/blog/sales-automation,https://web.archive.org/web/20221006075537/https://www.storylane.io/blog/sales-automation,20221006075537,,0,,False,fetch_or_extract
storylane.io,yc,saas,,https://www.storylane.io/blog/saas-sales-funnel,https://web.archive.org/web/20220701072844/https://www.storylane.io/blog/saas-sales-funnel,20220701072844,,0,,False,fetch_or_extract
storylane.io,yc,saas,,https://www.storylane.io/blog/demo-experience-platform,https://web.archive.org/web/20221127045922/https://www.storylane.io/blog/demo-experience-platform,20221127045922,,0,,False,fetch_or_extract
storylane.io,yc,saas,,https://www.storylane.io/blog/storylane-demos-go-bi-modal,https://web.archive.org/web/20220122000741/https://www.storylane.io/blog/storylane-demos-go-bi-modal,20220122000741,,0,,False,fetch_or_extract
storylane.io,yc,saas,,https://www.storylane.io/blog/how-to-build-a-saas-sales-funnel-a-step-by-step-guide,https://web.archive.org/web/20220809100822/https://www.storylane.io/blog/how-to-build-a-saas-sales-funnel-a-step-by-step-guide,20220809100822,,0,,False,fetch_or_extract
storylane.io,yc,saas,,https://www.storylane.io/blog/what-is-a-demo-environment,https://web.archive.org/web/20221127055624/https://www.storylane.io/blog/what-is-a-demo-environment,20221127055624,,0,,False,fetch_or_extract
storylane.io,yc,saas,,https://www.storylane.io/blog/what-is-productled-growth,https://web.archive.org/web/20220701083407/https://www.storylane.io/blog/what-is-productled-growth,20220701083407,,0,,False,fetch_or_extract
storylane.io,yc,saas,,https://www.storylane.io/blog/how-to-build-a-customer-success-product-strategy,https://web.archive.org/web/20220701071859/https://www.storylane.io/blog/how-to-build-a-customer-success-product-strategy,20220701071859,,0,,False,fetch_or_extract
storylane.io,yc,saas,,https://www.storylane.io/blog/top-5-sales-optimization-strategies-to-help-your-sales-team-win-more-deals,https://web.archive.org/web/20221127050922/https://www.storylane.io/blog/top-5-sales-optimization-strategies-to-help-your-sales-team-win-more-deals,20221127050922,,0,,False,fetch_or_extract
storylane.io,yc,saas,,https://www.storylane.io/blog/improve-sales-cycle-length,https://web.archive.org/web/20221127060107/https://www.storylane.io/blog/improve-sales-cycle-length,20221127060107,,0,,False,fetch_or_extract
scispot.io,yc,saas,e454a821fbf632ee,https://www.scispot.io/blog/how-to-make-your-biotech-startup-a-tech-company-digitize-your-biotech-startup-to-scale-like-a-tech-company,https://web.archive.org/web/20211018015023/https://www.scispot.io/blog/how-to-make-your-biotech-startup-a-tech-company-digitize-your-biotech-startup-to-scale-like-a-tech-company,20211018015023,How to make your biotech startup a tech company?,1174,informational,True,
scispot.io,yc,saas,e4b58c325eb60311,https://www.scispot.io/blog/talk-is-biotech-w-mike-tarselli,https://web.archive.org/web/20210813232225/https://www.scispot.io/blog/talk-is-biotech-w-mike-tarselli,20210813232225,Talk is Biotech! with Guru Singh and Mike Tarselli,1141,informational,True,
scispot.io,yc,saas,,https://www.scispot.io/blog/top-8-indiebio-companies-that-are-creating-food-for-the-future,https://web.archive.org/web/20211109203732/https://www.scispot.io/blog/top-8-indiebio-companies-that-are-creating-food-for-the-future,20211109203732,Top 8 IndieBio Companies That are Creating Food for the Future,428,,False,length
scispot.io,yc,saas,,https://www.scispot.io/blog/talk-is-biotech-with-serghei-glinca,https://web.archive.org/web/20210916020651/https://www.scispot.io/blog/talk-is-biotech-with-serghei-glinca,20210916020651,Talk is Biotech! with Serghei Glinca,472,,False,length
scispot.io,yc,saas,,https://www.scispot.io/blog/top-5-innovative-alt-dairy-biostartups-that-revolutionizing-the-dairy-industry,https://web.archive.org/web/20211115125113/https://www.scispot.io/blog/top-5-innovative-alt-dairy-biostartups-that-revolutionizing-the-dairy-industry,20211115125113,Top 5 Innovative Alt-Dairy Biostartups that are Revolutionizing the Dairy Industry,373,,False,length
scispot.io,yc,saas,,https://www.scispot.io/blog/scispot-io-joins-forces-with-helaplex-to-create-the-worlds-first-fully-digital-life-science-co-working-space,https://web.archive.org/web/20210724130240/https://www.scispot.io/blog/scispot-io-joins-forces-with-helaplex-to-create-the-worlds-first-fully-digital-life-science-co-working-space,20210724130240,Scispot™ joins forces with HelaPlex,317,,False,length
scispot.io,yc,saas,,https://www.scispot.io/blog/5-european-biotech-companies-to-watch-in-2021,https://web.archive.org/web/20210917134922/https://www.scispot.io/blog/5-european-biotech-companies-to-watch-in-2021,20210917134922,5 European Biotech Companies to Watch Out for in 2021,517,,False,length
scispot.io,yc,saas,,https://www.scispot.io/blog/8-biotech-startups-creating-waves-in-africa-in-2021,https://web.archive.org/web/20211209172751/https://www.scispot.io/blog/8-biotech-startups-creating-waves-in-africa-in-2021,20211209172751,Top 8 Biotech Startups Creating Waves in Africa in 2021,405,,False,length
scispot.io,yc,saas,,https://www.scispot.io/blog/indiebio-joins-forces-with-scispot-tm,https://web.archive.org/web/20210602015416/https://www.scispot.io/blog/indiebio-joins-forces-with-scispot-tm,20210602015416,Scispot™ Joins Forces with IndieBio,192,,False,length
scispot.io,yc,saas,,https://www.scispot.io/blog/culture-biosciences-selects-scispot-io-as-its-preferred-digital-partner-for-automating-their-workflows,https://web.archive.org/web/20211018010949/https://www.scispot.io/blog/culture-biosciences-selects-scispot-io-as-its-preferred-digital-partner-for-automating-their-workflows,20211018010949,,0,,False,fetch_or_extract
scispot.io,yc,saas,,https://www.scispot.io/blog/5-companies-that-are-excelling-in-research-using-ex-vivo-models,https://web.archive.org/web/20211005133131/https://www.scispot.io/blog/5-companies-that-are-excelling-in-research-using-ex-vivo-models,20211005133131,,0,,False,fetch_or_extract
scispot.io,yc,saas,,https://www.scispot.io/blog/ai-joins-forces-with-biology-to-tackle-neuro-diseases-talk-is-biotech-with-guru-singh-krzysztof-potempa,https://web.archive.org/web/20210425092319/https://www.scispot.io/blog/ai-joins-forces-with-biology-to-tackle-neuro-diseases-talk-is-biotech-with-guru-singh-krzysztof-potempa,20210425092319,,0,,False,fetch_or_extract
scispot.io,yc,saas,,https://www.scispot.io/blog/top-8-genome-editing-cros-in-north-america,https://web.archive.org/web/20211116141730/https://www.scispot.io/blog/top-8-genome-editing-cros-in-north-america,20211116141730,,0,,False,fetch_or_extract
scispot.io,yc,saas,,https://www.scispot.io/blog/10-most-innovative-3d-bioprinting-startups-in-the-world-right-now,https://web.archive.org/web/20211108214222/https://www.scispot.io/blog/10-most-innovative-3d-bioprinting-startups-in-the-world-right-now,20211108214222,,0,,False,fetch_or_extract
scispot.io,yc,saas,,https://www.scispot.io/blog/scispot-joins-forces-with-mars-discovery-district,https://web.archive.org/web/20211018001031/https://www.scispot.io/blog/scispot-joins-forces-with-mars-discovery-district,20211018001031,,0,,False,fetch_or_extract
re2.ai,yc,saas,b55b405a1143b39e,https://blog.re2.ai/digital-in-person-prospecting-go-hand-in-hand,https://web.archive.org/web/20210916101344/https://blog.re2.ai/digital-in-person-prospecting-go-hand-in-hand,20210916101344,Digital & In-Person Prospecting Go Hand-in-Hand,705,informational,True,
re2.ai,yc,saas,3bd976e3092942e8,https://blog.re2.ai/sales-touchpoints,https://web.archive.org/web/20210613105249/https://blog.re2.ai/sales-touchpoints,20210613105249,It’s Never Been More Important to Have Multiple Sales Touchpoints,681,informational,True,
re2.ai,yc,saas,,https://blog.re2.ai/what-businesses-are-on-ig-or-fb,https://web.archive.org/web/20211202070032/https://blog.re2.ai/what-businesses-are-on-ig-or-fb,20211202070032,What Businesses Should I Contact on Facebook Vs. Instagram?,476,,False,length
re2.ai,yc,saas,,https://blog.re2.ai/what-does-the-facebookinsta-messenger-merger-mean-for-retail-leasing,https://web.archive.org/web/20210613110146/https://blog.re2.ai/what-does-the-facebookinsta-messenger-merger-mean-for-retail-leasing,20210613110146,,0,,False,fetch_or_extract
re2.ai,yc,saas,,https://blog.re2.ai/resquared-retail-footage,https://web.archive.org/web/20221007144013/https://blog.re2.ai/resquared-retail-footage,20221007144013,,0,,False,fetch_or_extract
re2.ai,yc,saas,,https://blog.re2.ai/would-you-respond-to-your-prospecting-email,https://web.archive.org/web/20210613104517/https://blog.re2.ai/would-you-respond-to-your-prospecting-email,20210613104517,,0,,False,fetch_or_extract
re2.ai,yc,saas,,https://blog.re2.ai/testimonial-urban-edge,https://web.archive.org/web/20211025115555/https://blog.re2.ai/testimonial-urban-edge,20211025115555,,0,,False,fetch_or_extract
re2.ai,yc,saas,,https://blog.re2.ai/shop-local-businesses,https://web.archive.org/web/20210916115010/https://blog.re2.ai/shop-local-businesses,20210916115010,,0,,False,fetch_or_extract
re2.ai,yc,saas,,https://blog.re2.ai/resquared-joins-y-combinators-winter-21-batch,https://web.archive.org/web/20210210154444/https://blog.re2.ai/resquared-joins-y-combinators-winter-21-batch,20210210154444,,0,,False,fetch_or_extract
re2.ai,yc,saas,,https://blog.re2.ai/dlc-resquared-partnership,https://web.archive.org/web/20211202063644/https://blog.re2.ai/dlc-resquared-partnership,20211202063644,,0,,False,fetch_or_extract
re2.ai,yc,saas,,https://blog.re2.ai/facebook-for-prospecting,https://web.archive.org/web/20210916120630/https://blog.re2.ai/facebook-for-prospecting,20210916120630,,0,,False,fetch_or_extract
re2.ai,yc,saas,,https://blog.re2.ai/3-email-templates-and-how-they-performed,https://web.archive.org/web/20220817224830/https://blog.re2.ai/3-email-templates-and-how-they-performed,20220817224830,,0,,False,fetch_or_extract
re2.ai,yc,saas,,https://blog.re2.ai/resources-for-setting-up-a-new-facebook-page,https://web.archive.org/web/20220518192147/https://blog.re2.ai/resources-for-setting-up-a-new-facebook-page,20220518192147,,0,,False,fetch_or_extract
re2.ai,yc,saas,,https://blog.re2.ai/better-email-responses,https://web.archive.org/web/20211025112019/https://blog.re2.ai/better-email-responses,20211025112019,,0,,False,fetch_or_extract
re2.ai,yc,saas,,https://blog.re2.ai/retail-holiday-stats,https://web.archive.org/web/20220125100631/https://blog.re2.ai/retail-holiday-stats,20220125100631,,0,,False,fetch_or_extract
whalesync.com,yc,saas,80618e117bdf2bd9,https://www.whalesync.com/blog/10-airtable-competitors-for-your-use-case-2022,https://web.archive.org/web/20220517083911/https://www.whalesync.com/blog/10-airtable-competitors-for-your-use-case-2022,20220517083911,10 Airtable Competitors for Your Use Case (2022),1945,informational,True,
whalesync.com,yc,saas,8b6ea3e199cff363,https://www.whalesync.com/blog/web3-and-no-code,https://web.archive.org/web/20220131193750/https://www.whalesync.com/blog/web3-and-no-code,20220131193750,Web3 & No-Code,1576,informational,True,
whalesync.com,yc,saas,,https://www.whalesync.com/blog/two-way-sync,https://web.archive.org/web/20220609022850/https://www.whalesync.com/blog/two-way-sync,20220609022850,Two-Way Sync!,244,,False,length
whalesync.com,yc,saas,3ea1edae19c0f36d,https://www.whalesync.com//blog/airtable-vs-google-sheets-the-ultimate-guide,https://web.archive.org/web/20220531143834/https://www.whalesync.com//blog/airtable-vs-google-sheets-the-ultimate-guide,20220531143834,Airtable vs Google Sheets: The Ultimate Guide,1787,informational,True,
whalesync.com,yc,saas,,https://www.whalesync.com/blog/how-flok-uses-no-code,https://web.archive.org/web/20220110133342/https://www.whalesync.com/blog/how-flok-uses-no-code,20220110133342,How Flok Uses No-Code,1450,case_study,False,genre
whalesync.com,yc,saas,,https://www.whalesync.com/blog/coda-vs-notion-the-ultimate-guide,https://web.archive.org/web/20220125120329/https://www.whalesync.com/blog/coda-vs-notion-the-ultimate-guide,20220125120329,Coda vs Notion - The Ultimate Guide,2789,,False,length
whalesync.com,yc,saas,,https://www.whalesync.com/blog/how-to-instantly-send-webflow-form-submissions-to-the-cms,https://web.archive.org/web/20220224213815/https://www.whalesync.com/blog/how-to-instantly-send-webflow-form-submissions-to-the-cms,20220224213815,How to (Instantly) Send Webflow Form Submissions to the CMS,400,,False,length
whalesync.com,yc,saas,,https://www.whalesync.com/blog/notion-dark-mode-how-to-enable,https://web.archive.org/web/20211216142515/https://www.whalesync.com/blog/notion-dark-mode-how-to-enable,20211216142515,Notion Dark Mode,66,,False,length
whalesync.com,yc,saas,,https://www.whalesync.com/blog/announcing-our-airtable-x-webflow-sync,https://web.archive.org/web/20220425144523/https://www.whalesync.com/blog/announcing-our-airtable-x-webflow-sync,20220425144523,,0,,False,fetch_or_extract
whalesync.com,yc,saas,,https://www.whalesync.com/blog/co-founder-dating-tips,https://web.archive.org/web/20220127133751/https://www.whalesync.com/blog/co-founder-dating-tips,20220127133751,,0,,False,fetch_or_extract
whalesync.com,yc,saas,,https://www.whalesync.com/blog/notion-databases-two-way-sync,https://web.archive.org/web/20220803010908/https://www.whalesync.com/blog/notion-databases-two-way-sync,20220803010908,,0,,False,fetch_or_extract
whalesync.com,yc,saas,,https://www.whalesync.com/blog/formula-field-support,https://web.archive.org/web/20220122094006/https://www.whalesync.com/blog/formula-field-support,20220122094006,,0,,False,fetch_or_extract
whalesync.com,yc,saas,,https://www.whalesync.com/blog/how-to-build-a-no-code-resource-list,https://web.archive.org/web/20220517064253/https://www.whalesync.com/blog/how-to-build-a-no-code-resource-list,20220517064253,,0,,False,fetch_or_extract
whalesync.com,yc,saas,,https://www.whalesync.com/blog/airtable-how-to-delete-a-vew,https://web.archive.org/web/20220127152507/https://www.whalesync.com/blog/airtable-how-to-delete-a-vew,20220127152507,,0,,False,fetch_or_extract
whalesync.com,yc,saas,,https://www.whalesync.com/blog/how-to-sync-notion-and-airtable-with-whalesync,https://web.archive.org/web/20220819143047/https://www.whalesync.com/blog/how-to-sync-notion-and-airtable-with-whalesync,20220819143047,,0,,False,fetch_or_extract
