domain,company,vertical,industry_raw,region,source,list_year
spinintech.com,Spin Up,services_other,Advertising,eu,ft1000_wayback:20220301043147,2022
evolutiongroup.digital,Evolution Adv,services_other,Advertising,eu,ft1000_wayback:20220301043147,2022
myappfree.com,MyAppFree,services_other,Advertising,eu,ft1000_wayback:20220301043147,2022
ysocorp.com,YSO CORP,services_other,Media,eu,ft1000_wayback:20220301043147,2022
nextory.com,Nextory,services_other,Media,eu,ft1000_wayback:20220301043147,2022
adpone.com,Adpone,services_other,Advertising,eu,ft1000_wayback:20220301043147,2022
amillionads.com,A Million Ads,services_other,Advertising,uk,ft1000_wayback:20220301043147,2022
instilla.it,Instilla,services_other,Advertising,eu,ft1000_wayback:20220301043147,2022
nationalpicnicweek.co.uk,Picnic,services_other,Advertising,uk,ft1000_wayback:20220301043147,2022
chefincamicia.com,Chef in Camicia,services_other,Advertising,eu,ft1000_wayback:20220301043147,2022
projectagora.com,Project Agora,services_other,Advertising,eu,ft1000_wayback:20220301043147,2022
bettertrust.com,BETTERTRUST,services_other,Advertising,eu,ft1000_wayback:20220301043147,2022
billiondollarboy.com,Billion Dollar Boy,services_other,Advertising,uk,ft1000_wayback:20220301043147,2022
digital-masters.de,Digital Masters,services_other,Advertising,eu,ft1000_wayback:20220301043147,2022
mubi.com,MUBI,services_other,Media,uk,ft1000_wayback:20220301043147,2022
samy.com,Samy Road,services_other,Advertising,eu,ft1000_wayback:20220301043147,2022
fillupmedia.fr,Fill Up Média,services_other,Media,eu,ft1000_wayback:20220301043147,2022
stardigitalgroup.com,S.T.A.R. Digital,services_other,Advertising,eu,ft1000_wayback:20220301043147,2022
obiz-concept.fr,Obiz,services_other,Media,eu,ft1000_wayback:20220301043147,2022
legimi.com,Legimi,services_other,Media,eu,ft1000_wayback:20220301043147,2022
audienceserv.com,Audience Serv,services_other,Advertising,eu,ft1000_wayback:20220301043147,2022
brandupgroup.com,BrandUp Group,services_other,Advertising,eu,ft1000_wayback:20220301043147,2022
mediaboard.com,Mediaboard,services_other,Media,eu,ft1000_wayback:20220301043147,2022
zanatta.de,ZANATTA media group,services_other,Advertising,eu,ft1000_wayback:20220301043147,2022
plugindigital.com,Plug In Digital,services_other,Media,eu,ft1000_wayback:20220301043147,2022
mgvision.com,MGvision,services_other,Advertising,eu,ft1000_wayback:20220301043147,2022
discoup.com,Discoup.com,services_other,Advertising,eu,ft1000_wayback:20220301043147,2022
gedankenburg.de,Gedankenburg,services_other,Advertising,eu,ft1000_wayback:20220301043147,2022
lgssportlab.com,LGS SportLab,services_other,Advertising,eu,ft1000_wayback:20220301043147,2022
brainpull.com,Brainpull,services_other,Advertising,eu,ft1000_wayback:20220301043147,2022
wiseband.com,Wiseband,services_other,Media,eu,ft1000_wayback:20220301043147,2022
invibes.com,Invibes Advertising,software_saas,Technology,eu,ft1000_wayback:20220301043147,2022
soldats.paris,SOLDATS FILMS,services_other,Media,eu,ft1000_wayback:20220301043147,2022
ogury.com,Ogury,services_other,Advertising,uk,ft1000_wayback:20220301043147,2022
89up.org,89up,services_other,Advertising,uk,ft1000_wayback:20220301043147,2022
whites.agency,Whites Agency,services_other,Advertising,eu,ft1000_wayback:20220301043147,2022
peoplegrapher.com,peoplegrapher,services_other,Advertising,eu,ft1000_wayback:20220301043147,2022
faktenkontor-group.de,Faktenkontor,services_other,Advertising,eu,ft1000_wayback:20220301043147,2022
bornlicensing.com,Born Licensing,services_other,Advertising,uk,ft1000_wayback:20210331132419,2021
foamballholdings.com,Foamball Holdings,services_other,Advertising,eu,ft1000_wayback:20210331132419,2021
visioniq.de,VisionIQ marketing & communication,services_other,Advertising,eu,ft1000_wayback:20210331132419,2021
adsmurai.com,Adsmurai,services_other,Advertising,eu,ft1000_wayback:20210331132419,2021
smarketer.co.uk,Smarketer,services_other,Advertising,eu,ft1000_wayback:20210331132419,2021
remerge.io,Remerge,services_other,Advertising,eu,ft1000_wayback:20210331132419,2021
al-one.it,Al-One,services_other,Media,eu,ft1000_wayback:20210331132419,2021
anniebonnie.com,Annie Bonnie,services_other,Advertising,eu,ft1000_wayback:20210331132419,2021
ready2fly.it,Ready 2 Fly,services_other,Advertising,eu,ft1000_wayback:20210331132419,2021
noonic.com,Noonic,services_other,Advertising,eu,ft1000_wayback:20210331132419,2021
onefiftyconsultancy.com,OneFifty Consultancy,services_other,Sales & Marketing,uk,ft1000_wayback:20210331132419,2021
pomilioblumm.eu,Pomilio Blumm,services_other,Advertising,eu,ft1000_wayback:20210331132419,2021
fattorialefonti.it,Le Fonti,services_other,Media,eu,ft1000_wayback:20210331132419,2021
agcapps.com,AG Consultancy & Apps,software_saas,Technology,uk,ft1000_wayback:20210331132419,2021
webmediarm.com,WebmediaRM,services_other,Media,eu,ft1000_wayback:20210331132419,2021
digitalmind.rs,Digitalmind,services_other,Advertising,eu,ft1000_wayback:20210331132419,2021
adquality.fr,Adquality,services_other,Advertising,eu,ft1000_wayback:20210331132419,2021
onceuponatime.agency,Once Upon A Time Global,services_other,Advertising,uk,ft1000_wayback:20210331132419,2021
liquisign.de,Liquisign OHG,services_other,Advertising,eu,ft1000_wayback:20210331132419,2021
smartbeautyconzept.de,Smart Beauty Conzept,services_other,Advertising,eu,ft1000_wayback:20210331132419,2021
eurosagency.eu,Euros Agency Group,services_other,Management Consulting,eu,ft1000_wayback:20210331132419,2021
aufgesang.de,Aufgesang,services_other,Advertising,eu,ft1000_wayback:20210331132419,2021
thecookiesfactory.com,Cookies Factory,services_other,Media,eu,ft1000_wayback:20210331132419,2021
webranking.agency,Webranking,services_other,Advertising,eu,ft1000_wayback:20210331132419,2021
digitalangels.com,Digital Angels,services_other,Advertising,eu,ft1000_wayback:20210331132419,2021
playground.it,Playground,services_other,Advertising,eu,ft1000_wayback:20210331132419,2021
marketsolutions.se,Market Solutions Sverige,services_other,Advertising,eu,ft1000_wayback:20210331132419,2021
magilla.company,Magilla,services_other,Advertising,eu,ft1000_wayback:20210331132419,2021
junglecreations.com,Jungle Creations,services_other,Media,uk,ft1000_wayback:20230425220624,2020
eskimoz.fr,Eskimoz,services_other,Media,eu,ft1000_wayback:20230425220624,2020
vidsy.co,Vidsy Media,services_other,Advertising,uk,ft1000_wayback:20230425220624,2020
theinsidersnet.com,Grapevine (The Insiders),services_other,Advertising,eu,ft1000_wayback:20230425220624,2020
viralize.com,Viralize,services_other,Advertising,eu,ft1000_wayback:20230425220624,2020
youlovewords.com,YouLoveWords,services_other,Media,eu,ft1000_wayback:20230425220624,2020
accenta.de,ACCENTA Music,services_other,Advertising,eu,ft1000_wayback:20230425220624,2020
weareelements.io,Elements Talent Consultancy,software_saas,Technology,uk,ft1000_wayback:20230425220624,2020
miyagieyewear.com,Miyagi,services_other,Advertising,eu,ft1000_wayback:20230425220624,2020
q.agency,Q Agency,software_saas,Technology,eu,ft1000_wayback:20230425220624,2020
lockwoodpublishing.com,Lockwood Publishing,software_saas,Games industry,uk,ft1000_wayback:20230425220624,2020
proficio.io,Proficio Marketing,services_other,Advertising,eu,ft1000_wayback:20230425220624,2020
reversemediagroup.com,Reverse Media Group,services_other,Media,uk,ft1000_wayback:20230425220624,2020
grabyo.com,Grabyo,services_other,Media,uk,ft1000_wayback:20230425220624,2020
buzzoole.com,Buzzoole,services_other,Media,eu,ft1000_wayback:20230425220624,2020
reech.com,Reech,services_other,Media,eu,ft1000_wayback:20230425220624,2020
newadventures.nl,New adVentures,services_other,Media,eu,ft1000_wayback:20230425220624,2020
holla.fi,Holla Online,services_other,Advertising,eu,ft1000_wayback:20230425220624,2020
synapsy.events,Synapsy,services_other,Advertising,eu,ft1000_wayback:20230425220624,2020
omniatechnologiesgroup.com,Omnia Group,services_other,Advertising,eu,ft1000_wayback:20230425220624,2020
readly.com,Readly International,services_other,Media,eu,ft1000_wayback:20230425220624,2020
dcmn.com,DCMN,services_other,Advertising,eu,ft1000_wayback:20230425220624,2020
willie-beamen.com,WILLIE BEAMEN,services_other,Media,eu,ft1000_wayback:20230425220624,2020
wma.agency,Weller Media Agency (WMA),services_other,Sales & Marketing,uk,ft1000_wayback:20230425220624,2020
caffeina.com,Caffeina,services_other,Advertising,eu,ft1000_wayback:20230425220624,2020
grupatense.pl,Grupa TENSE,services_other,Advertising,eu,ft1000_wayback:20230425220624,2020
sassijunior.com,Sassi Editore,services_other,Media,eu,ft1000_wayback:20230425220624,2020
clone-media.co.uk,Clone Media Technology,services_other,Sales & Marketing,uk,ft1000_wayback:20230425220624,2020
sealmedia.us,seal Media,software_saas,Technology,eu,ft1000_wayback:20230425220624,2020
capitalcomevents.com,Capitalcom Events,services_other,Media,eu,ft1000_wayback:20230425220624,2020
plimsollproductions.com,Plimsoll Productions,services_other,Media,uk,ft1000_wayback:20230425220624,2020
flexilivre.com,FlexiLivre,services_other,Media,eu,ft1000_wayback:20230425220624,2020
placetobemedia.com,Place to Be Media,services_other,Media,eu,ft1000_wayback:20230425220624,2020
vemacoop.com,Ve. Ma. Soc. Coop. Di Servizi,services_other,Advertising,eu,ft1000_wayback:20230425220624,2020
kerris.pl,KERRIS Group,services_other,Advertising,eu,ft1000_wayback:20230425220624,2020
sidn.es,Sistemas Informáticos de Negocio (SIDN),services_other,Advertising,eu,ft1000_wayback:20230425220624,2020
getitc.com,Agency Matrix,fintech_insurance,Insurance Agency Management,us,g2.com_wayback,2022
agencybloc.com,AgencyBloc,fintech_insurance,Insurance Agency Management,us,g2.com_wayback,2022
agencysmart.com,AgencySmart,fintech_insurance,Insurance Agency Management,,g2.com_wayback,2022
vertafore.com,AMS360,fintech_insurance,Insurance Agency Management,us,g2.com_wayback,2022
appliedsystems.com,Applied Epic,fintech_insurance,Insurance Agency Management,us,g2.com_wayback,2022
docusign.com,DocuSign,fintech_insurance,Insurance Agency Management,us,g2.com_wayback,2022
ezlynx.com,EZLynx,fintech_insurance,Insurance Agency Management,us,g2.com_wayback,2022
hawksoft.com,HawkSoft,fintech_insurance,Insurance Agency Management,us,g2.com_wayback,2022
dropbox.com,HelloSign,fintech_insurance,Insurance Agency Management,us,g2.com_wayback,2022
onespan.com,OneSpan Sign,fintech_insurance,Insurance Agency Management,us,g2.com_wayback,2022
esotech.com,TLDCRM,fintech_insurance,Insurance Agency Management,us,g2.com_wayback,2022
121corp.com,121 USA,services_other,"Advertising, Marketing & PR",us,inc.com_api_i5list,2019
1point21interactive.com,1Point21 Interactive,services_other,Advertising & Marketing,us,inc.com_api_i5list,2019
2a.consulting,2A Consulting,services_other,Advertising & Marketing,us,inc.com_api_i5list,2019
30lines.com,30 Lines,services_other,Advertising & Marketing,us,inc.com_api_i5list,2019
30point.com,30 Point Strategies,services_other,Advertising & Marketing,us,inc.com_api_i5list,2019
360wraps.com,360 Wraps,services_other,Advertising & Marketing,us,inc.com_api_i5list,2019
3bluemedia.com,3Blue Media,services_other,Advertising & Marketing,us,inc.com_api_i5list,2019
540.co,540.co,services_other,Government Services,us,inc.com_api_i5list,2019
5by5agency.com,5by5,services_other,Advertising & Marketing,us,inc.com_api_i5list,2019
829llc.com,829 Studios,services_other,Advertising & Marketing,us,inc.com_api_i5list,2019
90octane.com,90octane,services_other,Advertising & Marketing,us,inc.com_api_i5list,2019
919marketing.com,919 Marketing,services_other,Advertising & Marketing,us,inc.com_api_i5list,2019
97thfloor.com,97th Floor,services_other,Advertising & Marketing,us,inc.com_api_i5list,2019
a1cpartners.com,A1C Partners,services_other,Government Services,us,inc.com_api_i5list,2019
absoluteweb.com,Absolute Web,services_other,"Advertising, Marketing & PR",us,inc.com_api_i5list,2019
abstraktmg.com,Abstrakt Marketing Group,services_other,Advertising & Marketing,us,inc.com_api_i5list,2019
accesstca.com,Access TCA,services_other,Advertising & Marketing,us,inc.com_api_i5list,2019
activatems.com,Activate Marketing Services,services_other,Advertising & Marketing,us,inc.com_api_i5list,2019
actualtechmedia.com,Actual Tech Marketing,services_other,Advertising & Marketing,us,inc.com_api_i5list,2019
adcellerant.com,AdCellerant,services_other,"Advertising, Marketing & PR",us,inc.com_api_i5list,2019
addventures.com,(add)ventures,services_other,Advertising & Marketing,us,inc.com_api_i5list,2019
adeptusasi.com,Adeptus Solution,services_other,Government Services,us,inc.com_api_i5list,2019
adficient.com,AdFicient,services_other,Advertising & Marketing,us,inc.com_api_i5list,2019
adhoc.team,Ad Hoc,services_other,Government Services,us,inc.com_api_i5list,2019
adpearance.com,Adpearance,services_other,Advertising & Marketing,us,inc.com_api_i5list,2019
adresultsmedia.com,Ad Results Media,services_other,Advertising & Marketing,us,inc.com_api_i5list,2019
adtheorent.com,AdTheorent,services_other,Advertising & Marketing,us,inc.com_api_i5list,2019
advantagefamily.com,Advantage Media Group,services_other,Media,us,inc.com_api_i5list,2019
advertisepurple.com,Advertise Purple,services_other,Advertising & Marketing,us,inc.com_api_i5list,2019
advoc8.com,Advoc8,services_other,Advertising & Marketing,us,inc.com_api_i5list,2019
advproj.com,Advanced Project Consulting,services_other,Government Services,us,inc.com_api_i5list,2019
adwerx.com,Adwerx,services_other,Advertising & Marketing,us,inc.com_api_i5list,2019
aerodyneindustries.com,Aerodyne Industries,services_other,Government Services,us,inc.com_api_i5list,2019
aevex.com,AEVEX Aerospace,services_other,Government Services,us,inc.com_api_i5list,2019
agency672.com,AGENCY672,services_other,Advertising & Marketing,us,inc.com_api_i5list,2019
agencyea.com,Agency EA,services_other,Advertising & Marketing,us,inc.com_api_i5list,2019
agentelite.com,Agent Elite,services_other,Advertising & Marketing,us,inc.com_api_i5list,2019
aimyes.com,Automotive Internet Media,services_other,Advertising & Marketing,us,inc.com_api_i5list,2019
aldevra.com,Aldevra,services_other,Government Services,us,inc.com_api_i5list,2019
alightanalytics.com,Alight Analytics,services_other,Advertising & Marketing,us,inc.com_api_i5list,2019
alleghenyst.com,Allegheny Science & Technology,services_other,Government Services,us,inc.com_api_i5list,2019
allturna.com,Allturna,services_other,Advertising & Marketing,us,inc.com_api_i5list,2019
alphaomega.com,Alpha Omega,services_other,Government Services,us,inc.com_api_i5list,2019
altavistasp.com,AltaVista Strategic Partners,services_other,"Advertising, Marketing & PR",us,inc.com_api_i5list,2019
altitudemarketing.com,Altitude Marketing,services_other,"Advertising, Marketing & PR",us,inc.com_api_i5list,2019
ampliodigital.com,Amplio Digital,services_other,Advertising & Marketing,us,inc.com_api_i5list,2019
amsivedigital.com,Amsive Digital,services_other,Advertising & Marketing,us,inc.com_api_i5list,2019
anchorww.com,Anchor Worldwide,services_other,Advertising & Marketing,us,inc.com_api_i5list,2019
anchour.com,Anchour,services_other,"Advertising, Marketing & PR",us,inc.com_api_i5list,2019
apollointeractive.com,Apollo Interactive,services_other,Advertising & Marketing,us,inc.com_api_i5list,2019
applied-dev.com,Applied Development,services_other,Government Services,us,inc.com_api_i5list,2019
appliedtechnologyservices.com,Applied Technology Services,services_other,Government Services,us,inc.com_api_i5list,2019
appliedtrg.com,Applied Training Solutions,services_other,Government Services,us,inc.com_api_i5list,2019
appsflyer.com,AppsFlyer,services_other,Advertising & Marketing,us,inc.com_api_i5list,2019
apscentral.com,APS Marketing Group,services_other,Advertising & Marketing,us,inc.com_api_i5list,2019
arcalea.com,Arcalea,services_other,Advertising & Marketing,us,inc.com_api_i5list,2019
ardenteagle.com,Ardent Eagle Solutions,services_other,Government Services,us,inc.com_api_i5list,2019
armconsultingonline.com,ARM Consulting,services_other,Government Services,us,inc.com_api_i5list,2019
arslimited.com,ARServices,services_other,Government Services,us,inc.com_api_i5list,2019
artfulliving.com,Artful Living,services_other,Media,us,inc.com_api_i5list,2019
artisanmedia.com,Artisan Media Group,services_other,Advertising & Marketing,us,inc.com_api_i5list,2019
artlinconsulting.com,Artlin Consulting,services_other,Government Services,us,inc.com_api_i5list,2019
asec3.com,Advanced Strategic Enterprise Concepts 3,services_other,Government Services,us,inc.com_api_i5list,2019
assured-consulting.com,Assured Consulting Solutions,services_other,Government Services,us,inc.com_api_i5list,2019
atlasresearch.us,Atlas Research,services_other,Government Services,us,inc.com_api_i5list,2019
atlinc-ga.com,Advanced Technology Logistics,services_other,Government Services,us,inc.com_api_i5list,2019
audiencex.com,AUDIENCEX,services_other,Advertising & Marketing,us,inc.com_api_i5list,2019
avenuelink.com,Avenue Link,services_other,Advertising & Marketing,us,inc.com_api_i5list,2019
avian.com,AVIAN,services_other,Government Services,us,inc.com_api_i5list,2019
axiomstrategies.com,Axiom Strategies,services_other,"Advertising, Marketing & PR",us,inc.com_api_i5list,2019
azimuth-corp.com,Azimuth,services_other,Government Services,us,inc.com_api_i5list,2019
bahfed.com,BahFed,services_other,Government Services,us,inc.com_api_i5list,2019
barnallen.com,BarnAllen Technologies,services_other,Government Services,us,inc.com_api_i5list,2019
barone.net,Barone Consulting,services_other,Government Services,us,inc.com_api_i5list,2019
bcvsocial.com,BCV Social,services_other,Advertising & Marketing,us,inc.com_api_i5list,2019
bdg.com,BDG Media,services_other,Media,us,inc.com_api_i5list,2019
bdionline.com,Business Development Institute,services_other,Advertising & Marketing,us,inc.com_api_i5list,2019
beckershospitalreview.com,Becker's Healthcare,services_other,Media,us,inc.com_api_i5list,2019
bemarketing.com,beMarketing,services_other,Advertising & Marketing,us,inc.com_api_i5list,2019
bematrix.com,BeMatrix (USA),services_other,"Advertising, Marketing & PR",us,inc.com_api_i5list,2019
benchworks.com,Benchworks,services_other,Advertising & Marketing,us,inc.com_api_i5list,2019
bengroup.com,BEN,services_other,Advertising & Marketing,us,inc.com_api_i5list,2019
besocialpr.com,Be Social,services_other,Advertising & Marketing,us,inc.com_api_i5list,2019
bespokesportsmarketing.com,Bespoke Sports & Entertainment,services_other,"Advertising, Marketing & PR",us,inc.com_api_i5list,2019
bgs-llc.com,Boston Government Services,services_other,Government Services,us,inc.com_api_i5list,2019
bidwise.com,Bidwise,services_other,Advertising & Marketing,us,inc.com_api_i5list,2019
bigleap.com,Big Leap,services_other,Advertising & Marketing,us,inc.com_api_i5list,2019
bigoutdoor.com,Big Outdoor,services_other,Advertising & Marketing,us,inc.com_api_i5list,2019
billygeneismarketing.com,Billy Gene Is Marketing,services_other,Advertising & Marketing,us,inc.com_api_i5list,2019
biziq.com,BizIQ,services_other,Advertising & Marketing,us,inc.com_api_i5list,2019
bizstream.com,BizStream,services_other,Advertising & Marketing,us,inc.com_api_i5list,2019
bizzellcorp.com,Bizzell Corporation,services_other,Government Services,us,inc.com_api_i5list,2019
blastanalytics.com,Blast Analytics & Marketing,services_other,Advertising & Marketing,us,inc.com_api_i5list,2019
blueairtraining.com,Blue Air Training,services_other,Government Services,us,inc.com_api_i5list,2019
bluecorona.com,Blue Corona,services_other,Advertising & Marketing,us,inc.com_api_i5list,2019
bluedoorconsulting.com,Blue Door Consulting,services_other,"Advertising, Marketing & PR",us,inc.com_api_i5list,2019
bluefireleads.com,Blue Fire Leads,services_other,Advertising & Marketing,us,inc.com_api_i5list,2019
bluewater.tv,Bluewater Media,services_other,"Advertising, Marketing & PR",us,inc.com_api_i5list,2019
bluewheelmedia.com,Blue Wheel Media,services_other,Advertising & Marketing,us,inc.com_api_i5list,2019
bombora.com,Bombora,services_other,Advertising & Marketing,us,inc.com_api_i5list,2019
boomerangdm.com,Boomerang DM,services_other,Advertising & Marketing,us,inc.com_api_i5list,2019
bottlerocketmedia.net,Bottle Rocket Media,services_other,Advertising & Marketing,us,inc.com_api_i5list,2019
bowstring.tv,Aurora Imaging Company,services_other,Media,us,inc.com_api_i5list,2019
bpdadvertising.com,Brown Parker & DeMarinis Advertising,services_other,Advertising & Marketing,us,inc.com_api_i5list,2019
bpobpo.com,BPO USA,services_other,Advertising & Marketing,us,inc.com_api_i5list,2019
brandbureau.com,Brand Bureau,services_other,Advertising & Marketing,us,inc.com_api_i5list,2019
branding-proforma.com,The Branding Agency Powered by Proforma,services_other,Business Products & Services,us,inc.com_api_i5list,2019
brandito.net,Brandito,services_other,"Advertising, Marketing & PR",us,inc.com_api_i5list,2019
braunagency.com,The Braun Agency,fintech_insurance,Insurance,us,inc.com_api_i5list,2019
brc2.com,Bevilacqua Research Corporation,services_other,Government Services,us,inc.com_api_i5list,2019
brightideas.co,Maverick Media Ventures,services_other,Business Products & Services,us,inc.com_api_i5list,2019
brilliantink.com,Brilliant Ink,services_other,Advertising & Marketing,us,inc.com_api_i5list,2019
brillient.net,Brillient Corporation,services_other,Government Services,us,inc.com_api_i5list,2019
brillmedia.co,Brill Media,services_other,Advertising & Marketing,us,inc.com_api_i5list,2019
brink.com,Brink,services_other,Advertising & Marketing,us,inc.com_api_i5list,2019
broadleaf-inc.com,Broadleaf,services_other,Government Services,us,inc.com_api_i5list,2019
bullseyestrategy.com,Bullseye Strategy,services_other,Advertising & Marketing,us,inc.com_api_i5list,2019
burgosgroup.com,Burgos Group,services_other,Government Services,us,inc.com_api_i5list,2019
bydash.com,StoreBound,services_other,Advertising & Marketing,us,inc.com_api_i5list,2019
calibercorporate.com,Caliber Corporate Advisers,services_other,Advertising & Marketing,us,inc.com_api_i5list,2019
cambriasolutions.com,Cambria Solutions,services_other,Government Services,us,inc.com_api_i5list,2019
canalecomm.com,Canale Communications,services_other,Media,us,inc.com_api_i5list,2019
candrpr.com,C&R PR,services_other,"Advertising, Marketing & PR",us,inc.com_api_i5list,2019
capitaledgeconsulting.com,Capital Edge Consulting,services_other,Government Services,us,inc.com_api_i5list,2019
carahsoft.com,Carahsoft Technology,services_other,Government Services,us,inc.com_api_i5list,2019
cardata.us,CarData,services_other,Advertising & Marketing,us,inc.com_api_i5list,2019
ccgideas.com,Cummings Creative Group,services_other,Advertising & Marketing,us,inc.com_api_i5list,2019
cetechs.net,Cetechs,services_other,Government Services,us,inc.com_api_i5list,2019
cevansconsulting.com,C Evans Consulting,services_other,Government Services,us,inc.com_api_i5list,2019
cfolinternational.com,CFOL International,services_other,Government Services,us,inc.com_api_i5list,2019
chackamarketing.com,Chacka Marketing,services_other,Advertising & Marketing,us,inc.com_api_i5list,2019
chair10marketing.com,Chair 10 Marketing,services_other,Advertising & Marketing,us,inc.com_api_i5list,2019
chandratech.com,Chandra Technologies,services_other,Government Services,us,inc.com_api_i5list,2019
changeis.com,Changeis,services_other,Government Services,us,inc.com_api_i5list,2019
changemediagroup.com,Change Media Group,services_other,Advertising & Marketing,us,inc.com_api_i5list,2019
chloeta.com,Chloeta,services_other,Government Services,us,inc.com_api_i5list,2019
choosesds.com,Strategic Digital Services,services_other,Advertising & Marketing,us,inc.com_api_i5list,2019
choozle.com,Choozle,services_other,Advertising & Marketing,us,inc.com_api_i5list,2019
ciconix.com,CICONIX,services_other,Government Services,us,inc.com_api_i5list,2019
cintel-inc.com,Cintel,services_other,Government Services,us,inc.com_api_i5list,2019
circaedu.com,Circa Interactive,services_other,Advertising & Marketing,us,inc.com_api_i5list,2019
citylifestyle.com,City Lifestyle,services_other,"Media, Arts & Entertainment",us,inc.com_api_i5list,2019
civicplus.com,CivicPlus,services_other,Government Services,us,inc.com_api_i5list,2019
clientcommand.com,Client Command,services_other,Advertising & Marketing,us,inc.com_api_i5list,2019
clinicalmind.com,ClinicalMind,services_other,Advertising & Marketing,us,inc.com_api_i5list,2019
clutch.co,Clutch,services_other,"Advertising, Marketing & PR",us,inc.com_api_i5list,2019
cmredge.com,Creative Marketing Resources,services_other,Advertising & Marketing,us,inc.com_api_i5list,2019
cmtservicesinc.com,CMT Services,services_other,Government Services,us,inc.com_api_i5list,2019
cogent-2000.com,Cogent Solutions,services_other,Government Services,us,inc.com_api_i5list,2019
collabralink.com,CollabraLink Technologies,services_other,Government Services,us,inc.com_api_i5list,2019
collectivemeasures.com,Collective Measures,services_other,Advertising & Marketing,us,inc.com_api_i5list,2019
collegehunkshaulingjunk.com,College Hunks Hauling Junk and Moving Philadelphia,ecommerce_retail,Consumer Products,us,inc.com_api_i5list,2019
commcreative.com,CommCreative,services_other,Advertising & Marketing,us,inc.com_api_i5list,2019
commonthreadco.com,Common Thread Collective,services_other,Advertising & Marketing,us,inc.com_api_i5list,2019
concoursefederal.com,Concourse Federal Group,services_other,Government Services,us,inc.com_api_i5list,2019
connect.media,Connect Group Media,services_other,Media,us,inc.com_api_i5list,2019
consolidus.com,Consolidus,services_other,"Advertising, Marketing & PR",us,inc.com_api_i5list,2019
consumeracquisition.com,ConsumerAcquisition.com,services_other,Advertising & Marketing,us,inc.com_api_i5list,2019
consumeraffairs.com,ConsumerAffairs,services_other,Media,us,inc.com_api_i5list,2019
contractsolutions-inc.com,Contract Solutions,services_other,Government Services,us,inc.com_api_i5list,2019
convergeconsulting.org,Converge Consulting,services_other,Advertising & Marketing,us,inc.com_api_i5list,2019
conversionlogix.com,Conversion Logix,services_other,Advertising & Marketing,us,inc.com_api_i5list,2019
convertitmarketing.com,Convert IT Marketing,services_other,Advertising & Marketing,us,inc.com_api_i5list,2019
converzemedia.com,Converze Media Group,services_other,Advertising & Marketing,us,inc.com_api_i5list,2019
corefact.com,Corefact,services_other,Advertising & Marketing,us,inc.com_api_i5list,2019
corneralliance.com,Corner Alliance,services_other,Government Services,us,inc.com_api_i5list,2019
cortinasolutions.com,Cortina Solutions,services_other,Government Services,us,inc.com_api_i5list,2019
cosolutions.com,CoSolutions,services_other,Government Services,us,inc.com_api_i5list,2019
couponcause.com,CouponCause.com,services_other,Advertising & Marketing,us,inc.com_api_i5list,2019
cppgs.com,Clason Point Partners,services_other,Government Services,us,inc.com_api_i5list,2019
crctoday.com,"Clear Resolution Consulting, (CRC)",services_other,Government Services,us,inc.com_api_i5list,2019
creativestatex.com,Creative State Marketing,services_other,Advertising & Marketing,us,inc.com_api_i5list,2019
creativestudiopromo.com,Creative Studio Promotions,services_other,Advertising & Marketing,us,inc.com_api_i5list,2019
creativesyscon.com,Creative Systems and Consulting,services_other,Government Services,us,inc.com_api_i5list,2019
credence-llc.com,Credence Management Solutions,services_other,Government Services,us,inc.com_api_i5list,2019
crisp.co,Crisp,services_other,Advertising & Marketing,us,inc.com_api_i5list,2019
crisp.marketing,Crisp Marketing,services_other,Advertising & Marketing,us,inc.com_api_i5list,2019
criterion-sys.com,Criterion Systems,services_other,Government Services,us,inc.com_api_i5list,2019
csquaredsocial.com,C Squared Social,services_other,"Advertising, Marketing & PR",us,inc.com_api_i5list,2019
culmen.com,Culmen International,services_other,Government Services,us,inc.com_api_i5list,2019
culpritcreative.com,Culprit Creative,services_other,Advertising & Marketing,us,inc.com_api_i5list,2019
curlkit.com,Curlkit,services_other,Advertising & Marketing,us,inc.com_api_i5list,2019
dagger.agency,Dagger,services_other,Advertising & Marketing,us,inc.com_api_i5list,2019
darkbladesystems.com,Darkblade Systems Corporation,services_other,Government Services,us,inc.com_api_i5list,2019
dataclover.com,DataClover,services_other,Advertising & Marketing,us,inc.com_api_i5list,2019
davenporttheatrical.com,Davenport Theatrical Enterprises,services_other,Media,us,inc.com_api_i5list,2019
dciny.org,Dciny,services_other,Media,us,inc.com_api_i5list,2019
decisionpointcorp.com,DecisionPoint Corporation,services_other,Government Services,us,inc.com_api_i5list,2019
decodeadvertising.com,Decode Digital Marketing,services_other,Advertising & Marketing,us,inc.com_api_i5list,2019
degdigital.com,DEG,services_other,Advertising & Marketing,us,inc.com_api_i5list,2019
deltasands.com,Delta Solutions & Strategies,services_other,Government Services,us,inc.com_api_i5list,2019
dentalqore.com,DentalQore,services_other,Advertising & Marketing,us,inc.com_api_i5list,2019
designextensions.com,Design Extensions,services_other,Advertising & Marketing,us,inc.com_api_i5list,2019
digitalbrew.com,Digital Brew,services_other,Advertising & Marketing,us,inc.com_api_i5list,2019
digitaledge.marketing,Digital Edge,services_other,Advertising & Marketing,us,inc.com_api_i5list,2019
digitalhyve.com,Digital Hyve,services_other,Advertising & Marketing,us,inc.com_api_i5list,2019
digitalmediasolutions.com,Digital Media Solutions,services_other,Media,us,inc.com_api_i5list,2019
digitalpi.com,Digital Pi,services_other,Advertising & Marketing,us,inc.com_api_i5list,2019
digitalrelativity.com,Digital Relativity,services_other,"Advertising, Marketing & PR",us,inc.com_api_i5list,2019
digitalspec.net,DIGITALSPEC,services_other,Government Services,us,inc.com_api_i5list,2019
dignari.com,Dignari,services_other,Government Services,us,inc.com_api_i5list,2019
directiveconsulting.com,Directive Consulting,services_other,Advertising & Marketing,us,inc.com_api_i5list,2019
disruptiveadvertising.com,Disruptive Advertising,services_other,Advertising & Marketing,us,inc.com_api_i5list,2019
divisiond.com,iii-interactive,services_other,Advertising & Marketing,us,inc.com_api_i5list,2019
doublealabs.com,Double A Labs,services_other,Advertising & Marketing,us,inc.com_api_i5list,2019
drakenintl.com,Draken International,services_other,Government Services,us,inc.com_api_i5list,2019
dreamlocal.com,Dream Local Digital,services_other,Advertising & Marketing,us,inc.com_api_i5list,2019
drivesocialnow.com,Drive Social Media,services_other,Advertising & Marketing,us,inc.com_api_i5list,2019
drivinglocalleads.com,Local Web Leads,services_other,"Advertising, Marketing & PR",us,inc.com_api_i5list,2019
drtstrategies.com,DRT Strategies,services_other,Government Services,us,inc.com_api_i5list,2019
dryprosystems.com,Dry Pro Foundation and Crawlspace Specialists,services_other,Construction,us,inc.com_api_i5list,2019
dsra.com,Decision Sciences Research Associates,services_other,Advertising & Marketing,us,inc.com_api_i5list,2019
dynamotechnologies.com,Dynamo Technologies,services_other,Government Services,us,inc.com_api_i5list,2019
dystech.com,Dynamic Systems Technology,services_other,Government Services,us,inc.com_api_i5list,2019
eandmtech.com,E&M Technologies,services_other,Government Services,us,inc.com_api_i5list,2019
ebq.com,EBQ,services_other,Advertising & Marketing,us,inc.com_api_i5list,2019
edgewaterit.com,Edgewater Federal Solutions,services_other,IT Services,us,inc.com_api_i5list,2019
eesagency.com,EES Agency,services_other,"Advertising, Marketing & PR",us,inc.com_api_i5list,2019
eetech.com,EETech Media,services_other,Media,us,inc.com_api_i5list,2019
effcreative.com,Eff Creative Group,services_other,Advertising & Marketing,us,inc.com_api_i5list,2019
effectivespend.com,Effective Spend,services_other,Advertising & Marketing,us,inc.com_api_i5list,2019
eidecom.com,EideCom,services_other,"Media, Arts & Entertainment",us,inc.com_api_i5list,2019
eightohtwo.com,Eight Oh Two Marketing,services_other,Advertising & Marketing,us,inc.com_api_i5list,2019
electrosoft-inc.com,Electrosoft Services,services_other,Government Services,us,inc.com_api_i5list,2019
elementthree.com,Element Three,services_other,Advertising & Marketing,us,inc.com_api_i5list,2019
energyearth.com,EnergyEarth,services_other,Advertising & Marketing,us,inc.com_api_i5list,2019
engeniusmicro.com,EngeniusMicro,services_other,Government Services,us,inc.com_api_i5list,2019
enhancedvets.com,Enhanced Veterans Solutions,services_other,Government Services,us,inc.com_api_i5list,2019
enseo.com,Enseo,services_other,Media,us,inc.com_api_i5list,2019
evokad.com,Evok Advertising,services_other,Advertising & Marketing,us,inc.com_api_i5list,2019
evolvemkd.com,EvolveMKD,services_other,Advertising & Marketing,us,inc.com_api_i5list,2019
exactdata.com,Exact Data,services_other,Advertising & Marketing,us,inc.com_api_i5list,2019
excelicon.com,Blueprint Consulting Services,services_other,Government Services,us,inc.com_api_i5list,2019
excelimpact.com,Excel Impact,services_other,Advertising & Marketing,us,inc.com_api_i5list,2019
exclusiveconcepts.com,Exclusive Concepts,services_other,Advertising & Marketing,us,inc.com_api_i5list,2019
exhibitus.com,Exhibitus,services_other,"Advertising, Marketing & PR",us,inc.com_api_i5list,2019
expr.net,Expression Networks,services_other,Government Services,us,inc.com_api_i5list,2019
exptechinc.com,Expedition Technology,services_other,Government Services,us,inc.com_api_i5list,2019
factorialdigital.com,Factorial Digital,services_other,Advertising & Marketing,us,inc.com_api_i5list,2019
fathom4.com,Fathom 4,services_other,Government Services,us,inc.com_api_i5list,2019
fed-strat.com,Federal Strategies,services_other,Government Services,us,inc.com_api_i5list,2019
fedbizit.com,FedBiz IT Solutions,services_other,Government Services,us,inc.com_api_i5list,2019
federalconference.com,FederalConference.com,services_other,Business Products & Services,us,inc.com_api_i5list,2019
feedonomics.com,Feedonomics,services_other,Advertising & Marketing,us,inc.com_api_i5list,2019
felixmediasolutions.com,Felix Media Solutions,services_other,Media,us,inc.com_api_i5list,2019
feuryimagegroup.com,Feury Image Group,services_other,Advertising & Marketing,us,inc.com_api_i5list,2019
fidelitypartners.org,Fidelity PartnersMedical Staffing,services_other,Government Services,us,inc.com_api_i5list,2019
figagency.com,FIG Agency,services_other,Advertising & Marketing,us,inc.com_api_i5list,2019
filagroup.com,The Fila Group,services_other,Government Services,us,inc.com_api_i5list,2019
findyourquirk.com,Quirk Creative,services_other,Advertising & Marketing,us,inc.com_api_i5list,2019
fingerpaint.com,Fingerpaint,services_other,Advertising & Marketing,us,inc.com_api_i5list,2019
firebirdast.com,Firebird Analytical Solutions & Technologies,services_other,Government Services,us,inc.com_api_i5list,2019
fitsmallbusiness.com,Marc Waring Ventures,services_other,Advertising & Marketing,us,inc.com_api_i5list,2019
fitt-sci.net,FITT Scientific,services_other,Government Services,us,inc.com_api_i5list,2019
flexisales.com,Flexisales,services_other,Advertising & Marketing,us,inc.com_api_i5list,2019
flywheelbrands.com,Flywheel Brands,services_other,Advertising & Marketing,us,inc.com_api_i5list,2019
forcemktg.com,Force Marketing,services_other,Advertising & Marketing,us,inc.com_api_i5list,2019
forsmarsh.com,Fors Marsh,services_other,Advertising & Marketing,us,inc.com_api_i5list,2019
forthea.com,Forthea.,services_other,Advertising & Marketing,us,inc.com_api_i5list,2019
fountainheadme.com,FountainheadME,services_other,Advertising & Marketing,us,inc.com_api_i5list,2019
foxdealer.com,Fox Dealer,services_other,Advertising & Marketing,us,inc.com_api_i5list,2019
frac.tl,Fractl,services_other,Advertising & Marketing,us,inc.com_api_i5list,2019
franklinmediabooks.com,Franklin Media,ecommerce_retail,Retail,us,inc.com_api_i5list,2019
freedomis.com,Freedom Information Systems,services_other,Government Services,us,inc.com_api_i5list,2019
freestar.com,Freestar,services_other,"Advertising, Marketing & PR",us,inc.com_api_i5list,2019
g2scorp.com,G2S,services_other,Government Services,us,inc.com_api_i5list,2019
garagechamps.com,Garage Champs,services_other,Advertising & Marketing,us,inc.com_api_i5list,2019
geistm.com,GeistM,services_other,Advertising & Marketing,us,inc.com_api_i5list,2019
geminitechservices.com,Gemini Tech Services,services_other,Government Services,us,inc.com_api_i5list,2019
gen3marketing.com,Gen3 Marketing,services_other,Advertising & Marketing,us,inc.com_api_i5list,2019
generationiron.com,Generation Iron Brands,services_other,Media,us,inc.com_api_i5list,2019
gentechassociates.com,GenTech Associates,services_other,Government Services,us,inc.com_api_i5list,2019
geocent.com,Geocent,services_other,Government Services,us,inc.com_api_i5list,2019
geoowl.com,Geo Owl,services_other,Government Services,us,inc.com_api_i5list,2019
getcrs.com,Competitive Range Solutions,services_other,Government Services,us,inc.com_api_i5list,2019
gillearddentalmarketing.com,Gilleard Dental Marketing,services_other,Advertising & Marketing,us,inc.com_api_i5list,2019
globotech.com,Globotech USA Corporation,services_other,Advertising & Marketing,us,inc.com_api_i5list,2019
gmpgov.com,Government Marketing & Procurement,services_other,Government Services,us,inc.com_api_i5list,2019
gobellmedia.com,Bell Media,services_other,Advertising & Marketing,us,inc.com_api_i5list,2019
gofishdigital.com,Go Fish Digital,services_other,Advertising & Marketing,us,inc.com_api_i5list,2019
goodzer.com,Goodzer,services_other,Advertising & Marketing,us,inc.com_api_i5list,2019
goprecise.com,Precise Systems,services_other,Government Services,us,inc.com_api_i5list,2019
gorockland.com,Rockland Insurance Agency,fintech_insurance,Insurance,us,inc.com_api_i5list,2019
gosweetscience.com,SweetScience Marketing,services_other,Advertising & Marketing,us,inc.com_api_i5list,2019
governmentcio.com,GovernmentCIO,services_other,Government Services,us,inc.com_api_i5list,2019
grayboxpdx.com,GRAYBOX,services_other,Advertising & Marketing,us,inc.com_api_i5list,2019
greatdentalwebsites.com,Great Dental Websites,services_other,Advertising & Marketing,us,inc.com_api_i5list,2019
greenbananaseo.com,GreenBanana SEO,services_other,Advertising & Marketing,us,inc.com_api_i5list,2019
greenthreadsllc.com,Green Threads,services_other,Government Services,us,inc.com_api_i5list,2019
grizly.com,Amicus Enterprises,services_other,Media,us,inc.com_api_i5list,2019
grsi.com,Grove Resource Solutions (GRSi),services_other,Government Services,us,inc.com_api_i5list,2019
hanapinmarketing.com,Hanapin Marketing,services_other,Advertising & Marketing,us,inc.com_api_i5list,2019
happycog.com,Happy Cog,services_other,Advertising & Marketing,us,inc.com_api_i5list,2019
harmonicsconsulting.com,Harmonics Consulting,services_other,Government Services,us,inc.com_api_i5list,2019
harperandscott.com,Harper+Scott,services_other,Advertising & Marketing,us,inc.com_api_i5list,2019
hawkemedia.com,Hawke Media,services_other,"Advertising, Marketing & PR",us,inc.com_api_i5list,2019
healthandcommerce.com,Health and Commerce,services_other,Advertising & Marketing,us,inc.com_api_i5list,2019
hecofa.com,Heavy Equipment Colleges of America,edtech,Education,us,inc.com_api_i5list,2019
helloapplied.com,Applied Design,services_other,Advertising & Marketing,us,inc.com_api_i5list,2019
hennessey.com,Hennessey Group,services_other,"Advertising, Marketing & PR",us,inc.com_api_i5list,2019
herodigital.com,Hero Digital,services_other,Advertising & Marketing,us,inc.com_api_i5list,2019
highlevelmarketing.com,High Level Marketing,services_other,Advertising & Marketing,us,inc.com_api_i5list,2019
highwirepr.com,Highwire,services_other,Advertising & Marketing,us,inc.com_api_i5list,2019
hmtassociates.com,HMT Associates,services_other,Advertising & Marketing,us,inc.com_api_i5list,2019
howfunworks.com,Funworks,services_other,Advertising & Marketing,us,inc.com_api_i5list,2019
hyperquake.com,Hyperquake,services_other,Advertising & Marketing,us,inc.com_api_i5list,2019
i3-corps.com,Integration Innovation,services_other,Government Services,us,inc.com_api_i5list,2019
ibexexperts.com,IBEX IT Business Experts,services_other,Government Services,us,inc.com_api_i5list,2019
icsfederal.com,InfiniSource Consulting Solutions,services_other,Government Services,us,inc.com_api_i5list,2019
idsinternational.com,IDS International Group,services_other,Government Services,us,inc.com_api_i5list,2019
ignitevisibility.com,Ignite Visibility,services_other,Advertising & Marketing,us,inc.com_api_i5list,2019
ilumaagency.com,iluma Agency,services_other,Advertising & Marketing,us,inc.com_api_i5list,2019
imageworksllc.com,ImageWorks,services_other,Advertising & Marketing,us,inc.com_api_i5list,2019
imaginuity.com,ImaginuityÂ®,services_other,Advertising & Marketing,us,inc.com_api_i5list,2019
imarketsolutions.com,iMarket Solutions,services_other,Advertising & Marketing,us,inc.com_api_i5list,2019
immersionactive.com,Immersion Active,services_other,Advertising & Marketing,us,inc.com_api_i5list,2019
impactplus.com,IMPACT branding design,services_other,Advertising & Marketing,us,inc.com_api_i5list,2019
inboundprospect.com,InboundProspect,services_other,Advertising & Marketing,us,inc.com_api_i5list,2019
incomestore.com,Income Store,services_other,Advertising & Marketing,us,inc.com_api_i5list,2019
indev.com,Indev,services_other,Government Services,us,inc.com_api_i5list,2019
index-analytics.com,Index Analytics,services_other,Government Services,us,inc.com_api_i5list,2019
indexexchange.com,Index Exchange,services_other,Advertising & Marketing,us,inc.com_api_i5list,2019
industrydive.com,Industry Dive,services_other,Media,us,inc.com_api_i5list,2019
infillion.com,Infillion,services_other,Advertising & Marketing,us,inc.com_api_i5list,2019
infinitewindows.com,INFINITE WINDOWS,services_other,Advertising & Marketing,us,inc.com_api_i5list,2019
inflow-ns.com,Inflowlogistics,services_other,Government Services,us,inc.com_api_i5list,2019
influenceandco.com,Influence & Co.,services_other,Advertising & Marketing,us,inc.com_api_i5list,2019
infusemedia.com,INFUSEmedia,services_other,Advertising & Marketing,us,inc.com_api_i5list,2019
inseev.com,Inseev Interactive,services_other,Advertising & Marketing,us,inc.com_api_i5list,2019
insideunmanned.com,Autonomous Media,services_other,Media,us,inc.com_api_i5list,2019
insideventures.com,Inside Ventures,services_other,Advertising & Marketing,us,inc.com_api_i5list,2019
insightresourcegroup.com,Insight Resource Group,services_other,Advertising & Marketing,us,inc.com_api_i5list,2019
insighttsi.com,Insight Technology Solutions,services_other,Government Services,us,inc.com_api_i5list,2019
inspiramarketing.com,Inspira Marketing Group,services_other,Advertising & Marketing,us,inc.com_api_i5list,2019
instoreexperience.com,ISE - Design Center Division,services_other,Advertising & Marketing,us,inc.com_api_i5list,2019
intellibridge.us,IntelliBridge,services_other,Government Services,us,inc.com_api_i5list,2019
intelliwaresystems.com,IntelliWare,services_other,Government Services,us,inc.com_api_i5list,2019
intuceo.com,ICUBE CONSULTANCY SERVICES,services_other,IT Services,us,inc.com_api_i5list,2019
invictusic.com,Invictus International Consulting,services_other,Government Services,us,inc.com_api_i5list,2019
ionexhibits.com,Ion Exhibits,services_other,Advertising & Marketing,us,inc.com_api_i5list,2019
iqm.com,IQM,services_other,Advertising & Marketing,us,inc.com_api_i5list,2019
iquanti.com,iQuanti,services_other,Advertising & Marketing,us,inc.com_api_i5list,2019
ironmountainsolutions.com,IronMountain Solutions,services_other,Government Services,us,inc.com_api_i5list,2019
isiwdc.com,ISI Professional Services,services_other,Government Services,us,inc.com_api_i5list,2019
isncorp.com,Information Systems & Networks Corporation,services_other,Government Services,us,inc.com_api_i5list,2019
ita-intl.com,ITA International,services_other,Government Services,us,inc.com_api_i5list,2019
itility.com,ITility,services_other,Government Services,us,inc.com_api_i5list,2019
itpfed.com,IT Partners,services_other,Government Services,us,inc.com_api_i5list,2019
itveterans.com,IT Veterans,services_other,Government Services,us,inc.com_api_i5list,2019
jacobsonstrategic.com,Jacobson Strategic Communications,services_other,Advertising & Marketing,us,inc.com_api_i5list,2019
januarydigital.com,January Digital,services_other,"Advertising, Marketing & PR",us,inc.com_api_i5list,2019
javelindc.com,Javelin Group,services_other,Media,us,inc.com_api_i5list,2019
jdaworldwide.com,Joseph David Advertising,services_other,"Advertising, Marketing & PR",us,inc.com_api_i5list,2019
jewelbranding.com,Jewel Branding & Licensing,services_other,Advertising & Marketing,us,inc.com_api_i5list,2019
jnsnext.com,JNS Media Specialists,services_other,Advertising & Marketing,us,inc.com_api_i5list,2019
jones.pr,Jones Public Relations,services_other,Advertising & Marketing,us,inc.com_api_i5list,2019
jplcreative.com,JPL,services_other,Advertising & Marketing,us,inc.com_api_i5list,2019
jsltechinc.com,JSL Technologies,services_other,Government Services,us,inc.com_api_i5list,2019
kahnmedia.com,Kahn Media,services_other,"Advertising, Marketing & PR",us,inc.com_api_i5list,2019
keono.com,keono,services_other,Advertising & Marketing,us,inc.com_api_i5list,2019
killervisualstrategies.com,Killer Visual Strategies,services_other,Advertising & Marketing,us,inc.com_api_i5list,2019
knewsales.com,Knewsales Group,services_other,Advertising & Marketing,us,inc.com_api_i5list,2019
knightfederal.com,Knight Federal Solutions,services_other,IT Services,us,inc.com_api_i5list,2019
kobie.com,Kobie Marketing,services_other,Advertising & Marketing,us,inc.com_api_i5list,2019
kochinc.com,Koch & Koch,services_other,Government Services,us,inc.com_api_i5list,2019
kopismobile.com,Kopis Mobile,services_other,Government Services,us,inc.com_api_i5list,2019
kordtechnologies.com,Kord Technologies,services_other,Government Services,us,inc.com_api_i5list,2019
kortx.io,KORTX,services_other,Advertising & Marketing,us,inc.com_api_i5list,2019
kyzencs.com,Kyzen Consulting Services,services_other,Government Services,us,inc.com_api_i5list,2019
l2defense.com,L2 Defense,services_other,Government Services,us,inc.com_api_i5list,2019
leadid.net,Lead id,services_other,Advertising & Marketing,us,inc.com_api_i5list,2019
leadsnearby.com,Local Loyalty Marketing Solutions NC,services_other,Advertising & Marketing,us,inc.com_api_i5list,2019
lemonlight.com,Lemonlight,services_other,"Advertising, Marketing & PR",us,inc.com_api_i5list,2019
lentechinc.com,Lentech,services_other,Government Services,us,inc.com_api_i5list,2019
letsmakealead.com,Let's Make A Lead - Adopt A Contractor,services_other,Advertising & Marketing,us,inc.com_api_i5list,2019
levitatevideo.com,Levitate Video,services_other,Advertising & Marketing,us,inc.com_api_i5list,2019
lifedaily.com,Kaizen Media Group,services_other,Advertising & Marketing,us,inc.com_api_i5list,2019
limitedrungames.com,Limited Run Games,services_other,Media,us,inc.com_api_i5list,2019
lindmarkoutdoormedia.com,Lindmark Outdoor Media,services_other,Advertising & Marketing,us,inc.com_api_i5list,2019
linkedselling.com,LinkedSelling,services_other,Advertising & Marketing,us,inc.com_api_i5list,2019
linkedstrategies.com,The Linked Strategies Group,services_other,Advertising & Marketing,us,inc.com_api_i5list,2019
linksp.com,LINK Strategic Partners,services_other,Advertising & Marketing,us,inc.com_api_i5list,2019
listengage.com,ListEngage,services_other,Advertising & Marketing,us,inc.com_api_i5list,2019
lmgresults.com,Lunne Marketing Group (LMG),services_other,Advertising & Marketing,us,inc.com_api_i5list,2019
lmsg.co,Local Marketing Solutions Group,services_other,Advertising & Marketing,us,inc.com_api_i5list,2019
logicalmediagroup.com,Logical SEO,services_other,Advertising & Marketing,us,inc.com_api_i5list,2019
logicalposition.com,Logical Position,services_other,Advertising & Marketing,us,inc.com_api_i5list,2019
lsinc.com,LSINC,services_other,Government Services,us,inc.com_api_i5list,2019
lssmedia.com,Long Story Short Media,services_other,Media,us,inc.com_api_i5list,2019
lumark.com,Lumark Technologies,services_other,Government Services,us,inc.com_api_i5list,2019
lyfemarketing.com,LYFE Marketing,services_other,Advertising & Marketing,us,inc.com_api_i5list,2019
lynker.com,Lynker Corporation,services_other,Government Services,us,inc.com_api_i5list,2019
m8th.com,Mighty 8th Media,services_other,Advertising & Marketing,us,inc.com_api_i5list,2019
m9solutions.com,M9 Solutions,services_other,Government Services,us,inc.com_api_i5list,2019
magneti.com,Magneti,services_other,Advertising & Marketing,us,inc.com_api_i5list,2019
magnoliainnovation.com,Magnolia Innovation,services_other,Advertising & Marketing,us,inc.com_api_i5list,2019
mainsailgroupinc.com,Mainsail Group,services_other,Government Services,us,inc.com_api_i5list,2019
malkamedia.com,Malka Media Group,services_other,Advertising & Marketing,us,inc.com_api_i5list,2019
malonemediagroup.com,Malone Media Group,services_other,Advertising & Marketing,us,inc.com_api_i5list,2019
marathonstrategies.com,Marathon Strategies,services_other,Advertising & Marketing,us,inc.com_api_i5list,2019
marketinggenome.com,Foster Display Group (FKA Marketing Genome),services_other,Advertising & Marketing,us,inc.com_api_i5list,2019
marketopia.com,Marketopia,services_other,Advertising & Marketing,us,inc.com_api_i5list,2019
marketplaceops.com,MarketplaceOps,services_other,Advertising & Marketing,us,inc.com_api_i5list,2019
martinfed.com,MartinFederal Consulting,services_other,Government Services,us,inc.com_api_i5list,2019
mavrck.co,Mavrck,services_other,Advertising & Marketing,us,inc.com_api_i5list,2019
mayvin.com,Mayvin,services_other,Government Services,us,inc.com_api_i5list,2019
mckayadvertising.com,McKay Advertising + Activation,services_other,Advertising & Marketing,us,inc.com_api_i5list,2019
mdconnectinc.com,MD Connect,services_other,Advertising & Marketing,us,inc.com_api_i5list,2019
media-minefield.com,Media Minefield,services_other,"Advertising, Marketing & PR",us,inc.com_api_i5list,2019
mediabridgeadvertising.com,Media Bridge,services_other,Advertising & Marketing,us,inc.com_api_i5list,2019
mediacreek.net,Media Creek,services_other,Media,us,inc.com_api_i5list,2019
mediacrossing.com,MediaCrossing,services_other,Advertising & Marketing,us,inc.com_api_i5list,2019
mediasmack.com,MediaSmack,services_other,Advertising & Marketing,us,inc.com_api_i5list,2019
meshbr.com,"MESH, L.L.C.",services_other,Advertising & Marketing,us,inc.com_api_i5list,2019
messagewrap.com,MessageWrap,services_other,Advertising & Marketing,us,inc.com_api_i5list,2019
metisolutions.com,Metis Solutions,services_other,Government Services,us,inc.com_api_i5list,2019
metrictheory.com,Metric Theory,services_other,Advertising & Marketing,us,inc.com_api_i5list,2019
metropolitaninteractive.com,Metropolitan interactive Ltd.,services_other,Advertising & Marketing,us,inc.com_api_i5list,2019
mhpteamsi.com,MHP/Team SI,services_other,Advertising & Marketing,us,inc.com_api_i5list,2019
mightily.com,Mightily,services_other,Advertising & Marketing,us,inc.com_api_i5list,2019
milemark.com,MileMark Media,services_other,Advertising & Marketing,us,inc.com_api_i5list,2019
mindgruve.com,Mindgruve,services_other,Advertising & Marketing,us,inc.com_api_i5list,2019
missiondrivenresearch.com,Mission Driven Research,services_other,Government Services,us,inc.com_api_i5list,2019
mjbizdaily.com,Marijuana Business Daily,services_other,Media,us,inc.com_api_i5list,2019
mks2.com,MKS2 Technologies,services_other,Government Services,us,inc.com_api_i5list,2019
mobileposse.com,Mobile Posse,services_other,Advertising & Marketing,us,inc.com_api_i5list,2019
modavate.com,Modavate,services_other,Advertising & Marketing,us,inc.com_api_i5list,2019
modomodoagency.com,Modo Modo Agency,services_other,"Advertising, Marketing & PR",us,inc.com_api_i5list,2019
mojomedialabs.com,Mojo Media Labs,services_other,Advertising & Marketing,us,inc.com_api_i5list,2019
monkedia.com,Monkedia,services_other,Advertising & Marketing,us,inc.com_api_i5list,2019
monkee-boy.com,Monkee-Boy Web Design,services_other,Advertising & Marketing,us,inc.com_api_i5list,2019
monumetric.com,Monumetric,services_other,Advertising & Marketing,us,inc.com_api_i5list,2019
mosaicsgroup.com,MOSAIC Technologies Group,services_other,Government Services,us,inc.com_api_i5list,2019
mrlpromotions.com,The MRL Group,services_other,Advertising & Marketing,us,inc.com_api_i5list,2019
msag.net,Micro Systems Consultants,services_other,Government Services,us,inc.com_api_i5list,2019
msaincorp.com,Man-Machine Systems Assessment,services_other,Government Services,us,inc.com_api_i5list,2019
mtsi-va.com,Modern Technology Solutions,services_other,Government Services,us,inc.com_api_i5list,2019
municibid.com,Municibid.com,services_other,Government Services,us,inc.com_api_i5list,2019
mutesix.com,MuteSix,services_other,Advertising & Marketing,us,inc.com_api_i5list,2019
mvsconsulting.com,MVS,services_other,Government Services,us,inc.com_api_i5list,2019
myadvice.com,Advice Media,services_other,Business Products & Services,us,inc.com_api_i5list,2019
mydealerworld.com,Dealer World,services_other,Advertising & Marketing,us,inc.com_api_i5list,2019
mymarketingdoctor.com,Marketing Doctor,services_other,Advertising & Marketing,us,inc.com_api_i5list,2019
n-s-i.us,Naval Systems,services_other,Government Services,us,inc.com_api_i5list,2019
n2grate.com,n2grate Government Technology Solutions,services_other,IT Services,us,inc.com_api_i5list,2019
nativedigital.com,Native Digital,services_other,Advertising & Marketing,us,inc.com_api_i5list,2019
nayamode.com,Nayamode,services_other,Advertising & Marketing,us,inc.com_api_i5list,2019
neboagency.com,Nebo Agency,services_other,Advertising & Marketing,us,inc.com_api_i5list,2019
neostek.com,NEOSTEK,services_other,Government Services,us,inc.com_api_i5list,2019
netconversion.com,Net Conversion,services_other,Advertising & Marketing,us,inc.com_api_i5list,2019
netreputation.com,Net Reputation,services_other,"Advertising, Marketing & PR",us,inc.com_api_i5list,2019
netsearchdigitalmarketing.com,NetSearch Direct,services_other,Advertising & Marketing,us,inc.com_api_i5list,2019
netsertive.com,Netsertive,services_other,Advertising & Marketing,us,inc.com_api_i5list,2019
newbreedrevenue.com,New Breed,services_other,Advertising & Marketing,us,inc.com_api_i5list,2019
newmedia.com,Newmedia,services_other,Advertising & Marketing,us,inc.com_api_i5list,2019
newswatchtv.com,NewsWatch,services_other,Media,us,inc.com_api_i5list,2019
nextgenfed.com,NextGen Federal Systems,services_other,IT Services,us,inc.com_api_i5list,2019
nlogic.com,nLogic,services_other,Government Services,us,inc.com_api_i5list,2019
noble.com,Noble.com,services_other,Government Services,us,inc.com_api_i5list,2019
nonprofithr.com,Nonprofit HR Solutions,services_other,Human Resources,us,inc.com_api_i5list,2019
northwestcareercollege.edu,Northwest Career College,edtech,Education,us,inc.com_api_i5list,2019
ntsca.com,New Tech Solutions,services_other,Government Services,us,inc.com_api_i5list,2019
nylatechnologysolutions.com,Nyla Technology Solutions,services_other,Government Services,us,inc.com_api_i5list,2019
oasysic.com,Oasys International Corporation,services_other,Government Services,us,inc.com_api_i5list,2019
obilityb2b.com,Obility,services_other,Advertising & Marketing,us,inc.com_api_i5list,2019
obsidiansg.com,Obsidian Solutions Group,services_other,Government Services,us,inc.com_api_i5list,2019
odlservices.com,ODL Services,services_other,Government Services,us,inc.com_api_i5list,2019
ohpartners.com,OH Partners,services_other,Advertising & Marketing,us,inc.com_api_i5list,2019
omaze.com,Omaze,services_other,Media,us,inc.com_api_i5list,2019
omgcommerce.com,OMG Commerce,services_other,Advertising & Marketing,us,inc.com_api_i5list,2019
onesourcepcs.com,OnesourcePCS,services_other,Government Services,us,inc.com_api_i5list,2019
onthemapmarketing.com,On the Map Marketing,services_other,Advertising & Marketing,us,inc.com_api_i5list,2019
openinfluence.com,Open Influence,services_other,Advertising & Marketing,us,inc.com_api_i5list,2019
oppgenetix.com,OppGenetix,services_other,Advertising & Marketing,us,inc.com_api_i5list,2019
optmyzr.com,Optmyzr,services_other,Advertising & Marketing,us,inc.com_api_i5list,2019
opusagency.com,Opus Agency,services_other,Advertising & Marketing,us,inc.com_api_i5list,2019
orderswag.net,Swag Promo,services_other,Advertising & Marketing,us,inc.com_api_i5list,2019
orioncgi.com,Orion Consulting Group,services_other,Government Services,us,inc.com_api_i5list,2019
ovative.com,Ovative Group,services_other,"Advertising, Marketing & PR",us,inc.com_api_i5list,2019
p2sample.com,P2sample,services_other,Advertising & Marketing,us,inc.com_api_i5list,2019
palmersigns.com,Palmer Signs,services_other,Advertising & Marketing,us,inc.com_api_i5list,2019
panagoragroup.net,Panagora Group,services_other,Government Services,us,inc.com_api_i5list,2019
paradigmsample.com,Paradigm Sample,services_other,Advertising & Marketing,us,inc.com_api_i5list,2019
pathfinderconsultants.com,Pathfinder Consultants,services_other,Government Services,us,inc.com_api_i5list,2019
pavonemg.com,Pavone Marketing Group,services_other,Advertising & Marketing,us,inc.com_api_i5list,2019
peoples.tv,People's Television,services_other,Advertising & Marketing,us,inc.com_api_i5list,2019
percepture.com,Percepture,services_other,Advertising & Marketing,us,inc.com_api_i5list,2019
peridotsolutions.com,Peridot Solutions,services_other,Government Services,us,inc.com_api_i5list,2019
philipfsmith.com,PJP Marketing,services_other,"Advertising, Marketing & PR",us,inc.com_api_i5list,2019
phoenixmi.com,Phoenix Marketing International,services_other,Advertising & Marketing,us,inc.com_api_i5list,2019
pinnaclesolutionsinc.com,Pinnacle Solutions,services_other,Government Services,us,inc.com_api_i5list,2019
pixability.com,Pixability,services_other,Advertising & Marketing,us,inc.com_api_i5list,2019
plumberseo.net,Plumbing & HVAC SEO,services_other,Advertising & Marketing,us,inc.com_api_i5list,2019
plushnyc.com,Plushnyc Post,services_other,Media,us,inc.com_api_i5list,2019
pmcgllc.com,PM Consulting Group,services_other,Government Services,us,inc.com_api_i5list,2019
pme.com,Precision Measurement Engineering,services_other,Government Services,us,inc.com_api_i5list,2019
pnautomation.com,Pn Automation,services_other,Government Services,us,inc.com_api_i5list,2019
popshorts.com,PopShorts,services_other,Advertising & Marketing,us,inc.com_api_i5list,2019
position2.com,Position2,services_other,Advertising & Marketing,us,inc.com_api_i5list,2019
positivepsyche.biz,PositivePsyche.Biz Corp,services_other,Government Services,us,inc.com_api_i5list,2019
potenzainc.com,POTENZA,services_other,Advertising & Marketing,us,inc.com_api_i5list,2019
powerdigitalmarketing.com,Power Digital,services_other,Advertising & Marketing,us,inc.com_api_i5list,2019
practicepromotions.net,Practice Promotions,services_other,Advertising & Marketing,us,inc.com_api_i5list,2019
prime-ts.com,Prime Technical Services,services_other,Government Services,us,inc.com_api_i5list,2019
printmgt.com,PMA,services_other,Advertising & Marketing,us,inc.com_api_i5list,2019
progressivedentalmarketing.com,Progressive Dental,services_other,Advertising & Marketing,us,inc.com_api_i5list,2019
promedia.com,ProMedia,services_other,Advertising & Marketing,us,inc.com_api_i5list,2019
promoboxx.com,Promoboxx,services_other,Advertising & Marketing,us,inc.com_api_i5list,2019
proper.io,Proper Media,services_other,Advertising & Marketing,us,inc.com_api_i5list,2019
propharmasales.com,ProPharma Sales,services_other,Advertising & Marketing,us,inc.com_api_i5list,2019
prosek.com,Prosek Partners,services_other,Advertising & Marketing,us,inc.com_api_i5list,2019
prosource360.com,ProSource360 Consulting Services,services_other,Government Services,us,inc.com_api_i5list,2019
prospergroupcorp.com,Prosper Group,services_other,Advertising & Marketing,us,inc.com_api_i5list,2019
purecars.com,PureCars Automotive,services_other,Advertising & Marketing,us,inc.com_api_i5list,2019
pureincubation.com,Pure Incubation,services_other,Advertising & Marketing,us,inc.com_api_i5list,2019
pyureorganic.com,Pyure Brands,services_other,Advertising & Marketing,us,inc.com_api_i5list,2019
qiigo.com,Qiigo,services_other,Advertising & Marketing,us,inc.com_api_i5list,2019
qnary.com,Qnary,services_other,Media,us,inc.com_api_i5list,2019
quanticotactical.com,Quantico Tactical,services_other,Government Services,us,inc.com_api_i5list,2019
r2c-inc.com,R2C,services_other,Government Services,us,inc.com_api_i5list,2019
rainmakeradventures.com,Rainmaker Ad Ventures,services_other,Advertising & Marketing,us,inc.com_api_i5list,2019
rankcrankers.com,Rank Crankers,services_other,Advertising & Marketing,us,inc.com_api_i5list,2019
rankings.io,Rankings.io,services_other,"Advertising, Marketing & PR",us,inc.com_api_i5list,2019
rapidresponseonline.com,Rapid Response Marketing,services_other,Advertising & Marketing,us,inc.com_api_i5list,2019
rationalagency.com,Rational Interaction,services_other,Advertising & Marketing,us,inc.com_api_i5list,2019
rawartists.com,RAW Artists,services_other,Advertising & Marketing,us,inc.com_api_i5list,2019
reachmedianetwork.com,REACH Media Network,services_other,Advertising & Marketing,us,inc.com_api_i5list,2019
realchemistry.com,Real Chemistry (formerly W2O),services_other,Advertising & Marketing,us,inc.com_api_i5list,2019
recommercebrands.com,reCommerce,services_other,Advertising & Marketing,us,inc.com_api_i5list,2019
redcaffeine.com,Red Caffeine,services_other,Advertising & Marketing,us,inc.com_api_i5list,2019
redhorsecorp.com,Redhorse,services_other,Government Services,us,inc.com_api_i5list,2019
redpepper.land,redpepper,services_other,Advertising & Marketing,us,inc.com_api_i5list,2019
redseatventures.com,Red Seat Ventures,services_other,Media,us,inc.com_api_i5list,2019
redsixmedia.com,Red Six Media,services_other,Advertising & Marketing,us,inc.com_api_i5list,2019
remindermedia.com,ReminderMedia,services_other,Advertising & Marketing,us,inc.com_api_i5list,2019
reorg.com,Reorg,services_other,Media,us,inc.com_api_i5list,2019
rescueagency.com,RESCUE AGENCY PUBLIC BENEFIT,services_other,Advertising & Marketing,us,inc.com_api_i5list,2019
researchamericainc.com,Research America,services_other,Advertising & Marketing,us,inc.com_api_i5list,2019
respage.com,4 Walls,services_other,Advertising & Marketing,us,inc.com_api_i5list,2019
revelinteractive.com,Revel Interactive,services_other,"Advertising, Marketing & PR",us,inc.com_api_i5list,2019
revenueriver.co,Revenue River,services_other,Advertising & Marketing,us,inc.com_api_i5list,2019
revlocal.com,RevLocal,services_other,Advertising & Marketing,us,inc.com_api_i5list,2019
rezora.com,rezora,services_other,Advertising & Marketing,us,inc.com_api_i5list,2019
ridegotcha.com,Gotcha Media Holdings,services_other,Logistics & Transportation,us,inc.com_api_i5list,2019
ridgelineintl.com,Ridgeline International,services_other,Government Services,us,inc.com_api_i5list,2019
ringboost.com,PRIMARY WAVE MEDIA,services_other,Advertising & Marketing,us,inc.com_api_i5list,2019
rippleeffect.com,Ripple Effect Communications,services_other,Government Services,us,inc.com_api_i5list,2019
risebrands.com,Rise Brands,services_other,Advertising & Marketing,us,inc.com_api_i5list,2019
rivasolutionsinc.com,RIVA Solutions,services_other,Government Services,us,inc.com_api_i5list,2019
rmgmedia.com,RMG Media,services_other,Advertising & Marketing,us,inc.com_api_i5list,2019
rockerbox.com,Rockerbox,services_other,Advertising & Marketing,us,inc.com_api_i5list,2019
rockwayexhibits.com,Rockway Exhibits + Events,services_other,Advertising & Marketing,us,inc.com_api_i5list,2019
romulusmarketing.com,Romulus Marketing,services_other,Advertising & Marketing,us,inc.com_api_i5list,2019
ruckusmarketing.com,Ruckus Marketing,services_other,Advertising & Marketing,us,inc.com_api_i5list,2019
rwdconsultingllc.com,RWD Consulting,services_other,Government Services,us,inc.com_api_i5list,2019
saalex.com,Saalex Solutions,services_other,Government Services,us,inc.com_api_i5list,2019
sabg.com,Strategic Alliance Business Group,services_other,Government Services,us,inc.com_api_i5list,2019
sabre88.com,Sabre88,services_other,Government Services,us,inc.com_api_i5list,2019
saltwaterco.com,Saltwater Collective,services_other,Advertising & Marketing,us,inc.com_api_i5list,2019
saphotonics.com,SA Photonics,services_other,Government Services,us,inc.com_api_i5list,2019
sapperconsulting.com,Sapper Consulting,services_other,Advertising & Marketing,us,inc.com_api_i5list,2019
savangroup.com,Savan Group,services_other,Government Services,us,inc.com_api_i5list,2019
sawtst.com,SAWTST,services_other,Government Services,us,inc.com_api_i5list,2019
saxum.com,Saxum,services_other,Advertising & Marketing,us,inc.com_api_i5list,2019
sbmg.com,Scott Brown Media Group,services_other,"Advertising, Marketing & PR",us,inc.com_api_i5list,2019
scalablebrands.com,Scalable Brands,services_other,Advertising & Marketing,us,inc.com_api_i5list,2019
scienceandmedicinegroup.com,Science and Medicine Group,services_other,Media,us,inc.com_api_i5list,2019
scoreascore.com,Score a Score,services_other,Advertising & Marketing,us,inc.com_api_i5list,2019
scorpion.co,Scorpion,services_other,Advertising & Marketing,us,inc.com_api_i5list,2019
searchdiscovery.com,Search Discovery,services_other,Advertising & Marketing,us,inc.com_api_i5list,2019
secunetics.com,Secunetics,services_other,Government Services,us,inc.com_api_i5list,2019
seerinteractive.com,Seer Interactive,services_other,Advertising & Marketing,us,inc.com_api_i5list,2019
sehlkeconsulting.com,Sehlke Consulting,services_other,Government Services,us,inc.com_api_i5list,2019
selfpublishing.com,selfpublishing.com,edtech,Education,us,inc.com_api_i5list,2019
semcasting.com,Semcasting,services_other,Advertising & Marketing,us,inc.com_api_i5list,2019
senture.com,Senture,services_other,Government Services,us,inc.com_api_i5list,2019
seowerkz.com,SEO Werkz,services_other,Advertising & Marketing,us,inc.com_api_i5list,2019
seriously.com,Seriously,services_other,Media,us,inc.com_api_i5list,2019
servicedirect.com,Service Direct,services_other,"Advertising, Marketing & PR",us,inc.com_api_i5list,2019
shawscott.com,Shaw/Scott,services_other,Advertising & Marketing,us,inc.com_api_i5list,2019
shethinx.com,Thinx,services_other,Advertising & Marketing,us,inc.com_api_i5list,2019
shutterandsound.net,Ryan Geldermann,services_other,Media,us,inc.com_api_i5list,2019
siegemedia.com,Siege Media Holdings,services_other,Advertising & Marketing,us,inc.com_api_i5list,2019
silotechgroup.com,Silotech Group,services_other,Government Services,us,inc.com_api_i5list,2019
silverbackstrategies.com,Silverback Strategies,services_other,Advertising & Marketing,us,inc.com_api_i5list,2019
simisinc.com,SimIS,services_other,Government Services,us,inc.com_api_i5list,2019
skyword.com,Skyword,services_other,Advertising & Marketing,us,inc.com_api_i5list,2019
smartbugmedia.com,SmartBug Media,services_other,"Advertising, Marketing & PR",us,inc.com_api_i5list,2019
smarterchaos.com,SmarterChaos.com,services_other,Advertising & Marketing,us,inc.com_api_i5list,2019
smartsites.com,SmartSites,services_other,"Advertising, Marketing & PR",us,inc.com_api_i5list,2019
sna-intl.com,SNA International,services_other,Government Services,us,inc.com_api_i5list,2019
snapagency.com,Snap Agency,services_other,Advertising & Marketing,us,inc.com_api_i5list,2019
snapshotinteractive.com,SnapShot Interactive,services_other,Advertising & Marketing,us,inc.com_api_i5list,2019
sobepromos.com,Sobe Promos,services_other,"Advertising, Marketing & PR",us,inc.com_api_i5list,2019
socialflyny.com,Socialfly,services_other,Advertising & Marketing,us,inc.com_api_i5list,2019
socialfulcrum.com,Social Fulcrum,services_other,Advertising & Marketing,us,inc.com_api_i5list,2019
socialseo.com,SocialSEO,services_other,Advertising & Marketing,us,inc.com_api_i5list,2019
sourfishevents.com,Riff Raff Productions,services_other,Media,us,inc.com_api_i5list,2019
spectrio.com,Spectrio,services_other,Advertising & Marketing,us,inc.com_api_i5list,2019
spinutech.com,Spinutech,services_other,Advertising & Marketing,us,inc.com_api_i5list,2019
splashthat.com,Splash,services_other,Advertising & Marketing,us,inc.com_api_i5list,2019
spokemarketing.com,Spoke Marketing,services_other,Advertising & Marketing,us,inc.com_api_i5list,2019
springboardpromotions.com,Springboard Promotions,services_other,"Advertising, Marketing & PR",us,inc.com_api_i5list,2019
srtgrp.com,SRT Group,services_other,Government Services,us,inc.com_api_i5list,2019
ssdm.co,SSDM,services_other,Advertising & Marketing,us,inc.com_api_i5list,2019
stadiumred.com,Stadiumred Group,services_other,Advertising & Marketing,us,inc.com_api_i5list,2019
standardblack.com,Standard Black,services_other,Advertising & Marketing,us,inc.com_api_i5list,2019
starnes.media,Starnes Media,services_other,Media,us,inc.com_api_i5list,2019
statuslabs.com,Status Labs,services_other,Advertising & Marketing,us,inc.com_api_i5list,2019
staylisted.com,Staylisted,services_other,Advertising & Marketing,us,inc.com_api_i5list,2019
sterling.com,Sterling Computers Corporation,services_other,Government Services,us,inc.com_api_i5list,2019
stirista.com,Stirista,services_other,"Advertising, Marketing & PR",us,inc.com_api_i5list,2019
stonebrookeengineering.com,Stonebrooke Engineering,services_other,Government Services,us,inc.com_api_i5list,2019
storagemediagroup.com,Storage Media Group,services_other,Business Products & Services,us,inc.com_api_i5list,2019
stracongroup.com,StraCon Services Group,services_other,Government Services,us,inc.com_api_i5list,2019
strategus.com,Strategus,services_other,"Advertising, Marketing & PR",us,inc.com_api_i5list,2019
strativia.com,Strativia,services_other,Government Services,us,inc.com_api_i5list,2019
streamcompanies.com,Stream Companies,services_other,"Advertising, Marketing & PR",us,inc.com_api_i5list,2019
streamline-marketing.com,Streamline Marketing,services_other,Advertising & Marketing,us,inc.com_api_i5list,2019
streamlinepublishing.com,Streamline Publishing,services_other,Media,us,inc.com_api_i5list,2019
strikenow.com,Athletic Event Supply,services_other,Advertising & Marketing,us,inc.com_api_i5list,2019
stsint.com,STS International,services_other,Government Services,us,inc.com_api_i5list,2019
studio3marketing.com,Studio III Marketing,services_other,Advertising & Marketing,us,inc.com_api_i5list,2019
studio98.com,Studio98,services_other,Advertising & Marketing,us,inc.com_api_i5list,2019
sunkenstone.com,Sunken Stone,services_other,Advertising & Marketing,us,inc.com_api_i5list,2019
supplycore.com,SupplyCore,services_other,Government Services,us,inc.com_api_i5list,2019
swarminc.com,SWARM,services_other,Advertising & Marketing,us,inc.com_api_i5list,2019
swebdevelopment.com,Sweb Development,services_other,Advertising & Marketing,us,inc.com_api_i5list,2019
sydantech.com,SydanTech,services_other,Government Services,us,inc.com_api_i5list,2019
syncshow.com,SyncShow,services_other,Advertising & Marketing,us,inc.com_api_i5list,2019
syntelligent.com,Syntelligent Analytic Solutions,services_other,Government Services,us,inc.com_api_i5list,2019
synup.com,Synup Corporation,services_other,Advertising & Marketing,us,inc.com_api_i5list,2019
tacgsolutions.com,TACG,services_other,Government Services,us,inc.com_api_i5list,2019
tacotruckcreative.com,Taco Truck Creative,services_other,Advertising & Marketing,us,inc.com_api_i5list,2019
talkiqmedia.com,Talk IQ Media,services_other,Advertising & Marketing,us,inc.com_api_i5list,2019
tallwave.com,Tallwave,services_other,Advertising & Marketing,us,inc.com_api_i5list,2019
taoti.com,Taoti Creative,services_other,Advertising & Marketing,us,inc.com_api_i5list,2019
tapclassifieds.com,TapClassifieds,services_other,Advertising & Marketing,us,inc.com_api_i5list,2019
tapestrytech.com,Tapestry Technologies,services_other,Government Services,us,inc.com_api_i5list,2019
taradel.com,Taradel,services_other,Advertising & Marketing,us,inc.com_api_i5list,2019
targetx.com,TargetX.com,services_other,Advertising & Marketing,us,inc.com_api_i5list,2019
tbsmo.com,Todays Business,services_other,Advertising & Marketing,us,inc.com_api_i5list,2019
teamthunderfoot.com,Longneck & Thunderfoot,services_other,Advertising & Marketing,us,inc.com_api_i5list,2019
techanax.com,TechAnax,services_other,Government Services,us,inc.com_api_i5list,2019
techopsolutions.com,TechOp Solutions International,services_other,Government Services,us,inc.com_api_i5list,2019
teklaresearch.com,Tekla Research,services_other,Government Services,us,inc.com_api_i5list,2019
tenfoldbrand.com,Tenfold,services_other,Advertising & Marketing,us,inc.com_api_i5list,2019
thatagency.com,That Agency,services_other,Advertising & Marketing,us,inc.com_api_i5list,2019
theabbiagency.com,The Abbi Agency,services_other,Advertising & Marketing,us,inc.com_api_i5list,2019
theagencyre.com,The Agency,services_other,Real Estate,us,inc.com_api_i5list,2019
theagencytexas.com,The Agency Texas,services_other,Real Estate,us,inc.com_api_i5list,2019
thebridgecorp.com,Bridge,services_other,Advertising & Marketing,us,inc.com_api_i5list,2019
thebsmnt.com,The Basement,services_other,Advertising & Marketing,us,inc.com_api_i5list,2019
thedigitalring.com,The Digital Ring,services_other,Advertising & Marketing,us,inc.com_api_i5list,2019
thedvigroup.com,The DVI Group,services_other,Advertising & Marketing,us,inc.com_api_i5list,2019
theevokeagency.com,The Evoke Agency,services_other,"Advertising, Marketing & PR",us,inc.com_api_i5list,2019
thehoth.com,The HOTH,services_other,Advertising & Marketing,us,inc.com_api_i5list,2019
thekoolsource.net,The Kool Source,services_other,Advertising & Marketing,us,inc.com_api_i5list,2019
thelockwoodgrp.com,The Lockwood Group,services_other,Advertising & Marketing,us,inc.com_api_i5list,2019
themailshark.com,Targeted Solutions,services_other,Advertising & Marketing,us,inc.com_api_i5list,2019
themarksys.com,MarkSYS,services_other,Advertising & Marketing,us,inc.com_api_i5list,2019
themixgroup.com,The Mix Group,services_other,Media,us,inc.com_api_i5list,2019
thericciardigroup.com,The Ricciardi Group,services_other,Advertising & Marketing,us,inc.com_api_i5list,2019
thesheppard.com,The Sheppard,services_other,Advertising & Marketing,us,inc.com_api_i5list,2019
thesis.agency,Thesis,services_other,Advertising & Marketing,us,inc.com_api_i5list,2019
thesociallights.com,The Social Lights,services_other,"Advertising, Marketing & PR",us,inc.com_api_i5list,2019
thespearsgroup.com,Spears Consulting Group,services_other,Advertising & Marketing,us,inc.com_api_i5list,2019
thinknow.com,ThinkNow,services_other,Advertising & Marketing,us,inc.com_api_i5list,2019
thisisnom.co,NOM,services_other,Advertising & Marketing,us,inc.com_api_i5list,2019
thisisthepa.com,The Participation Agency,services_other,Advertising & Marketing,us,inc.com_api_i5list,2019
threattec.com,Threat Tec,services_other,Government Services,us,inc.com_api_i5list,2019
thresholdagency.com,Threshold,services_other,Advertising & Marketing,us,inc.com_api_i5list,2019
thriveagency.com,Thrive Internet Marketing Agency,services_other,Advertising & Marketing,us,inc.com_api_i5list,2019
tinuiti.com,Tinuiti,services_other,Advertising & Marketing,us,inc.com_api_i5list,2019
titangrowth.com,Titan Growth,services_other,Advertising & Marketing,us,inc.com_api_i5list,2019
tjfact.com,Totally Joined For Achieving Collaborative Techniques,services_other,Government Services,us,inc.com_api_i5list,2019
tkpromotionsinc.com,TK Promotions,services_other,"Advertising, Marketing & PR",us,inc.com_api_i5list,2019
topclassactions.com,TCA AZ,services_other,Media,us,inc.com_api_i5list,2019
toprightpartners.com,TopRight,services_other,Advertising & Marketing,us,inc.com_api_i5list,2019
torchtechnologies.com,Torch Technologies,services_other,Government Services,us,inc.com_api_i5list,2019
trabus.com,TRABUS,services_other,Government Services,us,inc.com_api_i5list,2019
tractleads.com,Tractleads,services_other,Advertising & Marketing,us,inc.com_api_i5list,2019
trailheadmarketing.com,Trailhead Marketing,services_other,Advertising & Marketing,us,inc.com_api_i5list,2019
transformgroup.com,Transform Group,services_other,Advertising & Marketing,us,inc.com_api_i5list,2019
tribaltechllc.com,Tribal Tech,services_other,Government Services,us,inc.com_api_i5list,2019
tribalvision.com,TribalVision,services_other,Advertising & Marketing,us,inc.com_api_i5list,2019
tridantsolutions.com,Tridant Solutions,services_other,Government Services,us,inc.com_api_i5list,2019
trideum.com,Trideum Corporation,services_other,Government Services,us,inc.com_api_i5list,2019
trinitytp.com,Trinity Technology Partners,services_other,Government Services,us,inc.com_api_i5list,2019
triplelift.com,TripleLift,services_other,Advertising & Marketing,us,inc.com_api_i5list,2019
tritoncommerce.com,Triton Commerce,services_other,Advertising & Marketing,us,inc.com_api_i5list,2019
truepointagency.com,TruePoint Communications,services_other,Advertising & Marketing,us,inc.com_api_i5list,2019
ueno.co,Ueno,services_other,Advertising & Marketing,us,inc.com_api_i5list,2019
union.co,Union,services_other,Advertising & Marketing,us,inc.com_api_i5list,2019
us.upsellit.com,Upsellit,services_other,"Advertising, Marketing & PR",us,inc.com_api_i5list,2019
valiantsolutions.com,Valiant Solutions,services_other,Government Services,us,inc.com_api_i5list,2019
vanlawfirm.com,Van and Associates Law Firm,services_other,Government Services,us,inc.com_api_i5list,2019
vaultcommunications.com,Vault Communications,services_other,Advertising & Marketing,us,inc.com_api_i5list,2019
vdigitalservices.com,V Digital Services,services_other,Advertising & Marketing,us,inc.com_api_i5list,2019
veloxmedia.com,VELOX Media,services_other,Advertising & Marketing,us,inc.com_api_i5list,2019
verblio.com,Verblio,services_other,Advertising & Marketing,us,inc.com_api_i5list,2019
vertdigital.com,Vert Digital,services_other,Advertising & Marketing,us,inc.com_api_i5list,2019
victor12.com,Victor 12,services_other,Government Services,us,inc.com_api_i5list,2019
victoriousseo.com,Victorious,services_other,Advertising & Marketing,us,inc.com_api_i5list,2019
videoamp.com,VideoAmp,services_other,Advertising & Marketing,us,inc.com_api_i5list,2019
visiture.com,Visiture,services_other,Advertising & Marketing,us,inc.com_api_i5list,2019
visualconnections.net,Visual Connections,services_other,Government Services,us,inc.com_api_i5list,2019
vividfront.com,VividFront,services_other,Advertising & Marketing,us,inc.com_api_i5list,2019
vpak.com,Vpak Media,services_other,Advertising & Marketing,us,inc.com_api_i5list,2019
vtldesign.com,Vital,services_other,Advertising & Marketing,us,inc.com_api_i5list,2019
walkersands.com,Walker Sands,services_other,Advertising & Marketing,us,inc.com_api_i5list,2019
walkwest.com,Walk West,services_other,Advertising & Marketing,us,inc.com_api_i5list,2019
walsinghamgroup.com,Walsingham Group,services_other,Government Services,us,inc.com_api_i5list,2019
warriormade.com,Warrior Media,health,Health Services,us,inc.com_api_i5list,2019
wearemanifold.com,Manifold,services_other,Advertising & Marketing,us,inc.com_api_i5list,2019
wearemetronome.com,Metronome,services_other,Government Services,us,inc.com_api_i5list,2019
wearetane.com,Tane,services_other,Advertising & Marketing,us,inc.com_api_i5list,2019
webfx.com,WebFX,services_other,Advertising & Marketing,us,inc.com_api_i5list,2019
webmechanix.com,WebMechanix,services_other,Advertising & Marketing,us,inc.com_api_i5list,2019
weris-inc.com,Weris,services_other,Government Services,us,inc.com_api_i5list,2019
whatifmediagroup.com,What If Media Group,services_other,Advertising & Marketing,us,inc.com_api_i5list,2019
wheelhousedmg.com,Wheelhouse DMG,services_other,Advertising & Marketing,us,inc.com_api_i5list,2019
whereoware.com,Whereoware,services_other,Advertising & Marketing,us,inc.com_api_i5list,2019
whistlesports.com,Whistle Sports,services_other,Media,us,inc.com_api_i5list,2019
whitestonebranding.com,Whitestone,services_other,"Advertising, Marketing & PR",us,inc.com_api_i5list,2019
whoisowenjones.com,Owen Jones and Partners,services_other,Advertising & Marketing,us,inc.com_api_i5list,2019
windsongpro.com,Windsong Productions,services_other,Media,us,inc.com_api_i5list,2019
workhorsemkt.com,Workhorse Marketing,services_other,Advertising & Marketing,us,inc.com_api_i5list,2019
wpromote.com,Wpromote,services_other,Advertising & Marketing,us,inc.com_api_i5list,2019
wrapify.com,Wrapify,services_other,Advertising & Marketing,us,inc.com_api_i5list,2019
wtwhmedia.com,WTWH Media,services_other,"Media, Arts & Entertainment",us,inc.com_api_i5list,2019
ww.bestica.com,Bestica,services_other,Government Services,us,inc.com_api_i5list,2019
wwwsabiomobile.com,Sabio Mobile,services_other,Advertising & Marketing,us,inc.com_api_i5list,2019
xaviercreative.com,Xavier Creative House (XCH),services_other,"Advertising, Marketing & PR",us,inc.com_api_i5list,2019
xo.agency,Guaba,services_other,Advertising & Marketing,us,inc.com_api_i5list,2019
xtelligentmedia.com,Xtelligent Healthcare Media,services_other,Advertising & Marketing,us,inc.com_api_i5list,2019
xurli.com,2:20 Marketing Group /Xurli,services_other,Advertising & Marketing,us,inc.com_api_i5list,2019
yesandagency.com,Yes&,services_other,"Advertising, Marketing & PR",us,inc.com_api_i5list,2019
yogainternational.com,Yoga International,services_other,Media,us,inc.com_api_i5list,2019
yourbluedog.com,BLUEDOG,services_other,Advertising & Marketing,us,inc.com_api_i5list,2019
yourdigitalresource.com,Digital Resource,services_other,Advertising & Marketing,us,inc.com_api_i5list,2019
youtechagency.com,Youtech,services_other,"Advertising, Marketing & PR",us,inc.com_api_i5list,2019
ytechllc.com,Yahya Technologies (Y-Tech),services_other,Government Services,us,inc.com_api_i5list,2019
z1d3d2vj.pages.infusionsoft.net,Freedom Boat Club of Tampa Bay,services_other,Advertising & Marketing,us,inc.com_api_i5list,2019
zefr.com,Zefr,services_other,Advertising & Marketing,us,inc.com_api_i5list,2019
zenetex.com,Zenetex,services_other,Government Services,us,inc.com_api_i5list,2019
zerogravitymarketing.com,Zero Gravity Marketing,services_other,Advertising & Marketing,us,inc.com_api_i5list,2019
zmbz.com,Zambezi,services_other,Advertising & Marketing,us,inc.com_api_i5list,2019
215marketing.com,215 Marketing,services_other,Advertising & Marketing,us,inc.com_api_i5list,2020
360painting.com,360º Painting,services_other,Advertising & Marketing,us,inc.com_api_i5list,2020
4legalleads.com,4LegalLeads.com,services_other,Advertising & Marketing,us,inc.com_api_i5list,2020
5stonesintelligence.com,5 Stones intelligence,services_other,Government Services,us,inc.com_api_i5list,2020
abilegroup.com,Abile Group,services_other,Government Services,us,inc.com_api_i5list,2020
act1federal.com,ACT1 Federal,services_other,Government Services,us,inc.com_api_i5list,2020
ad-hocresearch.com,Ad hoc Research,services_other,Government Services,us,inc.com_api_i5list,2020
ad.net,Ad.net,services_other,Advertising & Marketing,us,inc.com_api_i5list,2020
adadapted.com,AdAdapted,services_other,Media,us,inc.com_api_i5list,2020
adaptforward.com,Adapt Forward,services_other,Government Services,us,inc.com_api_i5list,2020
adcompsystems.com,AdComp Systems,services_other,Government Services,us,inc.com_api_i5list,2020
adjectiveandco.com,Adjective & Co.,services_other,"Advertising, Marketing & PR",us,inc.com_api_i5list,2020
adpushup.com,AdPushup,services_other,Advertising & Marketing,us,inc.com_api_i5list,2020
adshark.com,ADSHARK,services_other,"Advertising, Marketing & PR",us,inc.com_api_i5list,2020
adtechnacity.com,adtechnacity,services_other,"Advertising, Marketing & PR",us,inc.com_api_i5list,2020
advancemedia.com,ADvance Media,services_other,Advertising & Marketing,us,inc.com_api_i5list,2020
advertisingwheels.com,Advertising Wheels,services_other,Advertising & Marketing,us,inc.com_api_i5list,2020
agency126.com,Agency 126 Inc,services_other,Advertising & Marketing,us,inc.com_api_i5list,2020
agencyapollo.com,The Apollo Agency,services_other,Advertising & Marketing,us,inc.com_api_i5list,2020
agencyinmotion.com,Motion,services_other,Advertising & Marketing,us,inc.com_api_i5list,2020
agilityads.com,Agility,services_other,Advertising & Marketing,us,inc.com_api_i5list,2020
aimdyn.com,AIMdyn,services_other,Government Services,us,inc.com_api_i5list,2020
allheartcare.com,All Heart Homecare Agency,health,Health Services,us,inc.com_api_i5list,2020
americanhometownmedia.com,American Hometown Media,services_other,Media,us,inc.com_api_i5list,2020
amplifiedmkg.com,Amplified Marketing,services_other,Advertising & Marketing,us,inc.com_api_i5list,2020
amplymedia.com,Amply Media,services_other,Media,us,inc.com_api_i5list,2020
amyporterfield.com,Amy Porterfield,services_other,Advertising & Marketing,us,inc.com_api_i5list,2020
analygence.com,Analygence,services_other,Government Services,us,inc.com_api_i5list,2020
anonagency.com,A Non-Agency®,services_other,Advertising & Marketing,us,inc.com_api_i5list,2020
anthemicagency.com,Anthemic,services_other,Advertising & Marketing,us,inc.com_api_i5list,2020
anvilinsights.com,Anvil Analytics and Insights,services_other,Advertising & Marketing,us,inc.com_api_i5list,2020
apkeaton.com,A.P. Keaton,services_other,Advertising & Marketing,us,inc.com_api_i5list,2020
apptness.io,Apptness Media Group,services_other,Advertising & Marketing,us,inc.com_api_i5list,2020
aptiveresources.com,Aptive,services_other,Government Services,us,inc.com_api_i5list,2020
apvit.com,A P Ventures,services_other,Government Services,us,inc.com_api_i5list,2020
artisansonfire.com,Artisans on Fire,services_other,Advertising & Marketing,us,inc.com_api_i5list,2020
asapsemi.com,ASAP Semiconductor,services_other,Government Services,us,inc.com_api_i5list,2020
ascentvision.com,Ascent Vision Technologies,services_other,Government Services,us,inc.com_api_i5list,2020
assertiveprofessionals.com,Assertive Professionals,services_other,Government Services,us,inc.com_api_i5list,2020
assetdiscovery.net,Asset Discovery Corporation,services_other,Advertising & Marketing,us,inc.com_api_i5list,2020
atlasobscura.com,Atlas Obscura,services_other,Media,us,inc.com_api_i5list,2020
augurian.com,Augurian,services_other,Advertising & Marketing,us,inc.com_api_i5list,2020
aura.company,AURA Technologies,services_other,Government Services,us,inc.com_api_i5list,2020
avengedigital.com,Avenge Digital,services_other,Advertising & Marketing,us,inc.com_api_i5list,2020
avmacllc.com,AVMAC,services_other,Government Services,us,inc.com_api_i5list,2020
axisus.com,AXIS Management Group,services_other,Government Services,us,inc.com_api_i5list,2020
bdex.com,BDEX,services_other,Advertising & Marketing,us,inc.com_api_i5list,2020
besomebody.com,Besomebody,services_other,Media,us,inc.com_api_i5list,2020
bluepackmarketing.com,Blue Pack Marketing,services_other,Advertising & Marketing,us,inc.com_api_i5list,2020
bluestonestrategy.com,Blue Stone Strategy Partners,services_other,Government Services,us,inc.com_api_i5list,2020
blusharkdigital.com,BluShark Digital,services_other,"Advertising, Marketing & PR",us,inc.com_api_i5list,2020
bma-1.com,BMA,services_other,Government Services,us,inc.com_api_i5list,2020
boldscreenmedia.com,Bold Screen Media,services_other,Advertising & Marketing,us,inc.com_api_i5list,2020
bombshellpro.com,Bombshell Productions,services_other,Advertising & Marketing,us,inc.com_api_i5list,2020
boostability.com,Boostability,services_other,Advertising & Marketing,us,inc.com_api_i5list,2020
bopdesign.com,Bop Design,services_other,Advertising & Marketing,us,inc.com_api_i5list,2020
brandbuddha.com,Brand Buddha,services_other,Advertising & Marketing,us,inc.com_api_i5list,2020
brandzooka.com,Brandzooka,services_other,Advertising & Marketing,us,inc.com_api_i5list,2020
brcicorp.com,BRC International Corporation,services_other,Government Services,us,inc.com_api_i5list,2020
broadlume.com,Broadlume,services_other,Advertising & Marketing,us,inc.com_api_i5list,2020
brunetgarcia.com,Brunet-Garcia Advertising,services_other,Advertising & Marketing,us,inc.com_api_i5list,2020
buissoncreative.com,Buisson Creative Strategies,services_other,Advertising & Marketing,us,inc.com_api_i5list,2020
businessviewmagazine.com,Business View Publishing Inc,services_other,Media,us,inc.com_api_i5list,2020
buzzshift.com,BuzzShift,services_other,Advertising & Marketing,us,inc.com_api_i5list,2020
bvti.com,Best Value Technology,services_other,Government Services,us,inc.com_api_i5list,2020
c3isit.com,C3 Integrated Solutions,services_other,Government Services,us,inc.com_api_i5list,2020
capitolpest.com,Capitol Pest,services_other,Advertising & Marketing,us,inc.com_api_i5list,2020
carvertise.com,Carvertise,services_other,Advertising & Marketing,us,inc.com_api_i5list,2020
cbancnetwork.com,CBANC Network,services_other,Advertising & Marketing,us,inc.com_api_i5list,2020
centerfield.com,Centerfield,services_other,Advertising & Marketing,us,inc.com_api_i5list,2020
cfd-research.com,CFD Research,services_other,Government Services,us,inc.com_api_i5list,2020
chaisegroupllc.com,Chaise Management Group,services_other,Government Services,us,inc.com_api_i5list,2020
ciceron.com,Ciceron,services_other,Advertising & Marketing,us,inc.com_api_i5list,2020
clridge.com,Clear Ridge Defense,services_other,Government Services,us,inc.com_api_i5list,2020
company.marketscale.com,MarketScale,services_other,Media,us,inc.com_api_i5list,2020
constellationagency.com,Constellation Agency,services_other,Advertising & Marketing,us,inc.com_api_i5list,2020
consumable.com,Consumable,services_other,"Advertising, Marketing & PR",us,inc.com_api_i5list,2020
cookit-media.com,CookIt Media,services_other,Advertising & Marketing,us,inc.com_api_i5list,2020
copperriveres.com,Copper River Enterprise Services,services_other,Government Services,us,inc.com_api_i5list,2020
copyandartny.com,Copy & Art,services_other,Advertising & Marketing,us,inc.com_api_i5list,2020
coreone.com,Core One Solutions,services_other,Government Services,us,inc.com_api_i5list,2020
craftedpr.com,Crafted Communications,services_other,Advertising & Marketing,us,inc.com_api_i5list,2020
createmusicgroup.com,Create Music Group,services_other,Media,us,inc.com_api_i5list,2020
creek-technologies.com,Creek Technologies,services_other,Government Services,us,inc.com_api_i5list,2020
csjonesgroupllc.com,C&S Jones Group,services_other,Government Services,us,inc.com_api_i5list,2020
ctrmg.com,CTR Management Group,services_other,Government Services,us,inc.com_api_i5list,2020
cxformula.com,CXFormula,services_other,Advertising & Marketing,us,inc.com_api_i5list,2020
cyclonesocial.com,Cyclone Social,services_other,Advertising & Marketing,us,inc.com_api_i5list,2020
d3isystems.com,d3i Systems,services_other,Government Services,us,inc.com_api_i5list,2020
datasys.com,Media Direct,services_other,Advertising & Marketing,us,inc.com_api_i5list,2020
demandzen.com,DemandZEN,services_other,Advertising & Marketing,us,inc.com_api_i5list,2020
digdev.com,DigDev Direct,services_other,Advertising & Marketing,us,inc.com_api_i5list,2020
digitalinkco.com,Digital Ink,services_other,Media,us,inc.com_api_i5list,2020
digitalmarketingcompany.com,Twelve Three Media,services_other,Advertising & Marketing,us,inc.com_api_i5list,2020
digthrive.com,Digital Thrive,services_other,Advertising & Marketing,us,inc.com_api_i5list,2020
disruptmedia.co,DISRUPT Media Group,services_other,Advertising & Marketing,us,inc.com_api_i5list,2020
dmscolor.com,DMS Color,services_other,Advertising & Marketing,us,inc.com_api_i5list,2020
drive6agency.com,Drive 6 Agency Inc,services_other,Advertising & Marketing,us,inc.com_api_i5list,2020
esbadvertising.com,ESB Advertising,services_other,Advertising & Marketing,us,inc.com_api_i5list,2020
esquireadvertising.com,Esquire Media,services_other,Advertising & Marketing,us,inc.com_api_i5list,2020
essnova.com,Essnova Solutions,services_other,Government Services,us,inc.com_api_i5list,2020
etranservices.com,eTRANSERVICES Corp.,services_other,Government Services,us,inc.com_api_i5list,2020
experience-interaction.com,Experience-Interaction,services_other,Advertising & Marketing,us,inc.com_api_i5list,2020
factory360.com,Factory 360,services_other,"Advertising, Marketing & PR",us,inc.com_api_i5list,2020
falcontek.com,FalconTek,services_other,Government Services,us,inc.com_api_i5list,2020
fandom.com,Fandom,services_other,Media,us,inc.com_api_i5list,2020
fastboy.net,Fastboy Marketing,services_other,Advertising & Marketing,us,inc.com_api_i5list,2020
fedresources.com,Federal Resources Corporation,services_other,IT Services,us,inc.com_api_i5list,2020
flytevu.com,FlyteVu,services_other,Advertising & Marketing,us,inc.com_api_i5list,2020
foproductions.com,Found Objects Music Productions,services_other,Media,us,inc.com_api_i5list,2020
foundationarmor.com,Foundation Armor,services_other,Manufacturing,us,inc.com_api_i5list,2020
foundationsteel.com,Foundation Steel,services_other,Construction,us,inc.com_api_i5list,2020
frontrowgroup.com,Front Row,services_other,"Advertising, Marketing & PR",us,inc.com_api_i5list,2020
fuelpartnerships.com,FUEL Partnerships,services_other,Advertising & Marketing,us,inc.com_api_i5list,2020
fullyvested.com,Vested,services_other,Advertising & Marketing,us,inc.com_api_i5list,2020
fyinfo.com,FYI-For Your Information,services_other,Government Services,us,inc.com_api_i5list,2020
gandergroup.com,Gander Group,services_other,Advertising & Marketing,us,inc.com_api_i5list,2020
gate39media.com,Gate 39 Media,fintech_insurance,Financial Services,us,inc.com_api_i5list,2020
gatmarketing.com,GAT Marketing Agecny,services_other,Advertising & Marketing,us,inc.com_api_i5list,2020
genly.com,Genly,services_other,Advertising & Marketing,us,inc.com_api_i5list,2020
getfoundfirst.com,Perfect Point Marketing,services_other,Advertising & Marketing,us,inc.com_api_i5list,2020
globalinfotek.com,Global Infotek,services_other,Government Services,us,inc.com_api_i5list,2020
gobrandgo.com,goBRANDgo!,services_other,Advertising & Marketing,us,inc.com_api_i5list,2020
goodapple.com,Good Apple Publishing,services_other,Advertising & Marketing,us,inc.com_api_i5list,2020
goods.services,Goods & Services,services_other,Advertising & Marketing,us,inc.com_api_i5list,2020
gopci.com,PCI Strategic Management,services_other,Government Services,us,inc.com_api_i5list,2020
govbizresults.com,Government Business Results,services_other,Advertising & Marketing,us,inc.com_api_i5list,2020
gozoek.com,Online Marketing Group,services_other,Advertising & Marketing,us,inc.com_api_i5list,2020
graydown.com,Gray Down,services_other,Advertising & Marketing,us,inc.com_api_i5list,2020
grouptwo.com,group two,services_other,Advertising & Marketing,us,inc.com_api_i5list,2020
growatorchard.com,Skylight Partners,services_other,Advertising & Marketing,us,inc.com_api_i5list,2020
growsmartmarketing.com,Grow Smart Marketing,services_other,Advertising & Marketing,us,inc.com_api_i5list,2020
growthmodemarketing.com,GrowthMode Marketing,services_other,Advertising & Marketing,us,inc.com_api_i5list,2020
gumgum.com,GumGum,services_other,Advertising & Marketing,us,inc.com_api_i5list,2020
gundersondirect.com,Gunderson Direct,services_other,Advertising & Marketing,us,inc.com_api_i5list,2020
harwardmedia.com,Harward Media,ecommerce_retail,Consumer Products,us,inc.com_api_i5list,2020
hbssonline.com,HBSS Connect Corp,services_other,Government Services,us,inc.com_api_i5list,2020
hcodemedia.com,H Code Media,services_other,Advertising & Marketing,us,inc.com_api_i5list,2020
helentmedia.com,Helen Thompson Media,services_other,Advertising & Marketing,us,inc.com_api_i5list,2020
hemsworthcommunications.com,Hemsworth Communications,services_other,Advertising & Marketing,us,inc.com_api_i5list,2020
heromarketing.com,HERO Marketing,services_other,Advertising & Marketing,us,inc.com_api_i5list,2020
heyoodle.com,Oodle,services_other,Advertising & Marketing,us,inc.com_api_i5list,2020
human.marketing,Human Marketing,services_other,Advertising & Marketing,us,inc.com_api_i5list,2020
icess.us,Integrity Consulting Engineering and Security Solutions (ICESS),services_other,Government Services,us,inc.com_api_i5list,2020
icms.com,Innovative Consulting,services_other,Government Services,us,inc.com_api_i5list,2020
ideascollide.com,Ideas Collide,services_other,Advertising & Marketing,us,inc.com_api_i5list,2020
imarc.com,Imarc,services_other,Advertising & Marketing,us,inc.com_api_i5list,2020
inpwrd.com,inPowered,services_other,Advertising & Marketing,us,inc.com_api_i5list,2020
integrateagency.com,Integrate Agency,services_other,Advertising & Marketing,us,inc.com_api_i5list,2020
intellibright.com,Intellibright,services_other,Advertising & Marketing,us,inc.com_api_i5list,2020
intelligenesisllc.com,IntelliGenesis,services_other,Government Services,us,inc.com_api_i5list,2020
inverta.com,Inverta,services_other,Advertising & Marketing,us,inc.com_api_i5list,2020
itcdefense.com,ITC Defense Corp.,services_other,Government Services,us,inc.com_api_i5list,2020
itcoalition.com,Information Technology Coalition,services_other,Government Services,us,inc.com_api_i5list,2020
itegrityinc.com,ITegrity,services_other,Government Services,us,inc.com_api_i5list,2020
jab-llc.com,JAB Innovative Solutions,services_other,Government Services,us,inc.com_api_i5list,2020
jdsat.com,JDSAT,services_other,Government Services,us,inc.com_api_i5list,2020
jeffreym.com,JeffreyM Consulting,services_other,Advertising & Marketing,us,inc.com_api_i5list,2020
jetcofederal.com,JetCo Federal,services_other,Logistics & Transportation,us,inc.com_api_i5list,2020
jjsmithonline.com,Adiva Publishing,ecommerce_retail,Consumer Products,us,inc.com_api_i5list,2020
jsjdmedia.com,JSJD Media,services_other,Advertising & Marketing,us,inc.com_api_i5list,2020
jump450.com,Jump 450 Media,services_other,Advertising & Marketing,us,inc.com_api_i5list,2020
jumpem.com,Jumpem,services_other,Advertising & Marketing,us,inc.com_api_i5list,2020
justuno.com,Justuno,services_other,Advertising & Marketing,us,inc.com_api_i5list,2020
kivvit.com,Kivvit,services_other,Advertising & Marketing,us,inc.com_api_i5list,2020
knotch.com,Knotch,services_other,"Advertising, Marketing & PR",us,inc.com_api_i5list,2020
knucklepuckmedia.com,Knucklepuck,services_other,Advertising & Marketing,us,inc.com_api_i5list,2020
ktg-llc.com,Kern Technology Group,services_other,Government Services,us,inc.com_api_i5list,2020
laboronsite.com,Labor On Site,services_other,Government Services,us,inc.com_api_i5list,2020
lalcomm.com,L&L,services_other,Advertising & Marketing,us,inc.com_api_i5list,2020
launchpotato.com,Launch Potato,services_other,"Advertising, Marketing & PR",us,inc.com_api_i5list,2020
lawrank.com,LawRank,services_other,Advertising & Marketing,us,inc.com_api_i5list,2020
lawyersofdistinction.com,Lawyers of Distinction,services_other,Advertising & Marketing,us,inc.com_api_i5list,2020
leadcrunch.com,LeadCrunch,services_other,Advertising & Marketing,us,inc.com_api_i5list,2020
lean-media.com,Lean Media,services_other,Advertising & Marketing,us,inc.com_api_i5list,2020
liftoff.io,Liftoff,services_other,Advertising & Marketing,us,inc.com_api_i5list,2020
liteye.com,Liteye Systems,services_other,Government Services,us,inc.com_api_i5list,2020
lonebeacon.com,Lone Beacon Media,services_other,Advertising & Marketing,us,inc.com_api_i5list,2020
looney-advertising.com,Looney Advertising & Branding,services_other,Advertising & Marketing,us,inc.com_api_i5list,2020
lotustrolleybag.com,Golden Eye Media,ecommerce_retail,Retail,us,inc.com_api_i5list,2020
lovellgov.com,Lovell Government Services,services_other,Government Services,us,inc.com_api_i5list,2020
luminationsgroup.com,The Luminations Group,services_other,Advertising & Marketing,us,inc.com_api_i5list,2020
macaerospace.com,MAC Aerospace Corporation,services_other,Government Services,us,inc.com_api_i5list,2020
madwell.com,Madwell,services_other,Advertising & Marketing,us,inc.com_api_i5list,2020
maestrofilmworks.com,Maestro Filmworks,services_other,Media,us,inc.com_api_i5list,2020
magiccollc.com,MagicCo,services_other,Advertising & Marketing,us,inc.com_api_i5list,2020
magiclinks.com,MagicLinks,services_other,Advertising & Marketing,us,inc.com_api_i5list,2020
magnitudeagency.com,Magnitude,services_other,Advertising & Marketing,us,inc.com_api_i5list,2020
mandr-group.com,M&R Marketing Group,services_other,Advertising & Marketing,us,inc.com_api_i5list,2020
manhattanstrategy.com,MANHATTAN STRATEGY GROUP,services_other,Government Services,us,inc.com_api_i5list,2020
marketwake.com,Marketwake,services_other,Advertising & Marketing,us,inc.com_api_i5list,2020
masoninteractive.com,Mason Interactive,services_other,Advertising & Marketing,us,inc.com_api_i5list,2020
maxconnect.com,Max Connect Digital,services_other,"Advertising, Marketing & PR",us,inc.com_api_i5list,2020
mediacause.com,Media Cause,services_other,Advertising & Marketing,us,inc.com_api_i5list,2020
mediaops.com,MediaOps,services_other,Media,us,inc.com_api_i5list,2020
modcomedia.com,Modco Media,services_other,Advertising & Marketing,us,inc.com_api_i5list,2020
modintelechy.com,MODintelechy,services_other,Advertising & Marketing,us,inc.com_api_i5list,2020
monsterleadgroup.com,Monster Lead Group,services_other,Advertising & Marketing,us,inc.com_api_i5list,2020
morgan6.com,Morgan 6,services_other,Government Services,us,inc.com_api_i5list,2020
mytown2go.com,MyTown2go,services_other,Advertising & Marketing,us,inc.com_api_i5list,2020
nd2a.com,ND2A Group,services_other,Media,us,inc.com_api_i5list,2020
nitrocagepoint.com,NitroCagePoint,services_other,Advertising & Marketing,us,inc.com_api_i5list,2020
nprpmedia.com,NPRP Media,services_other,Advertising & Marketing,us,inc.com_api_i5list,2020
ntooitive.com,Ntooitive Digital,services_other,Advertising & Marketing,us,inc.com_api_i5list,2020
nuclearnetworking.com,Nuclear Networking,services_other,Advertising & Marketing,us,inc.com_api_i5list,2020
nvecorp.com,NVE,services_other,Government Services,us,inc.com_api_i5list,2020
octagonmedia8.com,Octagon Media,services_other,Advertising & Marketing,us,inc.com_api_i5list,2020
octanemarketing.com,Octane Marketing,services_other,Advertising & Marketing,us,inc.com_api_i5list,2020
omihnyc.com,Our Man In Havana,services_other,Advertising & Marketing,us,inc.com_api_i5list,2020
omnidirect.tv,Omni Direct Inc,services_other,Advertising & Marketing,us,inc.com_api_i5list,2020
onefirefly.com,One Firefly,services_other,"Advertising, Marketing & PR",us,inc.com_api_i5list,2020
orange142.com,Orange142,services_other,Advertising & Marketing,us,inc.com_api_i5list,2020
pacepublicrelations.com,Pace PR,services_other,Advertising & Marketing,us,inc.com_api_i5list,2020
penbaymedia.com,Penobscot Bay Media,services_other,Government Services,us,inc.com_api_i5list,2020
perchpartners.com,Perch Partners,services_other,Advertising & Marketing,us,inc.com_api_i5list,2020
pharmahealthlabs.com,PharmaHealth Labs,services_other,Advertising & Marketing,us,inc.com_api_i5list,2020
powellstrat.com,Powell Strategies,services_other,Advertising & Marketing,us,inc.com_api_i5list,2020
powerfusionmedia.com,Power Fusion Media,services_other,Business Products & Services,us,inc.com_api_i5list,2020
pregame.com,Pregame,services_other,Media,us,inc.com_api_i5list,2020
premieremarketing.com,Premiere Marketing,services_other,Advertising & Marketing,us,inc.com_api_i5list,2020
proformaamerica.com,Proforma 3rd Degree Marketing,services_other,Advertising & Marketing,us,inc.com_api_i5list,2020
progmechs.com,Programmatic Mechanics,services_other,Advertising & Marketing,us,inc.com_api_i5list,2020
propellant.media,Propellant Media,services_other,Advertising & Marketing,us,inc.com_api_i5list,2020
pthreemedia.com,P3 Digital,services_other,Advertising & Marketing,us,inc.com_api_i5list,2020
publishingconcepts.com,"PCI or Publishing Concepts, LP",services_other,Business Products & Services,us,inc.com_api_i5list,2020
qs-2.com,Quantitative Scientific Solutions,services_other,Government Services,us,inc.com_api_i5list,2020
quadrantstrategies.com,Quadrant Strategies,services_other,Advertising & Marketing,us,inc.com_api_i5list,2020
quantasy.com,Quantasy + Associates,services_other,Advertising & Marketing,us,inc.com_api_i5list,2020
quantify.com,Quantify.com,services_other,Advertising & Marketing,us,inc.com_api_i5list,2020
ranker.com,Ranker Inc,services_other,Media,us,inc.com_api_i5list,2020
rebelinteractivegroup.com,Rebel Interactive Group.,services_other,Advertising & Marketing,us,inc.com_api_i5list,2020
redsharkdigital.com,Integrative Mobile,services_other,Advertising & Marketing,us,inc.com_api_i5list,2020
refermate.com,Refermate,services_other,Advertising & Marketing,us,inc.com_api_i5list,2020
religroupinc.com,RELI Group,services_other,Government Services,us,inc.com_api_i5list,2020
resultsrepeat.com,Results Repeat,services_other,Advertising & Marketing,us,inc.com_api_i5list,2020
reunionmarketing.com,Reunion Marketing,services_other,Advertising & Marketing,us,inc.com_api_i5list,2020
ripeconcepts.com,RipeConcepts,services_other,Advertising & Marketing,us,inc.com_api_i5list,2020
rmgsinc.com,RMGS,services_other,Government Services,us,inc.com_api_i5list,2020
rogerwest.com,Roger West Creative & Code,services_other,Advertising & Marketing,us,inc.com_api_i5list,2020
roostergrin.com,Rooster Grin Media,services_other,Advertising & Marketing,us,inc.com_api_i5list,2020
roycegeo.com,Royce Geo,services_other,Government Services,us,inc.com_api_i5list,2020
rpm-media.net,RPM Media,services_other,Advertising & Marketing,us,inc.com_api_i5list,2020
rpmleader.com,Best Case Leads,services_other,Advertising & Marketing,us,inc.com_api_i5list,2020
sagepath.com,Sagepath,services_other,Advertising & Marketing,us,inc.com_api_i5list,2020
salesfactory.com,Sales Factory,services_other,Advertising & Marketing,us,inc.com_api_i5list,2020
scrum50.com,Scrum50,services_other,Advertising & Marketing,us,inc.com_api_i5list,2020
secondmelody.com,Second Melody,services_other,Advertising & Marketing,us,inc.com_api_i5list,2020
secureplanet.com,SECURE PLANET,services_other,Government Services,us,inc.com_api_i5list,2020
sentar.com,Sentar,services_other,Government Services,us,inc.com_api_i5list,2020
seventhsenseconsulting.com,Seventh Sense Consulting,services_other,Government Services,us,inc.com_api_i5list,2020
shield.ai,Shield AI,services_other,Government Services,us,inc.com_api_i5list,2020
shift44.com,SHIFT44,services_other,Advertising & Marketing,us,inc.com_api_i5list,2020
sift.co,Sift Media,services_other,Advertising & Marketing,us,inc.com_api_i5list,2020
simbacom.net,Simba Enterprises,services_other,Government Services,us,inc.com_api_i5list,2020
sincusa.com,Strategic Information Networking Conferences,services_other,Advertising & Marketing,us,inc.com_api_i5list,2020
sjamedia.com,SJA Media Partners,services_other,Advertising & Marketing,us,inc.com_api_i5list,2020
skydiamondelite.com,SkyDiamond Media,services_other,Advertising & Marketing,us,inc.com_api_i5list,2020
smartysocialmedia.com,Smarty Social Media,services_other,Advertising & Marketing,us,inc.com_api_i5list,2020
socialdeviant.com,SOCIALDEVIANT,services_other,Advertising & Marketing,us,inc.com_api_i5list,2020
socialfix.com,Socialfix Media,services_other,Advertising & Marketing,us,inc.com_api_i5list,2020
socialmadesimple.com,SocialMadeSimple,services_other,"Advertising, Marketing & PR",us,inc.com_api_i5list,2020
softdevconsulting.com,SoftDev Incorporated,services_other,Government Services,us,inc.com_api_i5list,2020
soundstripe.com,Soundstripe,services_other,Media,us,inc.com_api_i5list,2020
spiraclebuzz.com,Spiracle Media,services_other,Advertising & Marketing,us,inc.com_api_i5list,2020
spiralyze.com,Spiralyze,services_other,"Advertising, Marketing & PR",us,inc.com_api_i5list,2020
stafftodayinc.com,Staff Today(STI),services_other,Government Services,us,inc.com_api_i5list,2020
stf-ltd.com,Systems Technology Forum Ltd,services_other,Government Services,us,inc.com_api_i5list,2020
stratagon.com,Stratagon,services_other,Advertising & Marketing,us,inc.com_api_i5list,2020
strawberryfrog.com,StrawberryFrog,services_other,Advertising & Marketing,us,inc.com_api_i5list,2020
strikepointmedia.com,Strikepoint Media,services_other,Advertising & Marketing,us,inc.com_api_i5list,2020
strunkmedia.com,Strunk Media Group,services_other,Advertising & Marketing,us,inc.com_api_i5list,2020
sublimecommunications.com,Sublime Communications,services_other,Advertising & Marketing,us,inc.com_api_i5list,2020
sundayafternoon.us,SUNDAY AFTERNOON,services_other,Advertising & Marketing,us,inc.com_api_i5list,2020
sunny505.com,SUNNY505,services_other,"Advertising, Marketing & PR",us,inc.com_api_i5list,2020
tacticaledge.us,Tactical Edge,services_other,Government Services,us,inc.com_api_i5list,2020
tandemtheory.com,Tandem Theory,services_other,"Advertising, Marketing & PR",us,inc.com_api_i5list,2020
tcsinterpreting.com,TCS Interpreting,services_other,Government Services,us,inc.com_api_i5list,2020
teamcolab.com,COLAB,services_other,Advertising & Marketing,us,inc.com_api_i5list,2020
teamqi2.com,Quality Innovation,services_other,Government Services,us,inc.com_api_i5list,2020
thebizzellgroup.com,The Bizzell Group,services_other,Government Services,us,inc.com_api_i5list,2020
theboathouse.tv,The Boathouse: A Special Projects Agency,services_other,Advertising & Marketing,us,inc.com_api_i5list,2020
thecargoagency.com,Cargo,services_other,Advertising & Marketing,us,inc.com_api_i5list,2020
thecharlesgrp.com,The Charles Group,services_other,Advertising & Marketing,us,inc.com_api_i5list,2020
thedarkstargroup.com,The DarkStar Group,services_other,Government Services,us,inc.com_api_i5list,2020
thedsmgroup.com,DSM,services_other,Advertising & Marketing,us,inc.com_api_i5list,2020
thefederalsavingsbank.com,The Federal Savings Bank,fintech_insurance,Financial Services,us,inc.com_api_i5list,2020
thehithouse.com,The Hit House,services_other,Advertising & Marketing,us,inc.com_api_i5list,2020
theintellektgroup.com,The Intellekt Group,services_other,Government Services,us,inc.com_api_i5list,2020
themediaspark.com,MediaSpark,services_other,Advertising & Marketing,us,inc.com_api_i5list,2020
theodigogroup.com,The Odigo Group,services_other,Advertising & Marketing,us,inc.com_api_i5list,2020
thewordtechgroup.com,The WordTech Group,services_other,Advertising & Marketing,us,inc.com_api_i5list,2020
thomasolninc.com,Thomas Solutions Incorporated,services_other,Government Services,us,inc.com_api_i5list,2020
threesixtyeight.com,ThreeSixtyEight,services_other,Advertising & Marketing,us,inc.com_api_i5list,2020
tigerpistol.com,Tiger Pistol,services_other,Advertising & Marketing,us,inc.com_api_i5list,2020
tipmedia.com,Tipping Point Media,edtech,Education,us,inc.com_api_i5list,2020
titaniasolutionsgroup.com,Titania Solutions Group,services_other,Government Services,us,inc.com_api_i5list,2020
tlkfusion.com,TLK Fusion,services_other,"Advertising, Marketing & PR",us,inc.com_api_i5list,2020
trendingpolitics.com,Making Web,services_other,Advertising & Marketing,us,inc.com_api_i5list,2020
trendlineinteractive.com,Trendline Interactive Holdings,services_other,Advertising & Marketing,us,inc.com_api_i5list,2020
triercompany.com,Trier and Company,services_other,Advertising & Marketing,us,inc.com_api_i5list,2020
triggerglobal.com,Trigger - The Mixed Reality Agency®,services_other,Advertising & Marketing,us,inc.com_api_i5list,2020
validatedinsights.com,Validated Insights,services_other,Advertising & Marketing,us,inc.com_api_i5list,2020
vaniamgroup.com,Vaniam Group,services_other,Advertising & Marketing,us,inc.com_api_i5list,2020
velocityagency.com,Velocity Agency,services_other,Advertising & Marketing,us,inc.com_api_i5list,2020
venesco.com,Venesco,services_other,Government Services,us,inc.com_api_i5list,2020
visiqua.com,Visiqua,services_other,Advertising & Marketing,us,inc.com_api_i5list,2020
vrxmedia.com,VRX Media Group,services_other,Real Estate,us,inc.com_api_i5list,2020
wachsman.com,Wachsman,services_other,Advertising & Marketing,us,inc.com_api_i5list,2020
wbsi.com,Web Business Solutions,services_other,Government Services,us,inc.com_api_i5list,2020
wearetribu.com,Tribu,services_other,Advertising & Marketing,us,inc.com_api_i5list,2020
websitedepot.com,Websites Depot,services_other,Advertising & Marketing,us,inc.com_api_i5list,2020
wedowebcontent.com,We Do Web Content,services_other,Advertising & Marketing,us,inc.com_api_i5list,2020
wirebuzz.com,WireBuzz,services_other,Advertising & Marketing,us,inc.com_api_i5list,2020
wolfesolutions.net,Wolfe Solutions,services_other,Advertising & Marketing,us,inc.com_api_i5list,2020
wonderistagency.com,Wonderist Agency,services_other,"Advertising, Marketing & PR",us,inc.com_api_i5list,2020
wordsouth.com,WordSouth — A Content Marketing Company,services_other,Advertising & Marketing,us,inc.com_api_i5list,2020
xpresspromotion.com,Xpress Promotion,services_other,Advertising & Marketing,us,inc.com_api_i5list,2020
xsocialmedia.com,X Social Media,services_other,Advertising & Marketing,us,inc.com_api_i5list,2020
yes.fit,IR4C,services_other,Advertising & Marketing,us,inc.com_api_i5list,2020
yourstrulymedia.com,Yours Truly Media,services_other,Media,us,inc.com_api_i5list,2020
1q.com,1Q,services_other,Advertising & Marketing,us,inc.com_api_i5list,2021
2x.marketing,2X,services_other,"Advertising, Marketing & PR",us,inc.com_api_i5list,2021
3mediaweb.com,3 Media Web,services_other,Advertising & Marketing,us,inc.com_api_i5list,2021
3qdigital.com,3Q Digital,services_other,Advertising & Marketing,us,inc.com_api_i5list,2021
absidefense.com,ABSI Aerospace & Defense,services_other,Government Services,us,inc.com_api_i5list,2021
aciedge.com,Augustine Consulting,services_other,Government Services,us,inc.com_api_i5list,2021
acorninfluence.com,Acorn Influence,services_other,Advertising & Marketing,us,inc.com_api_i5list,2021
adesiem.com,ADESIEM,services_other,Advertising & Marketing,us,inc.com_api_i5list,2021
adfero.com,Adfero,services_other,Advertising & Marketing,us,inc.com_api_i5list,2021
adhere.com,Adhere,services_other,"Advertising, Marketing & PR",us,inc.com_api_i5list,2021
adoutreach.com,AdOutreach,services_other,Advertising & Marketing,us,inc.com_api_i5list,2021
adquick.com,AdQuick,services_other,Advertising & Marketing,us,inc.com_api_i5list,2021
advantagemrkt.com,Advantage Marketing,services_other,Advertising & Marketing,us,inc.com_api_i5list,2021
adwiremedia.com,ADWIRE MEDIA,services_other,Advertising & Marketing,us,inc.com_api_i5list,2021
agil3tech.com,Agil3 Technology Solutions,services_other,Government Services,us,inc.com_api_i5list,2021
agile6.com,Agile Six Applications,services_other,Government Services,us,inc.com_api_i5list,2021
agmagency.com,AGM Marketing 2.0,services_other,Advertising & Marketing,us,inc.com_api_i5list,2021
allcontractormarketing.com,All Contractor Marketing,services_other,Advertising & Marketing,us,inc.com_api_i5list,2021
amatriot.com,The Amatriot Group,services_other,Government Services,us,inc.com_api_i5list,2021
ampunited.com,AMP United,services_other,Government Services,us,inc.com_api_i5list,2021
apexdrop.com,ApexDrop,services_other,Media,us,inc.com_api_i5list,2021
arlo-solutions.com,Arlo Solutions,services_other,Government Services,us,inc.com_api_i5list,2021
atekinc.com,A-TEK,services_other,Government Services,us,inc.com_api_i5list,2021
atozmedia.com,A to Z Media,services_other,Manufacturing,us,inc.com_api_i5list,2021
audleyconsultinggroup.com,Audley Consulting Group,services_other,Government Services,us,inc.com_api_i5list,2021
avanimedia.com,Avani Media,services_other,Advertising & Marketing,us,inc.com_api_i5list,2021
averoadvisors.com,Avero Advisors,services_other,Government Services,us,inc.com_api_i5list,2021
avexdesigns.com,Avex Designs,services_other,Advertising & Marketing,us,inc.com_api_i5list,2021
axiomconsultants.com,Axiom Consultants,services_other,Government Services,us,inc.com_api_i5list,2021
benzinga.com,Benzinga,services_other,Media,us,inc.com_api_i5list,2021
beyond-definition.com,Bates Creative Group,services_other,Advertising & Marketing,us,inc.com_api_i5list,2021
bidease.com,Bidease,services_other,Advertising & Marketing,us,inc.com_api_i5list,2021
bitmovin.com,Bitmovin,services_other,Media,us,inc.com_api_i5list,2021
bixal.com,Bixal Solutions,services_other,Government Services,us,inc.com_api_i5list,2021
bludigitalgroup.com,Blu Digital Group,services_other,Media,us,inc.com_api_i5list,2021
bluewhaleresearch.com,Bluewhale Research,services_other,Advertising & Marketing,us,inc.com_api_i5list,2021
bobsledmarketing.com,Bobsled Marketing,services_other,Advertising & Marketing,us,inc.com_api_i5list,2021
boldstrategies.com,Bold Strategies,services_other,Advertising & Marketing,us,inc.com_api_i5list,2021
bornagainmedia.com,Born Again Media,services_other,Advertising & Marketing,us,inc.com_api_i5list,2021
bospar.com,Bospar,services_other,"Advertising, Marketing & PR",us,inc.com_api_i5list,2021
bython.com,Bython,services_other,"Advertising, Marketing & PR",us,inc.com_api_i5list,2021
cardinaldigitalmarketing.com,Cardinal Digital Marketing,services_other,"Advertising, Marketing & PR",us,inc.com_api_i5list,2021
cascadeinsights.com,Cascade Insights,services_other,Advertising & Marketing,us,inc.com_api_i5list,2021
centricitynow.com,The E Group,services_other,Advertising & Marketing,us,inc.com_api_i5list,2021
chalk.ad,Chalk Digital,services_other,Advertising & Marketing,us,inc.com_api_i5list,2021
chamber.media,Chamber Media,services_other,Advertising & Marketing,us,inc.com_api_i5list,2021
channelbakers.com,Channel Bakers,services_other,Advertising & Marketing,us,inc.com_api_i5list,2021
chicory.co,Chicory,services_other,"Advertising, Marketing & PR",us,inc.com_api_i5list,2021
choicelocal.com,ChoiceLocal,services_other,Advertising & Marketing,us,inc.com_api_i5list,2021
cimanetwork.com,Cima Network,services_other,Advertising & Marketing,us,inc.com_api_i5list,2021
coalitiontechnologies.com,Coalition Technologies,services_other,Advertising & Marketing,us,inc.com_api_i5list,2021
colinkurtis.com,ColinKurtis Advertising,services_other,Advertising & Marketing,us,inc.com_api_i5list,2021
connatix.com,Connatix,services_other,Media,us,inc.com_api_i5list,2021
connextdigital.com,Connext Digital,services_other,Advertising & Marketing,us,inc.com_api_i5list,2021
consultvistra.com,Vistra Communications,services_other,Advertising & Marketing,us,inc.com_api_i5list,2021
contractingrg.com,Contracting Resources Group,services_other,Government Services,us,inc.com_api_i5list,2021
contractorconnectllc.com,Contractor Connect,services_other,Advertising & Marketing,us,inc.com_api_i5list,2021
cordlessmedia.com,Cordless Media,services_other,Advertising & Marketing,us,inc.com_api_i5list,2021
corporate.equoto.com,Metrix Holdings,services_other,Advertising & Marketing,us,inc.com_api_i5list,2021
crackguys.com,Affordable Foundation & Home Repairs,services_other,Construction,us,inc.com_api_i5list,2021
creativedigitalagency.com,Creative Digital Agency,services_other,Advertising & Marketing,us,inc.com_api_i5list,2021
creativityjustified.com,Creativity Justified,services_other,Advertising & Marketing,us,inc.com_api_i5list,2021
crossandwild.com,Cross & Wild,services_other,Advertising & Marketing,us,inc.com_api_i5list,2021
crowdpharm.com,CrowdPharm,services_other,Advertising & Marketing,us,inc.com_api_i5list,2021
csrow.com,Commonstreet Consulting,services_other,Government Services,us,inc.com_api_i5list,2021
cubikpromo.com,Cubik Promotions,services_other,Advertising & Marketing,us,inc.com_api_i5list,2021
cuebiq.com,Cuebiq,services_other,Advertising & Marketing,us,inc.com_api_i5list,2021
cygnuseducation.com,Cygnus Education,services_other,Advertising & Marketing,us,inc.com_api_i5list,2021
ddunlimitedinc.com,D&D UNLIMITED,services_other,Advertising & Marketing,us,inc.com_api_i5list,2021
delunecorp.com,De Lune,services_other,Government Services,us,inc.com_api_i5list,2021
digital-ignite.com,Digital Ignite,services_other,Advertising & Marketing,us,inc.com_api_i5list,2021
digitalmarketmedia.com,Digital Market Media,services_other,Advertising & Marketing,us,inc.com_api_i5list,2021
dinocrates.com,Dinocrates Group,services_other,Government Services,us,inc.com_api_i5list,2021
directviz.com,DirectViz Solutions,services_other,Government Services,us,inc.com_api_i5list,2021
dm20.com,DirectMail2.0,services_other,Advertising & Marketing,us,inc.com_api_i5list,2021
dtis-corp.com,DTIS,services_other,Government Services,us,inc.com_api_i5list,2021
dunlimitedinc.com,Designs Unlimited,services_other,Advertising & Marketing,us,inc.com_api_i5list,2021
duvys.com,Duvys Media,services_other,IT Services,us,inc.com_api_i5list,2021
dwbhcorp.com,DWBH,services_other,Government Services,us,inc.com_api_i5list,2021
elfster.com,Elfster,services_other,Advertising & Marketing,us,inc.com_api_i5list,2021
embertribe.com,EmberTribe,services_other,Advertising & Marketing,us,inc.com_api_i5list,2021
engageusa.com,Engage,services_other,Advertising & Marketing,us,inc.com_api_i5list,2021
epicenter-innovation.com,Epicenter Innovation,services_other,Government Services,us,inc.com_api_i5list,2021
epicosity.com,Epicosity,services_other,Advertising & Marketing,us,inc.com_api_i5list,2021
esncc.com,Engineering Services Network,services_other,Government Services,us,inc.com_api_i5list,2021
expressrevenue.com,Express Revenue,services_other,Advertising & Marketing,us,inc.com_api_i5list,2021
eyefulmedia.com,Eyeful Media,services_other,Advertising & Marketing,us,inc.com_api_i5list,2021
factorypr.com,Factory PR,services_other,Advertising & Marketing,us,inc.com_api_i5list,2021
farotech.com,Farotech,services_other,Advertising & Marketing,us,inc.com_api_i5list,2021
finchbrands.com,Finch Brands,services_other,Advertising & Marketing,us,inc.com_api_i5list,2021
firehousestrategies.com,Firehouse Strategies,services_other,Advertising & Marketing,us,inc.com_api_i5list,2021
fischtankpr.com,FischTank PR,services_other,Advertising & Marketing,us,inc.com_api_i5list,2021
floodcomm.com,Flood Communications,services_other,Media,us,inc.com_api_i5list,2021
floridaoneinsurance.com,Florida One Insurance Agency,fintech_insurance,Insurance,us,inc.com_api_i5list,2021
foundationescrow.com,Foundation Escrow,services_other,Real Estate,us,inc.com_api_i5list,2021
frequence.com,Frequence,services_other,Advertising & Marketing,us,inc.com_api_i5list,2021
fwdigital.net,Freshwater Digital Media Partners,services_other,Advertising & Marketing,us,inc.com_api_i5list,2021
ganaayoo.com,"Gana-A'Yoo, LImited",services_other,Government Services,us,inc.com_api_i5list,2021
ghostrx.com,Ghost Rx,services_other,Government Services,us,inc.com_api_i5list,2021
ginball.co,JG Digital Marketing,services_other,Advertising & Marketing,us,inc.com_api_i5list,2021
gladempire.com,GLAD EMPIRE,services_other,Media,us,inc.com_api_i5list,2021
goldenwolf.com,Golden Wolf,services_other,Government Services,us,inc.com_api_i5list,2021
golocalinteractive.com,Go Local Interactive,services_other,"Advertising, Marketing & PR",us,inc.com_api_i5list,2021
good2bsocial.com,Good2bSocial,services_other,Advertising & Marketing,us,inc.com_api_i5list,2021
gotechark.com,TechArk Solutions,services_other,"Advertising, Marketing & PR",us,inc.com_api_i5list,2021
gotmoxie.com,Moxie Print,services_other,Advertising & Marketing,us,inc.com_api_i5list,2021
grapeseedmedia.com,Grapeseed Media,services_other,"Advertising, Marketing & PR",us,inc.com_api_i5list,2021
helloflynn.com,Flynn,services_other,Advertising & Marketing,us,inc.com_api_i5list,2021
herbersinsurance.com,Jason Herbers Insurance Agency,fintech_insurance,Insurance,us,inc.com_api_i5list,2021
highdiveus.com,Highdive,services_other,"Advertising, Marketing & PR",us,inc.com_api_i5list,2021
highlighttech.com,Highlight Technologies,services_other,Government Services,us,inc.com_api_i5list,2021
ib3global.com,IB3 Global Solutions,services_other,Government Services,us,inc.com_api_i5list,2021
imwave.com,IMWAVE,services_other,Advertising & Marketing,us,inc.com_api_i5list,2021
industrialstrengthmarketing.com,Industrial Strength Marketing,services_other,Advertising & Marketing,us,inc.com_api_i5list,2021
influxmarketing.com,Influx Marketing,services_other,Advertising & Marketing,us,inc.com_api_i5list,2021
insightdesigns.com,Insight Designs Web Solutions,services_other,Advertising & Marketing,us,inc.com_api_i5list,2021
itechag.com,iTech AG,services_other,Government Services,us,inc.com_api_i5list,2021
jebbit.com,Jebbit,services_other,Advertising & Marketing,us,inc.com_api_i5list,2021
jlbworks.com,JLB,services_other,"Advertising, Marketing & PR",us,inc.com_api_i5list,2021
joyofmarketing.com,Joy of Marketing for Photographers,services_other,Advertising & Marketing,us,inc.com_api_i5list,2021
jsa.net,Jaymie Scotto & Associates,services_other,"Advertising, Marketing & PR",us,inc.com_api_i5list,2021
jstcorp.com,Joint Strategic Technologies,services_other,Government Services,us,inc.com_api_i5list,2021
kanecommgroup.com,Kane Communications Group,services_other,Advertising & Marketing,us,inc.com_api_i5list,2021
kechco.com,KECH,services_other,Government Services,us,inc.com_api_i5list,2021
kliken.com,Kliken,services_other,Advertising & Marketing,us,inc.com_api_i5list,2021
knowesis-inc.com,Knowesis,services_other,Government Services,us,inc.com_api_i5list,2021
koniag-gs.com,Koniag Government Services,services_other,Government Services,us,inc.com_api_i5list,2021
kps3.com,KPS3,services_other,Advertising & Marketing,us,inc.com_api_i5list,2021
kreativetech.com,Kreative Technologies,services_other,Government Services,us,inc.com_api_i5list,2021
kuoginc.com,KUOG Corporation,services_other,Government Services,us,inc.com_api_i5list,2021
launchboom.com,LaunchBoom,services_other,Advertising & Marketing,us,inc.com_api_i5list,2021
lavoiehealthscience.com,LaVoie Strategic Communications Group,services_other,Advertising & Marketing,us,inc.com_api_i5list,2021
lemonadestand.org,Lemonade Stand,services_other,Advertising & Marketing,us,inc.com_api_i5list,2021
localindustries.com,LOCAL,services_other,Advertising & Marketing,us,inc.com_api_i5list,2021
lsm.works,LSM,services_other,Advertising & Marketing,us,inc.com_api_i5list,2021
macarta.com,Macarta,services_other,Advertising & Marketing,us,inc.com_api_i5list,2021
madrivo.com,Madrivo,services_other,Advertising & Marketing,us,inc.com_api_i5list,2021
marcomgroup.com,MarCom Group,services_other,Advertising & Marketing,us,inc.com_api_i5list,2021
markesman.com,Markesman,services_other,Government Services,us,inc.com_api_i5list,2021
marketonce.com,MarketOnce,services_other,Advertising & Marketing,us,inc.com_api_i5list,2021
marketsmiths.com,MarketSmiths Content Strategists,services_other,Advertising & Marketing,us,inc.com_api_i5list,2021
masegoinc.com,Masego,services_other,Government Services,us,inc.com_api_i5list,2021
masepr.com,Multi Air Services Engineers,services_other,Government Services,us,inc.com_api_i5list,2021
mattio.com,MATTIO Communications,services_other,Advertising & Marketing,us,inc.com_api_i5list,2021
mediavine.com,Mediavine,services_other,Advertising & Marketing,us,inc.com_api_i5list,2021
mediawallah.com,Mediawallah,services_other,Advertising & Marketing,us,inc.com_api_i5list,2021
meetotm.com,OTM,services_other,Advertising & Marketing,us,inc.com_api_i5list,2021
michaelshannonconsulting.com,Michael Shannon Consulting,services_other,Government Services,us,inc.com_api_i5list,2021
milkhoneyla.com,Milk & Honey Music + Sports,services_other,Media,us,inc.com_api_i5list,2021
millermedia.group,Miller Media Group,services_other,Advertising & Marketing,us,inc.com_api_i5list,2021
moversshakers.co,Movers+Shakers,services_other,Advertising & Marketing,us,inc.com_api_i5list,2021
msmtechinc.com,MSM Technology,services_other,Government Services,us,inc.com_api_i5list,2021
mudshare.com,MudShare,services_other,Advertising & Marketing,us,inc.com_api_i5list,2021
muserk.com,Muserk,services_other,"Media, Arts & Entertainment",us,inc.com_api_i5list,2021
myacuity.com,Acuity,services_other,Government Services,us,inc.com_api_i5list,2021
nelcomedia.net,Nelco Media,services_other,Business Products & Services,us,inc.com_api_i5list,2021
newengen.com,New Engen,services_other,"Advertising, Marketing & PR",us,inc.com_api_i5list,2021
njimedia.com,NJI,services_other,"Advertising, Marketing & PR",us,inc.com_api_i5list,2021
nonprofitmegaphone.com,Nonprofit Megaphone,services_other,"Advertising, Marketing & PR",us,inc.com_api_i5list,2021
northandwarren.com,North & Warren,services_other,Advertising & Marketing,us,inc.com_api_i5list,2021
npdigital.com,NP Digital,services_other,Advertising & Marketing,us,inc.com_api_i5list,2021
npn360.com,npn360,services_other,Advertising & Marketing,us,inc.com_api_i5list,2021
nuvitek.com,Nüvitek,services_other,Government Services,us,inc.com_api_i5list,2021
obvious.ly,Obviously Social,services_other,Advertising & Marketing,us,inc.com_api_i5list,2021
oceaneastonline.com,Oceaneast Asc,services_other,Government Services,us,inc.com_api_i5list,2021
octillion.tech,Octillion,services_other,Media,us,inc.com_api_i5list,2021
odstrat.com,Old Dominion Strategies,services_other,Government Services,us,inc.com_api_i5list,2021
ohiorealtitle.com,OHIO REAL TITLE AGENCY,services_other,Real Estate,us,inc.com_api_i5list,2021
olympicmedia.com,Olympic Media,services_other,Advertising & Marketing,us,inc.com_api_i5list,2021
oncoreleads.com,OnCore Leads,services_other,Advertising & Marketing,us,inc.com_api_i5list,2021
openlettermarketing.com,Open Letter Marketing,services_other,Advertising & Marketing,us,inc.com_api_i5list,2021
optivateagency.com,Optivate Agency,services_other,Advertising & Marketing,us,inc.com_api_i5list,2021
orsa.co,ORSA Technologies,services_other,Government Services,us,inc.com_api_i5list,2021
oxleyenterprises.com,Oxley Enterprises,services_other,Government Services,us,inc.com_api_i5list,2021
padsquad.com,PadSquad,services_other,"Advertising, Marketing & PR",us,inc.com_api_i5list,2021
paleohacks.com,PaleoHacks,services_other,Media,us,inc.com_api_i5list,2021
peregrinemarketaccess.com,Peregrine Market Access,services_other,Advertising & Marketing,us,inc.com_api_i5list,2021
pharosgroupinc.com,Pharos Group,services_other,Government Services,us,inc.com_api_i5list,2021
phillymarketinglabs.com,Philly Marketing Labs,services_other,Advertising & Marketing,us,inc.com_api_i5list,2021
pingwind.com,PingWind,services_other,Government Services,us,inc.com_api_i5list,2021
pinkston.co,Pinkston,services_other,Advertising & Marketing,us,inc.com_api_i5list,2021
pk4media.com,PK4 Media,services_other,Advertising & Marketing,us,inc.com_api_i5list,2021
pomhold.com,Pomerenke Holdings,services_other,Advertising & Marketing,us,inc.com_api_i5list,2021
preshmarketingsolutions.com,Presh Technologies,services_other,Advertising & Marketing,us,inc.com_api_i5list,2021
procraftmedia.com,Procraft Media,services_other,Media,us,inc.com_api_i5list,2021
prokoconsulting.com,ProKo Agency,services_other,Business Products & Services,us,inc.com_api_i5list,2021
pureadsdigital.com,PureAds,services_other,Advertising & Marketing,us,inc.com_api_i5list,2021
qtecinc.com,QTEC,services_other,Government Services,us,inc.com_api_i5list,2021
questpacifica.com,Quest Pacifica,services_other,Media,us,inc.com_api_i5list,2021
reach.agency,Reach Agency,services_other,"Advertising, Marketing & PR",us,inc.com_api_i5list,2021
redconsolutionsgroup.com,REDCON Solutions Group,services_other,Government Services,us,inc.com_api_i5list,2021
redthreadads.com,redthread creative,services_other,Advertising & Marketing,us,inc.com_api_i5list,2021
resi.io,Resi Media,services_other,Telecommunications,us,inc.com_api_i5list,2021
ring2media.com,Ring2Media,services_other,Advertising & Marketing,us,inc.com_api_i5list,2021
roarmedia.com,Roar Media,services_other,Advertising & Marketing,us,inc.com_api_i5list,2021
roimarkletplace.com,ROI Marketplace,services_other,Advertising & Marketing,us,inc.com_api_i5list,2021
ronshermanproductions.com,Ron Sherman Advertising,services_other,Advertising & Marketing,us,inc.com_api_i5list,2021
scalemedia.com,Scale Media,ecommerce_retail,Consumer Products,us,inc.com_api_i5list,2021
seismicdigital.com,Seismic Digital,services_other,Advertising & Marketing,us,inc.com_api_i5list,2021
sescorporation.com,Systems Engineering Solutions Corporation (SES),services_other,Government Services,us,inc.com_api_i5list,2021
seychellemedia.com,Seychelle Media,services_other,Advertising & Marketing,us,inc.com_api_i5list,2021
sharethrough.com,Sharethrough,services_other,Media,us,inc.com_api_i5list,2021
smcnational.com,SMC National,services_other,Advertising & Marketing,us,inc.com_api_i5list,2021
socialstudies.io,Social Studies,services_other,Advertising & Marketing,us,inc.com_api_i5list,2021
solardirectmarketing.com,Solar Direct Marketing,services_other,Advertising & Marketing,us,inc.com_api_i5list,2021
solarleadfactory.com,SOLARLEADFACTORY,services_other,Advertising & Marketing,us,inc.com_api_i5list,2021
solutionsae.com,SolutionsAe,services_other,Government Services,us,inc.com_api_i5list,2021
sosemo.com,Sosemo,services_other,"Advertising, Marketing & PR",us,inc.com_api_i5list,2021
spireagency.com,Brand Current,services_other,Advertising & Marketing,us,inc.com_api_i5list,2021
sproutcreative.com,Sprout Communications,services_other,Advertising & Marketing,us,inc.com_api_i5list,2021
ssi-hsv.com,"Stratagem Solutions, Incorporated",services_other,Government Services,us,inc.com_api_i5list,2021
stackablesensations.com,Stackable Sensations,services_other,Advertising & Marketing,us,inc.com_api_i5list,2021
stampedeconsulting.com,Stampede America,services_other,Advertising & Marketing,us,inc.com_api_i5list,2021
steampunk.com,Steampunk,services_other,Government Services,us,inc.com_api_i5list,2021
stem.is,Stem,services_other,Media,us,inc.com_api_i5list,2021
stitcherads.com,StitcherAds,services_other,Advertising & Marketing,us,inc.com_api_i5list,2021
stratascorp.com,Stratas Corporation,services_other,Government Services,us,inc.com_api_i5list,2021
stscando.com,Sebastian Tech Systems,services_other,Government Services,us,inc.com_api_i5list,2021
stsfed.com,STS Federal,services_other,Government Services,us,inc.com_api_i5list,2021
suitespot.tv,Suite Spot,services_other,Media,us,inc.com_api_i5list,2021
sum2sea.com,Summit2Sea Consulting,services_other,Government Services,us,inc.com_api_i5list,2021
superbolt.agency,Superbolt,services_other,Advertising & Marketing,us,inc.com_api_i5list,2021
sweetfishmedia.com,Sweet Fish Media,services_other,Advertising & Marketing,us,inc.com_api_i5list,2021
swingtech.com,Swingtech Consulting,services_other,Government Services,us,inc.com_api_i5list,2021
taurean.net,Taurean General Services,services_other,Government Services,us,inc.com_api_i5list,2021
teambstrategy.com,Team b. Strategy +,services_other,Government Services,us,inc.com_api_i5list,2021
teamdec.com,Defense Engineering Corporation,services_other,Government Services,us,inc.com_api_i5list,2021
technologyadvice.com,TechnologyAdvice,services_other,Advertising & Marketing,us,inc.com_api_i5list,2021
theartofeducation.edu,The Art of Education University,edtech,Education,us,inc.com_api_i5list,2021
thebowengroup.com,The Bowen Group,services_other,Government Services,us,inc.com_api_i5list,2021
thebuddygroup.com,The Buddy Group,services_other,Advertising & Marketing,us,inc.com_api_i5list,2021
thedouglasjames.net,Amped Local,services_other,Advertising & Marketing,us,inc.com_api_i5list,2021
theengineisred.com,The Engine is Red,services_other,Advertising & Marketing,us,inc.com_api_i5list,2021
thekeystoneteam.com,The Keystone Team Corp,services_other,Advertising & Marketing,us,inc.com_api_i5list,2021
thelynxgroup.com,The Lynx Group,services_other,Advertising & Marketing,us,inc.com_api_i5list,2021
themajorbehavior.com,Major Behavior,services_other,Advertising & Marketing,us,inc.com_api_i5list,2021
themediamgr.com,The Media Manager,services_other,Advertising & Marketing,us,inc.com_api_i5list,2021
theshelf.com,The Shelf,services_other,"Advertising, Marketing & PR",us,inc.com_api_i5list,2021
thestable.com,The Stable,services_other,Advertising & Marketing,us,inc.com_api_i5list,2021
thinkargus.com,ThinkArgus,services_other,"Advertising, Marketing & PR",us,inc.com_api_i5list,2021
thinkjuice.com,JUICE,services_other,Advertising & Marketing,us,inc.com_api_i5list,2021
throtle.io,Throtle,services_other,"Advertising, Marketing & PR",us,inc.com_api_i5list,2021
tinseldesign.com,Tinsel Experiential Design,services_other,Advertising & Marketing,us,inc.com_api_i5list,2021
trboadvance.com,TRBO ADvance,services_other,Advertising & Marketing,us,inc.com_api_i5list,2021
triggerpointmedia.com,TriggerPoint Media,services_other,Advertising & Marketing,us,inc.com_api_i5list,2021
truad.com,Truth Marketing + Media,services_other,"Advertising, Marketing & PR",us,inc.com_api_i5list,2021
tylernewmedia.com,Tyler New Media,services_other,Advertising & Marketing,us,inc.com_api_i5list,2021
ulistic.com,Ulistic LP,services_other,Advertising & Marketing,us,inc.com_api_i5list,2021
vacationvip.com,Vacation VIP,services_other,Advertising & Marketing,us,inc.com_api_i5list,2021
valveandmeter.com,Valve+Meter Performance Marketing,services_other,Advertising & Marketing,us,inc.com_api_i5list,2021
vectorsolutions.us,Vector Solutions,services_other,Government Services,us,inc.com_api_i5list,2021
vestafoundationsolutions.com,Vesta Foundation Solutions,services_other,Construction,us,inc.com_api_i5list,2021
wearetraffik.com,TRAFFIK,services_other,Advertising & Marketing,us,inc.com_api_i5list,2021
webenertia.com,WebEnertia,services_other,Advertising & Marketing,us,inc.com_api_i5list,2021
west4thstrategy.com,West 4th Strategy,services_other,Government Services,us,inc.com_api_i5list,2021
willtechnology.com,WILL Technology,services_other,Government Services,us,inc.com_api_i5list,2021
windsorgroup-llc.com,Windsor Group,services_other,Government Services,us,inc.com_api_i5list,2021
wolfpackpublishing.com,Wolfpack Publishing,services_other,Media,us,inc.com_api_i5list,2021
wonderteam.com,Wonder Entertainment,services_other,Advertising & Marketing,us,inc.com_api_i5list,2021
worthecommerce.com,Worth eCommerce,services_other,Advertising & Marketing,us,inc.com_api_i5list,2021
100thieves.com,100 Thieves,services_other,Media,us,inc.com_api_i5list,2022
14thrnd.com,14th Round,services_other,Advertising & Marketing,us,inc.com_api_i5list,2022
47samurai.com,47 Samurai,services_other,Advertising & Marketing,us,inc.com_api_i5list,2022
4media-group.com,4media group,services_other,Advertising & Marketing,us,inc.com_api_i5list,2022
500designs.com,500 Designs,services_other,Advertising & Marketing,us,inc.com_api_i5list,2022
5to60.com,Five to Sixty,services_other,Advertising & Marketing,us,inc.com_api_i5list,2022
6amcity.com,6AM City,services_other,Media,us,inc.com_api_i5list,2022
898marketing.com,898 Marketing,services_other,Advertising & Marketing,us,inc.com_api_i5list,2022
abmagency.com,The ABM Agency,services_other,Advertising & Marketing,us,inc.com_api_i5list,2022
accelerateddigitalmedia.com,Accelerated Digital Media,services_other,Advertising & Marketing,us,inc.com_api_i5list,2022
accelmarketingsolutions.com,Accel Marketing Solutions,services_other,Advertising & Marketing,us,inc.com_api_i5list,2022
adadvance.com,Ad Advance,services_other,"Advertising, Marketing & PR",us,inc.com_api_i5list,2022
adlerlocal.com,Adler Local,services_other,Advertising & Marketing,us,inc.com_api_i5list,2022
admazing.co,Admazing Co.,services_other,Advertising & Marketing,us,inc.com_api_i5list,2022
aeyon.us,Aeyon,services_other,Government Services,us,inc.com_api_i5list,2022
agencyelevation.com,Agency Elevation,services_other,Advertising & Marketing,us,inc.com_api_i5list,2022
aircoverpr.com,Aircover Communications,services_other,Advertising & Marketing,us,inc.com_api_i5list,2022
albers.aero,Albers Aerospace,services_other,Government Services,us,inc.com_api_i5list,2022
amaconsultinggroup.com,AMA Consulting Group,services_other,Government Services,us,inc.com_api_i5list,2022
ameriquote.com,Ameriquote,services_other,Advertising & Marketing,us,inc.com_api_i5list,2022
ampsight.com,Vibrint (Formerly Ampsight),services_other,Government Services,us,inc.com_api_i5list,2022
amsgcorp.net,Advanced Management Strategies Group (AMSG),services_other,Government Services,us,inc.com_api_i5list,2022
anteriad.com,Anteriad,services_other,"Advertising, Marketing & PR",us,inc.com_api_i5list,2022
apntech.io,apnTech,services_other,Advertising & Marketing,us,inc.com_api_i5list,2022
artsai.com,ArtsAI,services_other,Advertising & Marketing,us,inc.com_api_i5list,2022
asylummarketing.com,ASYLUM MARKETING,services_other,Advertising & Marketing,us,inc.com_api_i5list,2022
attainx.com,Attainx,services_other,Government Services,us,inc.com_api_i5list,2022
aventigroup.com,Aventi Group,services_other,Advertising & Marketing,us,inc.com_api_i5list,2022
axiominnovates.com,Axiom Innovations,services_other,"Advertising, Marketing & PR",us,inc.com_api_i5list,2022
axios.com,Axios,services_other,Media,us,inc.com_api_i5list,2022
beacondigitalmarketing.com,Beacon Digital Marketing,services_other,Advertising & Marketing,us,inc.com_api_i5list,2022
bearfoxmarketing.com,Bear Fox Marketing,services_other,Advertising & Marketing,us,inc.com_api_i5list,2022
bgracemedia.com,BGrace Media,services_other,Advertising & Marketing,us,inc.com_api_i5list,2022
bizzarroagency.com,Bizzarro Agency,services_other,Real Estate,us,inc.com_api_i5list,2022
bkmmarketing.com,BKM Marketing Associates,services_other,Advertising & Marketing,us,inc.com_api_i5list,2022
blackbayaero.com,Black Bay Aerospace,services_other,Government Services,us,inc.com_api_i5list,2022
blacksmith.agency,Blacksmith Agency,services_other,Advertising & Marketing,us,inc.com_api_i5list,2022
blakenubar.com,Laptop Freedom,services_other,Advertising & Marketing,us,inc.com_api_i5list,2022
blastmedia.com,BLASTmedia,services_other,Advertising & Marketing,us,inc.com_api_i5list,2022
blazepr.com,Blaze PR,services_other,Advertising & Marketing,us,inc.com_api_i5list,2022
boldorange.com,Bold Orange Company,services_other,"Advertising, Marketing & PR",us,inc.com_api_i5list,2022
boldsquare.com,The Boldsquare Group,services_other,Advertising & Marketing,us,inc.com_api_i5list,2022
brickcitygreenhouse.com,Brick City Greenhouse,services_other,Advertising & Marketing,us,inc.com_api_i5list,2022
brilliantprandmarketing.com,Brilliant PR & Marketing,services_other,Advertising & Marketing,us,inc.com_api_i5list,2022
britevox.com,BriteVox,services_other,"Advertising, Marketing & PR",us,inc.com_api_i5list,2022
brkthru.com,Brkthru,services_other,"Advertising, Marketing & PR",us,inc.com_api_i5list,2022
bytefederal.com,Byte Federal,fintech_insurance,Financial Services,us,inc.com_api_i5list,2022
campdigital.com,CAMP Digital,services_other,Advertising & Marketing,us,inc.com_api_i5list,2022
canopymanagement.com,Canopy Management,services_other,Advertising & Marketing,us,inc.com_api_i5list,2022
capitalsolutionsgroup.com,Capital Solutions Group (CSG),services_other,Government Services,us,inc.com_api_i5list,2022
carvecomms.com,Carve Communications,services_other,Advertising & Marketing,us,inc.com_api_i5list,2022
catchyagency.com,Catchy,services_other,"Advertising, Marketing & PR",us,inc.com_api_i5list,2022
cbidigital.com,CBI Digital,services_other,Advertising & Marketing,us,inc.com_api_i5list,2022
channelkey.com,Channel Key,services_other,Advertising & Marketing,us,inc.com_api_i5list,2022
chirocandy.com,ChiroCandy Marketing,services_other,Advertising & Marketing,us,inc.com_api_i5list,2022
cien.plus,Cien Plus,services_other,Advertising & Marketing,us,inc.com_api_i5list,2022
cillc.com,Competitive Innovations,services_other,Government Services,us,inc.com_api_i5list,2022
civicscience.com,CivicScience,services_other,Advertising & Marketing,us,inc.com_api_i5list,2022
cleartitleaz.com,Clear Title Agency of Arizona,services_other,Real Estate,us,inc.com_api_i5list,2022
clientaccelerators.com,Client Accelerators,services_other,Advertising & Marketing,us,inc.com_api_i5list,2022
clientattractionuniversity.com,Client Attraction University,services_other,Advertising & Marketing,us,inc.com_api_i5list,2022
cm.studio,Conscious Minds Studios,services_other,Advertising & Marketing,us,inc.com_api_i5list,2022
cmrignite.com,Creative Marketing Resources,services_other,Advertising & Marketing,us,inc.com_api_i5list,2022
commercenext.com,CommerceNext,services_other,Advertising & Marketing,us,inc.com_api_i5list,2022
company119.com,Company 119 LTD,services_other,Advertising & Marketing,us,inc.com_api_i5list,2022
comradeweb.com,CF Style,services_other,Advertising & Marketing,us,inc.com_api_i5list,2022
connectingdotsllc.com,Connecting The Dots,services_other,Advertising & Marketing,us,inc.com_api_i5list,2022
consultwithintegrity.com,Integrity Management Consulting,services_other,Government Services,us,inc.com_api_i5list,2022
contractorgrowthnetwork.com,Contractor Growth Network,services_other,Advertising & Marketing,us,inc.com_api_i5list,2022
cornerloc.com,Foundation Fusion Solutions,health,Health Services,us,inc.com_api_i5list,2022
creatordeck.com,Creator Deck,services_other,Advertising & Marketing,us,inc.com_api_i5list,2022
crosscountrycreative.com,Cross Country Creative,services_other,"Advertising, Marketing & PR",us,inc.com_api_i5list,2022
crowepr.com,Crowe PR,services_other,Advertising & Marketing,us,inc.com_api_i5list,2022
crownandconquer.com,Crown and Conquer,services_other,Advertising & Marketing,us,inc.com_api_i5list,2022
cruxkc.com,Crux KC,services_other,"Advertising, Marketing & PR",us,inc.com_api_i5list,2022
dailywire.com,Bentkey Ventures,services_other,Media,us,inc.com_api_i5list,2022
dasfederal.com,DAS Federal,services_other,Government Services,us,inc.com_api_i5list,2022
datalabusa.com,Datalab USA,services_other,Advertising & Marketing,us,inc.com_api_i5list,2022
ddreps.com,DDreps,services_other,Advertising & Marketing,us,inc.com_api_i5list,2022
dealeralchemist.com,Dealer Alchemist,services_other,"Advertising, Marketing & PR",us,inc.com_api_i5list,2022
dealeromg.com,Dealer OMG,services_other,Advertising & Marketing,us,inc.com_api_i5list,2022
deerfieldagency.com,Deerfield Agency,services_other,Advertising & Marketing,us,inc.com_api_i5list,2022
deksia.com,Deksia,services_other,Advertising & Marketing,us,inc.com_api_i5list,2022
dexteritybooks.com,Dexterity,services_other,Media,us,inc.com_api_i5list,2022
didna.io,diDNA,services_other,Advertising & Marketing,us,inc.com_api_i5list,2022
digible.com,Digible,services_other,"Advertising, Marketing & PR",us,inc.com_api_i5list,2022
digitalauthority.me,Digital Authority Partners,services_other,Advertising & Marketing,us,inc.com_api_i5list,2022
digitalnycagency.com,Digital NYC Agency,services_other,Advertising & Marketing,us,inc.com_api_i5list,2022
digitalox.com,Digital Ox,services_other,Advertising & Marketing,us,inc.com_api_i5list,2022
digitalposition.com,Digital Position,services_other,Advertising & Marketing,us,inc.com_api_i5list,2022
directom.com,Direct Online Marketing,services_other,Advertising & Marketing,us,inc.com_api_i5list,2022
discoverasg.com,Archipelago Strategies Group,services_other,Advertising & Marketing,us,inc.com_api_i5list,2022
dksmo.com,DK Solutions,services_other,Advertising & Marketing,us,inc.com_api_i5list,2022
dottedline.agency,Dotted Line,services_other,Advertising & Marketing,us,inc.com_api_i5list,2022
dreamshakemediallc.com,Dream Shake Media,services_other,Advertising & Marketing,us,inc.com_api_i5list,2022
ebsleaders.com,"Elite Business Strategies, LLC",services_other,Government Services,us,inc.com_api_i5list,2022
edesigninteractive.com,eDesign Interactive,services_other,"Advertising, Marketing & PR",us,inc.com_api_i5list,2022
elumynt.com,Elumynt,services_other,Advertising & Marketing,us,inc.com_api_i5list,2022
endeavorbusinessmedia.com,Endeavor Business Media,services_other,Media,us,inc.com_api_i5list,2022
endrock.software,Endrock Growth & Analytics,services_other,Advertising & Marketing,us,inc.com_api_i5list,2022
envisionresponse.com,Envision Response,services_other,Advertising & Marketing,us,inc.com_api_i5list,2022
episodefour.com,Episode Four,services_other,"Advertising, Marketing & PR",us,inc.com_api_i5list,2022
evolving-influence.com,GAVIN,services_other,Advertising & Marketing,us,inc.com_api_i5list,2022
few.io,Few,services_other,Advertising & Marketing,us,inc.com_api_i5list,2022
firstarriving.com,First Arriving,services_other,Advertising & Marketing,us,inc.com_api_i5list,2022
fitzmartin.com,"FitzMartin, Inc.",services_other,Advertising & Marketing,us,inc.com_api_i5list,2022
focusinsite.com,Focus Insite,services_other,Advertising & Marketing,us,inc.com_api_i5list,2022
foundationsupportspecialists.com,Foundation Support Specialists,services_other,Construction,us,inc.com_api_i5list,2022
fpidaho.com,Cobi Kat Enterprises,services_other,Advertising & Marketing,us,inc.com_api_i5list,2022
franchiseramp.com,Franchise Ramp,services_other,"Advertising, Marketing & PR",us,inc.com_api_i5list,2022
galvanized.com,Galvanized Media,services_other,Media,us,inc.com_api_i5list,2022
gb-dm.com,G&B Digital Management,services_other,Advertising & Marketing,us,inc.com_api_i5list,2022
gcfrog.com,Graphic Connections Group,services_other,Advertising & Marketing,us,inc.com_api_i5list,2022
gearseven.tv,Gear Seven Creative,services_other,Advertising & Marketing,us,inc.com_api_i5list,2022
getalwayson.com,AlwaysOn Digital,services_other,Advertising & Marketing,us,inc.com_api_i5list,2022
giantpartners.com,Giant Partners,services_other,Advertising & Marketing,us,inc.com_api_i5list,2022
glidedesign.com,GLIDE,services_other,"Advertising, Marketing & PR",us,inc.com_api_i5list,2022
globalgatewayadvisors.com,Global Gateway Advisors,services_other,Advertising & Marketing,us,inc.com_api_i5list,2022
glozinc.com,Gloz,services_other,Media,us,inc.com_api_i5list,2022
golimetree.com,Limetree,services_other,"Advertising, Marketing & PR",us,inc.com_api_i5list,2022
gosqueeze.com,Squeeze,services_other,"Advertising, Marketing & PR",us,inc.com_api_i5list,2022
gravitylabsinc.com,Gravity Labs,services_other,Advertising & Marketing,us,inc.com_api_i5list,2022
gromarketing.com,GRO,services_other,"Advertising, Marketing & PR",us,inc.com_api_i5list,2022
growwithimg.com,Integrated Media Group,services_other,Advertising & Marketing,us,inc.com_api_i5list,2022
growwithmail.com,Mailings Unlimited,services_other,Advertising & Marketing,us,inc.com_api_i5list,2022
haawk.com,HAAWK,services_other,"Media, Arts & Entertainment",us,inc.com_api_i5list,2022
hashtaghealthagency.com,HashtagHealth,services_other,Advertising & Marketing,us,inc.com_api_i5list,2022
hearworks.com,HearWorks,services_other,Advertising & Marketing,us,inc.com_api_i5list,2022
helium-seo.com,Helium SEO,services_other,Advertising & Marketing,us,inc.com_api_i5list,2022
heydaymarketing.com,Heyday Marketing,services_other,Advertising & Marketing,us,inc.com_api_i5list,2022
hitedigital.com,Hite Digital,services_other,Advertising & Marketing,us,inc.com_api_i5list,2022
houseofrevenue.com,House of Revenue,services_other,Advertising & Marketing,us,inc.com_api_i5list,2022
huntingtonbillboards.com,Huntington Billboard,services_other,Advertising & Marketing,us,inc.com_api_i5list,2022
icscreative.com,Image Conscious Studios,services_other,Advertising & Marketing,us,inc.com_api_i5list,2022
identika.com,Identika,services_other,Advertising & Marketing,us,inc.com_api_i5list,2022
igniteitservices.com,Ignite IT,services_other,Government Services,us,inc.com_api_i5list,2022
imcexperiences.com,IMC,services_other,Advertising & Marketing,us,inc.com_api_i5list,2022
impactmarketingpartners.com,Impact Marketing of NC,services_other,Advertising & Marketing,us,inc.com_api_i5list,2022
ind-inf.com,Infinity Industrial Controls,services_other,Advertising & Marketing,us,inc.com_api_i5list,2022
infersol.com,Infer Solutions,services_other,Government Services,us,inc.com_api_i5list,2022
influex.com,Purpose Inspired Marketing,services_other,Advertising & Marketing,us,inc.com_api_i5list,2022
integratedimage.com,Integrated Image,services_other,Advertising & Marketing,us,inc.com_api_i5list,2022
ironeaglex.com,Iron EagleX,services_other,Government Services,us,inc.com_api_i5list,2022
ishift.io,iShift,services_other,Government Services,us,inc.com_api_i5list,2022
itssomethingdifferent.com,Something Different,services_other,Advertising & Marketing,us,inc.com_api_i5list,2022
izzardink.com,Izzard Ink Publishing,services_other,Media,us,inc.com_api_i5list,2022
joycollective.com,Joy Media Collective,services_other,Advertising & Marketing,us,inc.com_api_i5list,2022
justdrivemedia.com,Just Drive Media,services_other,"Advertising, Marketing & PR",us,inc.com_api_i5list,2022
kashurba.com,Kashurba Web Design Group,services_other,"Advertising, Marketing & PR",us,inc.com_api_i5list,2022
kerv.ai,KERV Interactive,services_other,Advertising & Marketing,us,inc.com_api_i5list,2022
kw2madison.com,Knupp & Watson & Wallman,services_other,Advertising & Marketing,us,inc.com_api_i5list,2022
lafayetteamerican.com,Lafayette American,services_other,Advertising & Marketing,us,inc.com_api_i5list,2022
lafleur.marketing,LaFleur Marketing,services_other,Advertising & Marketing,us,inc.com_api_i5list,2022
leadcoverage.com,LeadCoverage,services_other,"Advertising, Marketing & PR",us,inc.com_api_i5list,2022
lenderdaily.com,Lender Daily Corp,services_other,Advertising & Marketing,us,inc.com_api_i5list,2022
leveragelab.com,Leverage Lab,services_other,Advertising & Marketing,us,inc.com_api_i5list,2022
ligerpartners.com,Liger,services_other,Advertising & Marketing,us,inc.com_api_i5list,2022
likemind.com,Likemind,services_other,Media,us,inc.com_api_i5list,2022
limelightmarketing.com,LimeLight Marketing,services_other,Advertising & Marketing,us,inc.com_api_i5list,2022
linkgraph.com,LinkGraph,services_other,Advertising & Marketing,us,inc.com_api_i5list,2022
localseoguide.com,Local SEO Guide,services_other,Advertising & Marketing,us,inc.com_api_i5list,2022
location3.com,Location3 Media,services_other,Advertising & Marketing,us,inc.com_api_i5list,2022
lolo.gifts,LoLo,services_other,Advertising & Marketing,us,inc.com_api_i5list,2022
lookleftmarketing.com,Look Left Marketing,services_other,Advertising & Marketing,us,inc.com_api_i5list,2022
mabbly.com,Mabbly,services_other,Advertising & Marketing,us,inc.com_api_i5list,2022
madisonlogic.com,Madison Logic,services_other,Advertising & Marketing,us,inc.com_api_i5list,2022
madisonmain.com,Madison+Main,services_other,Advertising & Marketing,us,inc.com_api_i5list,2022
magnetudeconsulting.com,Magnetude Consulting,services_other,Advertising & Marketing,us,inc.com_api_i5list,2022
magnitudedigital.com,Magnitude Digital,services_other,Advertising & Marketing,us,inc.com_api_i5list,2022
mass1ve.net,Massive,services_other,Advertising & Marketing,us,inc.com_api_i5list,2022
mastheadmedia.com,Masthead Media Company,services_other,Advertising & Marketing,us,inc.com_api_i5list,2022
mattermade.co,Matter Made,services_other,Advertising & Marketing,us,inc.com_api_i5list,2022
mbsolutions-inc.com,Mb Solutions,services_other,Government Services,us,inc.com_api_i5list,2022
mccommgroup.com,McComm Group,services_other,Advertising & Marketing,us,inc.com_api_i5list,2022
mcshanellc.com,McShane,services_other,Advertising & Marketing,us,inc.com_api_i5list,2022
medforcegovsol.com,MedForce Government Solutions,services_other,Government Services,us,inc.com_api_i5list,2022
mediafrenzyglobal.com,Media Frenzy Global,services_other,Advertising & Marketing,us,inc.com_api_i5list,2022
meetkickstand.com,Kickstand,services_other,Advertising & Marketing,us,inc.com_api_i5list,2022
mergeworld.com,MERGE,services_other,Advertising & Marketing,us,inc.com_api_i5list,2022
methodrecruiting.com,Method Recruiting,services_other,Advertising & Marketing,us,inc.com_api_i5list,2022
mgt.us,MGT,services_other,Government Services,us,inc.com_api_i5list,2022
mikebarron.com,Limelight Media,services_other,Advertising & Marketing,us,inc.com_api_i5list,2022
moloco.com,Moloco,services_other,Advertising & Marketing,us,inc.com_api_i5list,2022
mother.ly,Motherly,services_other,Media,us,inc.com_api_i5list,2022
motusci.com,MOTUS Consumer Insights,services_other,Advertising & Marketing,us,inc.com_api_i5list,2022
myamazonguy.com,My Amazon Guy,services_other,Advertising & Marketing,us,inc.com_api_i5list,2022
nationalstrategic.com,National Strategic Group,services_other,Advertising & Marketing,us,inc.com_api_i5list,2022
nemeansolutions.com,Nemean Solutions,services_other,Government Services,us,inc.com_api_i5list,2022
neonambition.com,Neon Ambition,services_other,Advertising & Marketing,us,inc.com_api_i5list,2022
neoncanvas.com,Neon Canvas,services_other,"Advertising, Marketing & PR",us,inc.com_api_i5list,2022
newormedia.com,Newor Media,services_other,Advertising & Marketing,us,inc.com_api_i5list,2022
nextleft.com,NextLeft,services_other,Advertising & Marketing,us,inc.com_api_i5list,2022
nextmarketing.com,Next Marketing,services_other,Advertising & Marketing,us,inc.com_api_i5list,2022
ngngenterprises.com,NGNG Enterprises,services_other,Advertising & Marketing,us,inc.com_api_i5list,2022
nlc.com,No Limit Creatives,services_other,Advertising & Marketing,us,inc.com_api_i5list,2022
noise.com,NOISE,services_other,Advertising & Marketing,us,inc.com_api_i5list,2022
offbeat.xyz,Offbeat Media Group,services_other,Media,us,inc.com_api_i5list,2022
omahamediagroup.com,Omaha Media Group,services_other,Advertising & Marketing,us,inc.com_api_i5list,2022
omni2max.com,Omni2Max,services_other,Government Services,us,inc.com_api_i5list,2022
omnicommander.com,OMNICOMMANDER,services_other,Advertising & Marketing,us,inc.com_api_i5list,2022
onezerollc.com,OneZero Solutions,services_other,Government Services,us,inc.com_api_i5list,2022
orangethreadlive.com,Orange Thread Media,services_other,Business Products & Services,us,inc.com_api_i5list,2022
panum.com,Panum,services_other,Government Services,us,inc.com_api_i5list,2022
pastilla.co,Pastilla,services_other,Advertising & Marketing,us,inc.com_api_i5list,2022
pathformance.com,Pathformance Technologies,services_other,"Advertising, Marketing & PR",us,inc.com_api_i5list,2022
patriotsintl.com,Patriots International,services_other,Government Services,us,inc.com_api_i5list,2022
pelentigroup.com,Pelenti Group,services_other,Government Services,us,inc.com_api_i5list,2022
planitagency.com,Planit,services_other,Advertising & Marketing,us,inc.com_api_i5list,2022
prepnetwork.com,Prep Network,services_other,"Media, Arts & Entertainment",us,inc.com_api_i5list,2022
printhouse.proforma.com,Proforma Printhouse,services_other,"Advertising, Marketing & PR",us,inc.com_api_i5list,2022
promosuns.com,Promosuns,services_other,Advertising & Marketing,us,inc.com_api_i5list,2022
pts.careers,Precision Talent Solutions,services_other,Government Services,us,inc.com_api_i5list,2022
publishdrive.com,PublishDrive,services_other,Media,us,inc.com_api_i5list,2022
pullspark.com,PullSpark,services_other,"Advertising, Marketing & PR",us,inc.com_api_i5list,2022
qonkur.com,QONKUR MEDIA GROUP,services_other,Advertising & Marketing,us,inc.com_api_i5list,2022
qualifiedigital.com,Qualified Digital,services_other,"Advertising, Marketing & PR",us,inc.com_api_i5list,2022
quotestorm.com,Quote Storm Holdings,services_other,Advertising & Marketing,us,inc.com_api_i5list,2022
ragnaroknyc.com,Ragnarok,services_other,Advertising & Marketing,us,inc.com_api_i5list,2022
rangemarketing.com,Range Marketing,services_other,Advertising & Marketing,us,inc.com_api_i5list,2022
raptv.com,RapTV,services_other,Media,us,inc.com_api_i5list,2022
rcdigital.us,RC Digital Consultancy,services_other,Advertising & Marketing,us,inc.com_api_i5list,2022
reachfiredigital.com,ReachFire,services_other,Advertising & Marketing,us,inc.com_api_i5list,2022
reboundb2b.com,Rebound Communications,services_other,Advertising & Marketing,us,inc.com_api_i5list,2022
reelaxis.com,Reel Axis,services_other,Advertising & Marketing,us,inc.com_api_i5list,2022
reflexiveconcepts.com,Reflexive Concepts,services_other,Government Services,us,inc.com_api_i5list,2022
relevatehealth.com,Relevate Health,services_other,Advertising & Marketing,us,inc.com_api_i5list,2022
religionofsports.com,Religion of Sports,services_other,"Media, Arts & Entertainment",us,inc.com_api_i5list,2022
responselabs.com,Response Labs,services_other,"Advertising, Marketing & PR",us,inc.com_api_i5list,2022
revboss.com,RevBoss,services_other,Advertising & Marketing,us,inc.com_api_i5list,2022
rhstrategic.com,Raffetto Herman Strategic Communications,services_other,Advertising & Marketing,us,inc.com_api_i5list,2022
riverside-ent.com,Riverside Entertainment,services_other,Media,us,inc.com_api_i5list,2022
rockcontent.com,Rock Content,services_other,Advertising & Marketing,us,inc.com_api_i5list,2022
rpproservices.com,RP Professional Services,services_other,Government Services,us,inc.com_api_i5list,2022
sakshealth.com,SAKS Health,services_other,Advertising & Marketing,us,inc.com_api_i5list,2022
saltermitchellpr.com,SalterMitchell PR,services_other,Advertising & Marketing,us,inc.com_api_i5list,2022
searchlabdigital.com,SearchLab Digital,services_other,"Advertising, Marketing & PR",us,inc.com_api_i5list,2022
sensisagency.com,Sensis,services_other,Advertising & Marketing,us,inc.com_api_i5list,2022
sevenfigureagency.com,Seven Figure Agency,services_other,"Advertising, Marketing & PR",us,inc.com_api_i5list,2022
sharedvaluemedia.com,Shared Value Media,services_other,Advertising & Marketing,us,inc.com_api_i5list,2022
shiftparadigm.com,Shift Paradigm,services_other,Advertising & Marketing,us,inc.com_api_i5list,2022
sierra7.com,Sierra7,services_other,Government Services,us,inc.com_api_i5list,2022
significanceinc.com,Significance,services_other,Government Services,us,inc.com_api_i5list,2022
simplermedia.com,Simpler Media Group,services_other,Media,us,inc.com_api_i5list,2022
slicedbread.agency,Slicedbread,services_other,Advertising & Marketing,us,inc.com_api_i5list,2022
smashbrand.com,SmashBrand,services_other,Advertising & Marketing,us,inc.com_api_i5list,2022
sociallyin.com,Sociallyin,services_other,Advertising & Marketing,us,inc.com_api_i5list,2022
socialnative.com,Social Native,services_other,Advertising & Marketing,us,inc.com_api_i5list,2022
soleo.com,Soleo Communications,services_other,Advertising & Marketing,us,inc.com_api_i5list,2022
spartanmedspine.com,Spartan Medical,services_other,Government Services,us,inc.com_api_i5list,2022
sperlinginteractive.com,Sperling.,services_other,"Advertising, Marketing & PR",us,inc.com_api_i5list,2022
spinemedia.com,Spine Media,services_other,Advertising & Marketing,us,inc.com_api_i5list,2022
spoolmarketing.com,Spool,services_other,Advertising & Marketing,us,inc.com_api_i5list,2022
spurriergroup.com,Spurrier Group,services_other,"Advertising, Marketing & PR",us,inc.com_api_i5list,2022
starkravingboston.com,Stark / Raving Branding + Digital Marketing,services_other,Advertising & Marketing,us,inc.com_api_i5list,2022
startrco.com,Startr Co.,services_other,Advertising & Marketing,us,inc.com_api_i5list,2022
stellaragency.com,Stellar Agency,services_other,Advertising & Marketing,us,inc.com_api_i5list,2022
steptstudios.com,Stept,services_other,Advertising & Marketing,us,inc.com_api_i5list,2022
superconnectormedia.com,Super Connector Media,services_other,Media,us,inc.com_api_i5list,2022
sureoak.com,Sure Oak Solutions / Sure Oak,services_other,Advertising & Marketing,us,inc.com_api_i5list,2022
swidia.com,SWIDIA,services_other,Advertising & Marketing,us,inc.com_api_i5list,2022
symphonicdigital.com,Symphonic Digital,services_other,Advertising & Marketing,us,inc.com_api_i5list,2022
synergistic.io,Synergistic,services_other,"Advertising, Marketing & PR",us,inc.com_api_i5list,2022
taxpromarketer.com,TaxProMarketer,services_other,Advertising & Marketing,us,inc.com_api_i5list,2022
techstronggroup.com,Techstrong Group,services_other,Media,us,inc.com_api_i5list,2022
testimonialhero.com,Testimonial Hero,services_other,Advertising & Marketing,us,inc.com_api_i5list,2022
the5thcolumnpr.com,The 5th Column,services_other,Advertising & Marketing,us,inc.com_api_i5list,2022
theartoflove.com,The Art Of Love,services_other,Media,us,inc.com_api_i5list,2022
theexperientialgroup.com,The Experiential Group,services_other,Advertising & Marketing,us,inc.com_api_i5list,2022
themostudio.com,MO,services_other,Government Services,us,inc.com_api_i5list,2022
thenewsette.com,The Newsette,services_other,Media,us,inc.com_api_i5list,2022
thepartnership.com,The Partnership,services_other,Advertising & Marketing,us,inc.com_api_i5list,2022
thepowergroup.com,The Power Group,services_other,Advertising & Marketing,us,inc.com_api_i5list,2022
theqdm.com,Quantum Digital Media,services_other,Advertising & Marketing,us,inc.com_api_i5list,2022
therba.com,RBA Advertising,services_other,Advertising & Marketing,us,inc.com_api_i5list,2022
thesearchengineguys.com,Cloud 8 Sixteen,services_other,Advertising & Marketing,us,inc.com_api_i5list,2022
thesnowagency.com,The Snow Agency,services_other,Advertising & Marketing,us,inc.com_api_i5list,2022
thewiseragency.com,The Wiser Agency,services_other,Business Products & Services,us,inc.com_api_i5list,2022
thinkingbox.com,Thinkingbox,services_other,Advertising & Marketing,us,inc.com_api_i5list,2022
thinksparkinc.com,Richard L Davis,services_other,Advertising & Marketing,us,inc.com_api_i5list,2022
thinktekllc.com,ThinkTek,services_other,Government Services,us,inc.com_api_i5list,2022
thisisarray.com,Array Digital,services_other,Advertising & Marketing,us,inc.com_api_i5list,2022
threadline.co,Threadline,services_other,Advertising & Marketing,us,inc.com_api_i5list,2022
tieronepr.com,Tier One Partners,services_other,Advertising & Marketing,us,inc.com_api_i5list,2022
titandigital.com,Titan Web Marketing Solutions,services_other,Advertising & Marketing,us,inc.com_api_i5list,2022
tmgbl.com,TradeMarc Global,services_other,Advertising & Marketing,us,inc.com_api_i5list,2022
topsarge.com,Topsarge Business Solutions,services_other,Government Services,us,inc.com_api_i5list,2022
trafficandfunnels.com,Traffic and Funnels,services_other,Advertising & Marketing,us,inc.com_api_i5list,2022
twotonecreative.com,TwoTone Creative,services_other,Advertising & Marketing,us,inc.com_api_i5list,2022
uberstrategist.com,UberStrategist,services_other,Advertising & Marketing,us,inc.com_api_i5list,2022
unfoldagency.com,Unfold Agency,services_other,Advertising & Marketing,us,inc.com_api_i5list,2022
upgrow.io,Upgrow,services_other,Advertising & Marketing,us,inc.com_api_i5list,2022
valiantpictures.com,Valiant Pictures,services_other,Media,us,inc.com_api_i5list,2022
verbalplusvisual.com,Verbal+Visual,services_other,Advertising & Marketing,us,inc.com_api_i5list,2022
vertosoft.com,Vertosoft,services_other,Government Services,us,inc.com_api_i5list,2022
wearedivisa.com,DIVISA,services_other,Advertising & Marketing,us,inc.com_api_i5list,2022
wearehaute.com,Haute,services_other,Advertising & Marketing,us,inc.com_api_i5list,2022
weareideation.com,Ideation Creative Brand Management,services_other,Advertising & Marketing,us,inc.com_api_i5list,2022
wearescs.com,SCS,services_other,Advertising & Marketing,us,inc.com_api_i5list,2022
webdevelopmentgroup.com,Web Development Group,services_other,Advertising & Marketing,us,inc.com_api_i5list,2022
weidert.com,Weidert Group,services_other,Advertising & Marketing,us,inc.com_api_i5list,2022
whittleyagency.com,Whittley Agency LLC,services_other,Business Products & Services,us,inc.com_api_i5list,2022
wingmanmedia.com,Wingman Media,services_other,Advertising & Marketing,us,inc.com_api_i5list,2022
within.co,WITHIN,services_other,Advertising & Marketing,us,inc.com_api_i5list,2022
wonderlustinc.com,Wonderlust Collective,services_other,Advertising & Marketing,us,inc.com_api_i5list,2022
wordsmithie.com,Wordsmithie,services_other,Advertising & Marketing,us,inc.com_api_i5list,2022
wwcglobal.com,WWC Global,services_other,Government Services,us,inc.com_api_i5list,2022
xagency.com,X Agency,services_other,Advertising & Marketing,us,inc.com_api_i5list,2022
xenopsi.com,XenoPsi,services_other,"Advertising, Marketing & PR",us,inc.com_api_i5list,2022
mindemulation.org,Mind Emulation Foundation,other,other,us,yc_directory,
junocollege.com,Juno College of Technology,other,other,us,yc_directory,
charityvest.org,Charityvest,fintech,fintech,us,yc_directory,
turingcollege.com,Turing College,other,other,eu,yc_directory,
algouniversity.com,AlgoUniversity,other,other,us,yc_directory,
