domain,company,vertical,industry_raw,region,source,list_year
swappie.com,Swappie,software_saas,Technology,eu,ft1000_wayback:20220301043147,2022
kilo.co,Kilo Health,health,Health,eu,ft1000_wayback:20220301043147,2022
onlyfans.com,OnlyFans,software_saas,Technology,uk,ft1000_wayback:20220301043147,2022
thriva.co,Thriva,health,Health,uk,ft1000_wayback:20220301043147,2022
winelivery.com,Winelivery,ecommerce_retail,Ecommerce,eu,ft1000_wayback:20220301043147,2022
onelease.fr,One Lease,services_other,Support Services,eu,ft1000_wayback:20220301043147,2022
datlasgroup.com,Datlas,software_saas,Technology,eu,ft1000_wayback:20220301043147,2022
zego.com,Zego,fintech_insurance,Fintech,uk,ft1000_wayback:20220301043147,2022
popsa.com,Popsa,software_saas,Technology,uk,ft1000_wayback:20220301043147,2022
unit8.com,Unit8,software_saas,Technology,eu,ft1000_wayback:20220301043147,2022
luotocompany.fi,Luoto Company,software_saas,Technology,eu,ft1000_wayback:20220301043147,2022
journiapp.com,Journi Print,ecommerce_retail,Ecommerce,eu,ft1000_wayback:20220301043147,2022
portify.fr,Portify,services_other,Support Services,eu,ft1000_wayback:20220301043147,2022
rascalindustry.pl,Rascal Industry,ecommerce_retail,Fashion,eu,ft1000_wayback:20220301043147,2022
pegasosecurity.ae,Pegaso Security,services_other,Support Services,eu,ft1000_wayback:20220301043147,2022
tide.co,Tide,fintech_insurance,Fintech,uk,ft1000_wayback:20220301043147,2022
bold.co.uk,Bold Security Group,services_other,Support Services,uk,ft1000_wayback:20220301043147,2022
playmagnus.com,Play Magnus Group,software_saas,Games industry,eu,ft1000_wayback:20220301043147,2022
bluewhale.co.uk,Blue Whale Growth Fund,fintech_insurance,Financial Services,uk,ft1000_wayback:20220301043147,2022
kazidomi.com,Kazidomi,ecommerce_retail,Ecommerce,eu,ft1000_wayback:20220301043147,2022
sunfinance.group,Sun Finance,fintech_insurance,Fintech,eu,ft1000_wayback:20220301043147,2022
credimi.com,Credimi,fintech_insurance,Financial Services,eu,ft1000_wayback:20220301043147,2022
sirplus.de,SIRPLUS,ecommerce_retail,Retail,eu,ft1000_wayback:20220301043147,2022
aihr.com,AIHR | Academy to Innovate HR,edtech,Education,eu,ft1000_wayback:20220301043147,2022
telemedi.biz,Telemedi,health,Health,eu,ft1000_wayback:20220301043147,2022
inkitt.com,Inkitt,software_saas,Technology,eu,ft1000_wayback:20220301043147,2022
wolframchain.nl,Wolfram Chain,services_other,Management Consulting,eu,ft1000_wayback:20220301043147,2022
eocharging.com,EO Charging,software_saas,Technology,uk,ft1000_wayback:20220301043147,2022
chetariffa.it,CheTariffa.it,services_other,Support Services,eu,ft1000_wayback:20220301043147,2022
simplyuk.co,Simply,fintech_insurance,Financial Services,uk,ft1000_wayback:20220301043147,2022
salaryfinance.com,Salary Finance,fintech_insurance,Fintech,uk,ft1000_wayback:20220301043147,2022
tutlo.com,Tutlo,edtech,Education,eu,ft1000_wayback:20220301043147,2022
ponera.fr,Ponera,ecommerce_retail,Ecommerce,eu,ft1000_wayback:20220301043147,2022
everflowutilities.com,Everflow,software_saas,Technology,uk,ft1000_wayback:20220301043147,2022
azureprism.com,Azure Prism,ecommerce_retail,Retail,uk,ft1000_wayback:20220301043147,2022
iproov.com,iProov,software_saas,Technology,uk,ft1000_wayback:20220301043147,2022
spinintech.com,Spin Up,services_other,Advertising,eu,ft1000_wayback:20220301043147,2022
begreatshow.com,BeGreat,ecommerce_retail,Retail,eu,ft1000_wayback:20220301043147,2022
tsunaminutrition.com,Tsunami Nutrition,ecommerce_retail,Ecommerce,eu,ft1000_wayback:20220301043147,2022
tessian.com,Tessian,software_saas,Technology,uk,ft1000_wayback:20220301043147,2022
solarisbank.de,Solarisbank,fintech_insurance,Financial Services,eu,ft1000_wayback:20220301043147,2022
eukon.it,Eukon,health,Health,eu,ft1000_wayback:20220301043147,2022
evolutiongroup.digital,Evolution Adv,services_other,Advertising,eu,ft1000_wayback:20220301043147,2022
makingscience.com,Making Science,software_saas,Technology,eu,ft1000_wayback:20220301043147,2022
everli.com,Everli,ecommerce_retail,Ecommerce,eu,ft1000_wayback:20220301043147,2022
appfollow.io,AppFollow,software_saas,Technology,eu,ft1000_wayback:20220301043147,2022
synerise.com,Synerise,software_saas,Technology,eu,ft1000_wayback:20220301043147,2022
efarma.com,eFarma.com,health,Pharmaceuticals,eu,ft1000_wayback:20220301043147,2022
elvie.com,Elvie,software_saas,Technology,uk,ft1000_wayback:20220301043147,2022
omnisend.com,Omnisend,software_saas,Technology,uk,ft1000_wayback:20220301043147,2022
trade.gov,World Trade Group,ecommerce_retail,Fashion,eu,ft1000_wayback:20220301043147,2022
besteam-conseil.com,BESTEAM Conseil,software_saas,Technology,eu,ft1000_wayback:20220301043147,2022
cyberiam.com,CyberIAM,devtools,Cyber Security,uk,ft1000_wayback:20220301043147,2022
ouihelp.fr,OUIHELP,services_other,Support Services,eu,ft1000_wayback:20220301043147,2022
inpay.com,Inpay,fintech_insurance,Fintech,eu,ft1000_wayback:20220301043147,2022
qmee.com,Qmee,software_saas,Technology,uk,ft1000_wayback:20220301043147,2022
myappfree.com,MyAppFree,services_other,Advertising,eu,ft1000_wayback:20220301043147,2022
investa.de,Investa Dienstleistungen,services_other,Support Services,eu,ft1000_wayback:20220301043147,2022
baronihome.it,Baroni Home,ecommerce_retail,Ecommerce,eu,ft1000_wayback:20220301043147,2022
dayshape.com,Dayshape,software_saas,Technology,uk,ft1000_wayback:20220301043147,2022
greyfood.com,Greyfood,ecommerce_retail,Retail,eu,ft1000_wayback:20220301043147,2022
fasanara.com,Fasanara Capital,fintech_insurance,Financial Services,uk,ft1000_wayback:20220301043147,2022
ntechlab.com,NtechLab,software_saas,Technology,eu,ft1000_wayback:20220301043147,2022
fastnedcharging.com,Fastned,software_saas,Technology,eu,ft1000_wayback:20220301043147,2022
oxray.co,Oxray,health,Health,eu,ft1000_wayback:20220301043147,2022
abylon.io,Abylon Consulting,software_saas,Technology,eu,ft1000_wayback:20220301043147,2022
milrab.no,Milrab,ecommerce_retail,Ecommerce,eu,ft1000_wayback:20220301043147,2022
urbantz.com,Urbantz,software_saas,Technology,eu,ft1000_wayback:20220301043147,2022
florence-one.com,Florence One,software_saas,Technology,eu,ft1000_wayback:20220301043147,2022
ergotopia.de,Ergotopia,ecommerce_retail,Retail,eu,ft1000_wayback:20220301043147,2022
filo.it,Filo,software_saas,Technology,eu,ft1000_wayback:20220301043147,2022
staffbase.com,Staffbase,software_saas,Technology,eu,ft1000_wayback:20220301043147,2022
treedom.net,Treedom,services_other,Support Services,eu,ft1000_wayback:20220301043147,2022
fenstermaxx24.com,Fenstermaxx24,ecommerce_retail,Retail,eu,ft1000_wayback:20220301043147,2022
ysocorp.com,YSO CORP,services_other,Media,eu,ft1000_wayback:20220301043147,2022
delineate.ai,Delineate Strategy,software_saas,Technology,uk,ft1000_wayback:20220301043147,2022
increso.com,Increso,services_other,Management Consulting,eu,ft1000_wayback:20220301043147,2022
amity.ac.uk,Amity,software_saas,Technology,uk,ft1000_wayback:20220301043147,2022
regie-portage.fr,LA REGIE DE PORTAGE SALARIAL,services_other,Support Services,eu,ft1000_wayback:20220301043147,2022
appinio.com,Appinio,software_saas,Technology,eu,ft1000_wayback:20220301043147,2022
aer-trading.com,AER TRADING,ecommerce_retail,Retail,eu,ft1000_wayback:20220301043147,2022
valumen.com,VALUMEN,services_other,Support Services,eu,ft1000_wayback:20220301043147,2022
bolt.eu,Bolt,software_saas,Technology,eu,ft1000_wayback:20220301043147,2022
kiteworldshop.com,Kiteworldshop.com,ecommerce_retail,Ecommerce,eu,ft1000_wayback:20220301043147,2022
templafy.com,Templafy,software_saas,Technology,eu,ft1000_wayback:20220301043147,2022
comservice.es,Comservice,services_other,Support Services,eu,ft1000_wayback:20220301043147,2022
roomraccoon.com,RoomRaccoon,software_saas,Technology,eu,ft1000_wayback:20220301043147,2022
signaturit.com,Signaturit,software_saas,Technology,eu,ft1000_wayback:20220301043147,2022
modulrfinance.com,Modulr,fintech_insurance,Fintech,uk,ft1000_wayback:20220301043147,2022
jungheinrich-profishop.co.uk,PROFISHOP,ecommerce_retail,Retail,eu,ft1000_wayback:20220301043147,2022
statsbomb.com,StatsBomb,software_saas,Technology,uk,ft1000_wayback:20220301043147,2022
theras-group.com,Theras Biocare,health,Pharmaceuticals,eu,ft1000_wayback:20220301043147,2022
stenn.com,Stenn,fintech_insurance,Fintech,uk,ft1000_wayback:20220301043147,2022
nanushka.com,Nanushka,ecommerce_retail,Fashion,eu,ft1000_wayback:20220301043147,2022
deutsches-pm.de,DPM - Deutsches Personal Management,services_other,Support Services,eu,ft1000_wayback:20220301043147,2022
monese.com,Monese,fintech_insurance,Fintech,uk,ft1000_wayback:20220301043147,2022
arquimea.com,Arquimea,software_saas,Technology,eu,ft1000_wayback:20220301043147,2022
groupe-perspective.fr,Groupe PERSPECTIVE,edtech,Education,eu,ft1000_wayback:20220301043147,2022
funnel.io,Funnel,software_saas,Technology,eu,ft1000_wayback:20220301043147,2022
lquarters.com,Living Quarter,health,Health,eu,ft1000_wayback:20220301043147,2022
learningtechnologies.co.uk,Learning Technologies,software_saas,Technology,uk,ft1000_wayback:20220301043147,2022
curafarma.it,Cura Farma,health,Health,eu,ft1000_wayback:20220301043147,2022
sipadan.com,SIPADAN,services_other,Management Consulting,eu,ft1000_wayback:20220301043147,2022
dateioplatform.com,Dateio,fintech_insurance,Fintech,eu,ft1000_wayback:20220301043147,2022
componentidigitali.com,Componenti Digitali,ecommerce_retail,Retail,eu,ft1000_wayback:20220301043147,2022
nextory.com,Nextory,services_other,Media,eu,ft1000_wayback:20220301043147,2022
itds.pl,ITDS Polska,software_saas,Technology,eu,ft1000_wayback:20220301043147,2022
adpone.com,Adpone,services_other,Advertising,eu,ft1000_wayback:20220301043147,2022
nordsecurity.com,Nord Security,devtools,Cyber Security,eu,ft1000_wayback:20220301043147,2022
mews.com,Mews,software_saas,Technology,eu,ft1000_wayback:20220301043147,2022
systeme.io,systeme.io,ecommerce_retail,Ecommerce,eu,ft1000_wayback:20220301043147,2022
multix-trolley.com,Multix solutions,health,Health,eu,ft1000_wayback:20220301043147,2022
b2digit.com,B2DIGIT,software_saas,Technology,eu,ft1000_wayback:20220301043147,2022
amillionads.com,A Million Ads,services_other,Advertising,uk,ft1000_wayback:20220301043147,2022
woodwatch.com,WoodWatch,ecommerce_retail,Retail,eu,ft1000_wayback:20220301043147,2022
soluzionetasse.com,Soluzione Tasse,services_other,Management Consulting,eu,ft1000_wayback:20220301043147,2022
velocultour.de,Velocultour,ecommerce_retail,Retail,eu,ft1000_wayback:20220301043147,2022
butorpiac.hu,butorpiac.hu,ecommerce_retail,Ecommerce,eu,ft1000_wayback:20220301043147,2022
success-solutions.com,Success Solutions,software_saas,Technology,eu,ft1000_wayback:20220301043147,2022
bugbitething.eu,Bug Bite Thing Europe,health,Health,eu,ft1000_wayback:20220301043147,2022
dexatel.com,Dexatel,software_saas,Technology,eu,ft1000_wayback:20220301043147,2022
landbay.co.uk,Landbay,fintech_insurance,Fintech,uk,ft1000_wayback:20220301043147,2022
degoo.com,Degoo,software_saas,Technology,eu,ft1000_wayback:20220301043147,2022
lendable.co.uk,Lendable,fintech_insurance,Fintech,uk,ft1000_wayback:20220301043147,2022
ulrichmueller.de,Ulrich Müller Wealth Academy,health,Health,eu,ft1000_wayback:20220301043147,2022
cerascreen.info,cerascreen,health,Health,eu,ft1000_wayback:20220301043147,2022
bloomandwild.com,Bloom & Wild,ecommerce_retail,Ecommerce,uk,ft1000_wayback:20220301043147,2022
idfinance.com,ID Finance,fintech_insurance,Fintech,eu,ft1000_wayback:20220301043147,2022
sixsenses.com,Sixth Sense,software_saas,Technology,eu,ft1000_wayback:20220301043147,2022
nethive.it,Nethive,devtools,Cyber Security,eu,ft1000_wayback:20220301043147,2022
latitudeim.com,Latitude Investment Management,fintech_insurance,Financial Services,uk,ft1000_wayback:20220301043147,2022
qred.se,Qred,fintech_insurance,Fintech,eu,ft1000_wayback:20220301043147,2022
bomae.dk,Bomae,fintech_insurance,Financial Services,eu,ft1000_wayback:20220301043147,2022
gophr.com,Gophr,software_saas,Technology,uk,ft1000_wayback:20220301043147,2022
memorypc.eu,Memory PC,ecommerce_retail,Retail,eu,ft1000_wayback:20220301043147,2022
sollis.de,Sollis Solargroßhandel,ecommerce_retail,Retail,eu,ft1000_wayback:20220301043147,2022
centralnicregistry.com,CentralNic Group,software_saas,Technology,uk,ft1000_wayback:20220301043147,2022
bluewaterbio.com,Bluewater Bio,software_saas,Technology,uk,ft1000_wayback:20220301043147,2022
tecmasolutions.com,Tecma Solutions,software_saas,Technology,eu,ft1000_wayback:20220301043147,2022
delante.co,Delante,services_other,Sales & Marketing,eu,ft1000_wayback:20220301043147,2022
intumind.de,intumind,health,Health,eu,ft1000_wayback:20220301043147,2022
saljol.de,Saljol,health,Health,eu,ft1000_wayback:20220301043147,2022
kuori.tech,Kuori,software_saas,Technology,eu,ft1000_wayback:20220301043147,2022
valorrep.com,Valor Real Estate Partners,fintech_insurance,Financial Services,uk,ft1000_wayback:20220301043147,2022
genius.com,GENIUS,services_other,Support Services,eu,ft1000_wayback:20220301043147,2022
instilla.it,Instilla,services_other,Advertising,eu,ft1000_wayback:20220301043147,2022
footdistrict.com,FOOTDISTRICT,ecommerce_retail,Ecommerce,eu,ft1000_wayback:20220301043147,2022
spiideo.com,Spiideo,software_saas,Technology,eu,ft1000_wayback:20220301043147,2022
matillion.com,Matillion,software_saas,Technology,uk,ft1000_wayback:20220301043147,2022
extramileinstitute.com,Extra Mile Live Service,ecommerce_retail,Retail,eu,ft1000_wayback:20220301043147,2022
littlebigconnection.com,LITTLEBIG CONNECTION,services_other,Support Services,eu,ft1000_wayback:20220301043147,2022
jobandtalent.com,jobandtalent,software_saas,Technology,eu,ft1000_wayback:20220301043147,2022
financialhouse.io,Financial House,fintech_insurance,Fintech,uk,ft1000_wayback:20220301043147,2022
mylead.global,MyLead,services_other,Sales & Marketing,eu,ft1000_wayback:20220301043147,2022
mia-platform.eu,Mia-Platform,software_saas,Technology,eu,ft1000_wayback:20220301043147,2022
tecnimed.it,Tecnimed,health,Health,eu,ft1000_wayback:20220301043147,2022
longevity-partners.com,Longevity Partners,ecommerce_retail,Retail,uk,ft1000_wayback:20220301043147,2022
nexumstp.it,NexumStp,services_other,Management Consulting,eu,ft1000_wayback:20220301043147,2022
nationalpicnicweek.co.uk,Picnic,services_other,Advertising,uk,ft1000_wayback:20220301043147,2022
egomnia.com,Egomnia,software_saas,Technology,eu,ft1000_wayback:20220301043147,2022
loyaltylion.com,LoyaltyLion,software_saas,Technology,uk,ft1000_wayback:20220301043147,2022
remarkable.com,reMarkable,software_saas,Technology,eu,ft1000_wayback:20220301043147,2022
kubrickgroup.com,Kubrick,services_other,Management Consulting,uk,ft1000_wayback:20220301043147,2022
contrader.it,Contrader,software_saas,Technology,eu,ft1000_wayback:20220301043147,2022
upmt.be,Wielandts UPMT,software_saas,Technology,eu,ft1000_wayback:20220301043147,2022
asket.com,ASKET,ecommerce_retail,Fashion,eu,ft1000_wayback:20220301043147,2022
chefincamicia.com,Chef in Camicia,services_other,Advertising,eu,ft1000_wayback:20220301043147,2022
formelab.com,FOR ME LAB,ecommerce_retail,Ecommerce,eu,ft1000_wayback:20220301043147,2022
wave.studio,Wave Studio,software_saas,Technology,eu,ft1000_wayback:20220301043147,2022
bazzar.hr,bazzar,ecommerce_retail,Retail,eu,ft1000_wayback:20220301043147,2022
cybersprint.io,Cybersprint,devtools,Cyber Security,eu,ft1000_wayback:20220301043147,2022
brandongroup.it,Brandon Group,ecommerce_retail,Ecommerce,eu,ft1000_wayback:20220301043147,2022
feiniko.de,Feiniko Handelsgesellschaft,ecommerce_retail,Retail,eu,ft1000_wayback:20220301043147,2022
pharmagrin.com,PharmaGrin,health,Health,eu,ft1000_wayback:20220301043147,2022
lifem.eu,Life M,software_saas,Technology,eu,ft1000_wayback:20220301043147,2022
pastbook.com,PastBook,software_saas,Technology,eu,ft1000_wayback:20220301043147,2022
bluefinsupboards.com,Bluefin,ecommerce_retail,Ecommerce,uk,ft1000_wayback:20220301043147,2022
milkandhoneypr.com,Milk & Honey PR,services_other,Sales & Marketing,uk,ft1000_wayback:20220301043147,2022
virta.global,Virta,software_saas,Technology,eu,ft1000_wayback:20220301043147,2022
blackbelt.hu,BlackBelt Holding,software_saas,Technology,eu,ft1000_wayback:20220301043147,2022
dynveo.fr,DYNVEO,ecommerce_retail,Retail,eu,ft1000_wayback:20220301043147,2022
favionline.com,Favi,ecommerce_retail,Ecommerce,eu,ft1000_wayback:20220301043147,2022
hopkins.fi,Hopkins,services_other,Sales & Marketing,eu,ft1000_wayback:20220301043147,2022
apitalianluxury.com,AP Italian Luxury,ecommerce_retail,Fashion,eu,ft1000_wayback:20220301043147,2022
novicap.com,Novicap,fintech_insurance,Fintech,uk,ft1000_wayback:20220301043147,2022
iglm.store,IGLM Store,ecommerce_retail,Ecommerce,eu,ft1000_wayback:20220301043147,2022
luis.de,LUIS Technology,software_saas,Technology,eu,ft1000_wayback:20220301043147,2022
quantexa.com,Quantexa,fintech_insurance,Fintech,uk,ft1000_wayback:20220301043147,2022
therapiezentrum.com,therapiezentrum.com NW,health,Health,eu,ft1000_wayback:20220301043147,2022
beauhurst.com,Beauhurst,software_saas,Technology,uk,ft1000_wayback:20220301043147,2022
mg-project.com,MG Project,services_other,Telecoms,eu,ft1000_wayback:20220301043147,2022
bonmea.com,BONMEA,ecommerce_retail,Retail,eu,ft1000_wayback:20220301043147,2022
devensys.com,Devensys Cybersecurity,software_saas,Technology,eu,ft1000_wayback:20220301043147,2022
projectagora.com,Project Agora,services_other,Advertising,eu,ft1000_wayback:20220301043147,2022
bettertrust.com,BETTERTRUST,services_other,Advertising,eu,ft1000_wayback:20220301043147,2022
maatwerkonline.nl,Maatwerk Online,services_other,Sales & Marketing,eu,ft1000_wayback:20220301043147,2022
esserrepharma.com,Esserre Pharma,health,Pharmaceuticals,eu,ft1000_wayback:20220301043147,2022
onbuy.com,OnBuy.com,ecommerce_retail,Ecommerce,uk,ft1000_wayback:20220301043147,2022
gojob.com,Gojob,services_other,Support Services,eu,ft1000_wayback:20220301043147,2022
newroom-media.de,Newroom,ecommerce_retail,Retail,eu,ft1000_wayback:20220301043147,2022
christmastheoriginal.com,Christmas the Original,ecommerce_retail,Retail,eu,ft1000_wayback:20220301043147,2022
comnovis.de,Comnovis IT,software_saas,Technology,eu,ft1000_wayback:20220301043147,2022
die-direktkontakter.de,Die Direktkontakter,services_other,Support Services,eu,ft1000_wayback:20220301043147,2022
lehibou.com,LeHibou,software_saas,Technology,eu,ft1000_wayback:20220301043147,2022
aquis.eu,Aquis Exchange,fintech_insurance,Financial Services,uk,ft1000_wayback:20220301043147,2022
chattermill.com,Chattermill,software_saas,Technology,uk,ft1000_wayback:20220301043147,2022
globalworkandtravel.com,Global Work,services_other,Telecoms,eu,ft1000_wayback:20220301043147,2022
allygatr.com,allygatr,services_other,Support Services,eu,ft1000_wayback:20220301043147,2022
rouvy.com,Rouvy,software_saas,Games industry,eu,ft1000_wayback:20220301043147,2022
crowdproperty.com,CrowdProperty,fintech_insurance,Fintech,uk,ft1000_wayback:20220301043147,2022
tutos.pro,Tutos’Me,edtech,Education,eu,ft1000_wayback:20220301043147,2022
gallasgroup.it,Gallas Group,services_other,Support Services,eu,ft1000_wayback:20220301043147,2022
etracom.net,Etracom,ecommerce_retail,Ecommerce,eu,ft1000_wayback:20220301043147,2022
xalient.com,Xalient,software_saas,Technology,uk,ft1000_wayback:20220301043147,2022
labevolution.it,Labevolution,health,Health,eu,ft1000_wayback:20220301043147,2022
kyoelectric.es,Kyo Electric,services_other,Telecoms,eu,ft1000_wayback:20220301043147,2022
sopost.com,SoPost,software_saas,Technology,uk,ft1000_wayback:20220301043147,2022
sports-tech.com,Sportstech,ecommerce_retail,Retail,eu,ft1000_wayback:20220301043147,2022
routenote.com,RouteNote,software_saas,Technology,uk,ft1000_wayback:20220301043147,2022
doctify.com,Doctify,health,Health,uk,ft1000_wayback:20220301043147,2022
fruugo.co.uk,Fruugo,ecommerce_retail,Ecommerce,uk,ft1000_wayback:20220301043147,2022
insidemarketingdesign.com,Insidemarketing,software_saas,Technology,eu,ft1000_wayback:20220301043147,2022
atryshealth.com,Atrys Health,health,Health,eu,ft1000_wayback:20220301043147,2022
soorce.de,Soorce,services_other,Support Services,eu,ft1000_wayback:20220301043147,2022
sortlist.com,Sortlist,software_saas,Technology,eu,ft1000_wayback:20220301043147,2022
virtuslab.com,VirtusLab,software_saas,Technology,eu,ft1000_wayback:20220301043147,2022
skalhuset.se,SkalHuset.se,ecommerce_retail,Ecommerce,eu,ft1000_wayback:20220301043147,2022
vipino-wein.de,VIPINO,ecommerce_retail,Retail,eu,ft1000_wayback:20220301043147,2022
gellify.com,Gellify,software_saas,Technology,eu,ft1000_wayback:20220301043147,2022
billiondollarboy.com,Billion Dollar Boy,services_other,Advertising,uk,ft1000_wayback:20220301043147,2022
ambrosiana.it,Multiservice Ambrosiana,services_other,Support Services,eu,ft1000_wayback:20220301043147,2022
bittnet.ro,BITTNET,services_other,Management Consulting,eu,ft1000_wayback:20220301043147,2022
ibanfirst.com,Ibanfirst,fintech_insurance,Fintech,eu,ft1000_wayback:20220301043147,2022
uplink.xyz,UPLINK Network,services_other,Telecoms,eu,ft1000_wayback:20220301043147,2022
currentbody.com,CurrentBody,ecommerce_retail,Ecommerce,uk,ft1000_wayback:20220301043147,2022
startup-house.com,Startup Development House,software_saas,Technology,eu,ft1000_wayback:20220301043147,2022
gruppogheron.it,Gruppo Gheron,health,Health,eu,ft1000_wayback:20220301043147,2022
dyflowing.com,DyFlowing,software_saas,Technology,eu,ft1000_wayback:20220301043147,2022
digital-masters.de,Digital Masters,services_other,Advertising,eu,ft1000_wayback:20220301043147,2022
personalizzalo.it,e-Pol / Personalizzalo,ecommerce_retail,Ecommerce,eu,ft1000_wayback:20220301043147,2022
zeck-fishing.com,Zeck Fishing,ecommerce_retail,Retail,eu,ft1000_wayback:20220301043147,2022
storpool.com,StorPool Storage,software_saas,Technology,eu,ft1000_wayback:20220301043147,2022
vimcar.de,Vimcar,software_saas,Technology,eu,ft1000_wayback:20220301043147,2022
joannes-distribution.fr,JOANNES DISTRIBUTION SAS,ecommerce_retail,Retail,eu,ft1000_wayback:20220301043147,2022
sourcing-force.com,Sourcing Force,software_saas,Technology,eu,ft1000_wayback:20220301043147,2022
superprof.com,Superprof,edtech,Education,eu,ft1000_wayback:20220301043147,2022
improveasy.com,Improveasy,services_other,Management Consulting,uk,ft1000_wayback:20220301043147,2022
mubi.com,MUBI,services_other,Media,uk,ft1000_wayback:20220301043147,2022
dynamicomeducation.it,Dynamicom Education,edtech,Education,eu,ft1000_wayback:20220301043147,2022
touch4it.com,Touch4IT,software_saas,Technology,eu,ft1000_wayback:20220301043147,2022
speechmatics.com,Speechmatics,software_saas,Technology,uk,ft1000_wayback:20220301043147,2022
samy.com,Samy Road,services_other,Advertising,eu,ft1000_wayback:20220301043147,2022
prometeoweb.it,Prometeo,services_other,Support Services,eu,ft1000_wayback:20220301043147,2022
dialectica.io,Dialectica,services_other,Management Consulting,uk,ft1000_wayback:20220301043147,2022
wolfandbadger.com,Wolf & Badger,ecommerce_retail,Ecommerce,uk,ft1000_wayback:20220301043147,2022
ecoco2.com,Eco CO2,services_other,Support Services,eu,ft1000_wayback:20220301043147,2022
fillupmedia.fr,Fill Up Média,services_other,Media,eu,ft1000_wayback:20220301043147,2022
cdprojektred.com,CD Projekt,software_saas,Games industry,eu,ft1000_wayback:20220301043147,2022
vpace.de,VPACE Bikes,ecommerce_retail,Retail,eu,ft1000_wayback:20220301043147,2022
tooltester.com,Tooltester,services_other,Sales & Marketing,eu,ft1000_wayback:20220301043147,2022
tikamoon.co,Tikamoon,ecommerce_retail,Ecommerce,eu,ft1000_wayback:20220301043147,2022
stardigitalgroup.com,S.T.A.R. Digital,services_other,Advertising,eu,ft1000_wayback:20220301043147,2022
fundingoptions.com,Funding Options,fintech_insurance,Fintech,uk,ft1000_wayback:20220301043147,2022
sonarcloud.io,"Sonar, SonarQube, SonarCloud, SonarLint",software_saas,Technology,eu,ft1000_wayback:20220301043147,2022
scherer-group.com,Scherer,services_other,Support Services,eu,ft1000_wayback:20220301043147,2022
mycroclean.com,Mycroclean Italia,services_other,Support Services,eu,ft1000_wayback:20220301043147,2022
piscor.com,Piscor,ecommerce_retail,Ecommerce,eu,ft1000_wayback:20220301043147,2022
rtbhouse.com,RTB House,software_saas,Technology,eu,ft1000_wayback:20220301043147,2022
obiz-concept.fr,Obiz,services_other,Media,eu,ft1000_wayback:20220301043147,2022
vmway.it,VmWay,software_saas,Technology,eu,ft1000_wayback:20220301043147,2022
legimi.com,Legimi,services_other,Media,eu,ft1000_wayback:20220301043147,2022
shop-msgbeauty.de,MSG Beauty,ecommerce_retail,Retail,eu,ft1000_wayback:20220301043147,2022
leogra.de,Leogra Trading,ecommerce_retail,Retail,eu,ft1000_wayback:20220301043147,2022
mailtrack.email,Mailtrack,software_saas,Technology,eu,ft1000_wayback:20220301043147,2022
bumper.co,Bumper,fintech_insurance,Fintech,uk,ft1000_wayback:20220301043147,2022
online-trainer-lizenz.de,OTL - Online Trainer,health,Health,eu,ft1000_wayback:20220301043147,2022
macingo.com,Macingo Technologies,services_other,Support Services,eu,ft1000_wayback:20220301043147,2022
mycs.com,MYCS,ecommerce_retail,Retail,eu,ft1000_wayback:20220301043147,2022
audienceserv.com,Audience Serv,services_other,Advertising,eu,ft1000_wayback:20220301043147,2022
startromagna.it,Start,services_other,Telecoms,eu,ft1000_wayback:20220301043147,2022
pure-gaming.fr,PURE GAMING,ecommerce_retail,Ecommerce,eu,ft1000_wayback:20220301043147,2022
centroames.it,Ames Centro Polidiagnostico Strumentale,health,Health,eu,ft1000_wayback:20220301043147,2022
zycle.eu,Versa Design Zycle,software_saas,Technology,eu,ft1000_wayback:20220301043147,2022
ayesconsulting.com,Ayes,software_saas,Technology,eu,ft1000_wayback:20220301043147,2022
brandupgroup.com,BrandUp Group,services_other,Advertising,eu,ft1000_wayback:20220301043147,2022
opyn.eu,Opyn,fintech_insurance,Financial Services,eu,ft1000_wayback:20220301043147,2022
varcapital.com,VAR Capital,fintech_insurance,Financial Services,uk,ft1000_wayback:20220301043147,2022
storyterrace.com,StoryTerrace,software_saas,Technology,uk,ft1000_wayback:20220301043147,2022
blubit.si,Blubit,software_saas,Technology,eu,ft1000_wayback:20220301043147,2022
topchaleur.com,TOP CHALEUR,ecommerce_retail,Retail,eu,ft1000_wayback:20220301043147,2022
beliani.com,Beliani,ecommerce_retail,Ecommerce,eu,ft1000_wayback:20220301043147,2022
hatstoreworld.com,Hatstore,ecommerce_retail,Ecommerce,eu,ft1000_wayback:20220301043147,2022
capitalontap.com,CapitalOnTap,fintech_insurance,Fintech,uk,ft1000_wayback:20220301043147,2022
netguru.com,Netguru,software_saas,Technology,eu,ft1000_wayback:20220301043147,2022
mariofazios.com,Fazio,ecommerce_retail,Retail,eu,ft1000_wayback:20220301043147,2022
convertgroup.com,Convert Group,software_saas,Technology,eu,ft1000_wayback:20220301043147,2022
revolutionrace.com,Revolution Race,ecommerce_retail,Ecommerce,eu,ft1000_wayback:20220301043147,2022
gong-galaxy.com,GONG Galaxy,ecommerce_retail,Retail,eu,ft1000_wayback:20220301043147,2022
emporio-elettrico.it,Emporio Elettrico,ecommerce_retail,Ecommerce,eu,ft1000_wayback:20220301043147,2022
featurespace.com,Featurespace,fintech_insurance,Fintech,uk,ft1000_wayback:20220301043147,2022
silviaclaveria.com,Claveria,services_other,Support Services,eu,ft1000_wayback:20220301043147,2022
timberagents.de,Timberagents,ecommerce_retail,Retail,eu,ft1000_wayback:20220301043147,2022
simwert.de,SIMWERT,services_other,Telecoms,eu,ft1000_wayback:20220301043147,2022
flex.legal,Flex Legal,services_other,Law,uk,ft1000_wayback:20220301043147,2022
documaster.com,Documaster,software_saas,Technology,eu,ft1000_wayback:20220301043147,2022
noctuai.com,Noctuai,software_saas,Technology,eu,ft1000_wayback:20220301043147,2022
moonpig.com,Moonpig Group,ecommerce_retail,Ecommerce,uk,ft1000_wayback:20220301043147,2022
wealthclub.co.uk,Wealth Club,fintech_insurance,Financial Services,uk,ft1000_wayback:20220301043147,2022
beckingredients.com,Beck Ingredients,health,Health,eu,ft1000_wayback:20220301043147,2022
mentorsandpartners.com,Mentors & Partners Group,services_other,Management Consulting,eu,ft1000_wayback:20220301043147,2022
sbsupply.eu,SB Supply,ecommerce_retail,Ecommerce,eu,ft1000_wayback:20220301043147,2022
mediaboard.com,Mediaboard,services_other,Media,eu,ft1000_wayback:20220301043147,2022
keylight.com,keylight,software_saas,Technology,eu,ft1000_wayback:20220301043147,2022
technacy.it,Technacy,software_saas,Technology,eu,ft1000_wayback:20220301043147,2022
payment-assist.co.uk,Payment Assist,fintech_insurance,Fintech,uk,ft1000_wayback:20220301043147,2022
84codes.com,84codes.com,software_saas,Technology,eu,ft1000_wayback:20220301043147,2022
ignimission.com,Ignimission,software_saas,Technology,eu,ft1000_wayback:20220301043147,2022
bambridgeaccountants.com,Bambridge Accountants,fintech_insurance,Financial Services,uk,ft1000_wayback:20220301043147,2022
postextracking.com.pk,Postex,software_saas,Technology,eu,ft1000_wayback:20220301043147,2022
yocabe.com,Yocabe’,ecommerce_retail,Ecommerce,eu,ft1000_wayback:20220301043147,2022
sendcloud.com,Sendcloud,ecommerce_retail,Ecommerce,eu,ft1000_wayback:20220301043147,2022
datakey.it,Datakey Software Engineering,software_saas,Technology,eu,ft1000_wayback:20220301043147,2022
metaminds.com,Metaminds,devtools,Cyber Security,eu,ft1000_wayback:20220301043147,2022
timevision.it,Time Vision,edtech,Education,eu,ft1000_wayback:20220301043147,2022
fodmobilitygroup.com,FOD Mobility Group,software_saas,Technology,uk,ft1000_wayback:20220301043147,2022
poppri.com,Poppri Fashion Auctions,ecommerce_retail,Ecommerce,eu,ft1000_wayback:20220301043147,2022
beyondlawgroup.co.uk,Beyond Law Group,services_other,Law,uk,ft1000_wayback:20220301043147,2022
grupablue.pl,Blue energy,devtools,Cyber Security,eu,ft1000_wayback:20220301043147,2022
juste-producteur.com,C’JUSTE PARIS,ecommerce_retail,Retail,eu,ft1000_wayback:20220301043147,2022
sos-accessoire.com,SOS-accessoire,ecommerce_retail,Ecommerce,eu,ft1000_wayback:20220301043147,2022
zanatta.de,ZANATTA media group,services_other,Advertising,eu,ft1000_wayback:20220301043147,2022
radarconsulting.it,Radar Consulting Italia,services_other,Support Services,eu,ft1000_wayback:20220301043147,2022
anytech365.com,AnyTech365,software_saas,Technology,eu,ft1000_wayback:20220301043147,2022
ikpartners.com,iM Global Partner,fintech_insurance,Financial Services,eu,ft1000_wayback:20220301043147,2022
ethicstech.eu,Ethic Technology,software_saas,Technology,eu,ft1000_wayback:20220301043147,2022
bomax-hydrogen.com,Bomax,services_other,Telecoms,eu,ft1000_wayback:20220301043147,2022
kktradeexport.com,KK-Trade,ecommerce_retail,Retail,eu,ft1000_wayback:20220301043147,2022
marsapet.de,Marsapet,ecommerce_retail,Retail,eu,ft1000_wayback:20220301043147,2022
bakaji.org,Bakaji,ecommerce_retail,Ecommerce,eu,ft1000_wayback:20220301043147,2022
codiceplastico.com,CodicePlastico,software_saas,Technology,eu,ft1000_wayback:20220301043147,2022
tremend.com,Tremend,software_saas,Technology,eu,ft1000_wayback:20220301043147,2022
doofinder.com,Doofinder,software_saas,Technology,eu,ft1000_wayback:20220301043147,2022
hostinger.com,Hostinger,software_saas,Technology,eu,ft1000_wayback:20220301043147,2022
catalyx.ai,Catalyx,services_other,Sales & Marketing,eu,ft1000_wayback:20220301043147,2022
harnesscode.com,Harness Code,services_other,Sales & Marketing,eu,ft1000_wayback:20220301043147,2022
appunite.com,AppUnite,software_saas,Technology,eu,ft1000_wayback:20220301043147,2022
eskalia.fr,Eskalia et Nakupenda,ecommerce_retail,Retail,eu,ft1000_wayback:20220301043147,2022
stampasi.ch,StampaSi,ecommerce_retail,Ecommerce,eu,ft1000_wayback:20220301043147,2022
plugindigital.com,Plug In Digital,services_other,Media,eu,ft1000_wayback:20220301043147,2022
demv.de,DEMV Deutscher Maklerverbund,fintech_insurance,Financial Services,eu,ft1000_wayback:20220301043147,2022
hd-elektrotechnik.com,HD Elektrotechnik,software_saas,Technology,eu,ft1000_wayback:20220301043147,2022
engeniegroup.com,Engenie Group,software_saas,Technology,eu,ft1000_wayback:20220301043147,2022
groupe-nat.fr,Groupe N.A.T,services_other,Support Services,eu,ft1000_wayback:20220301043147,2022
smartplanettech.com,Smart-Planet,ecommerce_retail,Retail,eu,ft1000_wayback:20220301043147,2022
sideagroup.com,Sidea Group,services_other,Management Consulting,eu,ft1000_wayback:20220301043147,2022
couteaujaponais.com,COUTEAUJAPONAIS.COM,ecommerce_retail,Retail,eu,ft1000_wayback:20220301043147,2022
physidia.com,PHYSIDIA,health,Health,eu,ft1000_wayback:20220301043147,2022
horando.de,Horando Deutschland,ecommerce_retail,Retail,eu,ft1000_wayback:20220301043147,2022
jannowak.com,"Diablochairs, Jan Nowak",ecommerce_retail,Ecommerce,eu,ft1000_wayback:20220301043147,2022
parkster.com,Parkster,software_saas,Technology,eu,ft1000_wayback:20220301043147,2022
biotyfullbox.fr,BIOTYFULL,ecommerce_retail,Ecommerce,eu,ft1000_wayback:20220301043147,2022
yourparkingspace.co.uk,Yourparkingspace Limited,software_saas,Technology,uk,ft1000_wayback:20220301043147,2022
mgvision.com,MGvision,services_other,Advertising,eu,ft1000_wayback:20220301043147,2022
newgeneralservice.com,New General Service,services_other,Support Services,eu,ft1000_wayback:20220301043147,2022
amco.bg,Amco-Bulgaria,ecommerce_retail,Retail,eu,ft1000_wayback:20220301043147,2022
tecknuovo.com,Tecknuovo,software_saas,Technology,uk,ft1000_wayback:20220301043147,2022
platform.sh,Platform.sh,software_saas,Technology,eu,ft1000_wayback:20220301043147,2022
elfbeauty.com,Beauty Consult Deutschland,health,Health,eu,ft1000_wayback:20220301043147,2022
aucoffre.com,AuCOFFRE.com,fintech_insurance,Financial Services,eu,ft1000_wayback:20220301043147,2022
nephostechnologies.com,Nephos Technologies,software_saas,Technology,uk,ft1000_wayback:20220301043147,2022
lavida.org.uk,La Vida,services_other,Support Services,uk,ft1000_wayback:20220301043147,2022
midstreamlighting.com,Midstream Lighting,software_saas,Technology,uk,ft1000_wayback:20220301043147,2022
propulse-it.fr,PROPULSE IT,software_saas,Technology,eu,ft1000_wayback:20220301043147,2022
conexiotelecom.fr,CONEXIO TELECOM,services_other,Telecoms,eu,ft1000_wayback:20220301043147,2022
leascorp.fr,Leascorp,fintech_insurance,Financial Services,eu,ft1000_wayback:20220301043147,2022
positivehealthcaregroup.co.uk,Positive Healthcare,services_other,Management Consulting,uk,ft1000_wayback:20220301043147,2022
schmolke-schmierstoffe.de,Ralph Schmolke,ecommerce_retail,Retail,eu,ft1000_wayback:20220301043147,2022
trencadis.ro,Trencadis Corp,software_saas,Technology,eu,ft1000_wayback:20220301043147,2022
worteks.com,WORTEKS,software_saas,Technology,eu,ft1000_wayback:20220301043147,2022
citadelo.com,Citadelo,devtools,Cyber Security,eu,ft1000_wayback:20220301043147,2022
alphagroup.com,Alpha FX Group,fintech_insurance,Financial Services,uk,ft1000_wayback:20220301043147,2022
signicat.com,Signicat,software_saas,Technology,eu,ft1000_wayback:20220301043147,2022
bavaria-ei.de,Bavaria-Ei,ecommerce_retail,Retail,eu,ft1000_wayback:20220301043147,2022
oxylabs.io,Oxylabs.io,software_saas,Technology,eu,ft1000_wayback:20220301043147,2022
vascular.hu,Vascular,health,Health,eu,ft1000_wayback:20220301043147,2022
andjaro.com,ANDJARO,services_other,Support Services,eu,ft1000_wayback:20220301043147,2022
autel.uk,Autel UK,software_saas,Technology,uk,ft1000_wayback:20220301043147,2022
discoup.com,Discoup.com,services_other,Advertising,eu,ft1000_wayback:20220301043147,2022
hellasdirect.com.cy,Hellas Direct,fintech_insurance,Insurance,eu,ft1000_wayback:20220301043147,2022
investmentpunk.com,Investmentpunk Academy,edtech,Education,eu,ft1000_wayback:20220301043147,2022
gedankenburg.de,Gedankenburg,services_other,Advertising,eu,ft1000_wayback:20220301043147,2022
glenholme.careers,Glenholme Healthcare Group,health,Health,uk,ft1000_wayback:20220301043147,2022
audensiel.com,AUDENSIEL,software_saas,Technology,eu,ft1000_wayback:20220301043147,2022
ivnosys.com,Ivnosys,software_saas,Technology,eu,ft1000_wayback:20220301043147,2022
50nrth.com,50NRTH,ecommerce_retail,Retail,eu,ft1000_wayback:20220301043147,2022
bestbion.com,bestbion dx,health,Health,eu,ft1000_wayback:20220301043147,2022
avamorecapital.com,Avamore Capital,fintech_insurance,Financial Services,uk,ft1000_wayback:20220301043147,2022
clearcycleauctions.co.uk,Clearcycle,ecommerce_retail,Retail,uk,ft1000_wayback:20220301043147,2022
opteamis.com,Opteamis,services_other,Support Services,eu,ft1000_wayback:20220301043147,2022
happybulle.com,HAPPYBULLE,ecommerce_retail,Ecommerce,eu,ft1000_wayback:20220301043147,2022
bacciclothing.com,Bacci,ecommerce_retail,Fashion,eu,ft1000_wayback:20220301043147,2022
brainhub.eu,Brainhub,software_saas,Technology,eu,ft1000_wayback:20220301043147,2022
schottpackaging.co.uk,Schott Packaging,ecommerce_retail,Ecommerce,uk,ft1000_wayback:20220301043147,2022
fintru.com,FinTru,fintech_insurance,Financial Services,uk,ft1000_wayback:20220301043147,2022
tpximpact.com,TPXimpact,services_other,Management Consulting,uk,ft1000_wayback:20220301043147,2022
lgssportlab.com,LGS SportLab,services_other,Advertising,eu,ft1000_wayback:20220301043147,2022
fairfaxandfavor.com,Fairfax and Favor,ecommerce_retail,Fashion,uk,ft1000_wayback:20220301043147,2022
fao-consulting.com,FAO Consulting,software_saas,Technology,eu,ft1000_wayback:20220301043147,2022
exclaimer.com,Exclaimer,software_saas,Technology,uk,ft1000_wayback:20220301043147,2022
joinbusinessmc.com,Join Business Management Consulting,services_other,Management Consulting,eu,ft1000_wayback:20220301043147,2022
playpiggy.net,Piggy,software_saas,Technology,eu,ft1000_wayback:20220301043147,2022
epassi.com,Epassi,fintech_insurance,Fintech,eu,ft1000_wayback:20220301043147,2022
atheneum.ai,Atheneum Partners,software_saas,Technology,eu,ft1000_wayback:20220301043147,2022
pharmacy2u.co.uk,Pharmacy2U,software_saas,Technology,uk,ft1000_wayback:20220301043147,2022
phoenix.gov,PHOENIX DEVELOPPEMENT,services_other,Support Services,eu,ft1000_wayback:20220301043147,2022
gohenry.com,GoHenry,fintech_insurance,Financial Services,uk,ft1000_wayback:20220301043147,2022
nikkel-art.pro,Nikkel Art,ecommerce_retail,Ecommerce,eu,ft1000_wayback:20220301043147,2022
esyen.com,Esyen,software_saas,Technology,eu,ft1000_wayback:20220301043147,2022
secure-ic.com,SECURE-IC,software_saas,Technology,eu,ft1000_wayback:20220301043147,2022
datalyo.com,DATALYO,software_saas,Technology,eu,ft1000_wayback:20220301043147,2022
signifytechnology.com,Signify Technology,services_other,Management Consulting,uk,ft1000_wayback:20220301043147,2022
boxt.co.uk,BOXT,ecommerce_retail,Ecommerce,uk,ft1000_wayback:20220301043147,2022
ecommercefulfilment.com,James and James Fulfilment,ecommerce_retail,Ecommerce,uk,ft1000_wayback:20220301043147,2022
maverick-group.com,Maverick Group,software_saas,Technology,eu,ft1000_wayback:20220301043147,2022
brainpull.com,Brainpull,services_other,Advertising,eu,ft1000_wayback:20220301043147,2022
wiseband.com,Wiseband,services_other,Media,eu,ft1000_wayback:20220301043147,2022
pakar-service.pl,Pakar Service,services_other,Support Services,eu,ft1000_wayback:20220301043147,2022
matsmart.se,Matsmart,ecommerce_retail,Ecommerce,eu,ft1000_wayback:20220301043147,2022
visualitics.it,Visualitics,software_saas,Technology,eu,ft1000_wayback:20220301043147,2022
hifi-extra.de,HiFi extra,ecommerce_retail,Retail,eu,ft1000_wayback:20220301043147,2022
nexid.it,Nexid,software_saas,Technology,eu,ft1000_wayback:20220301043147,2022
neosperience.com,Neosperience,software_saas,Technology,eu,ft1000_wayback:20220301043147,2022
lunos.de,Lunos,software_saas,Technology,eu,ft1000_wayback:20220301043147,2022
smart-battery-solutions.de,Smart Battery Solutions,software_saas,Technology,eu,ft1000_wayback:20220301043147,2022
ecommerce-europe.eu,eu-bay Commerce,ecommerce_retail,Retail,eu,ft1000_wayback:20220301043147,2022
hyperoptic.com,Hyperoptic,services_other,Telecoms,uk,ft1000_wayback:20220301043147,2022
3ainformatica.it,3A Informatica,services_other,Telecoms,eu,ft1000_wayback:20220301043147,2022
ogrodosfera.pl,Ogrodosfera.pl,ecommerce_retail,Ecommerce,eu,ft1000_wayback:20220301043147,2022
enhancers.it,Enhancers,software_saas,Technology,eu,ft1000_wayback:20220301043147,2022
itfs.com,ITFS,software_saas,Technology,eu,ft1000_wayback:20220301043147,2022
skillsday.com,SKILLSDAY,edtech,Education,eu,ft1000_wayback:20220301043147,2022
gappsgroup.com,Gapps,software_saas,Technology,eu,ft1000_wayback:20220301043147,2022
upslide.com,UpSlide,services_other,Support Services,eu,ft1000_wayback:20220301043147,2022
cellarius.hu,Cellarius,services_other,Sales & Marketing,eu,ft1000_wayback:20220301043147,2022
careful-service.com,careful-service,health,Health,eu,ft1000_wayback:20220301043147,2022
theprogenygroup.com,Progeny,fintech_insurance,Financial Services,uk,ft1000_wayback:20220301043147,2022
webgeoservices.com,Web Geo Services,software_saas,Technology,eu,ft1000_wayback:20220301043147,2022
mypostcard.com,MyPostcard.com,ecommerce_retail,Retail,eu,ft1000_wayback:20220301043147,2022
variosan.de,VARIOSAN,ecommerce_retail,Retail,eu,ft1000_wayback:20220301043147,2022
bertsch-pruefinstitut.de,Riedle + Bertsch,software_saas,Technology,eu,ft1000_wayback:20220301043147,2022
sas-spirits.com,SECRET ARTS OF SPIRITS,ecommerce_retail,Retail,eu,ft1000_wayback:20220301043147,2022
adikteev.com,ADIKTEEV,software_saas,Technology,eu,ft1000_wayback:20220301043147,2022
fundis-equestrian.com,Fundis Reitsport,ecommerce_retail,Retail,eu,ft1000_wayback:20220301043147,2022
jakobantriebstechnik.de,Antriebstechnik Ebner-Seibold,ecommerce_retail,Retail,eu,ft1000_wayback:20220301043147,2022
invibes.com,Invibes Advertising,software_saas,Technology,eu,ft1000_wayback:20220301043147,2022
soldats.paris,SOLDATS FILMS,services_other,Media,eu,ft1000_wayback:20220301043147,2022
eagleprojects.it,Eagleprojects,services_other,Telecoms,eu,ft1000_wayback:20220301043147,2022
agilelab.it,Agile Lab,software_saas,Technology,eu,ft1000_wayback:20220301043147,2022
importpris.no,importpris.no,ecommerce_retail,Ecommerce,eu,ft1000_wayback:20220301043147,2022
latelierparfum.com,L’Atelier,software_saas,Technology,eu,ft1000_wayback:20220301043147,2022
blackriflecoffee.com,M Coffee Company,ecommerce_retail,Retail,eu,ft1000_wayback:20220301043147,2022
protextyl.com,PROTEXTYL,ecommerce_retail,Retail,eu,ft1000_wayback:20220301043147,2022
embargosalobestia.com,Embargos a lo bestia,ecommerce_retail,Retail,eu,ft1000_wayback:20220301043147,2022
snigel.com,Snigel,software_saas,Technology,eu,ft1000_wayback:20220301043147,2022
ims-rettungsdienst.com,IMS Rettungsdienst,health,Health,eu,ft1000_wayback:20220301043147,2022
way2global.com,Way2Global SB,services_other,Support Services,eu,ft1000_wayback:20220301043147,2022
sefe-fiber.eu,Fiber-Service-Gesellschaft,services_other,Telecoms,eu,ft1000_wayback:20220301043147,2022
kbsgroupllp.com,KBS Group,services_other,Support Services,eu,ft1000_wayback:20220301043147,2022
ogury.com,Ogury,services_other,Advertising,uk,ft1000_wayback:20220301043147,2022
somerfordassociates.com,Somerford Associates,software_saas,Technology,uk,ft1000_wayback:20220301043147,2022
filoblu.com,FiloBlu,services_other,Management Consulting,eu,ft1000_wayback:20220301043147,2022
tribusdigital.com,Tribus Digital,software_saas,Technology,uk,ft1000_wayback:20220301043147,2022
doit.com,DoIT,software_saas,Technology,eu,ft1000_wayback:20220301043147,2022
pirene.it,Pirene,services_other,Support Services,eu,ft1000_wayback:20220301043147,2022
bluenetworks.it,blue networks,software_saas,Technology,eu,ft1000_wayback:20220301043147,2022
hkr-technik.com,HKR-Technik,ecommerce_retail,Retail,eu,ft1000_wayback:20220301043147,2022
licht-strom.com,Licht + Strom,software_saas,Technology,eu,ft1000_wayback:20220301043147,2022
sneakersnstuff.com,Sneakers & Jackets,fintech_insurance,Financial Services,eu,ft1000_wayback:20220301043147,2022
89up.org,89up,services_other,Advertising,uk,ft1000_wayback:20220301043147,2022
grayce.co.uk,Grayce Group,services_other,Management Consulting,uk,ft1000_wayback:20220301043147,2022
nemesitalia.it,Nemesi Italia,software_saas,Technology,eu,ft1000_wayback:20220301043147,2022
haloservicesolutions.com,Halo Service Solutions,software_saas,Technology,uk,ft1000_wayback:20220301043147,2022
raspberrypi.com,Raspberry Pi,software_saas,Technology,uk,ft1000_wayback:20220301043147,2022
shipgerman.com,Ship it,ecommerce_retail,Retail,eu,ft1000_wayback:20220301043147,2022
rheinische-scheidestaette.de,Rheinische Scheidestätte,ecommerce_retail,Retail,eu,ft1000_wayback:20220301043147,2022
whites.agency,Whites Agency,services_other,Advertising,eu,ft1000_wayback:20220301043147,2022
cdrsempione.it,Casa di Riposo Medicalizzata Sempione,health,Health,eu,ft1000_wayback:20220301043147,2022
cshark.com,CShark,software_saas,Technology,eu,ft1000_wayback:20220301043147,2022
innovahts.com,Innova Hts,health,Health,eu,ft1000_wayback:20220301043147,2022
kentigen.com,Kentigen,software_saas,Technology,eu,ft1000_wayback:20220301043147,2022
tealpartners.com,Teal Partners,software_saas,Technology,eu,ft1000_wayback:20220301043147,2022
lmmedicaldivision.com,LM Medical Division,health,Health,eu,ft1000_wayback:20220301043147,2022
xylon-lab.com,Xylon,software_saas,Technology,eu,ft1000_wayback:20220301043147,2022
skargards.com,Skärgårdstunnan/Skargards,ecommerce_retail,Ecommerce,eu,ft1000_wayback:20220301043147,2022
opnabio.com,OPNA,services_other,Support Services,eu,ft1000_wayback:20220301043147,2022
stikets.com,Stikets,ecommerce_retail,Ecommerce,eu,ft1000_wayback:20220301043147,2022
campustore.com,CampuStore,edtech,Education,eu,ft1000_wayback:20220301043147,2022
arsfutura.com,Ars Futura,software_saas,Technology,eu,ft1000_wayback:20220301043147,2022
cemirnodig.it,Cemir Security,services_other,Support Services,eu,ft1000_wayback:20220301043147,2022
groupe-zephyr.fr,Groupe Zephyr,health,Health,eu,ft1000_wayback:20220301043147,2022
lederniercri.org,Dernier Cri,software_saas,Technology,eu,ft1000_wayback:20220301043147,2022
yesdevs.com,yes!devs,software_saas,Technology,eu,ft1000_wayback:20220301043147,2022
hydroflex-group.com,Hydroflex Group,ecommerce_retail,Retail,eu,ft1000_wayback:20220301043147,2022
proteko.net,Proteko Service,services_other,Support Services,eu,ft1000_wayback:20220301043147,2022
minicrm.one,MiniCRM,software_saas,Technology,eu,ft1000_wayback:20220301043147,2022
henco.be,Henco,ecommerce_retail,Retail,eu,ft1000_wayback:20220301043147,2022
giglio.com,Giglio.com,ecommerce_retail,Ecommerce,eu,ft1000_wayback:20220301043147,2022
alphaspel.se,Alphaspel,ecommerce_retail,Retail,eu,ft1000_wayback:20220301043147,2022
sapiegosklinika.lt,Sapiegos Klinika,health,Health,eu,ft1000_wayback:20220301043147,2022
be-cloud.com,BE CLOUD,services_other,Support Services,eu,ft1000_wayback:20220301043147,2022
piga.pl,Drukarnia piga.pl,ecommerce_retail,Ecommerce,eu,ft1000_wayback:20220301043147,2022
insetto.eu,Insetto,ecommerce_retail,Retail,eu,ft1000_wayback:20220301043147,2022
technophage.pt,Technophage,health,Pharmaceuticals,eu,ft1000_wayback:20220301043147,2022
skalis.eu,skalis portage salarial,services_other,Support Services,eu,ft1000_wayback:20220301043147,2022
peoplegrapher.com,peoplegrapher,services_other,Advertising,eu,ft1000_wayback:20220301043147,2022
ekinops.com,EKINOPS,services_other,Telecoms,eu,ft1000_wayback:20220301043147,2022
sano-tecnica.pt,Sano-Técnica,health,Health,eu,ft1000_wayback:20220301043147,2022
democom.it,Democom,services_other,Telecoms,eu,ft1000_wayback:20220301043147,2022
erbagil.com,Erbagil,health,Pharmaceuticals,eu,ft1000_wayback:20220301043147,2022
seargin.com,Seargin,software_saas,Technology,eu,ft1000_wayback:20220301043147,2022
sweef.se,Sweef furniture,ecommerce_retail,Retail,eu,ft1000_wayback:20220301043147,2022
sonic.co.hu,SONIC Tanácsadó és Szolgáltató Kft,software_saas,Technology,eu,ft1000_wayback:20220301043147,2022
spotit.be,spotit,devtools,Cyber Security,eu,ft1000_wayback:20220301043147,2022
labelexperience.com,LABEL EXPERIENCE,fintech_insurance,Financial Services,eu,ft1000_wayback:20220301043147,2022
medicalfit.com,Medicalfit,health,Health,eu,ft1000_wayback:20220301043147,2022
innovandco.net,innov and co handicap,software_saas,Technology,eu,ft1000_wayback:20220301043147,2022
radit.it,Radit,services_other,Support Services,eu,ft1000_wayback:20220301043147,2022
aravati.fr,Aravati,services_other,Support Services,eu,ft1000_wayback:20220301043147,2022
poehner-hamburg.com,Pöhner Hamburg,ecommerce_retail,Retail,eu,ft1000_wayback:20220301043147,2022
kinga-mathe.com,Kinga Mathe,ecommerce_retail,Retail,eu,ft1000_wayback:20220301043147,2022
rivile.lt,Rivile,software_saas,Technology,eu,ft1000_wayback:20220301043147,2022
bebeboutik.fr,BEBEBOUTIK,ecommerce_retail,Retail,eu,ft1000_wayback:20220301043147,2022
cybersecurityintelligence.com,Radar Cyber Security,software_saas,Technology,eu,ft1000_wayback:20220301043147,2022
appsfactory.de,Appsfactory,software_saas,Technology,eu,ft1000_wayback:20220301043147,2022
nurole.com,Nurole,software_saas,Technology,uk,ft1000_wayback:20220301043147,2022
welol.it,Welol Next,software_saas,Technology,eu,ft1000_wayback:20220301043147,2022
intenthq.com,Intent HQ,software_saas,Technology,uk,ft1000_wayback:20220301043147,2022
cafeducycliste.com,Café du Cycliste,ecommerce_retail,Ecommerce,eu,ft1000_wayback:20220301043147,2022
formind.uk,Formind,fintech_insurance,Financial Services,eu,ft1000_wayback:20220301043147,2022
aferetica.com,Aferetica,health,Health,eu,ft1000_wayback:20220301043147,2022
worldskills2024.com,SKILLS,services_other,Support Services,eu,ft1000_wayback:20220301043147,2022
3eglobalstudio.com,3E Studio,services_other,Support Services,eu,ft1000_wayback:20220301043147,2022
kronos-usa.com,Kronos,ecommerce_retail,Fashion,eu,ft1000_wayback:20220301043147,2022
wuhlewanderer.de,Die Wuhlewanderer,health,Health,eu,ft1000_wayback:20220301043147,2022
vidhance.com,IMINT Vidhance,software_saas,Technology,eu,ft1000_wayback:20220301043147,2022
paulmarius.com,PAUL MARIUS,ecommerce_retail,Retail,eu,ft1000_wayback:20220301043147,2022
scalefocus.com,Scalefocus,software_saas,Technology,eu,ft1000_wayback:20220301043147,2022
whiskyzone.de,Whiskyzone,ecommerce_retail,Retail,eu,ft1000_wayback:20220301043147,2022
targatelematics.com,Targa Telematics,software_saas,Technology,eu,ft1000_wayback:20220301043147,2022
visagetechnologies.com,Visage Technologies,software_saas,Technology,eu,ft1000_wayback:20220301043147,2022
riotloc.com,Riotloc,software_saas,Games industry,eu,ft1000_wayback:20220301043147,2022
scribbr.com,Scribbr,edtech,Education,eu,ft1000_wayback:20220301043147,2022
faveod.com,Faveod,services_other,Support Services,eu,ft1000_wayback:20220301043147,2022
integrata.fi,Integrata Oy,fintech_insurance,Financial Services,eu,ft1000_wayback:20220301043147,2022
confezionivelvet.com,Confezioni Velvet,ecommerce_retail,Fashion,eu,ft1000_wayback:20220301043147,2022
family-nation.com,Family Nation,ecommerce_retail,Ecommerce,eu,ft1000_wayback:20220301043147,2022
majar.gr,Majar,software_saas,Technology,eu,ft1000_wayback:20220301043147,2022
izertis.com,Izertis,software_saas,Technology,eu,ft1000_wayback:20220301043147,2022
ecommerceitalia.info,Fashion Commerce,ecommerce_retail,Ecommerce,eu,ft1000_wayback:20220301043147,2022
meblobranie.pl,Meblobranie.pl,ecommerce_retail,Ecommerce,eu,ft1000_wayback:20220301043147,2022
architaengineering.it,Archita Engineering,services_other,Support Services,eu,ft1000_wayback:20220301043147,2022
digitalpa.net,Digitalpa,services_other,Management Consulting,eu,ft1000_wayback:20220301043147,2022
faktenkontor-group.de,Faktenkontor,services_other,Advertising,eu,ft1000_wayback:20220301043147,2022
clareolighting.com,CLAREO,ecommerce_retail,Retail,eu,ft1000_wayback:20220301043147,2022
kolibrigames.com,Kolibri Games,software_saas,Technology,eu,ft1000_wayback:20210331132419,2021
crossflowpayments.ie,Crossflow Payment Solutions Trading,fintech_insurance,Fintech,uk,ft1000_wayback:20210331132419,2021
chillys.com,Chilly's Bottles,ecommerce_retail,Retail,uk,ft1000_wayback:20210331132419,2021
safe4u.se,safe4u,software_saas,Technology,eu,ft1000_wayback:20210331132419,2021
bunq.com,bunq,fintech_insurance,Fintech,eu,ft1000_wayback:20210331132419,2021
scalable.capital,Scalable Capital,fintech_insurance,Fintech,eu,ft1000_wayback:20210331132419,2021
happybrush.com,Happybrush,health,Health,eu,ft1000_wayback:20210331132419,2021
huma.com,Huma Therapeutics,health,Health,uk,ft1000_wayback:20210331132419,2021
kickmaker.io,Kickmaker,software_saas,Technology,eu,ft1000_wayback:20210331132419,2021
velocity.black,Velocity Mobile,software_saas,Technology,uk,ft1000_wayback:20210331132419,2021
kavera.de,Kavera Elektrotechnik,software_saas,Technology,eu,ft1000_wayback:20210331132419,2021
grover.com,Grover Group,ecommerce_retail,Ecommerce,eu,ft1000_wayback:20210331132419,2021
lehibou-paris.com,Le Hibou,software_saas,Technology,eu,ft1000_wayback:20210331132419,2021
mavoco.com,Mavoco,services_other,Telecoms,eu,ft1000_wayback:20210331132419,2021
locumsnest.co.uk,Locum's Nest,software_saas,Technology,uk,ft1000_wayback:20210331132419,2021
goldenbees.fr,Golden Bees,software_saas,Technology,eu,ft1000_wayback:20210331132419,2021
cleveron.com,Cleveron,software_saas,Technology,eu,ft1000_wayback:20210331132419,2021
youmawo.com,YOU MAWO,software_saas,Technology,eu,ft1000_wayback:20210331132419,2021
bornlicensing.com,Born Licensing,services_other,Advertising,uk,ft1000_wayback:20210331132419,2021
makonis.de,MAKONIS,software_saas,Technology,eu,ft1000_wayback:20210331132419,2021
parcellab.com,ParcelLab,software_saas,Technology,eu,ft1000_wayback:20210331132419,2021
appliedclinicaltrialsonline.com,Longboat Clinical,health,Pharmaceuticals,eu,ft1000_wayback:20210331132419,2021
bendingspoons.com,Bending Spoons,software_saas,Technology,eu,ft1000_wayback:20210331132419,2021
bettergov.co.uk,Bettergov,services_other,Management Consulting,uk,ft1000_wayback:20210331132419,2021
aixemtec.com,AIXEMTEC,software_saas,Technology,eu,ft1000_wayback:20210331132419,2021
n8research.org.uk,The Research Partnership,services_other,Management Consulting,uk,ft1000_wayback:20210331132419,2021
alias.design,Alias Group,software_saas,Technology,eu,ft1000_wayback:20210331132419,2021
livestorm.co,Livestorm,software_saas,Technology,eu,ft1000_wayback:20210331132419,2021
lestrangelondon.com,L'Estrange London,ecommerce_retail,Fashion,uk,ft1000_wayback:20210331132419,2021
itrinity.com,itrinity,software_saas,Technology,eu,ft1000_wayback:20210331132419,2021
sirenum.com,Sirenum,software_saas,Technology,uk,ft1000_wayback:20210331132419,2021
kivra.se,Kivra Sverige,software_saas,Technology,eu,ft1000_wayback:20210331132419,2021
frauandpartners.it,Frau & Partners,fintech_insurance,Insurance,eu,ft1000_wayback:20210331132419,2021
airbeam.tv,AirBeamTV,software_saas,Technology,eu,ft1000_wayback:20210331132419,2021
oaknorth.co.uk,OakNorth Bank,fintech_insurance,Financial Services,uk,ft1000_wayback:20210331132419,2021
holidu.com,Holidu,software_saas,Technology,eu,ft1000_wayback:20210331132419,2021
semantive.com,Semantive,software_saas,Technology,eu,ft1000_wayback:20210331132419,2021
ubiquicom.com,Ubiquicom,software_saas,Technology,eu,ft1000_wayback:20210331132419,2021
elliptic.co,Elliptic Enterprises,fintech_insurance,Fintech,uk,ft1000_wayback:20210331132419,2021
playdigious.com,Playdigious,software_saas,Games industry,eu,ft1000_wayback:20210331132419,2021
sabor-espana.com,Sabor a España,ecommerce_retail,Retail,eu,ft1000_wayback:20210331132419,2021
atecnica.eu,Atecnica,ecommerce_retail,Ecommerce,eu,ft1000_wayback:20210331132419,2021
obido.pl,Obido,software_saas,Technology,eu,ft1000_wayback:20210331132419,2021
guideduportage.com,Sta Portage,software_saas,Technology,eu,ft1000_wayback:20210331132419,2021
truu.com,truu Wasserweik,software_saas,Technology,eu,ft1000_wayback:20210331132419,2021
skills-rh.fr,Skills RH,services_other,Management Consulting,eu,ft1000_wayback:20210331132419,2021
frontify.com,Frontify,software_saas,Technology,eu,ft1000_wayback:20210331132419,2021
firstphone.hu,FirstPhone,ecommerce_retail,Retail,eu,ft1000_wayback:20210331132419,2021
messengerpeople.dev,MessengerPeople,software_saas,Technology,eu,ft1000_wayback:20210331132419,2021
hexonia.de,Hexonia,software_saas,Technology,eu,ft1000_wayback:20210331132419,2021
agrivi.com,AGRIVI d.o.o.,software_saas,Technology,eu,ft1000_wayback:20210331132419,2021
fibtel.net,Fibtel,services_other,Telecoms,eu,ft1000_wayback:20210331132419,2021
savvyinvestor.net,Savvy Investor,fintech_insurance,Fintech,uk,ft1000_wayback:20210331132419,2021
netitsystemhaus.de,.net IT Systemhaus,software_saas,Technology,eu,ft1000_wayback:20210331132419,2021
supermetrics.com,Supermetrics,software_saas,Technology,eu,ft1000_wayback:20210331132419,2021
moluna.de,Moluna,ecommerce_retail,Retail,eu,ft1000_wayback:20210331132419,2021
lendingworks.co.uk,Lending Works,fintech_insurance,Fintech,uk,ft1000_wayback:20210331132419,2021
parlem.com,Parlem Telecom Companyia de Telecomunicacions,services_other,Telecoms,eu,ft1000_wayback:20210331132419,2021
thebluefingroup.com,Bluefin Trading,ecommerce_retail,Ecommerce,uk,ft1000_wayback:20210331132419,2021
evondos.com,Evondos,health,Pharmaceuticals,eu,ft1000_wayback:20210331132419,2021
teamtailor.com,Teamtailor,software_saas,Technology,eu,ft1000_wayback:20210331132419,2021
mailsuite.com,The Mail Track Company,software_saas,Technology,eu,ft1000_wayback:20210331132419,2021
wapsifly.com,Wapsi,services_other,Management Consulting,eu,ft1000_wayback:20210331132419,2021
travelcompositor.com,Travelcompositor,software_saas,Technology,eu,ft1000_wayback:20210331132419,2021
crystalnet-tech.com,Crystalnet,ecommerce_retail,Ecommerce,eu,ft1000_wayback:20210331132419,2021
bordonaro-it.com,BORDONARO IT,software_saas,Technology,eu,ft1000_wayback:20210331132419,2021
nuevo.fr,Nuevo Conseil et Formation,services_other,Management Consulting,eu,ft1000_wayback:20210331132419,2021
amilon.com,Amilon,ecommerce_retail,Retail,eu,ft1000_wayback:20210331132419,2021
kumulusvape.fr,Kumulus Vape,ecommerce_retail,Retail,eu,ft1000_wayback:20210331132419,2021
sourcebreaker.com,Sourcebreaker,software_saas,Technology,uk,ft1000_wayback:20210331132419,2021
karma-partners.com,Karma Partners,software_saas,Technology,eu,ft1000_wayback:20210331132419,2021
tistyleit.com,Ti STYLE iT,ecommerce_retail,Fashion,eu,ft1000_wayback:20210331132419,2021
studio-immagine.it,Studio Immagine,ecommerce_retail,Fashion,eu,ft1000_wayback:20210331132419,2021
myesmart.com,eSMART Technologies,software_saas,Technology,eu,ft1000_wayback:20210331132419,2021
digitalent.com,Digitalent,services_other,Management Consulting,eu,ft1000_wayback:20210331132419,2021
uqido.com,Uqido,software_saas,Technology,eu,ft1000_wayback:20210331132419,2021
foamballholdings.com,Foamball Holdings,services_other,Advertising,eu,ft1000_wayback:20210331132419,2021
visioniq.de,VisionIQ marketing & communication,services_other,Advertising,eu,ft1000_wayback:20210331132419,2021
gpasplus.com,GpasPlus,ecommerce_retail,Retail,eu,ft1000_wayback:20210331132419,2021
laundryheap.com,Laundryheap,services_other,Support Services,uk,ft1000_wayback:20210331132419,2021
sorted.com,Sorted Group,software_saas,Technology,uk,ft1000_wayback:20210331132419,2021
pomorskaplatformapracy.pl,Pomorska Platforma Pracy,services_other,Support Services,eu,ft1000_wayback:20210331132419,2021
gousto.co.uk,Gousto,software_saas,Technology,uk,ft1000_wayback:20210331132419,2021
adsmurai.com,Adsmurai,services_other,Advertising,eu,ft1000_wayback:20210331132419,2021
smarketer.co.uk,Smarketer,services_other,Advertising,eu,ft1000_wayback:20210331132419,2021
namelessfestival.it,Nameless,services_other,Support Services,eu,ft1000_wayback:20210331132419,2021
ares.com,ARES,services_other,Management Consulting,eu,ft1000_wayback:20210331132419,2021
vitl.com,Vitl,ecommerce_retail,Ecommerce,uk,ft1000_wayback:20210331132419,2021
nanovo.group,Nanovo,software_saas,Technology,eu,ft1000_wayback:20210331132419,2021
beatly.com,Beatly,software_saas,Technology,eu,ft1000_wayback:20210331132419,2021
remerge.io,Remerge,services_other,Advertising,eu,ft1000_wayback:20210331132419,2021
endomag.com,Endomag,software_saas,Technology,uk,ft1000_wayback:20210331132419,2021
asigma.fr,Asigma,services_other,Management Consulting,eu,ft1000_wayback:20210331132419,2021
proplacement.careers,ProPlacement,services_other,Support Services,eu,ft1000_wayback:20210331132419,2021
revive.de,Revive Interior,ecommerce_retail,Retail,eu,ft1000_wayback:20210331132419,2021
theinnercircle.co,Circle Imperium,software_saas,Technology,eu,ft1000_wayback:20210331132419,2021
endado.com,Recambios Endado,ecommerce_retail,Ecommerce,eu,ft1000_wayback:20210331132419,2021
fairmat.com,Fairmat,fintech_insurance,Fintech,eu,ft1000_wayback:20210331132419,2021
datavaluestrategy.com,DataValue Consulting,services_other,Management Consulting,eu,ft1000_wayback:20210331132419,2021
branchspace.com,Branchspace,software_saas,Technology,uk,ft1000_wayback:20210331132419,2021
groupebarba.com,Gruppo Del Barba Consulting - Gdb,fintech_insurance,Financial Services,eu,ft1000_wayback:20210331132419,2021
plasmapro.co.uk,PlasmaPro,software_saas,Technology,eu,ft1000_wayback:20210331132419,2021
originalmuranoglass.com,DS Glass,ecommerce_retail,Retail,eu,ft1000_wayback:20210331132419,2021
eqinov.com,Eqinov,services_other,Management Consulting,eu,ft1000_wayback:20210331132419,2021
deaterra.net,Dea Terra,ecommerce_retail,Retail,eu,ft1000_wayback:20210331132419,2021
al-one.it,Al-One,services_other,Media,eu,ft1000_wayback:20210331132419,2021
isax-consulting.com,iSAX,software_saas,Technology,eu,ft1000_wayback:20210331132419,2021
groupehisi.fr,Groupe Hisi,software_saas,Technology,eu,ft1000_wayback:20210331132419,2021
indexia.tech,Indexia Group,fintech_insurance,Financial Services,eu,ft1000_wayback:20210331132419,2021
glas.agency,GLAS,fintech_insurance,Financial Services,uk,ft1000_wayback:20210331132419,2021
phenisys.com,Phenisys,software_saas,Technology,eu,ft1000_wayback:20210331132419,2021
unity-consulting.com,One Unity Consulting,software_saas,Technology,eu,ft1000_wayback:20210331132419,2021
innovamaxx.de,InnovaMaxx,ecommerce_retail,Retail,eu,ft1000_wayback:20210331132419,2021
offhealth.it,Offhealth,health,Pharmaceuticals,eu,ft1000_wayback:20210331132419,2021
fleetondemand.com,Fleetondemand,software_saas,Technology,uk,ft1000_wayback:20210331132419,2021
mastergroup.it,Master Group,services_other,Telecoms,eu,ft1000_wayback:20210331132419,2021
maxxiengineering.it,Maxxi Engineering,services_other,Support Services,eu,ft1000_wayback:20210331132419,2021
helfende-franken.de,Helfende Franken gemeinnützige,health,Health,eu,ft1000_wayback:20210331132419,2021
marfeel.com,Marfeel Solutions,software_saas,Technology,eu,ft1000_wayback:20210331132419,2021
lattebabyandchild.com,Latte Bebe',health,Pharmaceuticals,eu,ft1000_wayback:20210331132419,2021
schroders.com,Schroder Aida,services_other,Management Consulting,eu,ft1000_wayback:20210331132419,2021
gruppotera.com,Gruppo Tera,ecommerce_retail,Ecommerce,eu,ft1000_wayback:20210331132419,2021
airthings.com,Airthings,software_saas,Technology,eu,ft1000_wayback:20210331132419,2021
camping-kaufhaus.com,Camping-Kaufhaus.com,ecommerce_retail,Retail,eu,ft1000_wayback:20210331132419,2021
awesome-architecture.com,AWESOME! Software,software_saas,Technology,eu,ft1000_wayback:20210331132419,2021
opera-energie.com,Opéra Energie,services_other,Management Consulting,eu,ft1000_wayback:20210331132419,2021
ombea.com,Ombea,software_saas,Technology,eu,ft1000_wayback:20210331132419,2021
bioksan.com,Bioksan Naturalmente Juntos,health,Pharmaceuticals,eu,ft1000_wayback:20210331132419,2021
clever.dk,Clever,software_saas,Technology,eu,ft1000_wayback:20210331132419,2021
sleepcycle.com,Sleep Cycle,software_saas,Technology,eu,ft1000_wayback:20210331132419,2021
tds-rietberg.de,TDS Rietberg,ecommerce_retail,Retail,eu,ft1000_wayback:20210331132419,2021
ooni.com,Ooni,ecommerce_retail,Retail,uk,ft1000_wayback:20210331132419,2021
trustly.com,Trustly Group,fintech_insurance,Fintech,eu,ft1000_wayback:20210331132419,2021
natuvion.com,Natuvion,software_saas,Technology,eu,ft1000_wayback:20210331132419,2021
genbadigital.com,Genba Digital,software_saas,Games industry,uk,ft1000_wayback:20210331132419,2021
anniebonnie.com,Annie Bonnie,services_other,Advertising,eu,ft1000_wayback:20210331132419,2021
danjohn.com,Rinah (Dan John),ecommerce_retail,Retail,eu,ft1000_wayback:20210331132419,2021
ready2fly.it,Ready 2 Fly,services_other,Advertising,eu,ft1000_wayback:20210331132419,2021
crispybacon.it,Crispy Bacon,software_saas,Technology,eu,ft1000_wayback:20210331132419,2021
ddmsolutions.it,Ddm Solutions,software_saas,Technology,eu,ft1000_wayback:20210331132419,2021
gfid-ev.de,GfiD,services_other,Telecoms,eu,ft1000_wayback:20210331132419,2021
gantel.it,Gantel,services_other,Telecoms,eu,ft1000_wayback:20210331132419,2021
weclapp.com,weclapp,software_saas,Technology,eu,ft1000_wayback:20210331132419,2021
lescausantes.com,Les Causantes,services_other,Management Consulting,eu,ft1000_wayback:20210331132419,2021
oxwork.com,Oxwork,ecommerce_retail,Retail,eu,ft1000_wayback:20210331132419,2021
bygglet.com,Bygglet,software_saas,Technology,eu,ft1000_wayback:20210331132419,2021
noonic.com,Noonic,services_other,Advertising,eu,ft1000_wayback:20210331132419,2021
codekunst-systems.com,codekunst systems,software_saas,Technology,eu,ft1000_wayback:20210331132419,2021
cloudplusplus.com,Cloud++,software_saas,Technology,eu,ft1000_wayback:20210331132419,2021
kiddus.com,Kiddus Accesorios,ecommerce_retail,Ecommerce,eu,ft1000_wayback:20210331132419,2021
sensocure.no,Sensocure,health,Health,eu,ft1000_wayback:20210331132419,2021
heltti.fi,Heltti,health,Health,eu,ft1000_wayback:20210331132419,2021
microblink.com,Microblink,software_saas,Technology,eu,ft1000_wayback:20210331132419,2021
geniusprogetti.com,Genius Progetti,services_other,Sales & Marketing,eu,ft1000_wayback:20210331132419,2021
mgexport.net,MG Export,services_other,Support Services,eu,ft1000_wayback:20210331132419,2021
meerx.de,MEERX group,services_other,Management Consulting,eu,ft1000_wayback:20210331132419,2021
totaltiles.co.uk,Total Tiles,ecommerce_retail,Ecommerce,uk,ft1000_wayback:20210331132419,2021
dblue.it,Deep Blue,ecommerce_retail,Retail,eu,ft1000_wayback:20210331132419,2021
logomania.it,Logomania,ecommerce_retail,Fashion,eu,ft1000_wayback:20210331132419,2021
clearscore.com,ClearScore Technology,fintech_insurance,Fintech,uk,ft1000_wayback:20210331132419,2021
qaiware.com,Qaiware,fintech_insurance,Fintech,eu,ft1000_wayback:20210331132419,2021
silkhom.com,Silkhom,services_other,Management Consulting,eu,ft1000_wayback:20210331132419,2021
medinetsrl.com,Medinet,services_other,Telecoms,eu,ft1000_wayback:20210331132419,2021
housekeep.com,Housekeep,ecommerce_retail,Ecommerce,uk,ft1000_wayback:20210331132419,2021
serenitawellness.net,Serenita',services_other,Support Services,eu,ft1000_wayback:20210331132419,2021
adchieve.com,Adchieve,ecommerce_retail,Ecommerce,eu,ft1000_wayback:20210331132419,2021
infinum.com,Infinum,software_saas,Technology,eu,ft1000_wayback:20210331132419,2021
supplyvalueconsulting.com,Supply Value,services_other,Management Consulting,eu,ft1000_wayback:20210331132419,2021
deltacapita.com,Delta Capita Group,services_other,Management Consulting,uk,ft1000_wayback:20210331132419,2021
quantion.com,Quantion,software_saas,Technology,eu,ft1000_wayback:20210331132419,2021
syscom.com,Syscom-Developpement,services_other,Telecoms,eu,ft1000_wayback:20210331132419,2021
pangeanic.com,Pangeanic BI Europa,services_other,Support Services,eu,ft1000_wayback:20210331132419,2021
godeltech.com,Godel Technologies,software_saas,Technology,uk,ft1000_wayback:20210331132419,2021
kompany.com,kompany,software_saas,Technology,eu,ft1000_wayback:20210331132419,2021
oxfordsummercourses.com,Oxford Summer Courses,edtech,Education,uk,ft1000_wayback:20210331132419,2021
bonnegueule.fr,Bonnegueule,ecommerce_retail,Fashion,eu,ft1000_wayback:20210331132419,2021
serengetitech.com,Serengeti,software_saas,Technology,eu,ft1000_wayback:20210331132419,2021
progaming-italia.com,ProGaming Italia,software_saas,Games industry,eu,ft1000_wayback:20210331132419,2021
selsey.pl,Selsey,ecommerce_retail,Ecommerce,eu,ft1000_wayback:20210331132419,2021
satis-jobscenter.com,Groupe Satis TT,services_other,Management Consulting,eu,ft1000_wayback:20210331132419,2021
clicklearn.com,ClickLearn,software_saas,Technology,eu,ft1000_wayback:20210331132419,2021
castel.it,Castel,ecommerce_retail,Fashion,eu,ft1000_wayback:20210331132419,2021
scalehub.com,ScaleHub,software_saas,Technology,eu,ft1000_wayback:20210331132419,2021
identpro.de,IdentPro,software_saas,Technology,eu,ft1000_wayback:20210331132419,2021
coob.it,Coob - Consorzio di Cooperative Sociali per l'Inclusione Lavorativa,services_other,Support Services,eu,ft1000_wayback:20210331132419,2021
disguise.one,disguise tech,software_saas,Technology,uk,ft1000_wayback:20210331132419,2021
geosurveys.pt,Geosurveys – Consultores em Geofísica,services_other,Support Services,eu,ft1000_wayback:20210331132419,2021
ak-interactive.com,Interactive 3G,services_other,Support Services,eu,ft1000_wayback:20210331132419,2021
sicherheit-eichinger.de,Eichinger Sicherheit und Service,services_other,Support Services,eu,ft1000_wayback:20210331132419,2021
morningtrain.dk,Morning Train Technologies,software_saas,Technology,eu,ft1000_wayback:20210331132419,2021
temera.it,Temera,software_saas,Technology,eu,ft1000_wayback:20210331132419,2021
ismacontrolli.com,Global Control 5,services_other,Support Services,eu,ft1000_wayback:20210331132419,2021
aleysia.com,Aleysia,software_saas,Technology,eu,ft1000_wayback:20210331132419,2021
bromptontech.com,Brompton Technology,software_saas,Technology,uk,ft1000_wayback:20210331132419,2021
farmacosmo.com,Farmacosmo,health,Pharmaceuticals,eu,ft1000_wayback:20210331132419,2021
cces.org,CCES,health,Health,eu,ft1000_wayback:20210331132419,2021
interimsearch.com,Interim Search,services_other,Support Services,eu,ft1000_wayback:20210331132419,2021
kolinpharma.com,Kolinpharma,health,Pharmaceuticals,eu,ft1000_wayback:20210331132419,2021
gagu-zwergenhilfe.com,Gagu,services_other,Support Services,eu,ft1000_wayback:20210331132419,2021
arenim.com,Arenim Technologies,software_saas,Technology,eu,ft1000_wayback:20210331132419,2021
nangasystems.com,Nanga Systems,software_saas,Technology,eu,ft1000_wayback:20210331132419,2021
institutionalprotection.com,Institutional Protection Services,services_other,Law,uk,ft1000_wayback:20210331132419,2021
homeinstead.com,Home Instead,health,Health,eu,ft1000_wayback:20210331132419,2021
onefiftyconsultancy.com,OneFifty Consultancy,services_other,Sales & Marketing,uk,ft1000_wayback:20210331132419,2021
anthesisgroup.com,Anthesis,software_saas,Technology,uk,ft1000_wayback:20210331132419,2021
cloudtechnologiesltd.co.uk,Cloud Technology Solutions,software_saas,Technology,uk,ft1000_wayback:20210331132419,2021
inbank.ee,Inbank,fintech_insurance,Fintech,eu,ft1000_wayback:20210331132419,2021
velocitycommerce.co.uk,Velocity Outlet,ecommerce_retail,Retail,uk,ft1000_wayback:20210331132419,2021
thebigsearch.com,The Big Search International,software_saas,Technology,eu,ft1000_wayback:20210331132419,2021
denany.de,Denany,ecommerce_retail,Retail,eu,ft1000_wayback:20210331132419,2021
selectra.info,Selectra,services_other,Support Services,eu,ft1000_wayback:20210331132419,2021
ndreams.com,nDreams,software_saas,Games industry,uk,ft1000_wayback:20210331132419,2021
minderest.com,Minderest,software_saas,Technology,eu,ft1000_wayback:20210331132419,2021
infogene.fr,Infogene,services_other,Management Consulting,eu,ft1000_wayback:20210331132419,2021
getawair.com,Awair,services_other,Management Consulting,eu,ft1000_wayback:20210331132419,2021
mc2-technologies.com,MC2 Technologies,software_saas,Technology,eu,ft1000_wayback:20210331132419,2021
adelyce.fr,Adelyce,software_saas,Technology,eu,ft1000_wayback:20210331132419,2021
northmill.com,Northmill Group,fintech_insurance,Fintech,eu,ft1000_wayback:20210331132419,2021
e-novia.it,E-Novia,software_saas,Technology,eu,ft1000_wayback:20210331132419,2021
bodoschaefer-akademie.de,Bodo Schäfer Akademie,health,Health,eu,ft1000_wayback:20210331132419,2021
indosgroup.com,Indos Financial,fintech_insurance,Financial Services,uk,ft1000_wayback:20210331132419,2021
delville-management.com,Delville Management,services_other,Management Consulting,eu,ft1000_wayback:20210331132419,2021
personalhaus-gruppe.de,Personalhaus Bielefeld,services_other,Support Services,eu,ft1000_wayback:20210331132419,2021
abtot.se,ABTOT Mark & Anläggning,services_other,Support Services,eu,ft1000_wayback:20210331132419,2021
planprotect.de,PLANPROTECT,services_other,Support Services,eu,ft1000_wayback:20210331132419,2021
iungo.com,Iungo,software_saas,Technology,eu,ft1000_wayback:20210331132419,2021
floriocarta.com,Florio Carta,ecommerce_retail,Retail,eu,ft1000_wayback:20210331132419,2021
weunit.it,We-Unit Group,fintech_insurance,Financial Services,eu,ft1000_wayback:20210331132419,2021
smartsearch.com,SmartSearch,fintech_insurance,Fintech,uk,ft1000_wayback:20210331132419,2021
metsys.fr,Metsys,software_saas,Technology,eu,ft1000_wayback:20210331132419,2021
rgreeninvest.com,R Green Invest,services_other,Management Consulting,eu,ft1000_wayback:20210331132419,2021
plan.com,Plan Communications Holding,services_other,Telecoms,uk,ft1000_wayback:20210331132419,2021
northwave-cybersecurity.com,Northwave Group,devtools,Cyber Security,eu,ft1000_wayback:20210331132419,2021
kameleoon.com,Kameleoon,software_saas,Technology,eu,ft1000_wayback:20210331132419,2021
tresorit.com,Tresorit,devtools,Cyber Security,eu,ft1000_wayback:20210331132419,2021
dartmouthpartners.com,Dartmouth Partners,services_other,Support Services,uk,ft1000_wayback:20210331132419,2021
tecracer.com,tecRacer Consulting,software_saas,Technology,eu,ft1000_wayback:20210331132419,2021
scanbot.io,Scanbot / doo GmbH,software_saas,Technology,eu,ft1000_wayback:20210331132419,2021
pomilioblumm.eu,Pomilio Blumm,services_other,Advertising,eu,ft1000_wayback:20210331132419,2021
florence-consulting.it,Florence Consulting Group,software_saas,Technology,eu,ft1000_wayback:20210331132419,2021
personalhub.de,PersonalHub Holding,services_other,Support Services,eu,ft1000_wayback:20210331132419,2021
dobar.de,dobar e-Commerce,ecommerce_retail,Retail,eu,ft1000_wayback:20210331132419,2021
hirschtec.eu,HIRSCHTEC,software_saas,Technology,eu,ft1000_wayback:20210331132419,2021
alterboutique.com,Alterboutique,ecommerce_retail,Retail,eu,ft1000_wayback:20210331132419,2021
goldengates.de,Golden Gates Technologiemetalle,ecommerce_retail,Retail,eu,ft1000_wayback:20210331132419,2021
fattorialefonti.it,Le Fonti,services_other,Media,eu,ft1000_wayback:20210331132419,2021
merkkur.de,Merkkur,ecommerce_retail,Retail,eu,ft1000_wayback:20210331132419,2021
elettronicadedicata.it,E.D. Elettronica Dedicata,software_saas,Technology,eu,ft1000_wayback:20210331132419,2021
forsythbarnes.com,Forsyth Barnes,services_other,Support Services,uk,ft1000_wayback:20210331132419,2021
nutrileya.it,Nutrileya,health,Pharmaceuticals,eu,ft1000_wayback:20210331132419,2021
agcapps.com,AG Consultancy & Apps,software_saas,Technology,uk,ft1000_wayback:20210331132419,2021
adservio.fr,Adservio,software_saas,Technology,eu,ft1000_wayback:20210331132419,2021
rackforest.com,Rackforest,software_saas,Technology,eu,ft1000_wayback:20210331132419,2021
angelinipharma.com,A.B. Pharm,health,Pharmaceuticals,eu,ft1000_wayback:20210331132419,2021
leslipfrancais.fr,Le Slip Français,ecommerce_retail,Retail,eu,ft1000_wayback:20210331132419,2021
next04.it,Next04,software_saas,Technology,eu,ft1000_wayback:20210331132419,2021
keyquant.fr,Keyquant,fintech_insurance,Financial Services,eu,ft1000_wayback:20210331132419,2021
webmediarm.com,WebmediaRM,services_other,Media,eu,ft1000_wayback:20210331132419,2021
pentagon-group.co.uk,We Are Pentagon Group,ecommerce_retail,Ecommerce,uk,ft1000_wayback:20210331132419,2021
firalis.com,Firalis,health,Health,eu,ft1000_wayback:20210331132419,2021
digitalmind.rs,Digitalmind,services_other,Advertising,eu,ft1000_wayback:20210331132419,2021
adquality.fr,Adquality,services_other,Advertising,eu,ft1000_wayback:20210331132419,2021
venticento.eu,Venticento,devtools,Cyber Security,eu,ft1000_wayback:20210331132419,2021
advancecapital.ru,Advance Capital,services_other,Management Consulting,eu,ft1000_wayback:20210331132419,2021
hb-friends.com,Heissen Becker & Friends,services_other,Support Services,eu,ft1000_wayback:20210331132419,2021
intech-mw.com,Intech Microwaves,services_other,Telecoms,eu,ft1000_wayback:20210331132419,2021
bentley.global,Bentley Innomed,health,Health,eu,ft1000_wayback:20210331132419,2021
lengoo.com,lengoo,services_other,Support Services,eu,ft1000_wayback:20210331132419,2021
xceptor.com,Xceptor,fintech_insurance,Fintech,uk,ft1000_wayback:20210331132419,2021
humanas.de,Humanas Pflege,health,Health,eu,ft1000_wayback:20210331132419,2021
mind7.com,Mind7 Consulting,software_saas,Technology,eu,ft1000_wayback:20210331132419,2021
7layers.com,7Layers,devtools,Cyber Security,eu,ft1000_wayback:20210331132419,2021
lightfoot.co.uk,Lightfoot Innovations,software_saas,Technology,uk,ft1000_wayback:20210331132419,2021
softandcloud.com,Soft & Cloud,software_saas,Technology,eu,ft1000_wayback:20210331132419,2021
onceuponatime.agency,Once Upon A Time Global,services_other,Advertising,uk,ft1000_wayback:20210331132419,2021
humanuspraca.pl,Humanus Personalservice,services_other,Support Services,eu,ft1000_wayback:20210331132419,2021
liquisign.de,Liquisign OHG,services_other,Advertising,eu,ft1000_wayback:20210331132419,2021
antherica.com,Antherica,software_saas,Technology,eu,ft1000_wayback:20210331132419,2021
motorflash.com,Motor Flash Iberica de Negocios,services_other,Sales & Marketing,eu,ft1000_wayback:20210331132419,2021
innocv.com,Innocv Solutions,software_saas,Technology,eu,ft1000_wayback:20210331132419,2021
sanso-longchamp.com,Longchamp Asset Management,services_other,Management Consulting,eu,ft1000_wayback:20210331132419,2021
amagno.co.uk,AMAGNO,software_saas,Technology,eu,ft1000_wayback:20210331132419,2021
route101.com,Route 101 (formerly Unify),services_other,Telecoms,uk,ft1000_wayback:20210331132419,2021
smartbeautyconzept.de,Smart Beauty Conzept,services_other,Advertising,eu,ft1000_wayback:20210331132419,2021
viabill.com,Viabill,fintech_insurance,Fintech,eu,ft1000_wayback:20210331132419,2021
tarlogic.com,Tarlogic Security,devtools,Cyber Security,eu,ft1000_wayback:20210331132419,2021
imap.com,IMAP,services_other,Management Consulting,eu,ft1000_wayback:20210331132419,2021
istekki.fi,Istekki,services_other,Support Services,eu,ft1000_wayback:20210331132419,2021
retesol.com,Retesol,ecommerce_retail,Retail,eu,ft1000_wayback:20210331132419,2021
iplato.com,iPlato Healthcare,software_saas,Technology,uk,ft1000_wayback:20210331132419,2021
sonarworks.com,Sonarworks,software_saas,Technology,eu,ft1000_wayback:20210331132419,2021
j-labs.pl,j-labs,software_saas,Technology,eu,ft1000_wayback:20210331132419,2021
eurosagency.eu,Euros Agency Group,services_other,Management Consulting,eu,ft1000_wayback:20210331132419,2021
openwork.fr,OpenWork / Le Monde Après,services_other,Management Consulting,eu,ft1000_wayback:20210331132419,2021
lepetitvapoteur.com,Le Petit Vapoteur,ecommerce_retail,Retail,eu,ft1000_wayback:20210331132419,2021
ispartner.lv,Industry Service Partner,services_other,Support Services,eu,ft1000_wayback:20210331132419,2021
dqe-software.com,DQE Software,software_saas,Technology,eu,ft1000_wayback:20210331132419,2021
go-concept.lu,Go Concept,services_other,Management Consulting,eu,ft1000_wayback:20210331132419,2021
2iportage.com,2I Portage,services_other,Management Consulting,eu,ft1000_wayback:20210331132419,2021
dollynoire.com,Dolly Noire,ecommerce_retail,Fashion,eu,ft1000_wayback:20210331132419,2021
mailup.com,Mailup,software_saas,Technology,eu,ft1000_wayback:20210331132419,2021
awinsi.tech,Awinsi Technologies,services_other,Management Consulting,eu,ft1000_wayback:20210331132419,2021
prima-solutions.com,PRIMA SOLUTIONS,software_saas,Technology,eu,ft1000_wayback:20210331132419,2021
expertease-partners.com,Expertease Partners,fintech_insurance,Financial Services,eu,ft1000_wayback:20210331132419,2021
denevy.eu,DENEVY,software_saas,Technology,eu,ft1000_wayback:20210331132419,2021
inrete.it,Inrete,services_other,Management Consulting,eu,ft1000_wayback:20210331132419,2021
cyden.com,Cyden (iPulse),software_saas,Technology,uk,ft1000_wayback:20210331132419,2021
mashfrog.com,Mashfrog Group,software_saas,Technology,eu,ft1000_wayback:20210331132419,2021
kombitex-shop.com,Kombitex,ecommerce_retail,Retail,eu,ft1000_wayback:20210331132419,2021
aufgesang.de,Aufgesang,services_other,Advertising,eu,ft1000_wayback:20210331132419,2021
titansquaremile.com,Square Mile Investment Consulting and Research,fintech_insurance,Financial Services,uk,ft1000_wayback:20210331132419,2021
thecookiesfactory.com,Cookies Factory,services_other,Media,eu,ft1000_wayback:20210331132419,2021
mvise.de,mVISE,software_saas,Technology,eu,ft1000_wayback:20210331132419,2021
altansia.com,Altansia,software_saas,Technology,eu,ft1000_wayback:20210331132419,2021
hornetsecurity.com,Hornetsecurity,devtools,Cyber Security,eu,ft1000_wayback:20210331132419,2021
manifone.fr,Manifone,services_other,Telecoms,eu,ft1000_wayback:20210331132419,2021
bizforward.co.uk,bizforward,services_other,Support Services,eu,ft1000_wayback:20210331132419,2021
lendinvest.com,LendInvest,fintech_insurance,Fintech,uk,ft1000_wayback:20210331132419,2021
fensterblick.de,Fensterblick,ecommerce_retail,Retail,eu,ft1000_wayback:20210331132419,2021
ftapi.com,FTAPI Software,software_saas,Technology,eu,ft1000_wayback:20210331132419,2021
axians.it,Brand Id (Axians),services_other,Telecoms,eu,ft1000_wayback:20210331132419,2021
wundmanagement-magisa.de,MAGISA Wundmanagement,health,Health,eu,ft1000_wayback:20210331132419,2021
accedia.com,Accedia JSC,software_saas,Technology,eu,ft1000_wayback:20210331132419,2021
webranking.agency,Webranking,services_other,Advertising,eu,ft1000_wayback:20210331132419,2021
arpilabe.com,Arpilabe,services_other,Support Services,eu,ft1000_wayback:20210331132419,2021
digitalangels.com,Digital Angels,services_other,Advertising,eu,ft1000_wayback:20210331132419,2021
iqmselezione.it,IQM Selezione,services_other,Support Services,eu,ft1000_wayback:20210331132419,2021
gmasociale.it,Gma Cooperativa Sociale,services_other,Support Services,eu,ft1000_wayback:20210331132419,2021
primeeng.com,PrimeEng Group,services_other,Management Consulting,uk,ft1000_wayback:20210331132419,2021
crosscall.com,Crosscall,services_other,Telecoms,eu,ft1000_wayback:20210331132419,2021
loopme.com,LoopMe,software_saas,Technology,uk,ft1000_wayback:20210331132419,2021
grape.solutions,Grape Solutions Hungary,software_saas,Technology,eu,ft1000_wayback:20210331132419,2021
coolshop.com,Coolshop,software_saas,Technology,eu,ft1000_wayback:20210331132419,2021
workable.com,Workable Technology,software_saas,Technology,uk,ft1000_wayback:20210331132419,2021
graniteunderwriting.co.uk,Granite Underwriting,fintech_insurance,Insurance,uk,ft1000_wayback:20210331132419,2021
constaff.com,Constaff,software_saas,Technology,eu,ft1000_wayback:20210331132419,2021
playground.it,Playground,services_other,Advertising,eu,ft1000_wayback:20210331132419,2021
egress.com,Egress Software Technologies,software_saas,Technology,uk,ft1000_wayback:20210331132419,2021
smartblue.de,Smartblue,services_other,Support Services,eu,ft1000_wayback:20210331132419,2021
leguano.us,leguano,ecommerce_retail,Retail,eu,ft1000_wayback:20210331132419,2021
razor.com,Razor,software_saas,Technology,uk,ft1000_wayback:20210331132419,2021
rinkit.com,Rinkit,ecommerce_retail,Ecommerce,uk,ft1000_wayback:20210331132419,2021
saegus.com,Saegus,services_other,Management Consulting,eu,ft1000_wayback:20210331132419,2021
talents-projets.net,Talents & Projets,services_other,Management Consulting,eu,ft1000_wayback:20210331132419,2021
maxpay.com,Maxpay Holding,fintech_insurance,Fintech,eu,ft1000_wayback:20210331132419,2021
santeformapro.com,Santé Formapro,health,Health,eu,ft1000_wayback:20210331132419,2021
keytech.it,Keytech,devtools,Cyber Security,eu,ft1000_wayback:20210331132419,2021
translated.com,Translated,services_other,Support Services,eu,ft1000_wayback:20210331132419,2021
bombayworks.com,Bombayworks,software_saas,Technology,eu,ft1000_wayback:20210331132419,2021
aizo.com.my,Aizo Group,software_saas,Technology,eu,ft1000_wayback:20210331132419,2021
marketsolutions.se,Market Solutions Sverige,services_other,Advertising,eu,ft1000_wayback:20210331132419,2021
magilla.company,Magilla,services_other,Advertising,eu,ft1000_wayback:20210331132419,2021
wolt.com,Wolt Enterprises,software_saas,Technology,eu,ft1000_wayback:20230425220624,2020
gismart.com,Gismart,software_saas,Games industry,uk,ft1000_wayback:20230425220624,2020
mammaitaliaus.com,Mamma 2.0,ecommerce_retail,Ecommerce,eu,ft1000_wayback:20230425220624,2020
touchnetworks.co.uk,In Touch Networks,software_saas,Technology,uk,ft1000_wayback:20230425220624,2020
futureplaygames.com,Futureplay,software_saas,Games industry,eu,ft1000_wayback:20230425220624,2020
junglecreations.com,Jungle Creations,services_other,Media,uk,ft1000_wayback:20230425220624,2020
sinob.de,#sinob,ecommerce_retail,Retail,eu,ft1000_wayback:20230425220624,2020
trouva.com,Trouva,software_saas,Technology,uk,ft1000_wayback:20230425220624,2020
softwarehut.com,SoftwareHut,software_saas,Technology,eu,ft1000_wayback:20230425220624,2020
eskimoz.fr,Eskimoz,services_other,Media,eu,ft1000_wayback:20230425220624,2020
agriconomie.com,Agriconomie,ecommerce_retail,Retail,eu,ft1000_wayback:20230425220624,2020
bluemotorfinance.co.uk,Blue Motor Finance,fintech_insurance,Financial Services,uk,ft1000_wayback:20230425220624,2020
vidsy.co,Vidsy Media,services_other,Advertising,uk,ft1000_wayback:20230425220624,2020
darktrace.com,Darktrace,devtools,Cyber Security,uk,ft1000_wayback:20230425220624,2020
fostec.com,FOSTEC & Company,services_other,Management Consulting,eu,ft1000_wayback:20230425220624,2020
stillfront.com,Stillfront Group,software_saas,Games industry,eu,ft1000_wayback:20230425220624,2020
workcapital.es,Workcapital,fintech_insurance,Financial Services,eu,ft1000_wayback:20230425220624,2020
missoma.com,Missoma,ecommerce_retail,Ecommerce,uk,ft1000_wayback:20230425220624,2020
theinsidersnet.com,Grapevine (The Insiders),services_other,Advertising,eu,ft1000_wayback:20230425220624,2020
viralize.com,Viralize,services_other,Advertising,eu,ft1000_wayback:20230425220624,2020
ruehehealthcare.com,Ruehe Healthcare,health,Health,eu,ft1000_wayback:20230425220624,2020
mrswordsmith.com,Mrs Wordsmith,edtech,Education,uk,ft1000_wayback:20230425220624,2020
innovi.fr,INNOVI Recherche,health,Pharmaceuticals,eu,ft1000_wayback:20230425220624,2020
complyadvantage.com,ComplyAdvantage,fintech_insurance,Fintech,uk,ft1000_wayback:20230425220624,2020
tylia.fr,Tylia Invest,fintech_insurance,Fintech,eu,ft1000_wayback:20230425220624,2020
conceptif.de,ConceptIF Pro,fintech_insurance,Insurance,eu,ft1000_wayback:20230425220624,2020
tingopol.eu,Tingopol,software_saas,Technology,eu,ft1000_wayback:20230425220624,2020
northgatevehiclehire.co.uk,GAP Vehicle Hire,services_other,Support Services,uk,ft1000_wayback:20230425220624,2020
oradian.com,Oradian,fintech_insurance,Fintech,eu,ft1000_wayback:20230425220624,2020
youlovewords.com,YouLoveWords,services_other,Media,eu,ft1000_wayback:20230425220624,2020
voxpopme.com,Voxpopme,software_saas,Technology,uk,ft1000_wayback:20230425220624,2020
vadeca.pt,Vadeca Facility Services,services_other,Support Services,eu,ft1000_wayback:20230425220624,2020
typeform.com,Typeform,software_saas,Technology,eu,ft1000_wayback:20230425220624,2020
prodigi.com,Prodigi Group,software_saas,Technology,uk,ft1000_wayback:20230425220624,2020
applifting.io,Applifting,software_saas,Technology,eu,ft1000_wayback:20230425220624,2020
rezatec.com,Rezatec,software_saas,Technology,uk,ft1000_wayback:20230425220624,2020
accenta.de,ACCENTA Music,services_other,Advertising,eu,ft1000_wayback:20230425220624,2020
facephi.com,Facephi Biometria,fintech_insurance,Fintech,eu,ft1000_wayback:20230425220624,2020
beer52.com,Beer52,ecommerce_retail,Ecommerce,uk,ft1000_wayback:20230425220624,2020
cpgroupcom.de,CP Group,ecommerce_retail,Retail,eu,ft1000_wayback:20230425220624,2020
weareelements.io,Elements Talent Consultancy,software_saas,Technology,uk,ft1000_wayback:20230425220624,2020
miyagieyewear.com,Miyagi,services_other,Advertising,eu,ft1000_wayback:20230425220624,2020
q.agency,Q Agency,software_saas,Technology,eu,ft1000_wayback:20230425220624,2020
rojen.com,Rojen Commerce,ecommerce_retail,Retail,eu,ft1000_wayback:20230425220624,2020
geckoengage.com,Gecko Labs,software_saas,Technology,uk,ft1000_wayback:20230425220624,2020
ministryofprogramming.com,Ministry of Programming,software_saas,Technology,eu,ft1000_wayback:20230425220624,2020
geniussports.com,Genius Sports Group,software_saas,Technology,uk,ft1000_wayback:20230425220624,2020
itp-technologie.com,ITP TECHNOLOGIE,ecommerce_retail,Retail,eu,ft1000_wayback:20230425220624,2020
rocketbaby.com,Letisan (RocketBaby),ecommerce_retail,Ecommerce,eu,ft1000_wayback:20230425220624,2020
gpcaregroup.org,Tower Hamlets GP Care Group,health,Health,uk,ft1000_wayback:20230425220624,2020
lockwoodpublishing.com,Lockwood Publishing,software_saas,Games industry,uk,ft1000_wayback:20230425220624,2020
xtreamcodes.io,Xtream Codes,software_saas,Technology,eu,ft1000_wayback:20230425220624,2020
mobilewaves.com,Mobile Wave Solutions,software_saas,Technology,eu,ft1000_wayback:20230425220624,2020
jbrcapital.com,JBR Capital,fintech_insurance,Financial Services,uk,ft1000_wayback:20230425220624,2020
fram.asia,Fram Skandinavien,software_saas,Technology,eu,ft1000_wayback:20230425220624,2020
versoproboscs.com,Versoprobo,services_other,Support Services,eu,ft1000_wayback:20230425220624,2020
proficio.io,Proficio Marketing,services_other,Advertising,eu,ft1000_wayback:20230425220624,2020
reversemediagroup.com,Reverse Media Group,services_other,Media,uk,ft1000_wayback:20230425220624,2020
grabyo.com,Grabyo,services_other,Media,uk,ft1000_wayback:20230425220624,2020
powerspace.com,Powerspace,software_saas,Technology,eu,ft1000_wayback:20230425220624,2020
remagroup.com,REMA-Solutions,services_other,Support Services,eu,ft1000_wayback:20230425220624,2020
gutemarken.com,Gute Marken Online,ecommerce_retail,Ecommerce,eu,ft1000_wayback:20230425220624,2020
portagelearning.edu,My Portage,services_other,Support Services,eu,ft1000_wayback:20230425220624,2020
medicaltourismitaly.com,Medical Net,edtech,Education,eu,ft1000_wayback:20230425220624,2020
goodone.company,Good one,services_other,Sales & Marketing,eu,ft1000_wayback:20230425220624,2020
identogo.com,Idento,services_other,Management Consulting,eu,ft1000_wayback:20230425220624,2020
drdoctor.co.uk,DrDoctor,health,Health,uk,ft1000_wayback:20230425220624,2020
checkout.com,checkout.com,fintech_insurance,Fintech,uk,ft1000_wayback:20230425220624,2020
zeitwerk-personal.de,ZeitWerk Personal,services_other,Support Services,eu,ft1000_wayback:20230425220624,2020
hyperec.com,Hyper Recruitment Solutions,services_other,Support Services,uk,ft1000_wayback:20230425220624,2020
wewatch-security.com,WeWATCH Security Service,services_other,Support Services,eu,ft1000_wayback:20230425220624,2020
superawesome.com,SuperAwesome,software_saas,Technology,uk,ft1000_wayback:20230425220624,2020
industrieservices.de,BXR IndustrieService,services_other,Support Services,eu,ft1000_wayback:20230425220624,2020
kioskkiosk.com,City Shop West Kiosk,ecommerce_retail,Retail,eu,ft1000_wayback:20230425220624,2020
mytho.com,Mytho,health,Pharmaceuticals,eu,ft1000_wayback:20230425220624,2020
motius.com,Motius,services_other,Support Services,eu,ft1000_wayback:20230425220624,2020
ponzioaluminium.com,Lorefice & Ponzio,services_other,Support Services,eu,ft1000_wayback:20230425220624,2020
buzzoole.com,Buzzoole,services_other,Media,eu,ft1000_wayback:20230425220624,2020
monterosa.co,Monterosa Productions,software_saas,Technology,uk,ft1000_wayback:20230425220624,2020
duca1962.com,Gioielleria Duca,ecommerce_retail,Retail,eu,ft1000_wayback:20230425220624,2020
epidemicsound.com,Epidemic Sound,software_saas,Technology,eu,ft1000_wayback:20230425220624,2020
techpros.com,TECHPROS,software_saas,Technology,eu,ft1000_wayback:20230425220624,2020
assetzcapital.co.uk,Assetz Capital,fintech_insurance,Financial Services,uk,ft1000_wayback:20230425220624,2020
hivemq.com,HiveMQ,software_saas,Technology,eu,ft1000_wayback:20230425220624,2020
freestyle-chess.com,freestyle,edtech,Education,eu,ft1000_wayback:20230425220624,2020
laserwiresolutions.com,Laser Wire Solutions,software_saas,Technology,uk,ft1000_wayback:20230425220624,2020
conet.de,CO.NET,services_other,Support Services,eu,ft1000_wayback:20230425220624,2020
senergica.it,Senergica,services_other,Support Services,eu,ft1000_wayback:20230425220624,2020
vipcon.org,VIPCON,software_saas,Technology,eu,ft1000_wayback:20230425220624,2020
innercircle.agency,innercircle,services_other,Support Services,eu,ft1000_wayback:20230425220624,2020
ssen-transmission.co.uk,Transmission,services_other,Sales & Marketing,uk,ft1000_wayback:20230425220624,2020
rocksteadymusicschool.com,Rocksteady Music School,edtech,Education,uk,ft1000_wayback:20230425220624,2020
botron.com,Botron Software Solutions,software_saas,Technology,eu,ft1000_wayback:20230425220624,2020
wed2b.com,WED2B,ecommerce_retail,Retail,uk,ft1000_wayback:20230425220624,2020
xcede.com,Xcede Recruitment,services_other,Support Services,uk,ft1000_wayback:20230425220624,2020
leadconsult.eu,LEAD Consult,software_saas,Technology,eu,ft1000_wayback:20230425220624,2020
cloudi-fi.com,Cloudi-Fi,software_saas,Technology,eu,ft1000_wayback:20230425220624,2020
fastuppartners.com,Fast-Up Partners,services_other,Management Consulting,eu,ft1000_wayback:20230425220624,2020
raumweltenheiss.de,raumweltenheiss,ecommerce_retail,Retail,eu,ft1000_wayback:20230425220624,2020
forever-entertainment.com,Forever Entertainment,software_saas,Games industry,eu,ft1000_wayback:20230425220624,2020
exacaster.com,Exacaster,software_saas,Technology,eu,ft1000_wayback:20230425220624,2020
reech.com,Reech,services_other,Media,eu,ft1000_wayback:20230425220624,2020
neosystemscorp.com,Neo Systems,services_other,Telecoms,eu,ft1000_wayback:20230425220624,2020
iplangroup-eng.com,Iplan Gestión Integral,services_other,Support Services,eu,ft1000_wayback:20230425220624,2020
newadventures.nl,New adVentures,services_other,Media,eu,ft1000_wayback:20230425220624,2020
bigchange.com,BigChange,software_saas,Technology,uk,ft1000_wayback:20230425220624,2020
adaysmarch.com,A Day's March Shirts & Staples,ecommerce_retail,Retail,eu,ft1000_wayback:20230425220624,2020
intito.com,Intito,software_saas,Technology,eu,ft1000_wayback:20230425220624,2020
schneiderfs.com,Schneider Financial Solutions,fintech_insurance,Financial Services,uk,ft1000_wayback:20230425220624,2020
arcesi-ea.com,ARCESI Occitanie,software_saas,Technology,eu,ft1000_wayback:20230425220624,2020
holla.fi,Holla Online,services_other,Advertising,eu,ft1000_wayback:20230425220624,2020
famoco.com,Famoco,fintech_insurance,Fintech,eu,ft1000_wayback:20230425220624,2020
quickcomexpress.com,Quickcom,services_other,Telecoms,eu,ft1000_wayback:20230425220624,2020
t1-solution.com,T1 Solution,software_saas,Technology,eu,ft1000_wayback:20230425220624,2020
dein-stellplatz.de,Dein Stellplatz,software_saas,Technology,eu,ft1000_wayback:20230425220624,2020
bopen.eu,B-Open Solutions,software_saas,Technology,eu,ft1000_wayback:20230425220624,2020
goodcall.eu,GoodCall,services_other,Support Services,eu,ft1000_wayback:20230425220624,2020
basemark.com,Basemark,software_saas,Technology,eu,ft1000_wayback:20230425220624,2020
synapsy.events,Synapsy,services_other,Advertising,eu,ft1000_wayback:20230425220624,2020
edubroker.pl,Edubroker,edtech,Education,eu,ft1000_wayback:20230425220624,2020
omniatechnologiesgroup.com,Omnia Group,services_other,Advertising,eu,ft1000_wayback:20230425220624,2020
mcconseil.eu,MC Conseil,services_other,Management Consulting,eu,ft1000_wayback:20230425220624,2020
younited.com,Younited Credit,fintech_insurance,Financial Services,eu,ft1000_wayback:20230425220624,2020
readly.com,Readly International,services_other,Media,eu,ft1000_wayback:20230425220624,2020
dermaroller.com,Dermaroller,health,Health,eu,ft1000_wayback:20230425220624,2020
currencycloud.com,The Currency Cloud Group,fintech_insurance,Fintech,uk,ft1000_wayback:20230425220624,2020
dcmn.com,DCMN,services_other,Advertising,eu,ft1000_wayback:20230425220624,2020
willie-beamen.com,WILLIE BEAMEN,services_other,Media,eu,ft1000_wayback:20230425220624,2020
fekra-group.com,Fekra Consulting,services_other,Support Services,eu,ft1000_wayback:20230425220624,2020
emarkanalytics.com,Emark,software_saas,Technology,eu,ft1000_wayback:20230425220624,2020
drinkprime.com,IS Prime,fintech_insurance,Financial Services,uk,ft1000_wayback:20230425220624,2020
novastar.tech,Novastar,software_saas,Technology,eu,ft1000_wayback:20230425220624,2020
hedgehoglab.com,hedgehog lab,software_saas,Technology,uk,ft1000_wayback:20230425220624,2020
thiga.co,Thiga,services_other,Management Consulting,eu,ft1000_wayback:20230425220624,2020
gomspace.com,GomSpace Group,software_saas,Technology,eu,ft1000_wayback:20230425220624,2020
signorprestito.it,Signor Prestito,fintech_insurance,Financial Services,eu,ft1000_wayback:20230425220624,2020
fincite.de,Fincite,software_saas,Technology,eu,ft1000_wayback:20230425220624,2020
anoru.es,Cerámicas Anoru,ecommerce_retail,Retail,eu,ft1000_wayback:20230425220624,2020
verxo.it,Verxo,devtools,Cyber Security,eu,ft1000_wayback:20230425220624,2020
jutta.fi,Jutta Product,ecommerce_retail,Fashion,eu,ft1000_wayback:20230425220624,2020
doit-solutions.de,doIT solutions,software_saas,Technology,eu,ft1000_wayback:20230425220624,2020
bridgespecialtygroup.com,Bridge Insurance Broker,fintech_insurance,Insurance,eu,ft1000_wayback:20230425220624,2020
future-marketing.co.uk,Future Marketing,services_other,Sales & Marketing,eu,ft1000_wayback:20230425220624,2020
quicklink.tv,Quicklink Solutions,software_saas,Technology,eu,ft1000_wayback:20230425220624,2020
starred.com,Starred,software_saas,Technology,eu,ft1000_wayback:20230425220624,2020
beeksgroup.com,Beeks Financial Cloud Group,fintech_insurance,Fintech,uk,ft1000_wayback:20230425220624,2020
ensek.com,Ensek,software_saas,Technology,uk,ft1000_wayback:20230425220624,2020
team17.com,Team17 Group,software_saas,Games industry,uk,ft1000_wayback:20230425220624,2020
innovasoft.org,Innovasoft,services_other,Support Services,eu,ft1000_wayback:20230425220624,2020
picodi.com,Picodi.com,ecommerce_retail,Ecommerce,eu,ft1000_wayback:20230425220624,2020
creative-cables.com,Creative-Cables,ecommerce_retail,Retail,eu,ft1000_wayback:20230425220624,2020
motork.ai,Motork,services_other,Sales & Marketing,uk,ft1000_wayback:20230425220624,2020
thinkout.io,thinkout IT,software_saas,Technology,eu,ft1000_wayback:20230425220624,2020
universum.ro,Universum Events,services_other,Support Services,eu,ft1000_wayback:20230425220624,2020
flexstructures.com,fleXstructures,software_saas,Technology,eu,ft1000_wayback:20230425220624,2020
akademie-sport-gesundheit.de,Akademie für Sport und Gesundheit,health,Health,eu,ft1000_wayback:20230425220624,2020
oikaoika.fr,OIKA OIKA,ecommerce_retail,Retail,eu,ft1000_wayback:20230425220624,2020
astech.es,Astech Food Machinery,software_saas,Technology,eu,ft1000_wayback:20230425220624,2020
agorize.com,Agorize,software_saas,Technology,eu,ft1000_wayback:20230425220624,2020
celerity-uk.com,Celerity,software_saas,Technology,uk,ft1000_wayback:20230425220624,2020
tvsquared.com,TVSquared,software_saas,Technology,uk,ft1000_wayback:20230425220624,2020
euclidesrl.eu,Euclide,services_other,Management Consulting,eu,ft1000_wayback:20230425220624,2020
consorziostabileappaltitalia.com,Consorzio Stabile Ambientemilia,services_other,Support Services,eu,ft1000_wayback:20230425220624,2020
4-most.co.uk,4most Group Holdings,fintech_insurance,Insurance,uk,ft1000_wayback:20230425220624,2020
iso-recruiting-consultants.com,ISO Recruiting Consultants,services_other,Support Services,eu,ft1000_wayback:20230425220624,2020
comunitelia.com,Comunitelia Comunicaciones,services_other,Telecoms,eu,ft1000_wayback:20230425220624,2020
pcfgroup.com,PCF Group,software_saas,Games industry,eu,ft1000_wayback:20230425220624,2020
elettronsea.it,Elettronsea SocCoop,software_saas,Technology,eu,ft1000_wayback:20230425220624,2020
kaizen-solutions.net,KAIZEN SOLUTIONS,services_other,Management Consulting,eu,ft1000_wayback:20230425220624,2020
blueorangegames.com,Blue Orange,software_saas,Games industry,eu,ft1000_wayback:20230425220624,2020
movetia.ch,Movetia Digital,fintech_insurance,Fintech,eu,ft1000_wayback:20230425220624,2020
liberis.com,Liberis,fintech_insurance,Fintech,uk,ft1000_wayback:20230425220624,2020
wma.agency,Weller Media Agency (WMA),services_other,Sales & Marketing,uk,ft1000_wayback:20230425220624,2020
barbanqueting.com,Bar Banqueting,services_other,Support Services,eu,ft1000_wayback:20230425220624,2020
ableneo.com,Ableneo,software_saas,Technology,eu,ft1000_wayback:20230425220624,2020
caffeina.com,Caffeina,services_other,Advertising,eu,ft1000_wayback:20230425220624,2020
grupatense.pl,Grupa TENSE,services_other,Advertising,eu,ft1000_wayback:20230425220624,2020
lventuregroup.com,Lventure Group,fintech_insurance,Financial Services,eu,ft1000_wayback:20230425220624,2020
berexia.com,Berexia,services_other,Management Consulting,eu,ft1000_wayback:20230425220624,2020
veritreff.de,VeriTreff,services_other,Support Services,eu,ft1000_wayback:20230425220624,2020
bidtheatre.com,Bidtheatre,software_saas,Technology,eu,ft1000_wayback:20230425220624,2020
ticketer.com,Corvia (Ticketer),software_saas,Technology,uk,ft1000_wayback:20230425220624,2020
nuiteq.com,Nuiteq,software_saas,Technology,eu,ft1000_wayback:20230425220624,2020
hifuturegroup.com,HiFuture,software_saas,Technology,eu,ft1000_wayback:20230425220624,2020
hajoona.com,hajoona,health,Health,eu,ft1000_wayback:20230425220624,2020
11bitstudios.com,11 bit studios,software_saas,Games industry,eu,ft1000_wayback:20230425220624,2020
esosphera.com,Esosphera,software_saas,Technology,eu,ft1000_wayback:20230425220624,2020
sassijunior.com,Sassi Editore,services_other,Media,eu,ft1000_wayback:20230425220624,2020
hostersi.com,Hostersi,software_saas,Technology,eu,ft1000_wayback:20230425220624,2020
osmii.com,Osmii,services_other,Support Services,uk,ft1000_wayback:20230425220624,2020
transcurebioservices.com,TransCure bioServices,health,Pharmaceuticals,eu,ft1000_wayback:20230425220624,2020
optogama.com,Optogama,software_saas,Technology,eu,ft1000_wayback:20230425220624,2020
justpark.com,JustPark Parking,software_saas,Technology,uk,ft1000_wayback:20230425220624,2020
potec.biz,PoTec Vertriebs,ecommerce_retail,Ecommerce,eu,ft1000_wayback:20230425220624,2020
selenium-medical.com,Selenium Médical,health,Healh,eu,ft1000_wayback:20230425220624,2020
lamaison-carreauconcept.com,Carreau Concept,ecommerce_retail,Retail,eu,ft1000_wayback:20230425220624,2020
rumba.com.ar,Rumba,ecommerce_retail,Retail,eu,ft1000_wayback:20230425220624,2020
ecomedicaonline.it,Ecomedica,health,Health,eu,ft1000_wayback:20230425220624,2020
mountstreet.com,Mount Street Group,fintech_insurance,Financial Services,uk,ft1000_wayback:20230425220624,2020
elettrotlc.it,Elettro TLC,services_other,Telecoms,eu,ft1000_wayback:20230425220624,2020
iscleanair.com,IS Clean Air Italia,software_saas,Technology,eu,ft1000_wayback:20230425220624,2020
strong-group.co.uk,Strong Recruitment Group,services_other,Support Services,uk,ft1000_wayback:20230425220624,2020
treasury-management.com,Treasury Intelligences Solutions,services_other,Support Services,eu,ft1000_wayback:20230425220624,2020
symphony-solutions.com,Symphony Solutions,software_saas,Technology,eu,ft1000_wayback:20230425220624,2020
mazemap.com,MazeMap,software_saas,Technology,eu,ft1000_wayback:20230425220624,2020
ellemoda.org,Ellemoda,ecommerce_retail,Ecommerce,eu,ft1000_wayback:20230425220624,2020
genoke.com,GENOKE Trading,services_other,Sales & Marketing,eu,ft1000_wayback:20230425220624,2020
clone-media.co.uk,Clone Media Technology,services_other,Sales & Marketing,uk,ft1000_wayback:20230425220624,2020
juradirekt.com,JURA DIREKT,software_saas,Technology,eu,ft1000_wayback:20230425220624,2020
sealmedia.us,seal Media,software_saas,Technology,eu,ft1000_wayback:20230425220624,2020
177mortgages.com,One 77 Mortgages,fintech_insurance,Financial Services,uk,ft1000_wayback:20230425220624,2020
capitalcomevents.com,Capitalcom Events,services_other,Media,eu,ft1000_wayback:20230425220624,2020
agon-systems.com,Agon Systems,services_other,Support Services,uk,ft1000_wayback:20230425220624,2020
impaxam.com,Impax Asset Management,fintech_insurance,Financial Services,uk,ft1000_wayback:20230425220624,2020
euronics.de,EURONICS XXL Mösker,ecommerce_retail,Retail,eu,ft1000_wayback:20230425220624,2020
hairgallerystore.com,Hair Gallery Store,ecommerce_retail,Ecommerce,eu,ft1000_wayback:20230425220624,2020
finanzchef24.de,Finanzchef24,fintech_insurance,Financial Services,eu,ft1000_wayback:20230425220624,2020
stadtkiosk-frilling.de,Stadtkiosk Julius Frilling,ecommerce_retail,Retail,eu,ft1000_wayback:20230425220624,2020
tailoradio.it,Tailoradio,software_saas,Technology,eu,ft1000_wayback:20230425220624,2020
passionforpeople.de,Passion for People,services_other,Support Services,eu,ft1000_wayback:20230425220624,2020
inframet.com,INFRAMET,services_other,Telecoms,eu,ft1000_wayback:20230425220624,2020
riccardo-zigarette.de,Riccardo Retail,ecommerce_retail,Retail,eu,ft1000_wayback:20230425220624,2020
lca-distribution.com,LCA DISTRIBUTION,ecommerce_retail,Retail,eu,ft1000_wayback:20230425220624,2020
mifarma.eu,Mifarma Tienda Online,ecommerce_retail,Ecommerce,eu,ft1000_wayback:20230425220624,2020
nexus-ehealth.com,NEXUS Netsoft Group,software_saas,Technology,eu,ft1000_wayback:20230425220624,2020
rankingcoach.com,rankingCoach,services_other,Sales & Marketing,eu,ft1000_wayback:20230425220624,2020
canadianschool.it,Canadian School Of Milan,edtech,Education,eu,ft1000_wayback:20230425220624,2020
plimsollproductions.com,Plimsoll Productions,services_other,Media,uk,ft1000_wayback:20230425220624,2020
scaliagroup.com,Scalia Group,ecommerce_retail,Retail,eu,ft1000_wayback:20230425220624,2020
releasefinans.se,Umeå Release Finans,fintech_insurance,Financial Services,eu,ft1000_wayback:20230425220624,2020
prios-personal.de,Prios Personal,services_other,Support Services,eu,ft1000_wayback:20230425220624,2020
biophorum.com,Biophorum Operations Group,health,Pharmaceuticals,uk,ft1000_wayback:20230425220624,2020
naava.io,Naava Group,health,Health,eu,ft1000_wayback:20230425220624,2020
adzuna.com,Adzuna,software_saas,Technology,uk,ft1000_wayback:20230425220624,2020
grizzlymarketing.com,Grizzly New Marketing,services_other,Sales & Marketing,eu,ft1000_wayback:20230425220624,2020
cooperativairis.org,Iris Soc. Cooperativa Sociale,services_other,Support Services,eu,ft1000_wayback:20230425220624,2020
utopialab.it,Utopia Lab,services_other,Management Consulting,eu,ft1000_wayback:20230425220624,2020
lepanierbags.com,Le Panier,ecommerce_retail,Fashion,eu,ft1000_wayback:20230425220624,2020
flexilivre.com,FlexiLivre,services_other,Media,eu,ft1000_wayback:20230425220624,2020
primeglobalpeople.com,Prime Global Medical Communications,health,Pharmaceuticals,uk,ft1000_wayback:20230425220624,2020
just-eat.co.uk,Just Eat,ecommerce_retail,Ecommerce,uk,ft1000_wayback:20230425220624,2020
internetrepublica.com,Internet República,services_other,Sales & Marketing,eu,ft1000_wayback:20230425220624,2020
crownagentsbank.com,Crown Agents Bank,fintech_insurance,Fintech,uk,ft1000_wayback:20230425220624,2020
futuremind.com,Future Mind,software_saas,Technology,eu,ft1000_wayback:20230425220624,2020
aptitudesoftware.com,Aptitude Software Group,software_saas,Technology,uk,ft1000_wayback:20230425220624,2020
wearskypro.com,Abotoa (SKYPRO),ecommerce_retail,Fashion,eu,ft1000_wayback:20230425220624,2020
kimbleonline.com,Kimble Applications,software_saas,Technology,uk,ft1000_wayback:20230425220624,2020
tannico.com,Tannico Wineplatform,ecommerce_retail,Ecommerce,eu,ft1000_wayback:20230425220624,2020
acanthe-conseil.com,ACANTHE CONSEIL,services_other,Support Services,eu,ft1000_wayback:20230425220624,2020
asw-bike.de,RSM-Bike,ecommerce_retail,Ecommerce,eu,ft1000_wayback:20230425220624,2020
autostoresystem.com,Autostore,software_saas,Technology,eu,ft1000_wayback:20230425220624,2020
cloudfmgroup.com,Cloudfm Integrated Services,services_other,Support Services,uk,ft1000_wayback:20230425220624,2020
compositesone.com,Des Composites,services_other,Support Services,eu,ft1000_wayback:20230425220624,2020
smartadserver.com,Smart AdServer,software_saas,Technology,eu,ft1000_wayback:20230425220624,2020
bitgrip.com,bitgrip,software_saas,Technology,eu,ft1000_wayback:20230425220624,2020
placetobemedia.com,Place to Be Media,services_other,Media,eu,ft1000_wayback:20230425220624,2020
ioon.es,ioon Technologies,software_saas,Technology,eu,ft1000_wayback:20230425220624,2020
groupe-quintesens.fr,GROUPE QUINTÉSENS,fintech_insurance,Financial Services,eu,ft1000_wayback:20230425220624,2020
softech.ro,Softech,software_saas,Technology,eu,ft1000_wayback:20230425220624,2020
riversleasing.com,Rivers Finance Group,fintech_insurance,Financial Services,uk,ft1000_wayback:20230425220624,2020
brightblue.org.uk,Brightblue Consulting,software_saas,Technology,uk,ft1000_wayback:20230425220624,2020
masonadvisory.com,Mason Advisory,services_other,Management Consulting,uk,ft1000_wayback:20230425220624,2020
therichmondgroup.co.uk,Richmond Group,fintech_insurance,Financial Services,uk,ft1000_wayback:20230425220624,2020
adnpfoundation.org,ADNP,services_other,Support Services,eu,ft1000_wayback:20230425220624,2020
heyconnect.de,heyconnect,ecommerce_retail,Ecommerce,eu,ft1000_wayback:20230425220624,2020
vemacoop.com,Ve. Ma. Soc. Coop. Di Servizi,services_other,Advertising,eu,ft1000_wayback:20230425220624,2020
garaude.com,Garaude,ecommerce_retail,Retail,eu,ft1000_wayback:20230425220624,2020
eyespecs.com,EyeSpec,software_saas,Technology,eu,ft1000_wayback:20230425220624,2020
timessquarenyc.org,Time Square,ecommerce_retail,Fashion,eu,ft1000_wayback:20230425220624,2020
siteimprove.com,Siteimprove,software_saas,Technology,eu,ft1000_wayback:20230425220624,2020
plastore.it,Plastore,ecommerce_retail,Retail,eu,ft1000_wayback:20230425220624,2020
kerris.pl,KERRIS Group,services_other,Advertising,eu,ft1000_wayback:20230425220624,2020
terreetlac.com,Terre et Lac Conseil,services_other,Management Consulting,eu,ft1000_wayback:20230425220624,2020
hexawin.fr,HEXAWIN,software_saas,Technology,eu,ft1000_wayback:20230425220624,2020
hartfordcare.co.uk,Hartford Care Group,health,Health,uk,ft1000_wayback:20230425220624,2020
wetech-alliance.com,We Tech,software_saas,Technology,eu,ft1000_wayback:20230425220624,2020
geo-sat.com,GEOSAT,services_other,Support Services,eu,ft1000_wayback:20230425220624,2020
redshift.global,Redshift Consulting,devtools,Cyber Security,eu,ft1000_wayback:20230425220624,2020
communicate.technology,Communicate Technology,software_saas,Technology,uk,ft1000_wayback:20230425220624,2020
explicatis.com,Explicatis,software_saas,Technology,eu,ft1000_wayback:20230425220624,2020
spsistemi.net,Soluzioni Prodotti Sistemi,software_saas,Technology,eu,ft1000_wayback:20230425220624,2020
aktivpersonalservice.de,ANT Personalservice,services_other,Support Services,eu,ft1000_wayback:20230425220624,2020
sellsy.com,Sellsy,software_saas,Technology,eu,ft1000_wayback:20230425220624,2020
sacee.it,Sacee,services_other,Support Services,eu,ft1000_wayback:20230425220624,2020
icom.museum,iCom,services_other,Telecoms,eu,ft1000_wayback:20230425220624,2020
gevekom.com,gevekom,services_other,Support Services,eu,ft1000_wayback:20230425220624,2020
zebra.cz,ZEBRA SYSTEMS,devtools,Cyber Security,eu,ft1000_wayback:20230425220624,2020
salute.gov.it,Società E Salute,health,Health,eu,ft1000_wayback:20230425220624,2020
technoworld.com,Technoworld,software_saas,Technology,uk,ft1000_wayback:20230425220624,2020
cloture-ares.fr,Clôture ARES,ecommerce_retail,Retail,eu,ft1000_wayback:20230425220624,2020
next-consult.com,Next Consult,services_other,Management Consulting,eu,ft1000_wayback:20230425220624,2020
industrieleasing.eu,Industrieleasing Deutschland,fintech_insurance,Financial Services,eu,ft1000_wayback:20230425220624,2020
utelize.co.uk,Utelize Communications,services_other,Telecoms,uk,ft1000_wayback:20230425220624,2020
zac-personalservice.de,ZAC Personalservice,services_other,Support Services,eu,ft1000_wayback:20230425220624,2020
portswigger.net,PortSwigger,devtools,Cyber Security,uk,ft1000_wayback:20230425220624,2020
phinc-group.com,PhinC Development,health,Pharmaceuticals,eu,ft1000_wayback:20230425220624,2020
luxonled.eu,Luxon,software_saas,Technology,eu,ft1000_wayback:20230425220624,2020
musterknaben-eg.de,Musterknaben,services_other,Support Services,eu,ft1000_wayback:20230425220624,2020
bambinomio.co.uk,Bambino Mio,ecommerce_retail,Retail,uk,ft1000_wayback:20230425220624,2020
groupesgp.fr,GROUPE SGP,services_other,Support Services,eu,ft1000_wayback:20230425220624,2020
materia1a.it,Materia Prima,services_other,Support Services,eu,ft1000_wayback:20230425220624,2020
ebury.com,Ebury Partners UK,fintech_insurance,Fintech,uk,ft1000_wayback:20230425220624,2020
vo2-group.com,VO2 Group,services_other,Management Consulting,eu,ft1000_wayback:20230425220624,2020
buyingpeers.com,BuyingPeers,services_other,Support Services,eu,ft1000_wayback:20230425220624,2020
strategicmp.it,Strategic Management Partners,services_other,Management Consulting,eu,ft1000_wayback:20230425220624,2020
sidn.es,Sistemas Informáticos de Negocio (SIDN),services_other,Advertising,eu,ft1000_wayback:20230425220624,2020
blaudirekt.pl,blau direkt,fintech_insurance,Financial Services,eu,ft1000_wayback:20230425220624,2020
slovakiaring.sk,2 Ring,software_saas,Technology,eu,ft1000_wayback:20230425220624,2020
teaminside.fr,TEAMINSIDE GROUP,services_other,Support Services,eu,ft1000_wayback:20230425220624,2020
fioulreduc.com,FioulReduc,ecommerce_retail,Retail,eu,ft1000_wayback:20230425220624,2020
zoomici.fr,ZOOMICI,ecommerce_retail,Retail,eu,ft1000_wayback:20230425220624,2020
armapartners.com,Arma Partners,fintech_insurance,Financial Services,uk,ft1000_wayback:20230425220624,2020
adarma.com,Adarma,software_saas,Technology,uk,ft1000_wayback:20230425220624,2020
deepersonar.com,Deeper,software_saas,Technology,eu,ft1000_wayback:20230425220624,2020
stradeeambiente.it,Consorzio Italiano Strade E Ambiente,services_other,Support Services,eu,ft1000_wayback:20230425220624,2020
