domain,company,stratum,country,vertical,industry_raw,employees,n_article_urls,posts_probed,posts_en,posts_informational,posts_usable,languages,est_usable_total,sample_titles
zerodown.com,ZeroDown,yc,USA,other,Real Estate and Construction,13,394,5,5,5,3,en,236,5 Inspiring Interior Design Accounts to Follow on TikTok | 2020 Gift Guide: For the Home-Obsessed Person in Your Life ( | 10 Red Flags To Look Out for When Viewing a Home
matterport.com,Matterport,yc,USA,ecommerce,Consumer,201,374,5,4,0,0,en+fr,0,"The Incredible Benefits of 3D Scanning a Damaged Home, by Er | Coming Soon -- Changes to make it easier to manage a Space | Comment vous démarquer de vos concurrents en matière de phot"
edenworkplace.com,Eden,yc,USA,saas,B2B,45,374,5,5,2,2,en,150,"Employees Are Happy to Be Back, But Crave Flexibility Above  | Company Event Planning Made Easy | Why Networking Events are Valuable for an Office Manager's C"
renthop.com,RentHop,yc,USA,ecommerce,Real Estate and Construction,9,370,5,5,4,4,en,296,"How Compass is Different from Zillow, Redfin, and Typical Br | Exclusive Apartment Listings with Full Address Take Priority | “Ghost listings” and RentHop"
verbling.com,Verbling,yc,USA,other,Education,2,367,0,0,0,0,,0,
wyndly.com,Wyndly,yc,USA,ecommerce,Healthcare,10,353,0,0,0,0,,0,
okcredit.in,OkCredit,yc,USA,fintech,Fintech,70,351,5,5,5,5,en,351,Is the Income Earned through Interests Taxable under GST? Kn | 10+ Business Ideas for Women in Goa to Start Easily | Cheque Bounce Reasons: Check out the reasons and know how to
zerocater.com,Zerocater,yc,USA,saas,B2B,140,341,5,5,4,4,en,273,Creative and Fun Holiday Office Party Ideas | Appeal to Millennials With These Money-Saving Work Perks | How to Enhance Sandwich Offerings at the Office | ZeroCater
rainforestqa.com,Rainforest,yc,USA,devtools,B2B,40,338,5,5,2,1,en,68,"New Year, New Features: Mobile VMs and More from Rainforest  | Shipped: screenshots for every test! | What our company learned from working remotely for a week"
ambition.com,Ambition,yc,USA,saas,B2B,55,337,5,5,4,3,en,202,The Anatomy of Effective Sales Feedback | The Account Management KPI Index | The Sales Influencer Series Presents: EksAyn Anderson
ticketstumbler.com,Ticket Stumbler,yc,USA,ecommerce,Consumer,2,321,5,5,2,2,en,128,Stadium Maps are Up | Brand New – The Archers’ Bows Have Broken | Ticket Sales of the Week
hellosign.com,HelloSign,yc,USA,saas,B2B,100,321,0,0,0,0,,0,
carwoo.com,CarWoo,yc,USA,ecommerce,Consumer,11,312,5,5,2,2,en,125,"Auto News for October 11th, 2011 - The CarWoo! Chronicle | The CarWoo! Chronicle | Auto News for September 27th - The CarWoo! Chronicle"
projectwedding.com,Project Wedding,yc,USA,ecommerce,Consumer,2,305,5,5,1,1,en,61,Project Wedding Blog | project wedding blog | Project Wedding Blog
qulture.rocks,Qulture.Rocks,yc,USA,saas,B2B,70,291,0,0,0,0,,0,
ahazou.com,Ahazou,yc,USA,fintech,B2B,27,289,5,0,0,0,es,0,3 dicas para criar o primeiro post nas redes sociais do seu  | Política de Privacidade - Ahazou ahazou - posts prontos para | dermopigmentacao-08 | ahazou - posts prontos para seu WhatsA
lookaftermybills.com,Look After My Bills,yc,USA,fintech,Fintech,2,278,5,5,1,1,en,56,I want my details to be deleted from your system? - Look Aft | Your details - Look After My Bills | The May Loyalty Tax - Look After My Bills
zentail.com,Zentail,yc,USA,ecommerce,B2B,30,271,5,5,4,4,en,217,3 Ways to Finance the Growth of Your Amazon Business | Zenta | Which Ecommerce Strategy is Winning During the Coronavirus?  | Amazon Explains How It Defines Price Gouging | Zentail Blog
classdojo.com,ClassDojo,yc,USA,ecommerce,Education,100,271,0,0,0,0,,0,
fullstackacademy.com,Fullstack Academy,yc,USA,other,Education,220,265,5,5,0,0,en,0,Black Box Trivia | Student Projects | Fullstack Academy | A Brief Overview of React Fiber | Student Projects | Fullsta | Bringing Black Panther to Life with Black Girls Code | Fulls
fond.co,Fond,yc,USA,fintech,B2B,51,260,5,5,3,3,en,156,4 Reasons Why Every Manager Should Care About Emotional Inte | The 4 Most Effective Incentives for Employees | Fond | Thank you to our wonderful customers for a great 2019!
ramp.com,Paribus,yc,USA,fintech,Fintech,,244,5,5,3,2,en,98,"Vendor Management Best Practices | Ramp Explains How to Give New Life to Older Videos - RAMP | Just released, Ramp’s 2022 Q2 Spending Benchmarks"
citusdata.com,Citus Data,yc,USA,devtools,B2B,45,243,0,0,0,0,,0,
thndr.app,Thndr,yc,USA,fintech,Fintech,235,243,5,3,0,0,en+other,0,فوري للتمويل متناهي الصغر تتجاوز حاجز المليار جنيه للقروض ال | E-Finance Officially Launches E-Health👩⚕️ | Evergrande Faces Biggest Debt Payment Test Yet💳
scentbird.com,Scentbird,yc,USA,ecommerce,Consumer,165,235,0,0,0,0,,0,
launchpadtoys.com,Launchpad Toys,yc,USA,ecommerce,Consumer,2,232,5,5,0,0,en,0,Toon Academy: Minecraft! | A Toontastic Tutorial from the Land Down Under | Imagination in Education
hypercontext.com,Hypercontext,yc,USA,saas,B2B,15,229,5,5,5,5,en,229,5 Ways to increase productivity on your team | Remote-first meetings improve productivity and communication | Reward vs Recognition: Engaging and Motivating Employees | S
modernfertility.com,Modern Fertility,yc,USA,ecommerce,Healthcare,25,228,5,5,1,1,en,46,"How going off birth control helped me reconnect with my body | Having a baby as a lesbian couple meant $30,000 in loans for | Real People Building Families: Elle"
sketchdeck.com,SketchDeck,yc,USA,saas,B2B,20,224,5,5,4,3,en,134,How Top B2B Startups are Creating Case Studies to Turn Leads | What should go in my sales presentation? | 113 New Marketing Tools You Need To Grow In 2016 - Part 7: S
rescale.com,Rescale,yc,USA,saas,B2B,250,223,5,5,2,1,en,45,Rescale Raises $50M Series C to Power Intelligent Computing  | Why TCO Doesn’t {Quite} Work for Comparing On-Premise and Cl | Platform Updates and Software Release Notes - September 2020
flexfits.com,The Flex Company,yc,USA,ecommerce,Consumer,28,222,5,5,5,5,en,222,How to Have a Full-Body Orgasm | The Fornix | Flex™ | 8 fun & unusual virtual date ideas | The Fornix | Flex | 5 indoor workouts to try during your period | The Fornix | F
supabase.com,Supabase,yc,USA,devtools,B2B,120,220,5,5,0,0,en,0,Supabase Beta March 2021 | How we launch at Supabase | Supabase Alpha July 2020
bitrise.io,Bitrise,yc,USA,devtools,B2B,243,217,5,5,0,0,en,0,Images in build artifacts | Adding missing dSYMs to Crashlytics with Fastlane | Speeding up Android builds by 'fanning out' tests on Bitrise
nanonets.com,NanoNets,yc,USA,devtools,B2B,102,217,5,5,4,4,en,174,An In-Depth Guide to Document Management Workflow | Intelligent document processing with AI | Nanonets | Business Process Optimization - A 2022 BPO Guide | Nanonets
rocketrip.com,Rocketrip,yc,USA,fintech,B2B,68,214,5,5,4,4,en,171,12 Travel New Year's Resolutions | What to Know About Airbnb for Business Travel | An Open Booking Policy: 6 Reasons Why It's Right for Your Co
chartio.com,Chartio,yc,USA,saas,B2B,40,213,5,5,2,2,en,85,Chartio - Blog | Chartio - Blog | Embedded Analytics: What Is It and How Is It Used?
soylent.com,Soylent,yc,USA,ecommerce,Consumer,51,213,5,5,3,3,en,128,"How to Improve Your Work-Life Balance: 4 Effective, Underval | Tomorrow’s Food Today | How to Properly Use a Shaker Bottle (and Clean It, Too)"
zeusliving.com,Zeus,yc,USA,other,Real Estate and Construction,200,213,5,5,5,5,en,213,Meet Zeus in Utah | What is the Best Time of the Year to Visit Seattle? | Zeus | | 5 Ways to Make Your Short-Term Stay Environmentally Friendly
shopvida.com,VIDA & Co.,yc,USA,ecommerce,Consumer,11,212,5,5,1,1,en,42,Artist Perspective: What Does VIDA Mean to You? | Open Studio Artists | VIDA included as one of the World Changing Ideas of 2021 by 
hackerrank.com,HackerRank,yc,USA,devtools,B2B,300,210,5,5,4,3,en,126,3 Reasons You're Not Building Compatible Tech Teams - Hacker | What Does a QA Engineer Do? Role Overview - HackerRank Blog | Forbes: What Startup CEOs Want In A CFO - HackerRank Blog
phoenix.ca,Phoenix,yc,USA,ecommerce,Healthcare,70,209,5,5,3,3,en,125,How to Prevent Pimples on the Scalp in Men - PHOENIX | Rise  | What Are the Causes of Sudden Hair Loss? - PHOENIX | Rise Ag | What Causes Penile Fractures? - PHOENIX | Rise Again
womenwhocode.com,Women Who Code,yc,USA,other,Unspecified,25,205,5,5,1,1,en,41,Do’s and Don’ts of Technical Interviews | Women Who Code | Engineer to Engineer: How Saying Yes Led to Leadership and F | HustleCon 2014: Non-techies Dominate the Bay | Women Who Cod
assemblyai.com,AssemblyAI,yc,USA,devtools,B2B,65,202,0,0,0,0,,0,
armory.io,Armory,yc,USA,devtools,B2B,90,202,5,5,1,1,en,40,"Armory ❤️ Giphy - Armory | Armory welcomes Margaret Francis as Chief Operating Officer  | Building open source community culture online, Part 1 - Armo"
theforage.com,Forage,yc,USA,saas,B2B,65,201,5,5,4,4,en,161,Have a Remote Internship? Here Are 6 Ways to Stand Out | How to Respond to a Job Interview Email (With Examples) | How to Choose an Accounting Career Path
yougotlistings.com,You Got Listings,yc,USA,saas,Real Estate and Construction,3,201,5,5,1,1,en,40,You Got Listings | You Got Listings | You Got Listings
communityphone.org,Community Phone Company,yc,USA,ecommerce,Consumer,101,200,5,5,5,5,en,200,How to Email Pictures from your Phone | How to use WhatsApp on Android and iPhone cell phones | Google Voice: To Use it or Not?
apollographql.com,Apollo,yc,USA,devtools,B2B,200,199,5,5,1,1,en,40,Announcing managed federation | The supergraph: a new way to think about GraphQL | Register Schema Changes Automatically with Schema Reporting
flow.space,Flowspace,yc,USA,ecommerce,B2B,48,198,5,5,5,5,en,198,Social Commerce vs. Ecommerce: A Simplified Guide - Flowspac | Physical Distribution: What Is It And Why Is It Important | Is Omnichannel More Fulfilling than Prime Day for Ecommerce 
papa.com,Papa,yc,USA,ecommerce,Healthcare,500,197,5,5,5,5,en,197,Best Jobs for College Students in Tampa | Papa | 4 Factors That Lead to Improved Member Experience That May S | Activities for Seniors in Tampa and St. Petersburg | Papa
thestyleup.com,StyleUp,yc,USA,ecommerce,Consumer,10,194,5,5,0,0,en,0,The StyleUp | The StyleUp | The StyleUp
nomiku.com,Nomiku,yc,USA,ecommerce,Consumer,11,191,0,0,0,0,,0,
legionfarm.com,Legionfarm,yc,USA,ecommerce,Consumer,7,189,5,5,2,2,en,76,You wanna be on top? Best Apex streamers reveal their secret | The Grand Review of Apex Legends’ Ranked Arenas | Meet SOKOLOV_GAMING - LegionFarm PRO in Warzone
kurios.la,Kurios,yc,USA,other,Education,10,187,5,0,0,0,es,0,Construya una organización basada en Data | 7 tácticas de growth B2B para crecer tu negocio | Product Manager vs. Project Manager: Similitudes y diferenci
joinsmartpath.com,SmartPath,yc,USA,fintech,Fintech,16,184,5,5,0,0,en,0,Free Activities to Stretch Your Money During Social Distanci | Coronavirus Cost Me 40% of My Portfolio. Now What? | Understanding Target Date Funds
embrace.io,Embrace,yc,USA,devtools,B2B,62,184,5,5,1,1,en,37,Solve ANRs with Flame Graphs | Why Your Crash Reporter Is Showing You The Wrong Thread | A Culture of Gratitude
recurse.com,Recurse Center,yc,USA,other,Education,7,183,5,5,0,0,en,0,"4 Questions with Joseph Dumont - Blog - Recurse Center | Code Words Issue Six | Dropbox, Etsy, Jane Street, Tapad, and Tumblr support female"
omnivirt.com,OmniVirt,yc,USA,saas,B2B,15,183,5,5,4,3,en,110,"OmniVirt’s Virtual Reality Trends for 2017: 360 Video, Heads | 4 Best 3D Photo Apps of 2019 - OmniVirt | Augmented reality examples marketers wont want to miss"
moveloot.com,Move Loot,yc,USA,ecommerce,Consumer,51,183,5,5,0,0,en,0,"Meet Move Loot: Amber Hall, Customer Support Associate - Mov | Move Loot Collections: Traveler’s Retreat | Office Tour: Shippo's Bright Urban Work Space - Move Loot"
mixpanel.com,Mixpanel,yc,USA,saas,B2B,410,181,5,5,3,1,en,36,Why Retention Should Be Your Top Priority in Social Media Ma | Mixpanel - Analytics for startups | Leave a Reply Cancel reply
octopart.com,Octopart,yc,USA,other,Industrials,11,180,5,5,4,4,en,144,How to Drive a Servo Motor and the Components You Need | What to Know About Surface Mount Ferrite Inductors for EMI S | How to Select a High Speed Backplane Connector
tenjin.com,Tenjin,yc,USA,saas,B2B,30,178,5,5,2,1,en,36,Preparing for iOS 14: MMP-free publisher guide with Kevin Br | Webinar: Marketing Science w/Tenjin | How will COVID-19 affect the hyper-casual industry in 2020: 
apurata.com,Apurata,yc,USA,fintech,Fintech,12,176,5,0,0,0,es,0,Se busca: Especialista de QA y Soporte - Apurata Blog | ¿Necesitas dinero? Estos son los requisitos para un préstamo | Scotiabank Préstamos por Convenio | Todo lo que necesitas sa
solarmente.es,SolarMente,yc,USA,ecommerce,Consumer,65,174,5,3,0,0,en+es,0,SolarMente | LOS FONDOS EUROPEOS Y EL INCENTIVO AL AUTOCONSUMO ENERGÉTICO | TRANSICIÓN ENERGÉTICA: 2030 Y 2050 EN ENERGÍA SOLAR
giveffect.com,Giveffect,yc,USA,saas,B2B,,172,5,5,3,3,en,103,How Giveffect’s Email Marketing System Makes Your NPO Strong | 18NTC: Day One Recap | Unravel the Puzzle: Getting the Most Out of Volunteers [Free
gocheetah.com,Cheetah,yc,USA,ecommerce,B2B,2,170,5,5,4,4,en,136,Cheetah | How to Start a Restaurant and Differentiate From O | 3 Tricks to Boost Your Restaurant's Online Presence | 6 Delicious Meal Ideas for All That Leftover Food | Cheetah 
suiteness.com,Suiteness,yc,USA,ecommerce,Consumer,7,169,5,5,3,3,en,101,Haunted Hotels to Explore this Halloween | Get Ready For A New Las Vegas Gaming Venue - Suiteness Blog | Holiday Travel Can Be Better & Stress-Free With These Hacks
firebase.com,Firebase,yc,USA,devtools,B2B,500,168,5,5,1,1,en,34,Google Login and Firebase CLI 2.0.0 - Firebase | Github Service Hook for Firebase | The Firebase CLI: now with database commands - Firebase
coderhouse.com,Coderhouse,yc,USA,other,Education,225,168,1,0,0,0,es,0,8 razones para convertirte en programador
onesignal.com,OneSignal,yc,USA,devtools,B2B,150,168,5,5,3,3,en,101,Customer Engagement Interview Learnings | Fight Coronavirus w/ Alerts That Work | How to Protect Customer Satisfaction Amidst 2021 Holiday Shi
replit.com,Replit,yc,USA,devtools,B2B,65,165,5,5,3,3,en,99,Common Errors Python Beginners Encounter (with Solutions) | Internet access for all | Popular Beginner JavaScript Concepts
moltin.com,Moltin,yc,USA,fintech,B2B,32,164,5,5,2,2,en,66,Experience xCommerce solutions for retailers to reinvent com | Onboarding with Moltin | 3 Unconventional Black Friday Campaigns and Why They Worked
posthog.com,PostHog,yc,USA,devtools,B2B,150,162,5,5,2,2,en,65,The 3 critical reasons companies choose self-hosted analytic | PostHog | Using Gatsby and Puppeteer to create dynamic Open Graph imag
realm.io,Realm,yc,USA,devtools,B2B,51,160,5,5,0,0,en,0,"Enterprise Leader, CI&T, Leverages Realm to Expand Their Cli | Realm Java 2.3: Improved Sharing, Backup Recovery and Wildca | Realm Objective-C & Swift 2.0 – Mobile Platform Support"
plivo.com,Plivo,yc,USA,saas,B2B,320,160,0,0,0,0,,0,
sqreen.com,Sqreen,yc,USA,saas,B2B,120,160,5,5,3,3,en,96,Monitoring the performance of a Node.js web application - Sq | Top 5 security topics to consider when releasing your first  | Picking the best JS engine for your Node app’s performance -
sfox.com,SFOX,yc,USA,fintech,Fintech,60,159,5,5,3,3,en,95,"Sickness, Halvings, and DeFi: The SFOX Crypto Market Report, | New Correlation Data Reveal BTC — and ETH — Dominance - SFOX | Price, Regulatory, and Product Growth: The SFOX Crypto Marke"
vidyard.com,Vidyard,yc,USA,saas,B2B,201,153,5,5,3,2,en,61,9 Examples of Video for Demand Generation - Vidyard | Are you leveraging Vidyard's Slick Real-Time Analytics? - Vi | 4 Tips for Creating A Killer Video Voicemail
latchel.com,Latchel,yc,USA,saas,B2B,,148,5,5,3,1,en,30,3 Aging Trends Real Estate Professionals Should Know | Latch | How To Run Effective Meetings | Top 5 Most Prosperous US Cities
angel.co,SlidePay,yc,USA,fintech,Fintech,2,146,4,4,4,4,en,146,How Remote Work Impacts Employees With Disabilities | Startup Growth and Venture Returns: What We Found When We An | How To Hire World-Class Engineers
authy.com,Authy,yc,USA,saas,B2B,201,143,5,5,3,3,en,86,Authy Desktop now available in Beta for Linux - Authy | Two-Factor Authentication News • Authy | Two-Factor Authentication News • Authy
boostedboards.com,Boosted,yc,USA,ecommerce,Consumer,51,143,5,5,0,0,en,0,Boosted Stealth: Best All-Around Electric Longboard | Boosted Boards - Routine Maintenance | Preparing To Ride Your Boosted Board
500friends.com,500Friends,yc,USA,ecommerce,B2B,51,143,5,5,1,1,en,29,Crafting Your Loyalty Programs Business Case: 8 Non-Obvious  | The 500friends Blog: Dedicated to Lifetime Value for Retail | Case Study: Overcoming Discount Addiction
embed.ly,Embedly,yc,USA,saas,B2B,2,138,5,5,1,0,en,0,Encryption Project Uses Embedly Extract to Preprocess Articl | Boston Hack Day | A Conversation with Gerald - Embedly Blog
singlestore.com,SingleStore,yc,USA,devtools,B2B,150,137,5,5,3,3,en,82,AWS Translate and SingleStore | A Moment (or Two) to Celebrate as SingleStore Makes a Big An | Join SingleStore at the Data Science Summit in San Francisco
instrumentl.com,Instrumentl,yc,USA,saas,B2B,60,136,5,5,4,4,en,109,Partnership Pays! 5 Ways Partnering Builds More Grants Succe | What is a Proposal Narrative? Grant Writing 101 | What is the Difference Between a 501c6 and 501c3?
zidisha.org,Zidisha,yc,USA,fintech,Fintech,1,136,0,0,0,0,,0,
custora.com,Custora,yc,USA,ecommerce,B2B,11,136,5,5,4,4,en,109,"What Google's Inbox Means for Email Marketing Teams | Escape the Discount Downward Spiral, Part 3: Full-Price Grow | Escape the Discount Downward Spiral, Part 1: Solving for Exc"
soundboks.com,SOUNDBOKS,yc,USA,ecommerce,Consumer,50,136,5,5,1,0,en,0,Customize: Adding Foil | Meet the Team | Mikkel | Meet the Team | Stephen
readme.com,ReadMe,yc,USA,devtools,B2B,52,135,0,0,0,0,,0,
signoz.io,SigNoz,yc,USA,devtools,B2B,38,131,5,5,3,3,en,79,"Docker Stats | Understand how to monitor Docker Metrics with | AWS X-Ray vs Jaeger - key features, differences and alternat | Top 11 MYSQL monitoring tools in 2022 [open-source included]"
perlara.com,Perlara,yc,USA,other,Healthcare,1,131,5,5,2,1,en,26,Modeling Pompe disease in flies | GSF 2018 NGLY1 Conference | 2015 burn rate - Perlara
goteleport.com,Teleport,yc,USA,devtools,B2B,255,127,5,5,4,4,en,102,How to Connect IoT Devices to Teleport | Teleport | Access Control Podcast: Episode 9 | Access Control Podcast: Episode 2
postscript.io,Postscript,yc,USA,ecommerce,B2B,180,123,5,5,2,2,en,49,How to Find and Maximize the Best SMS Pricing for your Brand | We’ve Raised $65M in Series C Funding—Here’s What’s Next for | Become a Postscript Certified Partner Today!
rethinkdb.com,RethinkDB,yc,USA,devtools,B2B,11,121,5,5,0,0,en,0,Developer Preview: RethinkDB now available for Windows | Rebench: cutting through the myths of I/O performance | How Angular is reinventing itself with version 2 and TypeScr
vendoo.co,Vendoo,yc,USA,ecommerce,Consumer,55,119,5,5,4,4,en,95,Upcoming Reseller Events: Virtual and Live Events You Can't  | 5 Things You Didn’t Know You Could Do With Vendoo (Part 1) | 5 Tips for Being Sustainable as a Reseller
magicbell.com,MagicBell,yc,USA,devtools,B2B,4,118,5,5,4,4,en,94,How to Use Firebase to Send Push Notifications | 5 Examples of Highly Effective Browser Notifications | How to Set Up Android Push Notifications
fly.io,Fly.io,yc,USA,devtools,B2B,48,117,5,5,1,1,en,23,How We Built Fly Postgres | Flyctl meets JSON | Logbook - 2022-05-13
loopt.com,Loopt,yc,USA,ecommerce,Consumer,11,116,5,5,0,0,en,0,"It's Time for Loopt Mix! | SF and LA, Get Ready to Party with Loopt, HP and Universal M | SXSW, already? Yes—Vote for Loopt!"
vayable.com,Vayable,yc,USA,ecommerce,Consumer,2,115,5,5,1,0,en,0,Reclaiming the magic of travel at Finca Rio Perla in Costa R | The Explore Local Mumbai Guide | Explorer Perspectives: Ian Edlind Scales the Hills of SF wit
42floors.com,42Floors,yc,USA,other,Real Estate and Construction,60,113,5,5,2,1,en,23,Is this what it’s supposed to feel like? | Still Traumatized By Classrooms | Reclaiming your commute
tranquifinanzas.com,Tranqui Finanzas,yc,USA,fintech,Fintech,27,113,5,0,0,0,es,0,Todo lo que debes saber sobre tu Historial Crediticio | 5 razones por las que te niegan un crédito y qué hacer para  | Simulador de alivios financieros: ¿Qué hacer si no puedo pag
circa.co,Circa,yc,USA,saas,B2B,21,112,5,5,1,0,en,0,Your Demand Generation and Field Marketing Event Planning Ch | How you can win event hero points today | How to create an effective event marketing strategy in 2020
lendup.com,LendUp,yc,USA,fintech,Fintech,201,110,5,5,2,2,en,44,"LendUp Launches in Mississippi | Tyra Fennell on Art, Community and Economic Activation | Journey to obtain a payday loan"
makeschool.com,Make School,yc,USA,other,Education,45,109,5,5,3,3,en,65,Introducing Make School | Top 8 Colleges with Project-Based Computer Science Degree Pr | Dreaming Big with Lynne Okada
gigster.com,Gigster,yc,USA,saas,B2B,51,108,5,5,3,3,en,65,Is AutoML Worth It? The Risks of Deploying Machine Learning  | What the GameStop Wallet Means for Mass Crypto Adoption and  | Lessons from Innovating in a Large Organization
betterhalf.ai,Betterhalf,yc,USA,ecommerce,Consumer,25,105,5,5,4,4,en,84,Ready to finally meet your quarantine online lover after loc | A Fool’s Guide to Avg Antivirus Review Explained | Share your love story - Betterhalf.ai
doublerobotics.com,Double Robotics,yc,USA,saas,B2B,11,104,5,5,0,0,en,0,NASA wants you to interact with their Double! | Unboxing by Cali Lewis on GeekBeat | First production run of Double has sold out! New orders ship
codecademy.com,Codecademy,yc,USA,other,Education,225,103,5,5,0,0,en,0,Introducing your new profile | Code in the Classroom | Downtime on Codecademy
acunote.com,Acunote,yc,USA,saas,B2B,0,102,0,0,0,0,,0,
queenly.com,Queenly,yc,USA,ecommerce,Consumer,13,101,5,5,3,3,en,61,15 Must-Have Summer Styles: Formalwear Edition | 2022 VMA Nominations and Fashion Predictions | How To Dress for a Girls Night Out
credibook.com,CrediBook,yc,USA,ecommerce,B2B,53,99,5,0,0,0,it,0,Menggali Keunikan Produk dengan Unique Selling Proposition | Bahaya Banjir untuk Masa Depan Bisnismu! | 5 Tips Sukses Jualan Online di TikTok [Terbaru-2021]
fanhero.com,FanHero,yc,USA,ecommerce,Consumer,1,99,5,5,5,5,en,99,Don’t Let Third Parties Beat You To The Play | Turn Your YouTube Channel into A Video On Demand Platform | Streaming Services are Growing to Meet Global Need During th
canix.com,Canix,yc,USA,saas,B2B,22,98,0,0,0,0,,0,
hatchways.io,Hatchways,yc,USA,saas,B2B,8,97,5,5,3,3,en,58,Pursuing Creativity - From Magazine Editor to Software Engin | The Pros and Cons of Blind Hiring | Apprenticeships Part 2 - Critiques and the Future of Coding 
docker.com,Docker,yc,USA,devtools,B2B,201,97,0,0,0,0,,0,
dailybot.com,Dailybot,yc,USA,devtools,B2B,11,96,5,5,4,2,en,38,Sprint Check-In Template | Don’t build a Slack bot from scratch when you can use a no-c | How to give kudos to your remote teams and create a kudos cu
lockitron.com,Lockitron,yc,USA,ecommerce,Consumer,11,95,5,5,0,0,en,0,"Firmware Fix, More on Sense and Bluetooth Access | New Android Build in the Play Store, Shipping to April Estim | Tooling and Account Activation"
zeroheight.com,zeroheight,yc,USA,devtools,B2B,55,94,0,0,0,0,,0,
powerx.co,PowerX,yc,USA,other,Industrials,20,93,5,5,4,4,en,74,"Noticing Your Electricity Bills Are Higher Than Usual? You’r | 5 Top Tips to Save Energy This Fall | Senior Manager, Customer Experience"
buxfer.com,Buxfer,yc,USA,fintech,Fintech,1,92,5,5,0,0,en,0,The Buxfer Post | The Buxfer Post | The Buxfer Post
scuba.io,Scuba,yc,USA,saas,B2B,51,92,5,5,5,5,en,92,Why All Your Data Should Be Raw | 7 Ways to Actually Improve Customer Effort Score | How to Enhance Your Business Intelligence Insights and Proce
pulse.qa,Pulse,yc,USA,ecommerce,B2B,11,92,4,4,4,4,en,92,"Straight talk with Tim Campos, former CIO at Facebook - Puls | CIO vs CTO: How do you divide the responsibilities? - Pulse  | Connecting Technology to People -"
humaans.io,Humaans,yc,USA,saas,B2B,48,90,5,5,3,3,en,54,How HR tech can help your startup focus on people and scale  | How to build effective HR and People Operations budget | Is End-of-Year a Good Time for Pay Raises and Bonuses?
secondmeasure.com,Second Measure,yc,USA,fintech,B2B,62,90,5,5,4,3,en,54,Why Stitch Fix isn’t like Blue Apron (and how it stacks up i | From Avis to Zipcar: what’s driving change in how we get aro | Online daters chase love at first sight with Tinder and Bumb
aptdeco.com,AptDeco,yc,USA,ecommerce,Consumer,,90,0,0,0,0,,0,
twotap.com,Two Tap,yc,USA,ecommerce,B2B,11,89,5,5,1,1,en,18,"Two Tap, wave goodbye to amber! | Migrating a Two Tap API integration to support international | Product descriptions and returns now available"
pushbullet.com,Pushbullet,yc,USA,ecommerce,Consumer,3,88,5,5,0,0,en,0,Reply To Allo Messages From PC | Android App Updated To Version 12.2 | DashClock Extension Out!
duffel.com,Duffel,yc,USA,devtools,Consumer,55,87,5,5,3,3,en,52,Opening up to Open Source: Duffel Blog | Give your customers the best flight booking experience with  | What is Impostor Syndrome - Duffel Blog
devcycle.com,DevCycle,yc,USA,saas,B2B,55,86,5,5,3,3,en,52,Why Use Nest.js | How Edge Flags Will Change the Face of Feature Management | What Are Feature Flags In DevOps
crohnology.com,Crohnology (by Healthy Labs),yc,USA,ecommerce,Healthcare,1,86,5,4,2,1,en+other,17,"""Now I Was Fearful Even Talking About Crohn's..."" - Crohnolo | How Do I Join A Clinical Trial? - Crohnology Blog | We moved our blog!"
breadcrumbs.io,Breadcrumbs.io,yc,USA,saas,B2B,20,84,5,5,5,5,en,84,How to Use Your Lead Generation Process to Create Better Buy | Chief Revenue Officer (CRO): 3 Reasons You Should Hire One | 5 Simple B2B Customer Retention Strategies (And How to Get S
gimbooks.com,GimBooks,yc,USA,fintech,B2B,16,83,5,5,4,2,en,33,6 Benefits Of Using Cloud Accounting In Your Business | Frequently asked questions on E-invoice | How to get a first time business loan
alinea-invest.com,Alinea,yc,USA,fintech,Fintech,12,82,5,5,5,4,en,66,The Paradox of Investing | What Is Compounding in Stocks? How Compound Interest Works?  | Which ETF Does Warren Buffett Recommend: Our Breakdown- Alin
joinfightcamp.com,FightCamp,yc,USA,ecommerce,Consumer,64,81,5,5,3,3,en,49,FightCamp Success: Working and Working Out From Home | FightCamp Trainer Spotlight: Shanie “Smash” Rusth | Step-By-Step: How To Fill Your Heavy Bag Base
sperofoods.co,Spero Foods,yc,USA,ecommerce,Healthcare,,80,5,5,0,0,en,0,Stuffed Shrooms | Birthday Cake Frosted Cookie | Tikka Masala
zuddl.com,Zuddl,yc,USA,saas,B2B,120,79,5,5,0,0,en,0,Top 6 things virtual event attendees complain about the most | 12 virtual events done right | Zuddl Blog | The gamechanger: how NFTs can change the way we attend virtu
datree.io,Datree,yc,USA,devtools,B2B,16,78,5,5,3,3,en,47,Enforce Pull Request descriptions with Datree | How to use git push force the right way | Git undo merge [a Git commands tutorial]
caremessage.org,CareMessage,yc,USA,other,Healthcare,45,78,5,5,1,1,en,16,Webinar: Empowering Underserved Patients to Vote Through Tex | Response to COVID-19 from the CareMessage Team | February News Roundup: Walmart Expansion Potentially Threate
payflow.es,Payflow,yc,USA,fintech,B2B,50,76,5,0,0,0,es,0,"Adaptación, Talento y Reinvención | Payflow Talks #3 | Motivación, Compromiso y Liderazgo"
zeorouteplanner.com,Zeo Route Planner,yc,USA,saas,B2B,15,75,5,5,4,3,en,45,How to plan a route for multiple destinations in Google Maps | Zeo Route Planner App Review on Free Apps Forme | Zeo Route  | How can routing software help you match with the e-commerce 
lofty.ai,Lofty,yc,USA,fintech,Fintech,7,75,5,5,2,2,en,30,Buy Tokenized Real Estate | Lofty AI Investing App | Buy Tokenized Real Estate | Lofty AI Investing App | Real estate investing 101: Tips for Beginners
trycelery.com,Celery,yc,USA,ecommerce,B2B,11,73,5,5,4,4,en,58,Step-by-Step Guide to Marketing Your Crowdfund. Part 1: Opti | Convergence: What happens when virtual realities take over? | 6 Supreme Lessons 'The Coolest' Cooler Can Teach You
cognitohq.com,Cognito,yc,USA,fintech,B2B,12,72,5,5,4,3,en,43,Age Verification Without Friction | Cognito | 6 Best Practices for ID Verification | Cognito | Thinking of Using Social Data? | Cognito
clustrix.com,Clustrix,yc,USA,devtools,B2B,51,72,5,5,4,3,en,43,What It Means To Be An Appliance | Sharding: In Theory and Practice (Part Two) | Clustrix named a Top 20 Enterprise Software Vendor by Silico
alphaflow.com,AlphaFlow,yc,USA,fintech,Fintech,26,71,5,5,4,4,en,57,Top 7 Real Estate Crowdfunding Sites for Investors Ebook | How Defaults Work | Are Fintech Firms Becoming More Like Banks?
eventjoy.com,Eventjoy,yc,USA,ecommerce,B2B,2,71,5,5,0,0,en,0,"Thank you and goodbye from the Eventjoy team - Eventjoy Blog | On startups: how we develop new features extremely fast - Ev | Connect Eventjoy to 400+ other apps with Zapier, available i"
padmapper.com,PadMapper,yc,USA,ecommerce,Real Estate and Construction,2,69,5,5,2,2,en,28,5 Things to Watch Out For When Searching for an Apartment on | More Cities get Yelp Listings | San Francisco Crime Map/Overlay
close.com,Close,yc,USA,saas,B2B,120,67,5,5,3,1,en,13,Download The Founder's Guide To Sales Negotiation | Resource | Good (Crisis) Email Templates | Resources | Close CRM | Download the FREE Sales Strategy Template | Resources | Clos
kopa.co,Kopa,yc,USA,ecommerce,Real Estate and Construction,6,67,5,5,5,5,en,67,15 Things to Know Before Moving to Houston | A Guide to the Neighborhoods of San Francisco | A Guide to the Neighborhoods of Seattle
tydo.com,Tydo,yc,USA,fintech,B2B,14,66,5,5,3,3,en,40,The TikTok Keys to Success with JT Barnett | Instilling Wonder into the Post-Purchase Experience with Won | Tydo Launches New Platform
snapdocs.com,Snapdocs,yc,USA,saas,Real Estate and Construction,285,65,5,5,4,4,en,52,Where Should Lenders Begin With Digital Closings? – Snapdocs | How to Measure Your Success With eClosings | Snapdocs | Why Digital Closings Are the Default at Waterstone Mortgage 
popl.co,Popl,yc,USA,saas,B2B,60,65,5,5,3,3,en,39,A Guide to Digital Business Cards in 2022 | Popl Vs Traditional Business Cards | Digital Vs Paper - Popl | 2022 Networking Events for Entrepreneurs and Startups
inspectify.com,Inspectify,yc,USA,ecommerce,Real Estate and Construction,75,65,5,5,5,5,en,65,What is a maintenance inspection and when should you get one | What is the due diligence period? | 6 reasons why you should never skip a home inspection
convox.com,Convox,yc,USA,devtools,B2B,3,65,5,5,4,3,en,39,Massive Build Improvements | Image Workflows | The Challenges of EFS
upchieve.org,UPchieve,yc,USA,other,Education,15,64,5,5,5,4,en,51,Exploring The Gap Year: Why It May Be Right For You — UPchie | Math Gone Viral: 8÷2(2+2) — UPchieve | 5 Study Habits for Managing Everyday Life
eduflow.com,Eduflow,yc,USA,other,Education,12,64,5,5,2,2,en,26,New activity & flow: Instructor review · Eduflow blog | How Animalz Built Stronger Team Connections During Onboardin | How COVID-19 will change online learning forever · Eduflow b
brainboard.co,Brainboard,yc,USA,devtools,B2B,9,64,5,5,4,2,en,26,End to end cloud management & governance platform. | End to end cloud management & governance platform. | End to end cloud management & governance platform.
ltse.com,Long Term Stock Exchange,yc,USA,fintech,Fintech,68,63,5,5,0,0,en,0,"Why I joined LTSE | Founders Forum: Mark Gainey, CEO of Strava | Meet LTSE: Ray Shan, Senior Director of Product Management"
lucy.co,"Lucy Goods, Inc",yc,USA,ecommerce,Consumer,7,61,0,0,0,0,,0,
nextcaller.com,Next Caller,yc,USA,saas,B2B,20,61,5,5,3,3,en,37,Next Caller announces partnership with Oracle... - Next Call | 15 for 2015 – Customer Service Trends - Next Caller Blog | Curious to see how Next Caller works in the... - Next Caller
lanyrd.com,Lanyrd,yc,USA,ecommerce,Consumer,2,61,5,5,0,0,en,0,"Week notes: Digital Shoreditch and JavaScript fireworks | Weeknotes: Short, and kinda funny-looking | Week notes: Mobile web, fonts and foursquare"
ravn.com,Ravn,yc,USA,other,Government,10,61,0,0,0,0,,0,
bufferbox.com,BufferBox,yc,USA,ecommerce,Consumer,2,61,3,3,0,0,en,0,Who U Callin’ A P.O. BOX!? | Our New Space and a Visit From the Premier | 1st Place at Waterloo Nicol Competition!
treble.ai,treble.ai,yc,USA,saas,B2B,38,60,5,0,0,0,es,0,"Cómo el IDP aumentó sus conversaciones por 7 en 3 meses con  | Diferencias entre WhatsApp, WhatsApp Business y API de Whats | 20 Herramientas de growth hacking"
greentoe.com,Greentoe,yc,USA,ecommerce,Consumer,5,60,0,0,0,0,,0,
scispot.io,Scispot,yc,USA,saas,B2B,16,60,5,5,5,2,en,24,Talk is Biotech! with Guru Singh and Mike Tarselli | How to make your biotech startup a tech company? | Top 5 Zebrafish CROs in the World
natero.com,Natero,yc,USA,saas,B2B,11,59,5,5,3,3,en,35,Better Dashboards for Customer Success Teams | Designing Customer Health Scores | Why Net Promoter Score (NPS) Matters for Customer Success
guilded.gg,Guilded,yc,USA,ecommerce,Consumer,30,59,5,5,0,0,en,0,Content Creation and Community with EmpressAkara - Guilded | Guilded | Guilded
upequity.com,UpEquity,yc,USA,fintech,Real Estate and Construction,90,58,5,5,4,3,en,35,"How is Bonus, Overtime, and Commission Income Calculated by  | UpEquity Named BuiltIn Austin's Startups to Watch in 2022 | 3 Ways To Pick The Perfect Neighborhood"
secoda.co,Secoda,yc,USA,saas,B2B,27,58,0,0,0,0,,0,
getreliancehealth.com,Reliance Health,yc,USA,fintech,Healthcare,384,58,0,0,0,0,,0,
posterous.com,Posterous,yc,USA,ecommerce,Consumer,11,57,3,3,0,0,en,0,"The Official Posterous Posterous | Custom domain name support for your posterous | Use Posterous at Graduation to Create an Instant, Collaborat"
storylane.io,Storylane,yc,USA,saas,B2B,55,57,2,2,2,2,en,57,How to Reduce the B2b Saas Sales Process Timeline? | Shadow Calling to Improve Sales Performance
frubana.com,Frubana Inc,yc,USA,fintech,B2B,384,56,5,1,1,1,de+en+es,11,Día a día de un conductor Frubana - Blog Frubana | Navidad se celebra a ritmo de un Bacalao a la mexicana - Blo | Universität Frankfurt Soziologie - Blog Frubana
naborly.com,Naborly,yc,USA,fintech,Real Estate and Construction,25,55,5,5,5,4,en,44,How to perform a move-out inspection - Naborly Inc. | 5 Tips For Moving Across Country | Rental Affordability Index & the Election
castle.io,Castle,yc,USA,devtools,B2B,20,54,5,5,2,2,en,22,Why Online Services with Good Security Are More Profitable | How to Think About GDPR as a Security Vendor | In Defense of Reddit - Compromised two-factor authentication
sift.com,Sift,yc,USA,fintech,B2B,,54,0,0,0,0,,0,
us.memebox.com,MBX,yc,USA,ecommerce,Consumer,150,53,5,5,1,0,en,0,"Swap Your Liquid Lipsticks For These Easy-to-Apply Gloss Sti | Kaja’s New Moon Crystal Sparkling Eye Pigment Just Launched  | Summer Beauty Essentials For Face, Body, And Hair!"
getmeadow.com,Meadow,yc,USA,ecommerce,B2B,14,53,5,5,4,3,en,32,"How to Roll a Joint: A Step by Step Guide ◆ Meadow Blog | The Cannabis 411: A Brief History of Cannabis Criminalizatio | Serving Cannabis: Q&A with Old Pal CEO, Rusty Wilenkin ◆ Mea"
adyn.com,adyn,yc,USA,ecommerce,Healthcare,7,51,5,5,4,4,en,41,"How effective is Plan B? And other questions about emergency | The 11 Biggest STD Myths, Debunked | adyn | Why I created adyn | adyn"
nextravel.com,NexTravel,yc,USA,saas,B2B,17,51,5,5,4,3,en,31,Blog - Introducing NexTravel Hire | Why Your Company Should Use Corporate Travel Management Tool | What COVID-19 Travel Looks Like
dearbrightly.com,Dear Brightly,yc,USA,ecommerce,Healthcare,3,51,5,5,4,4,en,41,Here's How to Get Rid of Milia Effectively (Don't Pick Them) | What is Collagen and How to Rebuild It in the Face - Dear Br | I Can't See A Difference. How Can I Be Assured That The Tret
convex.com,Convex,yc,USA,saas,B2B,110,50,5,5,4,4,en,40,"How Sales Teams Use Atlas for Effective Prospecting | Convex | Meet Neha Budhraja, Customer Success Manager | Convex | This Sales Pipeline Calculator Simplifies Cold Calling (Free"
regology.com,Regology,yc,USA,saas,B2B,60,50,0,0,0,0,,0,
senic.com,Senic,yc,USA,ecommerce,Consumer,16,50,5,4,1,1,de+en,10,Senic - Made locally | Senic - The Future of Human Computer Interaction | Senic - Philips Hue outdoor lights perfect companion: Introd
worklytics.co,Worklytics,yc,USA,saas,B2B,,49,5,5,3,3,en,29,"Building great engineering teams., Worklytics | Taking Network Analysis Beyond Email | Measure How Your Organization is Adapting to WFH"
archbee.com,Archbee,yc,USA,devtools,B2B,12,49,5,5,5,5,en,49,Software Testing Documentation: What Is It and Why Should Yo | 10 Best Certifications in Technical Writing for Technical Wr | Guide to API Documentation
streem.com,Streem,yc,USA,ecommerce,Consumer,4,49,0,0,0,0,,0,
bikanta.com,Bikanta,yc,USA,other,Healthcare,2,49,5,5,0,0,en,0,A 70 Year Legacy | Joyce Speaks at Nanobio | Star RA wins Research Award!
enterneverland.com,Neverland,yc,USA,ecommerce,Consumer,2,48,5,5,5,5,en,48,How to Choose and Use a Tomato Cage | Neverland Blog | How to Grow and Care For Philodendron Micans | Neverland Blo | How To Achieve Proper Chinese Elm Bonsai Care | Neverland Bl
beacons.ai,Beacons,yc,USA,ecommerce,Consumer,35,48,5,5,3,3,en,29,How to add links to Instagram Stories & get more clicks | Be | The Best Time to Post on TikTok Every Day of the Week | Beac | The Smart Link ⚡
catch.co,Catch,yc,USA,fintech,Fintech,18,46,5,5,3,3,en,28,Health Insurance: Metallic Plans and Cost Savings | Catch | 3 Health Insurance Excuses Answered - Why To Stay Insured |  | 2020 Recap: Taxes
letterdrop.com,Letterdrop,yc,USA,saas,B2B,10,45,5,5,4,4,en,36,A Guide to Identifying Your Content Marketing Goals | So you want to run a paid newsletter? | Top 8 Blog Post Templates to Fuel Your Writing Process | A G
usefriz.com,Friz,yc,USA,devtools,Consumer,4,44,5,5,5,3,en,26,Top 10 Best Accounting Software Tools For Freelancers To Man | Top networking tips for freelancers - Friz | Freelancing fabric in southeast Asia - Friz
madesolid.com,MadeSolid,yc,USA,other,Industrials,2,44,5,5,2,1,en,9,How to clean you prints from MS Resin - MadeSolid | Print of the Week - Dark Beast of a Warrior - MadeSolid | 3 New Prints for Your Easter Brunch - MadeSolid
maderight.com,Maderight,yc,USA,saas,B2B,51,44,0,0,0,0,,0,
re2.ai,Resquared,yc,USA,saas,B2B,40,44,5,5,4,2,en,18,More than 80% Of Holiday Shoppers Surveyed Say They Would li | It’s Never Been More Important to Have Multiple Sales Touchp | Filling Troubled Properties 101
glimpsek12.com,Glimpse K12,yc,USA,saas,Education,6,43,5,5,1,0,en,0,Glimpse | Are you tracking Wasted Spending? | Impact of grading practices on high stakes testing
carlypso.com,Carlypso,yc,USA,ecommerce,Consumer,11,43,5,5,0,0,en,0,Do you offer any warranties? | How Can Auto Startups Improve the Gender Gap? | Frequently Asked Questions
markhor.com,Markhor,yc,USA,ecommerce,Consumer,5,42,5,5,1,1,en,8,Visual Artist – Umair Najeeb Khan | Discipline to do the right things | The Markhor Shoe Box
chatwoot.com,Chatwoot,yc,USA,devtools,B2B,12,42,5,5,5,5,en,42,30 customer service tips you can adopt right now | Chatwoot | Will customer service be replaced by robots? | 6 key factors that affect customer satisfaction the most
meetpoppy.com,Poppy,yc,USA,ecommerce,Consumer,2,41,5,5,0,0,en,0,Upcoming events in Seattle – Poppy’s picks for great kid-fri | poppy-add-to-home-menu | A letter continued.
whalesync.com,Whalesync,yc,USA,saas,B2B,8,41,5,5,4,2,en,16,Web3 & No-Code | 8 E-Commerce Email Marketing Best Practices To Boost Your RO | 10 Airtable Competitors for Your Use Case (2022)
haddock.app,haddock,yc,USA,fintech,B2B,40,41,5,0,0,0,es,0,haddock-en-el-mercado-testers-fase-beta | Controla el 100% de tus productos | ¿Qué es un TPV y cuál es mejor para mi restaurante?
breaker.audio,Breaker,yc,USA,ecommerce,Consumer,1,41,0,0,0,0,,0,
zeal.com,Zeal,yc,USA,fintech,Fintech,45,41,5,5,0,0,en,0,NEW and IMPROVED Tax Setup Page | Zeal | | Dig into the details with Disbursement Statuses
foxpass.com,Foxpass,yc,USA,saas,B2B,10,41,1,1,0,0,en,0,New Features - Winter 2016
iamexec.com,Exec,yc,USA,ecommerce,Consumer,11,41,0,0,0,0,,0,
accept.inc,Accept.inc (formerly BoardRE),yc,USA,fintech,Fintech,80,40,3,3,3,3,en,40,Buying a House Cash vs Mortgage - What's Better? | How to Buy a Home - Step Two: Find Your Financing | How to Find the Best Mortgage Lender in Denver | Accept.inc
leaky.com,Leaky,yc,USA,fintech,Fintech,2,40,1,1,1,0,en,0,Are you ready for $3 gas?
ccg.ai,Cambridge Cancer Genomics,yc,USA,other,Healthcare,25,40,0,0,0,0,,0,
rentobo.com,Rentobo,yc,USA,ecommerce,Real Estate and Construction,11,40,5,5,4,1,en,8,Announcing Automated Tenant Screening! | The Benefits Of Syndicating Your Listing | Ethical Challenges Of Being A Landlord
anjahealth.com,Anja Health,yc,USA,ecommerce,Healthcare,2,39,0,0,0,0,,0,
zbiotics.com,ZBiotics,yc,USA,ecommerce,Healthcare,22,39,5,5,3,3,en,23,What's Wrong with Probiotics? Part 1 | Does alcohol really cause dehydration? | 7 Tips to Feel Better After Drinking Alcohol
honeylove.com,Honeylove,yc,USA,ecommerce,Consumer,100,39,5,5,2,2,en,16,Getting Real About Miscarriage | End of year check-in | Reclaiming Valentine's Day
kamcord.com,Kamcord,yc,USA,ecommerce,Consumer,11,39,5,5,1,1,en,8,Return of the Kamcord |  | 
oneschema.co,OneSchema,yc,USA,saas,B2B,20,38,5,5,3,3,en,23,How to Reduce Customer Churn with Better Customer Onboarding | Flatfile Competitors: The 4 Best Alternatives | What's New in OneSchema July 2022
moonshotbrands.com,Moonshot Brands,yc,USA,fintech,Fintech,35,38,5,5,5,5,en,38,How To Sell An FBA Business | Moonshot Brands | Business Transfer Checklist | Moonshot Brands | The Complete Guide to Understanding Consumer Psychology | Mo
gogenuity.com,Genuity,yc,USA,saas,B2B,31,37,5,5,3,3,en,22,Technology Management in Uncertain Times | Genuity | Genuity Named High Performer and Best Support in G2 Summer R | Welcome Genuity's New Head of Advanced Cybersecurity Solutio
icracked.com,iCracked,yc,USA,ecommerce,Consumer,51,36,5,5,1,0,en,0,iCracked iPhone Repair Startup is a Y Combinator Company | Think you’re tech savvy enough to perform surgery on your iP | iCracked Now Sells iShieldz
validere.com,Validere,yc,USA,other,Industrials,110,36,5,5,2,2,en,14,Clean data. Clear direction. A new chapter for Validere. | Data Is Now Available for the Market to Incentivize the Low  | TRP Energy selects Validere as emissions measurement and rec
demandcurve.com,Demand Curve,yc,USA,saas,Education,10,36,5,5,5,5,en,36,Email marketing best practices and tips for 2022 | Demand Cu | What do YouTube ads cost? | Demand Curve Blog | Email List Growth: 19 Tactics to Help Grow Your Email List i
jenfi.com,Jenfi,yc,USA,fintech,Fintech,18,36,5,5,5,3,en,22,How To Obtain A Small Business Loan Through PayPal | Skyrocket Sales by Optimizing Your Facebook Target Audience | 3 Ways to Advertise Without Spending Any Money
openbiome.org,OpenBiome,yc,USA,other,Healthcare,70,35,5,5,0,0,en,0,"Two Men Behind Fecal Transplants | ""FDA grapples with oversight of fecal transplants"" | ""MIT Lab Hosts Nation's First Stool Bank, But Will It Surviv"
infiuss.com,Infiuss Health,yc,USA,ecommerce,B2B,4,35,0,0,0,0,,0,
toymail.co,Toymail,yc,USA,ecommerce,Consumer,2,34,5,5,0,0,en,0,Toymail in the Tank | Matt Bischof | Jessie Barrett
unschool.in,Unschool,yc,USA,other,Education,35,34,5,5,3,0,en,0,Make way for learning in the time of Corona | Building new Habits: How's & Why's | Strong Leadership in the times of crisis
careertu.com,CareerTu,yc,USA,other,Education,15,34,5,0,0,0,other,0,H1B抽签已结束，比去年少了四万人！你却还没找到工作？ | 掌握H1B全信息（内含check list和多种Plan B） | 看懂job offer 也是一个技术活，你掌握了吗？
stownest.com,Stownest,yc,USA,ecommerce,Consumer,80,33,5,5,4,4,en,26,Where and How to Store Your Stuff during Rennovation | Questions to Ask About Self-Storage Before Renting | How I Saved 90% of My House Rent During Lockdown!
warmly.ai,"Warmly,",yc,USA,saas,B2B,60,33,5,5,3,3,en,20,"Week 8 in Y-Combinator: Why 376 people help Warmly regularly | 🗒 Warmth at Work Episode 3: CIENCE | Back to back meetings? No worries, #Warmly has you covered!"
preki.com,Preki,yc,USA,ecommerce,B2B,15,31,5,0,0,0,es,0,¿En qué consiste el acompañamiento comercial de Preki con lo | ¿Cómo sacarle el máximo provecho a Preki? | Cuáles son las mejores oportunidades para vender en línea
metaplane.dev,Metaplane,yc,USA,devtools,B2B,32,31,5,5,4,4,en,25,"How to Evaluate Data Observability Tools | Proxy and Practicality | What Data Observability Is, What It’s Not, and Why it Matter"
ploomber.io,Ploomber,yc,USA,devtools,B2B,7,30,1,1,0,0,en,0,Introducing Snapshot Testing for Jupyter Notebooks
genius.com,Genius,yc,USA,ecommerce,Consumer,101,30,4,4,0,0,en,0,Genius-annotated version of “Docker and the PID 1 zombie rea | Blog 27 – Turn You On To Music | Blog 27 – Generation (B27)
instapainting.com,Instapainting,yc,USA,ecommerce,Consumer,2,30,5,5,2,2,en,12,Art Everywhere Initiative | How To Showcase Your Pet With The Perfect Pet Portrait Paint | Inside the Lives of Chinese Art Factory Workers
andrewcoyle.com,Hey Healthcare,yc,USA,saas,B2B,1,30,5,5,0,0,en,0,"Education In The Knowledge/Conceptual Society | Digital Painting: Photoshop CS6 Beta | A New Chapter, a New Journal"
terravion.com,Terravion,yc,USA,other,Industrials,11,29,5,3,1,1,en+other,6,The Market is Speaking: TerrAvion collects more acres every  | Why farmers need to speed up their OODA loop. | Fields of Greens
yourmechanic.com,YourMechanic,yc,USA,ecommerce,Consumer,115,29,5,5,2,2,en,12,YourMechanic's Interview Process For the Engineering Team | Meet the Team: Ken Eng | I Have No Idea What's Wrong With My Car - Where Do I Begin?
controlhub.com,ControlHub,yc,USA,fintech,B2B,22,29,5,5,4,4,en,23,General Ledger Account Reconciliation Example | Procurement vs. Purchasing… what’s the difference? | Month End Reconciliation: What You Need to Know
meticulous.ai,Meticulous,yc,USA,devtools,B2B,15,28,0,0,0,0,,0,
kalshi.com,Kalshi,yc,USA,fintech,Fintech,125,28,5,5,0,0,en,0,Kalshi | Kalshi | Kalshi
simplify.jobs,Simplify,yc,USA,ecommerce,Consumer,5,28,0,0,0,0,,0,
doppler.com,Doppler,yc,USA,devtools,B2B,25,28,5,5,3,2,en,11,Doppler vs. HashiCorp Vault | We Were Vulnerable | Doppler: Tutorials
protocol.ai,Protocol Labs,yc,USA,devtools,B2B,130,28,5,5,1,1,en,6,More Filecoin Token Sale Details — 7 days away! | Collaboration with the Ethereum Foundation on VDFs | Hypercerts: A new primitive for public goods funding
pipelinedb.com,PipelineDB,yc,USA,devtools,B2B,2,27,1,1,0,0,en,0,PipelineDB 0.9.5
meetings.io,Bitplay,yc,USA,ecommerce,Consumer,2,27,4,4,2,1,en,7,How can your calendar add years to your life - meetings.io | Trust equals honesty and integrity - meetings.io | The start of a successful meeting - meetings.io
bizzy.io,Bizzy,yc,USA,ecommerce,B2B,2,27,1,1,1,1,en,27,The Repeat Customer Is a Treasure Trove
moichor.com,Moichor,yc,USA,other,Healthcare,29,27,0,0,0,0,,0,
konta.com,Konta.com,yc,USA,fintech,B2B,35,27,0,0,0,0,,0,
gather.town,Gather,yc,USA,ecommerce,Consumer,60,27,0,0,0,0,,0,
curtsyapp.com,Curtsy,yc,USA,ecommerce,Consumer,15,26,5,5,1,0,en,0,A Letter to Incoming Freshman 💌... - Curtsy Blog | Here Are The Top 5 Myths That Keep You From Selling Your Clo | The Curtsy Closet is Officially Open in Downtown Tuscaloosa 
getlago.com,Lago,yc,USA,fintech,B2B,45,26,4,4,3,3,en,20,"Pricing, my only growth hack at Qonto | Lago Blog - We crunched the fees of Stripe's 21 products | Lago Blog - Generating PDF invoices using Lago"
teamnoteapp.com,TeamNote,yc,USA,saas,B2B,11,26,5,5,0,0,en,0,Leave a Reply Cancel reply | Leave a Reply Cancel reply | Leave a Reply Cancel reply
windsor.io,Windsor,yc,USA,saas,B2B,5,26,5,5,5,5,en,26,How Video Can Accelerate your eCommerce Growth | 3 ways to upgrade your email marketing using AI-powered vide | How Dover uses personalized email flows to streamline recrui
lovd.com,Lovd,yc,USA,ecommerce,Consumer,4,26,5,5,5,4,en,21,The Best Father’s Day Gifts for Your Tech Obsessed Dad | Lov | Why you should sell your used tech and electronics | The easiest side hustle for New Yorkers. NYC Side Hustles.
typedream.com,Typedream,yc,USA,ecommerce,Consumer,5,25,5,5,3,1,en,5,How to Build a Startup 101 | Choosing A Font to Make Your Landing Page Pop | Email Marketing
boostable.com,Boostable,yc,USA,ecommerce,B2B,11,25,5,5,0,0,en,0,Boostable for Eventbrite Organizers: Webinar Recap | Twitter Advertising Series: #2 Advertising Terminology | The Boostable Advantage #1: Save time with advertising throu
leadgenius.com,LeadGenius,yc,USA,saas,B2B,50,25,1,1,0,0,en,0,Untouchable: How to Navigate Around Hadrian’s Wall - LeadGen
treinta.co,Treinta,yc,USA,saas,B2B,60,25,4,0,0,0,es,0,Todo lo que se necesita saber para poner una papelería peque | Cómo saber que es hora de digitalizar tu negocio | Cómo vender en San Valentín
boalogistics.com,BOA Logistics,inc.com_api_i5list,us,services_other,Logistics & Transportation,,398,5,5,4,2,en,159,Essays - Tips On Writing One - BOA Logistics | Immediate Relationship Definition - Am I Married? - BOA Logi | 5 various Advantages of Marrying a Foreign National - BOA Lo
pivotint.com,Pivot International,inc.com_api_i5list,us,services_other,Manufacturing,,396,2,2,1,1,en,198,Complexity Management Experience Is Key | Pivot’s Aggressive Growth Strategy Skyrockets it to the Top 
givemetap.com,GiveMeTap,yc_directory,eu,ecommerce_retail,ecommerce,,382,5,5,0,0,en,0,Competition: We like that you like us | I love water! | Did Someone Say Social Enterprise?
beyondtrust.com,BeyondTrust,inc.com_api_i5list,us,software_saas,Security,,376,5,5,1,1,en,75,5 ways to protect your sensitive data in the cloud - webinar | Avecto powers up global energy tech leader | BeyondTrust | 5 Ways to Avoid Being the Next Data Breach Headline | Beyond
scrimba.com,Scrimba,yc_directory,eu,edtech,other,,362,5,5,0,0,en,0,"Aside: Arrow functions | Add the firstCard, secondCard, and sum - Scrimba.com | Challenge 1: Form Design CSS - Scrimba.com"
lendingworks.co.uk,Lending Works,ft1000_wayback:20210331132419,uk,fintech_insurance,Fintech,,353,5,5,4,4,en,282,Are personal loans better than secured loans? | Lending Work | Is the state pension model the solution to social care? | The dangers facing the current financial system | Lending Wo
elearningbrothers.com,eLearning Brothers,inc.com_api_i5list,us,edtech,Education,,340,5,5,1,1,en,68,Behind the Scenes: How Rockstars Do DevLearn - eLearning Bro | Announcing Webinars for the Month of April - eLearning Broth | 9 Vital Things You Are Forgetting Before Your eLearning Cour
avatier.com,Avatier Identity Anywhere,g2.com_wayback,us,software_saas,Identity and Access Management (IAM),,340,0,0,0,0,,0,
highkey.com,HighKey,inc.com_api_i5list,us,ecommerce_retail,Food & Beverage,,338,5,5,4,3,en,203,Keto Rib-Eye With Cauliflower Recipe | Mediterranean Roll Ups 🤤 | Low-Carb Baking Essentials: Ingredients and Substitutes
medcerts.com,MedCerts,inc.com_api_i5list,us,edtech,Education,,332,5,5,4,4,en,266,How Can MyCAA Help You Start a Career? | How to Choose a High Vacancy Job With Your MyCAA Grant | Feeling Stuck? 5 Inspiring Unemployment Training Benefits
orchard.com,Orchard Homes,inc.com_api_i5list,us,services_other,Real Estate,,331,5,5,4,4,en,265,What to Look for During Your Final Home Walkthrough | Closing with Orchard | Orchard | How to Qualify for a Mortgage Before Selling Your Old Home
tickpick.com,TickPick,inc.com_api_i5list,us,ecommerce_retail,Consumer Services,,330,3,3,1,1,en,110,Carolina Panthers Seating Chart & Seat Views | TickPick | Best Vine: Streaker makes history and Girls vine their crime | 7 NYC Cultural Events to Attend This Week | TickPick
somatechnology.com,Soma Tech Intl,inc.com_api_i5list,us,health,Health Products,,322,5,5,4,3,en,193,Different OEC 9900 Elite Configurations | The Clinical Importance of Bladder Scanners in Urinary Reten | Alaris PC Unit 8015 Featuring Exceptional Versatility
accountingseed.com,Accounting Seed,inc.com_api_i5list,us,software_saas,Software,,312,4,4,3,3,en,234,The Power of White Noise - Accounting Seed | Top 3 Accounting Careers for New Accountants - Accounting Se | Linked Reports - Accounting Seed
siteimprove.com,Siteimprove,ft1000_wayback:20230425220624,eu,software_saas,Technology,,310,5,5,5,5,en,310,Prepare your website for Core Web Vitals with Siteimprove | How to Manage Duplicate Content with Canonicalization | Exploit these Overlaps between SEO and Web Accessibility
kingsview.com,Kingsview Partners,inc.com_api_i5list,us,fintech_insurance,Financial Services,,305,5,5,1,1,en,61,Edward Jones Advisor Joins Kingsview Partners In Albuquerque | SVP Paul Nolte Interviewed on WGN Radio | Kingsview Partners Advisor Ranked Best In State Wealth Advis
cargas.com,Cargas Systems,inc.com_api_i5list,us,software_saas,Business Products & Services,,297,0,0,0,0,,0,
ediblearrangements.com,Edible Arrangements,inc.com_api_i5list,us,ecommerce_retail,Retail,,296,4,4,3,3,en,222,50 One-of-a-Kind 60th Birthday Gift Ideas - Edible® Blog | Favorite Dessert Shooter Ideas - Edible® Blog | Edible Cares™ Fund Provides Support to Store Employees - Edi
aus.com,Allied Universal,inc.com_api_i5list,us,services_other,Security,,293,1,1,1,0,en,0,Quality Healthcare Security is Key to Maintaining Regulatory
zox.la,ZOX,inc.com_api_i5list,us,ecommerce_retail,Retail,,285,5,5,0,0,en,0,Perfectly Imperfect | You Will Get Through This | Prove Them Wrong
projectrepat.com,Project Repat,inc.com_api_i5list,us,ecommerce_retail,Consumer Products,,281,4,4,1,1,en,70,Florida State turns old jerseys into t-shirt quilts | Delta Gamma Sorority T-Shirt Quilt June 09 2014 | How to make a t shirt quilt
incauthority.com,Inc Authority,inc.com_api_i5list,us,services_other,Business Products & Services,,280,5,5,4,4,en,224,Forming an LLC for a New Business | Inc Authority | Starting a Pressure Washing Business: A Step by Step Guide - | How to Start an LLC in Arkansas: Step-by-step | Inc Authorit
embroker.com,Embroker,inc.com_api_i5list,us,fintech_insurance,Insurance,,279,5,5,4,4,en,223,How Embroker Changed Cyber Dive’s Entire Perspective on Insu | Does Your Startup Need D&O Insurance? | Fractional Marketing vs. Interim Marketing Support in Law Fi
clear.co,Clearco,inc.com_api_i5list,us,fintech_insurance,Financial Services,,273,5,5,5,5,en,273,A quick guide to understanding inventory financing | B2B SaaS marketing attribution: What you need to know | Blog | Clearco
callcenter-salespro.com,Call Center Sales Pro,inc.com_api_i5list,us,services_other,Telecommunications,,272,0,0,0,0,,0,
healthcareitleaders.com,Healthcare IT Leaders,inc.com_api_i5list,us,health,Health Services,,271,5,5,1,1,en,54,Neika Powell | Consultant Advisor Spotlight | Interoperability Gets Personal | CPHIMS By the Numbers (Infographic)
everydoorrealestate.com,Top Pod,inc.com_api_i5list,us,services_other,Real Estate,,270,5,5,5,5,en,270,How To Find The Best Agent For A Short Sale | Expert Questions to Ask When House-Hunting with Pets in Mind | 3 Huge Tips For Refinancing Your Mortgage Even If You Have B
kenwayconsulting.com,Kenway Consulting,inc.com_api_i5list,us,services_other,IT Services,,267,5,5,1,1,en,53,Kenway’s Journey with Information Insight | Embracing Change. Won’t You Join Me? | The Data Maturity Model: What It Is and Why You Need It
teamiblends.com,Teami Blends,inc.com_api_i5list,us,ecommerce_retail,Retail,,261,5,5,2,1,en,52,9 Foods Rich in Healthy Digestive Enzymes | Breastfeeding Journey Told By A New Mom | How Cardi B Used Teami to SnapBack
chetu.com,Chetu,inc.com_api_i5list,us,services_other,Software,,260,5,4,3,3,en+other,156,Ashley Swanberg | HTML5 App Development Fundamentals - Chetu - Blog | Implement Siemens Soarian® Clinical Workflows and help Hospi
agencyanalytics.com,AgencyAnalytics,g2.com_wayback,other,software_saas,Data Visualization,,256,5,5,3,3,en,154,New Feature: Multiple White Label Profiles | 11 Ways to Increase Your Email Open Rate | How To Create Winning Spotify Ad Campaigns - AgencyAnalytics
searchspring.com,Searchspring,inc.com_api_i5list,us,software_saas,Software,,253,0,0,0,0,,0,
perfectserve.com,Perfectserve,inc.com_api_i5list,us,health,Software,,252,5,5,0,0,en,0,Checklist_CC_Governance | PerfectServe | Nurses of Note_Social Post_Julie Moreton-High-Quality | Perf | Blog Graphics_CC_KLAS Podcast_Best Practices for Healthcare 
bolt.eu,Bolt,ft1000_wayback:20220301043147,eu,services_other,Technology,,246,5,0,0,0,other,0,Dárky za říjen jsou rozdány! - | Dárky za 100 tisíc každý týden i v listopadu! - | Soutěž pro partnerské řidiče Boltu: Zdvojnásobte si své výdě
pieinsurance.com,Pie Insurance,inc.com_api_i5list,us,fintech_insurance,Insurance,,237,5,5,4,4,en,190,How to open a small business bank account | Pie Insurance | What Are Insurance Loss Runs? | Workers' Comp 101 | Pie Insu | Pie Insurance Extends Service to Small Businesses in Alaska 
daily.co,Daily,yc_directory,us,devtools,devtools,,232,5,5,3,2,en,93,"How Daily is working around the H.264 bug in Safari 15.1 | A Bias Towards Action: Why VCs prefer ""technical"" founders | Using Docker and userspace networking to simulate real-world"
distillery.com,Distillery Tech,inc.com_api_i5list,us,services_other,IT Services,,232,5,4,2,2,en+es,93,Hiring the Right Android Developers for Your Applications -  | 7 Awesome Augmented Reality Solutions | Distillery | Distillery Is Now a Certified “Great Place to Work” | Distil
reverb.com,Reverb.com,inc.com_api_i5list,us,ecommerce_retail,Retail,,232,5,5,1,1,en,46,Reverb Dating & Pricing Hub | Blog | Reverb Run-Through: Gibson ES-330 Reissue | Blog | Grateful Dead Members Announce Show with John Mayer | Blog
campus.ink,Campus Ink,inc.com_api_i5list,us,ecommerce_retail,Retail,,230,5,5,0,0,en,0,We Made Masks for Musicians & School Bands! | Where Are They Now: Maddi Wettstein | DESIGN | How To Make Custom Zoom Backgrounds With Canva
sellvia.com,Sellvia,inc.com_api_i5list,us,ecommerce_retail,Business Products & Services,,227,5,5,5,5,en,227,Want To Grow A Strong Business With SEO? Try This! | Best Company Logos: Brand Logo Stories You May Not Have Hear | Best Ways To Get Instagram Followers And Boost Your Social M
livingsecurity.com,Living Security,inc.com_api_i5list,us,software_saas,Security,,223,4,4,1,0,en,0,Cybersecurity at Home: Family First Webinar Featuring Cyber  | Using Insight to Inspire — Living Security | Beware of Black Friday Scams 2019 - Living Security
virool.com,Virool,yc_directory,us,software_saas,saas,,221,5,5,4,3,en,133,7 Tricks to Shooting Better Video - Virool Video Marketing B | Case Studies - Virool Video Marketing Blog | 5 Advantages of Programmatic Advertising | Virool
wrike.com,Wrike,g2.com_wayback,nan,software_saas,CRM,,220,5,5,0,0,en,0,"Activity Stream Update: When “Delete” is Value-Adding | Managing Tasks, Projects, Issues, Documents and How About …  | The Dashboard Has Become More Descriptive and Convenient"
fearless.tech,Fearless,inc.com_api_i5list,us,services_other,Software,,213,2,2,0,0,en,0,"Fearless Hooky Day 2021 | Hutch Company, Lucky Rabbit, Awarded Contract with The Offic"
marcumllp.com,Marcum LLP,inc.com_api_i5list,us,services_other,Financial Services,,211,4,4,3,2,en,106,Section 199 Domestic Production Deduction | Basic Health Program Funding Methodology Proposed Notice | Guidance Issued On Eligibility For Renewable Energy Credit
boardroominsiders.com,Boardroom Insiders,inc.com_api_i5list,us,services_other,Business Products & Services,,210,0,0,0,0,,0,
ntiva.com,Ntiva,inc.com_api_i5list,us,services_other,IT Services,,209,5,5,5,5,en,209,5 Things Your IT Help Desk Should Do For You | CMMC Section 3.5: Identification and Authentication | Bring Your Own Device (BYOD) Policy Tips and Best Practices
manatal.com,Manatal,g2.com_wayback,nan,software_saas,Applicant Tracking Systems (ATS),,203,5,5,5,5,en,203,Everything you need to know about Recruitment CRM | 9 Reasons Why You Need an Applicant Tracking System | 6 Phrases To Say And Avoid In A Performance Review
siegfriedgroup.com,The Siegfried Group,inc.com_api_i5list,us,services_other,Financial Services,,201,5,5,4,4,en,161,Locked and loaded: joy triggers | Siegfried Blog | 3 ways to improve your headspace for creativity | Siegfried  | Four things to look for in a mentor | Siegfried Blog
prolinkstaffing.com,ProLink Staffing,inc.com_api_i5list,us,health,Human Resources,,201,5,5,1,1,en,40,ProLink Adds Third New C-Suite Position of 2022 to Accelerat | In-Person AORN Conference Cancelled | ProLink Staffing | Why Work with an Allied Travel Health Recruiter | ProLink St
verifone.com,2Checkout (now Verifone),g2.com_wayback,us,fintech_insurance,E-Commerce Platforms,,200,5,5,2,2,en,80,Boosting Revenue with mPOS | Do Your Customers Ship Their Pants? | Forget Apple. Could Disney Kickstart NFC? : The Verifone Blo
learnplatform.com,LearnPlatform,inc.com_api_i5list,us,edtech,Education,,198,5,5,2,1,en,40,Report Shows EdTech Use in First Full COVID School Year — Le | Meet our 2018 Lea(R)n Fellows | Celebrate YOUR Teachers Every Week
brandbucket.com,BrandBucket,inc.com_api_i5list,us,ecommerce_retail,Business Products & Services,,196,4,4,1,0,en,0,Great (and Not So Great) Names at Demo Day | Blogs | Blogs
sendowl.com,SendOwl,g2.com_wayback,nan,software_saas,E-Commerce Platforms,,194,5,5,4,3,en,116,Digital File Delivery: What to look for in a digital file de | How to Sell Codes Online: | Don't forget to plan your marketing for Black Friday and Chr
actioncleanup.com,Action Unlimited Resources,inc.com_api_i5list,us,ecommerce_retail,Business Products & Services,,192,4,4,3,2,en,96,The single most important quality of the best employee | COVID-19: Keeping Colleges Safe | The Best Ice Melt Tips in February
mentorcollective.org,Mentor Collective,inc.com_api_i5list,us,edtech,Education,,192,5,4,3,3,en+other,115,The Next Generation of Student Success | 40% of STEM Deans Don't Have Enough Mentors for Underreprese | How High-Quality Relationships Foster Sense of Purpose & Bel
jobvite.com,Jobvite,g2.com_wayback,nan,software_saas,Payroll,,192,5,5,2,1,en,38,Congratulations 2020 Candidate Experience Award Winners! - J | Schneider Electric Sparks New Life into Company News with Jo | These Companies Didn’t Know Who They Were Losing—Until It Wa
figma.com,Figma,g2.com_wayback,us,software_saas,Applicant Tracking Systems (ATS),,191,5,5,0,0,en,0,"How one designer escaped the export-upload abyss | Bringing Figma to even more classrooms | Designing for top feature requests, like Smart Animate"
strongdm.com,strongDM,g2.com_wayback,nan,software_saas,Identity and Access Management (IAM),,189,5,5,4,4,en,151,"Alternatives to Okta Advanced Server Access (ScaleFT) | stro | Managing Access to Ephemeral Infrastructure At Scale | stron | HIPAA, NIST, ISO, FedRAMP, FISMA, SOC2: What is the differen"
threadwallets.com,Thread Wallets,inc.com_api_i5list,us,ecommerce_retail,Consumer Products,,189,5,5,0,0,en,0,Father's Day at Thread | Gifts for the Kid at Heart | The Crossbody Gift Guide
territoryfoods.com,Territory Foods,inc.com_api_i5list,us,ecommerce_retail,Food & Beverage,,188,5,5,3,2,en,75,Stress Busting Beverages - Drinks To Help Relieve Stress | How Do We Love Our Location Partners? Let Us Count The Ways. | 3 WAYS TO GET BACK ON TRACK AFTER A HOLIDAY WEEKEND WITH EAS
canidium.com,Canidium,inc.com_api_i5list,us,services_other,IT Services,,185,5,5,3,1,en,37,Great learning opportunities for sales training and manageme | Auto Dealership Sales and Service Commissions Best Practices | CPQ Industry Technologist and Executive Joins Canidium
enjoywishlist.com,Wishlist Rewards,inc.com_api_i5list,us,software_saas,Human Resources,,184,0,0,0,0,,0,
workramp.com,WorkRamp,inc.com_api_i5list,us,software_saas,Software,,179,0,0,0,0,,0,
nexhealth.com,NexHealth,g2.com_wayback,us,health,Patient Engagement,,179,0,0,0,0,,0,
koresoftware.com,KORE Interactive Systems (USA),inc.com_api_i5list,us,software_saas,Sports,,179,0,0,0,0,,0,
diamondbanc.com,Diamond Banc,inc.com_api_i5list,us,fintech_insurance,Financial Services,,176,0,0,0,0,,0,
paymerang.com,Paymerang,inc.com_api_i5list,us,fintech_insurance,Software,,174,0,0,0,0,,0,
blacktiemoving.com,Black Tie Moving,inc.com_api_i5list,us,services_other,Logistics & Transportation,,173,0,0,0,0,,0,
pawtree.com,pawTree,inc.com_api_i5list,us,ecommerce_retail,Consumer Products,,171,0,0,0,0,,0,
divvycloud.com,DivvyCloud,inc.com_api_i5list,us,software_saas,Security,,171,0,0,0,0,,0,
smarterfinanceusa.com,Smarter Equipment Finance,inc.com_api_i5list,us,fintech_insurance,Financial Services,,171,0,0,0,0,,0,
winmo.com,List Partners,inc.com_api_i5list,us,software_saas,Software,,165,0,0,0,0,,0,
thirdera.com,Thirdera,inc.com_api_i5list,us,services_other,IT Services,,165,5,5,3,3,en,99,IT Service Management Blog | Evergreen Systems | IT as a Ser | IT Service Management Blog | Evergreen Systems | Asset Cente | IT Service Management Blog | Evergreen Systems | ITSM Strate
lasso.io,Lasso,inc.com_api_i5list,us,software_saas,Software,,163,0,0,0,0,,0,
binti.com,Binti,inc.com_api_i5list,us,software_saas,Software,,163,0,0,0,0,,0,
idera.com,FusionCharts,g2.com_wayback,us,devtools,Data Visualization,,163,5,5,1,0,en,0,ER Diagram: Model varchar(max) | IderaBlog | Event Recap: PASS Summit 2015 | Report to show more information! | IderaBlog
decisionlink.com,DecisionLink Corporation,inc.com_api_i5list,us,software_saas,Software,,159,5,5,4,4,en,127,"Recession Buster #5: Refresh Your Pricing Approach | Value Selling War Stories: #2, Is a Business Case Always Req | Using Customer Value Management to Close Your Tech Solutions"
splendies.com,Splendies,inc.com_api_i5list,us,ecommerce_retail,Consumer Products,,159,5,5,0,0,en,0,Welcoming JP Fulfillment! | Shipping Schedules | Valentine's Day Undies in February!
sidebysidestuff.com,Side By Side Stuff,inc.com_api_i5list,us,ecommerce_retail,Retail,,154,5,5,1,0,en,0,An Awesome Playlist for Tearing Up the Trails | Side By Side | Black Friday Special at Side By Side Stuff | Camso | Colton's Countryman Challenges – The Pit Stop | Side
sorted.com,Sorted Group,ft1000_wayback:20210331132419,uk,software_saas,Technology,,154,0,0,0,0,,0,
northgatevehiclehire.co.uk,GAP Vehicle Hire,ft1000_wayback:20230425220624,uk,services_other,Support Services,,150,5,5,3,3,en,90,Ensuring a vehicle is roadworthy and safe to drive | HIPPO case study - Northgate Vehicle Hire | Is your ageing fleet slowing you down?
exteriormedics.com,Exterior Medics,inc.com_api_i5list,us,services_other,Construction,,149,5,5,5,5,en,149,How To Insulate Your Windows Without Breaking The Bank | How to Clean an Asphalt Shingle Roof: What You Need to Know | 6 Ways To Allergy-Proof Your Home This Spring
just-eat.co.uk,Just Eat,ft1000_wayback:20230425220624,uk,ecommerce_retail,Ecommerce,,149,5,5,0,0,en,0,Chip Eating Habits of Britain: Northern Boys Love Gravy | 12 Days of Christmas Prize Winners | Just-Eat
bamboohr.com,BambooHR,g2.com_wayback,us,software_saas,Core HR,,149,5,5,3,3,en,89,"5 Reasons We Offer “Paid Paid Vacation” (And Love It) | Bamb | Meet BambooHR's Newest Partners: Workable, Teamatics, and Mo | Are new employees using your company's directory? - BambooHR"
liquidweb.com,Liquid Web,inc.com_api_i5list,us,services_other,IT Services,,148,4,4,4,3,en,111,How Better Content Will Make Your Site Stand Out | Liquid We | Become PCI Compliant with Liquid Web | Liquid Web | 3 Common Myths to Agency Growth and Scale | Liquid Web
freightpop.com,FreightPOP,inc.com_api_i5list,us,software_saas,Software,,148,4,4,4,4,en,148,"Drones in Supply Chain Management - Warehouse, Tracking, Sur | Material Handling & Shipping - Where You Can Save Money Now! | The Advantages Of Digitizing Freight Data And How To Use It"
britishswimschool.com,British Swim School,inc.com_api_i5list,us,services_other,Consumer Services,,148,5,5,3,1,en,30,Backyard Swimming Pool Safety Tips | British Swim School | Practice the ABC’s of Water Safety | British Swim School | Save a Life with Swim Lessons | British Swim School
formulafolios.com,FormulaFolio Investments,inc.com_api_i5list,us,fintech_insurance,Financial Services,,146,5,5,3,3,en,88,"5-Minute Market Update | May 30, 2017 | FormulaFolios | 5-Minute Market Update | January 23, 2017 | FormulaFolios | FormulaFolios Portfolio Recap // January 2016 | FormulaFolio"
nomadnessrentals.com,Nomadness Corporation,inc.com_api_i5list,us,services_other,Travel & Hospitality,,145,5,5,3,1,en,29,Destination Ventura CA | Top 3 Things Mammoth Locals Want You to Know | HYBRID BOOKING & MANAGEMENT: THE BEST OF BOTH WORLDS
shedavi.com,Shedavi,inc.com_api_i5list,us,health,Consumer Products,,142,5,5,5,4,en,114,Max Hydration Method for Beginners | A little TLC: Some Tips on Keeping Your Hair Moisturized | Which Shedavi Products Should I Use? Let's Talk.
upside.com,Upside Services,inc.com_api_i5list,us,fintech_insurance,Financial Services,,140,5,5,3,2,en,56,How Upside helps fuel retailers as inflation rises | Upside | Where to Work Remotely in Memphis | Upside | Business Travel News Recap: July 26 | Upside Business Travel
greenfly.com,Greenfly,inc.com_api_i5list,us,software_saas,Software,,140,5,5,4,3,en,84,Mascot Marketing Strategy - The Best Examples on TikTok | Moneyball for Social Media: Go Beyond the Usual Metrics - Gr | How Sports Teams Can Demonstrate More Value to Sponsors With
humi.ca,Humi,yc_directory,us,software_saas,fintech,,138,5,5,5,5,en,138,The future is ‘work from anywhere’ (WFA) – why your company  | Four ways to create and maintain an inclusive workplace - Hu | COVID-19 Wage Subsidy: What Is It and How Businesses Can Imm
conquestmaps.com,Conquest Maps,inc.com_api_i5list,us,ecommerce_retail,Consumer Products,,138,5,5,5,4,en,110,"The ultimate travel checklist: 30 things to do before your n | 11 Iconic Adventures in the United States National Parks | 10 Free, Can't-Miss Experiences in Sydney"
silvercloudinc.com,SilverCloud,inc.com_api_i5list,us,software_saas,Software,,138,5,5,3,3,en,83,Arizona Federal: The Secret to 95% Employee Satisfaction | Reimagining the Bank and Credit Union Training Approach | 5 Simple Bank and Credit Union Website Improvements
sensehq.com,Sense,inc.com_api_i5list,us,software_saas,Software,,138,5,5,4,4,en,110,Hard to Love: Why Scaling Contractor Care Isn’t Easy - Part  | Top 10 resources for forward-thinking staffing pros | Different ways to automatically stay engaged with your talen
lcptracker.com,LCPtracker,inc.com_api_i5list,us,software_saas,Software,,136,5,5,2,1,en,27,The Inefficiencies of Monitoring Compliance – Agencies and P | Hiring Contractors for School Constructions Projects | Federal Davis-Bacon Requirements: Trainees & Helpers
inventorysource.com,Inventory Source,inc.com_api_i5list,us,software_saas,Software,,136,5,5,5,4,en,109,"How To Write An ""About Us"" Page For A Wholesale Dropship Pro | Selling On eBay Is About Growing Both Sales And Customers | 3D Cart Dropship Integration"
casetext.com,Casetext,yc_directory,us,software_saas,saas,,133,5,5,2,2,en,53,The A.I. Arms Race with Alex Lakatos - Casetext Insights | The Future of the Legal Profession After COVID-19 | Casetext | How To Start a Law Firm Without a Plan or Budget: Your Self-
stripe.com,Stripe Billing,g2.com_wayback,us,fintech_insurance,Subscription Billing,,131,5,5,0,0,en,0,"Instant Payouts are now available in Canada and Singapore | European payment methods available worldwide in minutes, not | Multiple subscriptions"
flyhomes.com,Flyhomes,inc.com_api_i5list,us,services_other,Real Estate,,131,5,5,4,2,en,52,A Q&A with Team Lead Renee Sandoval - Blog | February 2021 Market Update: Southern California - The Livin | December Market Update: Seattle + Eastside - The Living Room
launchdarkly.com,LaunchDarkly,g2.com_wayback,us,devtools,Continuous Delivery,,130,3,3,3,3,en,130,Feature Flags (Toggles) in DevOps: How These Concepts Relate | Feature Flag-Driven Releases | Great GameDays: Thinking About Failure Holistically
onesourcevirtual.com,OneSource Virtual,inc.com_api_i5list,us,services_other,Business Products & Services,,129,5,5,5,0,en,0,Get Your Luxury Car at an Affordable Price! | Participating in a Customer Reference Program … What’s In It | Open Enrollment 101
appliedframeworks.com,Applied Frameworks,inc.com_api_i5list,us,software_saas,Business Products & Services,,127,2,2,0,0,en,0,"Pricing, subscriptions, and the weather | Agile Webinars"
mie-solutions.com,MIE Solutions,inc.com_api_i5list,us,software_saas,Software,,126,5,5,4,0,en,0,Cost Estimate Types | Exploded Bill Of Materials | Quoting Dependencies Between Operations
demandjump.com,DemandJump,inc.com_api_i5list,us,software_saas,Software,,123,5,5,3,3,en,74,"Content Marketing Examples: When To Use Each Type | DemandJump, Appirio Among Big Mira Winners | Can I Do SEO On My Own? A How-to Guide for SEO"
boldrimpact.com,Boldr,inc.com_api_i5list,us,services_other,Business Products & Services,,122,5,5,2,2,en,49,Post-Traumatic Growth in Outsourcing - Boldr. | Pride Month: No Longer Misunderstood - Boldr. | The Best Tips To Engage Your Remote Teams - Boldr.
gobble.com,Gobble,yc_directory,us,ecommerce_retail,ecommerce,,121,4,4,0,0,en,0,The Gobble Blog | Gobble shifts from delivering meals to do-it-yourself diners | The Gobble Blog
inspiranzadesigns.com,Inspiranza Designs,inc.com_api_i5list,us,ecommerce_retail,Retail,,117,5,5,1,0,en,0,...seven cross bar necklaces for my seven granddaughters. | Saddle Up! This Ring Is Stunning! Blue Topaz | What's My Ring Size?
emarkanalytics.com,Emark,ft1000_wayback:20230425220624,eu,services_other,Technology,,116,5,2,1,0,en+other,0,Digitálna transformácia vs. ROI: Hľadanie reálnej návratnost | Hledání skutečné ROI z iniciativ Digitální Transformace | Predikcie maloobchodného predaja v Qlik Sense
bluecrewjobs.com,Bluecrew,yc_directory,us,services_other,saas,,115,5,5,3,3,en,69,April Employment Outlook | Bluecrew Resources | 3 Reasons Flexible Staffing is Key for The Post-COVID World  | Making “Hourly Work” Work: Retention In A Pandemic | Bluecre
buymeacoffee.com,Buy Me a Coffee,yc_directory,eu,fintech_insurance,fintech,,113,0,0,0,0,,0,
unosquare.com,Unosquare,inc.com_api_i5list,us,services_other,IT Services,,113,0,0,0,0,,0,
pfleet.com,Plavan Commercial Fueling,inc.com_api_i5list,us,fintech_insurance,Business Products & Services,,107,5,5,5,4,en,86,The CFN Application Process | How a Diesel Fuel Card Can Help Your Business | 4 Fuel Card Services You Need to Be Using!
almworks.com,ALM Works,inc.com_api_i5list,us,software_saas,Software,,106,5,5,2,1,en,21,ALM Works | ScriptRunner Scripts for Structure | ALM Works
webitservices.com,WebIT Services,inc.com_api_i5list,us,services_other,IT Services,,105,5,5,1,1,en,21,2020 January Email Newsletter | 2017 December Email Newsletter | 2016 December Email Newsletter
katequinn.com,Kate Quinn,inc.com_api_i5list,us,ecommerce_retail,Retail,,105,5,5,0,0,en,0,Little One of the Week | Jack | Behind the Scenes and Fall Style Baby Shoots | Little One of the Week | Blair Mary-Helen
observe.ai,Observe.AI,yc_directory,us,software_saas,saas,,105,5,5,3,3,en,63,Level up QA Evaluations with these new and exciting features | 4 future-forward ways energy companies improve agent perform | How Qualfon decreased average handle time by 16 seconds
zesttorganics.com,zestt organics,inc.com_api_i5list,us,ecommerce_retail,Consumer Products,,104,5,5,3,0,en,0,3 Easy Steps To Put Together The Perfect Travel Uniform | Spring Cleaning: Home Textile Edition - zestt llc | Why Organic Matters - zestt llc
coviu.com,Coviu,g2.com_wayback,us,health,Telemedicine,,104,5,5,4,3,en,62,Australian Bushfires Worsen Rural Mental Health Crisis | FAQ: Clinical Aspects of Telehealth | How to Provide Affordable Mental Health Care to Rural Austra
advancedbusinesssolutions.com,Advanced Business Solutions,inc.com_api_i5list,us,services_other,IT Services,,101,5,5,1,1,en,20,"Fake Patient Data Could Have Been Uploaded Through SAP Medic | End Of Life For Windows Server 2003 Set For July 14, 2015 |  | Sunglasses Made From Salvaged Louisville Sluggers | IT Manag"
opiniion.com,Opiniion,inc.com_api_i5list,us,software_saas,Software,,101,5,5,2,2,en,40,Why is Online Reputation So Important? - Opiniion | Opiniion Partners with TriArc Real Estate Partners - Opiniio | Opiniion Announces New Partnership - Opiniion
securestrux.com,SecureStrux,inc.com_api_i5list,us,services_other,Security,,101,0,0,0,0,,0,
langstonconstr.com,Langston Construction Co. of Piedmont,inc.com_api_i5list,us,services_other,Construction,,99,0,0,0,0,,0,
insightpestnorthwest.com,Insight Pest Solutions Portland,inc.com_api_i5list,us,services_other,Consumer Services,,97,5,5,3,2,en,39,Hendricks Park - Insight Pest Solutions | How to Get Rid of Ants | Chelatchie Prairie Railroad - Insight Pest Solutions
goldengatebpo.com,Golden Gate BPO Solutions,inc.com_api_i5list,us,services_other,Business Products & Services,,96,5,5,1,1,en,19,"Our Commentary on the Recent Events in the Philippines | Gol | Guidelines are The New Policy - Golden Gate BPO | Let’s Face It, In So Many Ways US Onshore Delivery Makes Sen"
is-grp.com,ISG,inc.com_api_i5list,us,services_other,Engineering,,95,5,5,1,1,en,19,First in class – virtual desktop (VDI) technology and integr | Weekly Employee-Owner Spotlight: Emily FitzSimmons | ISG | Weekly Employee-Owner Spotlight: Sam Dengerud | ISG
avocor.com,Avocor,inc.com_api_i5list,us,ecommerce_retail,Computer Hardware,,93,5,5,5,4,en,74,Business Collaboration: 15 Ideas to Grow & Scale Quickly | A | How to Create Your Inspirational Collaborative Office Space  | Creating the Perfect Huddle Room (Step-By-Step Guide) | Avoc
redlinesteel.com,Redline Steel,inc.com_api_i5list,us,ecommerce_retail,Manufacturing,,92,0,0,0,0,,0,
habitlabs.com,Habit Labs,yc_directory,us,ecommerce_retail,ecommerce,,88,5,5,0,0,en,0,Habit Labs | Habit Labs | Amelia featured on the Quantified Self blog
junipersquare.com,Juniper Square,inc.com_api_i5list,us,fintech_insurance,Software,,87,5,5,4,4,en,70,What the changing definition of “accredited investor” means  | Research results: How the fastest-growing CRE investment fir | Bakersfield to billions: Gelt Inc.’s Keith Wasserman gets re
weberfps.com,Weber Facial Plastic Surgery,inc.com_api_i5list,us,health,Health Services,,82,5,5,3,3,en,49,Dermal Fillers vs. Plastic Surgery - Weber Facial Plastic Su | What You Should Know Before Receiving Dermal Fillers - Weber | Injectable Days! Back by Popular Demand
alluremedical.com,Allure Medical,inc.com_api_i5list,us,health,Health Services,,80,5,5,3,2,en,32,Is Wegovy Weight Loss Drug Really Better than the Generic Br | 5 Week Ab Transformation with Emsculpt | The 80/20 Rule
buypeakperformance.com,Peak Performance Life,inc.com_api_i5list,us,health,Health Services,,79,5,5,3,2,en,32,"Why I'll NEVER Drink Diet Soda | How To Improve Your Cell and Mitochondrial Health While Reve | The INNER Game Of Health. Mindset, Vision, Language, Identit"
rallyup.com,RallyUp,inc.com_api_i5list,us,software_saas,Software,,78,0,0,0,0,,0,
vectorsinc.com,Vectors,inc.com_api_i5list,us,ecommerce_retail,Retail,,76,5,5,0,0,en,0,Introducing the NEW Trimble TSC5 Data Collector | May Geospatial Newsletter | JANUARY 2021 GEOSPATIAL NEWSLETTER
totalexpert.com,Total Expert,inc.com_api_i5list,us,fintech_insurance,Financial Services,,76,5,5,2,2,en,30,Top 3 Takeaways from Accelerate 2022 | Total Expert | Watch: Total Expert Demonstrates How Customer Intelligence D | How to Spot the Right Tech Partner for Banking Innovation | 
discuss.io,Discuss.io,inc.com_api_i5list,us,software_saas,Software,,75,5,5,2,0,en,0,Market Research | Interceptor - Discuss.IO | Online Survey | Surveys vs Focus Group - Discuss.IO | Silos be gone! Democratizing the Voice of the Consumer
envistaforensics.com,Envista Forensics,inc.com_api_i5list,us,services_other,Business Products & Services,,74,5,5,5,4,en,59,Top 4 Common Summer Claims | Why do Daubert and Frye Standards Why do Daubert and Frye St | Are There Really Flaws in Cell Phone Location Evidence?
vuram.com,Vuram,inc.com_api_i5list,us,services_other,Software,,74,3,3,3,3,en,74,Eight reasons why your enterprise needs low code | Robotic Process Automation in Manufacturing Industry | Returning to the workplace post-COVID-19: How to get back to
theohmstore.co,The Ohm Store,inc.com_api_i5list,us,ecommerce_retail,Consumer Products,,73,5,5,4,4,en,58,Why And How To Use Singing Bowls For Sleep? (Easiest Action  | Therapeutic Grade Essential Oil: The Story Of Ohm Oil | How To Use Your Little Ohmie Bowl With Your Little Ohmie
itauthorities.com,IT Authorities,inc.com_api_i5list,us,services_other,IT Services,,71,2,2,1,1,en,36,How to switch IT providers: A proven 3-stage process | ITA Insights: Microsoft Server 2012 and 2012 (R2)
dizzion.com,Dizzion,inc.com_api_i5list,us,software_saas,Software,,68,0,0,0,0,,0,
superb-ai.com,Superb AI,yc_directory,us,software_saas,saas,,68,4,4,2,2,en,34,Introducing Custom Auto-Label for Long-Tail Computer Vision | Best Practices for Video Annotation for Computer Vision Data | Is DataPrepOps The Missing Piece of the ML Lifecycle Puzzle?
truelinkfinancial.com,True Link Financial,inc.com_api_i5list,us,fintech_insurance,Financial Services,,68,5,5,4,2,en,27,Tough stuff: Cognitive impairment and difficult conversation | Give the gift of independence to your elderly loved one. | T | Social Security Beneficiaries Receive Highest Cost-of-Living
guardianlit.com,"Guardian Litigation Group, LLP",inc.com_api_i5list,us,services_other,Legal,,66,5,5,2,2,en,26,Posts in Budgeting Tips | Consumers Get Additional Debt Collection Protections From CF | Posts in Wage and Hour
ivycityco.com,Ivy City Co.,inc.com_api_i5list,us,ecommerce_retail,Retail,,66,0,0,0,0,,0,
senior1care.com,Senior1Care,inc.com_api_i5list,us,health,Health Services,,65,0,0,0,0,,0,
peoplesuite.com,PeopleSuite Talent Solutions,inc.com_api_i5list,us,services_other,Human Resources,,63,4,4,3,3,en,47,5 Benefits of Diversity in the Workplace | Best Hiring Practices for a Stronger Team | 4 Tips to Optimize the Business Matchmaking Process
lettucegrow.com,Lettuce Grow,inc.com_api_i5list,us,ecommerce_retail,Consumer Products,,62,4,4,0,0,en,0,Lettuce Grow Blog - Don't Toss That Out! | Lettuce Grow Blog - Quarterly Resets | Lettuce Grow Blog - Giving Tuesday
microblink.com,Microblink,ft1000_wayback:20210331132419,eu,software_saas,Technology,,60,0,0,0,0,,0,
insellerate.com,Insellerate,inc.com_api_i5list,us,fintech_insurance,Financial Services,,59,5,5,2,1,en,12,"Radically Transforming Borrower Engagement – Madison Mortgag | Leverage Digital to Enhance the Borrower Experience in Today | Insellerate Launches DATA IE – Industry Briefs Dec. 3, 2020 "
kapitaldata.com,Kapital Data,inc.com_api_i5list,us,services_other,Human Resources,,59,5,5,2,2,en,24,"When We Failed To Deliver, On-Time | Why So Optimistic? | Our Ideal Employee"
languagenetworkusa.com,Language Network,inc.com_api_i5list,us,services_other,Business Products & Services,,58,5,5,3,3,en,35,"The Role of Classroom Interpreters, and How to Select the Ri | The History of Language in Washington State | Meet our Team: Devon Reed"
grover.com,Grover Group,ft1000_wayback:20210331132419,eu,ecommerce_retail,Ecommerce,,57,4,3,2,2,de+en,28,Grover | A beginner’s guide to flying your first drone | Grover Blog | Welcome to the cameraphone space age: the Xiao | Grover | DJI Mini 2 Fly More Combo: Hoch hinaus mit der beli
backtotheroots.com,Back to the Roots,inc.com_api_i5list,us,ecommerce_retail,Consumer Products,,54,4,4,3,0,en,0,"Yucca Flower, Mushroom, and Feta Frittata | Ground Beef Stroganoff | A Complete List Of All Countries That Have Banned Glyphosate"
brookstonerestoration.com,Brookstone Restoration,inc.com_api_i5list,us,services_other,Construction,,53,5,5,2,1,en,11,"SERVE Letter March 2022 | SERVE Letter April 2021 | February, 2020 Newsletter"
finpay.com,FinPay,inc.com_api_i5list,us,health,Health Services,,52,4,4,2,1,en,13,Do Hospitals Care About You? Not Today | How Forward-Thinking Health Systems Are Embracing New Techno | FinPay Selected as one of AMERICA’S TOP STARTUPS.
preflight.com,Preflight,yc_directory,us,devtools,devtools,,52,0,0,0,0,,0,
sstid.com,Strategic Systems & Technology Corporation,inc.com_api_i5list,us,services_other,Business Products & Services,,52,5,5,3,3,en,31,Heads-Up Display for Mobile Workers: Zebra’s Breakthrough HD | Selecting the Right Mobile Devices for Healthcare | Healthca | Exciting Enhancements Made SOTI ONE Platform
modloft.com,International Product Marketing,inc.com_api_i5list,us,ecommerce_retail,Retail,,52,5,5,5,5,en,52,Modern Dining Table Buying Guide | Platform Beds vs. Box Springs: Which is Better? | Modern Sofas: Complete Buyers Guide
finary.com,Finary.com,yc_directory,eu,fintech_insurance,fintech,,50,5,0,0,0,fr,0,Les nouveautés Finary de janvier | Notre levée est lancée ! | Finary obtient le status PSAN de l’AMF
doublewoodsupplements.com,Double Wood,inc.com_api_i5list,us,health,Healthcare & Medical,,50,5,5,5,4,en,40,"Explore What’s New In The World Of Supplements, Health, And  | Explore What’s New In The World Of Supplements, Health, And  | Explore What’s New In The World Of Supplements, Health, And "
sightplan.com,SightPlan,inc.com_api_i5list,us,software_saas,Software,,49,5,5,1,1,en,10,Winter Storm Damage & Preparedness Checklist | Trammell Crow Residential Gains Unique Customer Insights wit | SightPlan and ResMan Announce Expanded Partnership
credpal.com,CredPal,yc_directory,us,fintech_insurance,fintech,,49,5,3,2,2,en+other,20,Home Minimal - CredPal | What is a credit card? - CredPal | Home Category Carousel - CredPal
investbamboo.com,Bamboo,yc_directory,us,fintech_insurance,fintech,,47,0,0,0,0,,0,
loanpro.io,LoanPro Software,inc.com_api_i5list,us,fintech_insurance,Software,,46,0,0,0,0,,0,
telm.ai,Telmai,yc_directory,us,software_saas,saas,,43,0,0,0,0,,0,
haydenoutdoors.com,Hayden Outdoors,inc.com_api_i5list,us,services_other,Real Estate,,43,0,0,0,0,,0,
windowworld-btr.com,Window World of Baton Rouge,inc.com_api_i5list,us,services_other,Construction,,43,5,5,5,3,en,26,3 Tips for Hurricane Preparation | Window World Baton Rouge | Why Do My Windows Have So Much Condensation? - Window World  | How to Increase Your Bathroom Window Privacy - Window World 
swdgroup.com,Strategic Wealth Designers,inc.com_api_i5list,us,fintech_insurance,Financial Services,,40,0,0,0,0,,0,
eatcaulipower.com,Caulipower,inc.com_api_i5list,us,ecommerce_retail,Food & Beverage,,40,5,5,4,3,en,24,"In Honor Of My Father, Thank You To The Families Who Serve | 5 Things You Didn't Know About Frozen Food | Caulipower | Healthy Tiki Party Ideas | Caulipower"
outdoorlights.com,Outdoor Lighting Perspectives,inc.com_api_i5list,us,services_other,Consumer Products,,39,1,1,1,0,en,0,Outdoor Lighting Perspectives
heru.app,Heru,yc_directory,us,fintech_insurance,fintech,,38,5,0,0,0,es,0,Saldo a favor en declaración anual ¿de qué depende? | Es posible tener dos regímenes fiscales | Estas son los 4 motivos por los que puedes cancelar una fact
buildwithproactive.com,Proactive Controls Group,inc.com_api_i5list,us,services_other,Construction,,38,5,5,4,3,en,23,Class 108: Work Breakdown Structures | Three Key Tips to Optimizing a Contractor’s Risk Management  | 83% of the Industry Experiences Claims and 98% of Mega-Proje
doctible.com,Doctible,inc.com_api_i5list,us,health,Software,,37,5,5,1,1,en,7,"2021 Doctible on Inc. 5000 List of America’s Fastest-Growing | Two-way Texting Patients: Truths, Myths, and HIPAA Complianc | Virtual Waiting Room Increases Safety & Patient Flow!"
creativealignments.com,Creative Alignments,inc.com_api_i5list,us,services_other,Business Products & Services,,36,5,5,4,4,en,29,Six Steps to an Empathetic Exit | How to Write a Job Description to Attract Your Ideal Employe | Actionable Steps For Diversity Hiring
geniusprogetti.com,Genius Progetti,ft1000_wayback:20210331132419,eu,services_other,Sales & Marketing,,34,4,4,1,1,en,8,"Q&A with Barbara: location scouting for lifestyle brands | Genius Eventi official opening: the inauguration party | Exhibiting at Cersaie 2020 in Bologna, Italy?"
spigglelaw.com,The Spiggle Law Firm,inc.com_api_i5list,us,services_other,Legal,,32,0,0,0,0,,0,
uswired.com,USWired,inc.com_api_i5list,us,services_other,IT Services,,31,0,0,0,0,,0,
experoinc.com,Expero,inc.com_api_i5list,us,services_other,IT Services,,31,5,5,0,0,en,0,Expero Blog | Posts on Customer Satisfaction | Expero Blog | Posts on Conversational UI | Expero Blog | Posts on Recommender Systems
readyamerica.com,Ready America,inc.com_api_i5list,us,ecommerce_retail,Consumer Products,,30,5,5,0,0,en,0,ABC 10 News Gets Shaken Up with Ready America's Big Shaker - | Las Vegas News and Entertainment Video FOX5 Vegas KVVU - Rea | Corporate Health and Safety Training - Ready America
dbconstructiongrp.com,D&B Construction,inc.com_api_i5list,us,services_other,Construction,,28,5,5,1,1,en,6,D&B Internship Experience: A Q&A With Our College Intern - D | Tipping Our Hard Hats Off For Our Architect Partners - D&B C | 2021 Safe + Sound Week - D&B Construction Group
mightyswell.com,Mighty Swell Spiked Seltzers,inc.com_api_i5list,us,ecommerce_retail,Food & Beverage,,27,0,0,0,0,,0,
yellowtelescope.com,YellowTelescope,inc.com_api_i5list,us,services_other,Business Products & Services,,27,5,5,2,1,en,5,Will ObamaCare Hurt My Medical Practice - | Practice Management Archives - | Healthcare Training Advice | Essentials to Presenting Fees P
leasepath.com,Leasepath,inc.com_api_i5list,us,fintech_insurance,Software,,25,4,4,1,1,en,6,Leasepath and DataGardener Form Strategic Partnership / Leas | Vanessa Andel Named Top 40 Under 40 By Monitor / Leasepath | Leasepath FAQ Apache Log4j Vulnerability / Leasepath
idelic.com,Idelic,inc.com_api_i5list,us,software_saas,Software,,25,5,5,3,3,en,15,Carney Trucking Shutdown: Preventing an Insurance Nightmare | 120 Driver Fleet Suddenly Closes - Only Weeks After Award | The Hidden Danger for Drivers: Depression and 5 Ways to Figh
contractexteriors.com,Contract Exteriors,inc.com_api_i5list,us,services_other,Construction,,25,5,5,1,0,en,0,Customer Feedback | Customer Feedback | Customer Feedback
capstonetitletx.com,Capstone Title,inc.com_api_i5list,us,services_other,Real Estate,,25,5,5,1,1,en,5,Capstone Title | Austin TX | Capstone Title | Austin TX | Capstone Title | Austin TX
stickergiant.com,StickerGiant,inc.com_api_i5list,us,ecommerce_retail,Manufacturing,,398,5,5,0,0,en,0,Angel Virtues Love Vinyl Sticker Bumper Stickers - Funny Sti | Bumper Stickers - Funny Stickers - Free Stickers | Bumper Stickers - Funny Stickers - Free Stickers
berndtcpa.com,Berndt CPA,inc.com_api_i5list,us,services_other,Financial Services,,395,5,5,5,3,en,237,Supporting You | Love Your Business | Mobile Solutions
skyriverit.com,Skyriver IT,inc.com_api_i5list,us,services_other,IT Services,,391,5,5,3,0,en,0,How to protect your business from ransomware | The Hidden Benefit of Outsourced IT | Improving Helpdesk Follow Up
ruby.com,Ruby,inc.com_api_i5list,us,services_other,Telecommunications,,388,5,5,3,1,en,78,Avoid a Hectic Holiday with a Little Help from Ruby | Impress New Employees with a WOW-Worthy First Day | Attorneys: Is Your Website Generating Enough Leads? | Ruby
cybersecurityintelligence.com,Radar Cyber Security,ft1000_wayback:20220301043147,eu,services_other,Technology,,382,5,5,1,1,en,76,Artificial Intelligence Is Being Badly Used In Cyber Securit | Anonymous Launch An Attack On Rosneft | A Cyber Security Audit
splendidspoon.com,Splendid Spoon,inc.com_api_i5list,us,ecommerce_retail,Food & Beverage,,379,5,5,0,0,en,0,The Only Mindful Eating Meditation You Need | Fridge Voyeur: Justine Roth | How to Add Movement to Your Work Day
fundrise.com,Fundrise,inc.com_api_i5list,us,fintech_insurance,Financial Services,,377,4,4,0,0,en,0,09 ROXANNE SCHOEN - GXFMTIVXPR | 10 ELMO GOYETTE - QYUD1AXYIXVH | 03 STEPHANIE SCHUMM - 5F0NG4ACJNJ
about.gitlab.com,GitLab,g2.com_wayback,nan,devtools,Continuous Integration,,377,5,5,1,1,en,75,GitLab.com and Logjam | GitLab acquires Gitorious to bolster its on premises code co | Continuous Delivery with GitLab and Convox
cyberark.com,CyberArk Identity (formerly Idaptive),g2.com_wayback,us,software_saas,Identity and Access Management (IAM),,377,5,5,4,4,en,302,Supply Chain Meets Blockchain: A Perfect Match | CyberArk | Key Management in the Cloud - Part 2 | CyberArk | NOTICE: Investigators Warn of Increase in Service Account Ex
thedailygraceco.com,The Daily Grace Co.,inc.com_api_i5list,us,ecommerce_retail,Consumer Products,,374,5,5,1,1,en,75,Being Re-Minded Through Christ | How to Use The Bible Handbook with a Bible Study | Goals for 2017
gochirp.com,Chirp,inc.com_api_i5list,us,health,Consumer Products,,367,4,4,4,2,en,184,Three Tips to Become a Successful Chirp Influencer | How the Chirp Wheel Helps Relieve Neck and Shoulder Pain | How to Keep Your Dog’s Back Happy (Because Yours Already Is)
oxylabs.io,Oxylabs.io,ft1000_wayback:20220301043147,eu,devtools,Technology,,355,5,5,4,3,en,213,Playwright Proxy Integration With Oxylabs | What is a Transparent Proxy and How is It Used? | Web Scraping With RegEx
goekos.com,Ekos,inc.com_api_i5list,us,software_saas,Software,,345,5,5,1,1,en,69,Rocket Frog Brewing Co. Beer Review | Ekos Brewmaster | From Teacher to Brewer: The Story of Roadmap Brewing | How to Use Technology During Wine Harvest Season | Ekos
rakenapp.com,Raken DEACTIVATED,inc.com_api_i5list,us,services_other,Software,,342,5,5,4,2,en,137,How to Start a Project on Raken | 5 Green Building Practices for Construction Companies | Mastering the Creation of Construction Daily Reports
skinbylovely.com,Skin by Lovely,inc.com_api_i5list,us,health,Health Services,,341,5,5,2,1,en,68,Juvederm or Restylane for Lip Enhancement: Which is better?  | Feel younger by sprucing up your wardrobe with these tips |  | Eclipse Micropen Elite Demonstration with Brittany White FNP
reamaze.com,Re:amaze,g2.com_wayback,us,software_saas,Help Desk,,335,5,5,0,0,en,0,"Re:amaze Now Integrates With Returnly! | How to stop annoying customers in their tracks! | Childhood Education Subscription Service, CreativKits, Boost"
intelycare.com,IntelyCare,inc.com_api_i5list,us,health,Health Services,,332,5,5,3,3,en,199,"What does an RN do? | IntelyCare | How Nursing Professionals Can Be Advocates | IntelyCare | What Does a Home Health Nurse Do? - IntelyCare, Inc."
kadenze.com,Kannu,g2.com_wayback,us,edtech,Learning Management System (LMS),,325,5,5,2,2,en,130,What's That Noise?: Devising Sound Elements in Horror Movies | Daily Inspiration #19 - Kadenze Blog | Introducing the Kadenze Virtual Studio: A new teaching space
legitscript.com,LegitScript,inc.com_api_i5list,us,services_other,Business Products & Services,,325,5,5,0,0,en,0,"LegitScript adds ~5,000 rogue GlavMed affiliates | LegitScri | Attendance at This Year's TCIV Conference | LegitScript | False Cures for Sale: Perpetrator Behind Elaborate Scheme He"
demandsphere.com,DemandSphere,yc_directory,us,software_saas,saas,,324,5,5,4,3,en,194,SEOMoz and GinzaMetrics partnership | Digital analytics and web optimization | Improve content marketing campaigns
escalon.services,Escalon Services,inc.com_api_i5list,us,services_other,Business Products & Services,,319,0,0,0,0,,0,
compliancequest.com,ComplianceQuest,inc.com_api_i5list,us,software_saas,Software,,318,5,5,5,5,en,318,"OSHA revises its maximum penalty for 2021 | CompianceQuest | Remote Audits Done Right for Quality & Safety Leaders | Dear Safety Leaders, AI is having its Digital Transformation"
cornerstoneondemand.com,Cornerstone Learning,g2.com_wayback,us,software_saas,Learning Management System (LMS),,317,5,5,4,3,en,190,Forget Best Practices. How to Get Employee Training Right | CSOD | Cornerstone Report Details Effects of Toxic Employees in the
getfishtank.ca,Moosend,g2.com_wayback,us,services_other,Email Marketing,,316,5,5,4,1,en,63,Why your Sitecore site needs canonical tags | Connecting to MongoDB and Azure DocumentDB in Sitecore over  | Sitecore 9 Helix Visual Studio File Configuration For Builds
gitprime.com,GitPrime,yc_directory,us,devtools,devtools,,313,5,5,3,3,en,188,Managing From Afar: How This Engineering Manager Tackles the | How to Use the Review & Collaboration Report to Visualize Tr | Towards a Philosophy of Big Data
lendinghome.com,LendingHome,inc.com_api_i5list,us,fintech_insurance,Real Estate,,310,0,0,0,0,,0,
tandymgroup.com,Tandym Group,inc.com_api_i5list,us,services_other,Human Resources,,308,0,0,0,0,,0,
coffeemeetsbagel.com,Coffee Meets Bagel,inc.com_api_i5list,us,software_saas,Consumer Services,,307,0,0,0,0,,0,
paddle.com,Paddle,g2.com_wayback,other,fintech_insurance,Subscription Billing,,305,5,5,3,2,en,122,SaaS churn rate: What does good look like? | We've been named a Future Fifty company | Making big bets: Our approach to trade shows and events
hracuity.com,HR Acuity,inc.com_api_i5list,us,software_saas,Human Resources,,303,0,0,0,0,,0,
hideitmounts.com,HIDEit Mounts,inc.com_api_i5list,us,ecommerce_retail,Consumer Products,,303,5,5,1,1,en,61,FEATURED HIDEit INFLUENCER: reventon5207 | THE INSIDE STORY: HIDEit Uni-VESA Adapter Bracket | Black Friday through Cyber Monday - Save on Amazon
getchute.com,Chute,yc_directory,us,software_saas,saas,,302,5,5,1,0,en,0,Subscribe to Our Newsletter | Watch the Visual Story of Hurricane Sandy Unfold in Real Tim | Vogue: Live From Fashion Week
corpnet.com,CorpNet,inc.com_api_i5list,us,services_other,Business Products & Services,,291,0,0,0,0,,0,
asana.com,Asana,g2.com_wayback,us,software_saas,Project Management,,291,0,0,0,0,,0,
wovenware.com,Wovenware,inc.com_api_i5list,us,software_saas,Software,,289,5,5,3,1,en,58,The Trends Defining the New Year of Digital-First Business T | Internal software developers needed? | AI: The Keystone of Digital Transformation and the Future of
mequilibrium.com,New Life Solution,inc.com_api_i5list,us,software_saas,Software,,288,5,5,4,2,en,115,5 Questions to ‘Self-Check’ for Team Burn Out | meQuilibrium | 4 Keys to Sanely Working From Home | meQuilibrium | 3 Ways to Push Past Procrastination | meQuilibrium
goldfishswimschool.com,Goldfish Swim School Franchising,inc.com_api_i5list,us,services_other,Education,,288,0,0,0,0,,0,
reltio.com,Reltio,inc.com_api_i5list,us,software_saas,Software,,284,5,5,1,1,en,57,"Why Actavis CEO Brenton Saunders is PM360's Uber ELITE - Rel | Modern Data Management Summit 2018 Welcomes Enterprises to t | One Small Step for Data Management, A Giant Leap for Applica"
mynuface.com,Carol Cole Co.,inc.com_api_i5list,us,ecommerce_retail,Consumer Products,,282,0,0,0,0,,0,
ametros.com,Ametros,inc.com_api_i5list,us,health,Health Services,,282,0,0,0,0,,0,
gooten.com,Gooten,inc.com_api_i5list,us,ecommerce_retail,Manufacturing,,276,5,5,5,5,en,276,10 Social Media Trends for Your Print on Demand Business - G | How to Use 2020 Data to Make Better Investments for Your eCo | Top 3 Free SEO Plugins for Shopify
prialto.com,Prialto,inc.com_api_i5list,us,services_other,Business Products & Services,,275,0,0,0,0,,0,
cbinsights.com,CB Insights,inc.com_api_i5list,us,software_saas,Software,,274,0,0,0,0,,0,
worthpoint.com,WorthPoint Corporation,inc.com_api_i5list,us,ecommerce_retail,Consumer Services,,274,5,5,3,3,en,164,Antiques Auction Forum Podcast: Repurposing with Cari Cuckse | Antique Dolls Question Session: Turn of the Century J.D. Kes | Autographs
gladly.com,Gladly,g2.com_wayback,nan,software_saas,Help Desk,,274,0,0,0,0,,0,
medixteam.com,Medix Staffing Solutions,inc.com_api_i5list,us,services_other,Human Resources,,273,0,0,0,0,,0,
bigbinary.com,BigBinary,inc.com_api_i5list,us,services_other,Software,,271,5,5,1,1,en,54,jquery-ujs and jquery trigger | BigBinary Blog | Rails 6.1 allows per environment configuration support for A | Migrating Gumroad from RequireJS to webpack | BigBinary Blog
aceup.com,AceUp,inc.com_api_i5list,us,services_other,Human Resources,,268,5,5,5,4,en,214,The AceUp Blog | Change Your Perspectives | resignation lett | Experiencing Caregiver Burnout? Here’s A Proven Antidote | Ideas for Successful Team Building Activities for Work
bulldozair.com,Bulldozair,yc_directory,eu,software_saas,saas,,267,0,0,0,0,,0,
quiq.com,Quiq,inc.com_api_i5list,us,software_saas,Software,,266,0,0,0,0,,0,
strongeru.com,Stronger U Nutrition,inc.com_api_i5list,us,health,Health Services,,265,0,0,0,0,,0,
marathon.edu.vn,Marathon Education,yc_directory,us,edtech,other,,264,0,0,0,0,,0,
braze.com,Braze,g2.com_wayback,us,software_saas,Marketing Automation,,264,0,0,0,0,,0,
prevu.com,Prevu,inc.com_api_i5list,us,services_other,Real Estate,,260,0,0,0,0,,0,
markspain.com,Mark Spain Real Estate,inc.com_api_i5list,us,services_other,Real Estate,,260,0,0,0,0,,0,
netguru.com,Netguru,ft1000_wayback:20220301043147,eu,services_other,Technology,,259,0,0,0,0,,0,
corsicatech.com,Corsica Technologies,inc.com_api_i5list,us,services_other,IT Services,,259,5,5,4,3,en,155,Leadership and Achievements on CRN’s 2021 Women of the Chann | Internet of Things (IoT) - It's Real and Here's Why You Shou | 4 Steps for Surviving the Windows Server 2003 End of Support
realmanage.com,RealManage,inc.com_api_i5list,us,services_other,Real Estate,,255,5,5,4,4,en,204,9 Habits of Extremely Productive Community Association Manag | 5 Ways to Keep Your HOA's Financial Stability | Dealing with Mold in Your Community Association
yensa.com,YENSA beauty,inc.com_api_i5list,us,ecommerce_retail,Consumer Products,,254,5,5,0,0,en,0,Introducing our NEW Super Serum Silk Foundation! | A Message About Our BC Foundation | #STOPASIANHATE: Here's How You Can Help
madeintandem.com,Tandem,inc.com_api_i5list,us,services_other,Software,,251,0,0,0,0,,0,
ruggedtabletpc.com,MobileDemand,inc.com_api_i5list,us,ecommerce_retail,Computer Hardware,,250,5,5,3,1,en,50,The Ruggedized Computing Blog | Creating a Paperless Supply Chain with Rugged Tablet PC Tech | Rugged Tablets Can Help Save Money in Supply Chain: Part I
sheerid.com,SheerID,inc.com_api_i5list,us,software_saas,Software,,248,5,5,2,1,en,50,Companies Celebrate Veterans Day with Special Offers | 4 Ways to Create Customer Loyalty… without Slashing Prices | Alteryx Promotes Customer Loyalty with Gated Offers
executivespeakers.com,Executive Speakers Bureau,inc.com_api_i5list,us,services_other,Business Products & Services,,242,0,0,0,0,,0,
discoverorg.com,DiscoverOrg,inc.com_api_i5list,us,software_saas,Software,,237,0,0,0,0,,0,
logicbroker.com,Logicbroker,inc.com_api_i5list,us,software_saas,Software,,236,5,5,4,3,en,142,What is an EDI 832? | Best Practices in Affiliate Marketing | Eliminate manual work by using Dynamics GP workflows
getcasely.com,Casely,inc.com_api_i5list,us,ecommerce_retail,Consumer Products,,234,0,0,0,0,,0,
paramountbusinessjets.com,Paramount Business Jets,inc.com_api_i5list,us,services_other,Travel & Hospitality,,231,0,0,0,0,,0,
protecequip.com,Protec Equipment Resources,inc.com_api_i5list,us,services_other,Energy,,231,0,0,0,0,,0,
jenis.com,Jeni's Splendid Ice Creams,inc.com_api_i5list,us,ecommerce_retail,Food & Beverage,,229,0,0,0,0,,0,
celerity-uk.com,Celerity,ft1000_wayback:20230425220624,uk,services_other,Technology,,229,0,0,0,0,,0,
compassitc.com,Compass IT Compliance,inc.com_api_i5list,us,services_other,Security,,226,0,0,0,0,,0,
kindful.com,Kindful,inc.com_api_i5list,us,software_saas,Software,,226,0,0,0,0,,0,
trafficsafetystore.com,MUVZ,inc.com_api_i5list,us,ecommerce_retail,Retail,,225,0,0,0,0,,0,
hiverhq.com,Hiver,g2.com_wayback,us,software_saas,Help Desk,,225,5,5,3,3,en,135,Leave a Reply Cancel reply | 10 Writing Mistakes That Make Your Emails Ineffective | Hiver now automatically adds new sent emails to Shared Mailb
marginedge.com,MarginEdge,inc.com_api_i5list,us,software_saas,Software,,225,5,5,1,0,en,0,Bright spots in the numbers! | Mixing MarginEdge with Barmetrix | Weekly Update
7layers.com,7Layers,ft1000_wayback:20210331132419,eu,services_other,Cyber Security,,223,0,0,0,0,,0,
ketoand.co,LongRun,inc.com_api_i5list,us,ecommerce_retail,Food & Beverage,,221,5,5,3,3,en,133,Keto Soup Recipes You Need To Know About | Keto Granola and Yogurt Cups | Cozy Up to This Rich and Milky Keto Hot Cocoa Made with Wond
clockshark.com,ClockShark,inc.com_api_i5list,us,software_saas,Software,,221,0,0,0,0,,0,
livestorm.co,Livestorm,ft1000_wayback:20210331132419,eu,software_saas,Technology,,219,4,4,1,1,en,55,4 Podcasts Formats to Inspire your Next Webinar | Livestorm | 20 Virtual Conference Engagement Ideas to Impress your Audie | 30 Fun Virtual Team Building Activities for Remote Teams | L
currencycloud.com,The Currency Cloud Group,ft1000_wayback:20230425220624,uk,fintech_insurance,Fintech,,219,5,4,3,1,de+en,44,Building Trust in APIs - making sure your relationships are  | Navigating financial regulation and compliance with ease - C | Helping prepaid card companies expand globally - Currencyclo
bearaby.com,Bearaby,inc.com_api_i5list,us,ecommerce_retail,Consumer Products,,215,5,5,5,5,en,215,What Causes Snoring and How to Stop it? | Why Do I Twitch as I'm Falling Asleep? | Importance of Sleep for Healthy Aging
symplr.com,Vendor Credentialing Service,inc.com_api_i5list,us,health,Software,,213,5,5,4,4,en,170,How Hospital Supply Chain Leaders Can Thrive in a Virtual En | Change Management: Understanding the Emotional Impact of New | MSPs: Natural Born Leaders
knowbe4.com,KnowBe4,inc.com_api_i5list,us,software_saas,Software,,201,5,5,3,1,en,40,Phishing Impersonation and Attack Trends in 2021 | CyberheistNews #12 | 35% of All Security Incidents are Business Email Compromise 
correctivechiropractic.com,Corrective Chiropractic,inc.com_api_i5list,us,health,Health Services,,201,5,5,1,1,en,40,Corrective Chiropractic: 6th Atlanta's Healthiest Employers  | Amazing healthy lunch recipe! | The Top Healing Benefits of Chiropractic Care for Infants
groundfloor.com,Groundfloor,inc.com_api_i5list,us,fintech_insurance,Financial Services,,198,0,0,0,0,,0,
code42.com,Code42 Software,inc.com_api_i5list,us,software_saas,Security,,195,4,4,2,1,en,49,CTO Insights: How to Scale an Insider Threat Program with a  | Insider Threat Slips Through Microsoft Systems as Employees  | Insights From the 2019 Cyberthreat Defense Report | Code42
youraspire.com,Aspire,inc.com_api_i5list,us,software_saas,Software,,195,5,0,0,0,other,0,New Aspire website redesign | 7 questions to identify the best subcontractors | Built for you: New site audit enhancements in Aspire
drsquatch.com,Dr. Squatch,inc.com_api_i5list,us,ecommerce_retail,Consumer Products,,194,2,2,2,1,en,97,"The Top 5 Zombie Movies of All Time | Weird Nature | Faking Death to Avoid Sex, Huge Whale Farts &"
kipsu.com,Kipsu Inc,inc.com_api_i5list,us,software_saas,Software,,194,5,5,2,2,en,78,Driving better patient outcomes with digital messaging | Kip | PAH Management Chooses Kipsu as Their Real-Time Engagement P | 5 Ways Kipsu Drives Hotel Efficiency | Kipsu
cascade.app,Cascade Strategy,inc.com_api_i5list,us,software_saas,Software,,192,5,5,5,5,en,192,Customer Service KPIs - The Key Metrics To Track | Gap Analysis: Guide and Template | Transitioning Your Strategic Plan
cariloha.com,Cariloha,inc.com_api_i5list,us,ecommerce_retail,Retail,,190,5,5,3,1,en,38,"Cariloha Gives Back - Blog, News, and Updates | Cariloha | Fashion Trend for Men - Blog, News, and Updates | Cariloha | Cariloha Weekend Party List - Happy Aviation Day! - Blog, Ne"
bellabeat.com,Bellabeat,yc_directory,us,health,ecommerce,,188,0,0,0,0,,0,
koyapartners.com,Koya Leadership Partners,inc.com_api_i5list,us,services_other,Human Resources,,187,0,0,0,0,,0,
autorabit.com,AutoRABIT,g2.com_wayback,us,devtools,Continuous Integration,,187,5,5,3,3,en,112,WEBINAR : Becoming a Salesforce Release Automation Superstar | 8 Common Salesforce Security Mistakes That Put You at Risk - | What Are Salesforce Change Sets? - AutoRABIT
starburst.io,Starburst,inc.com_api_i5list,us,software_saas,Software,,184,5,5,4,3,en,110,Going from Data-Driven to Insights-Driven with a SQL Query E | The Future of Analytics: In Conversation With Matt Fuller | Starburst Stargate: The Final Frontier in Analytics Anywhere
winelivery.com,Winelivery,ft1000_wayback:20220301043147,eu,ecommerce_retail,Ecommerce,,183,5,0,0,0,it,0,Winelivery approda a Bergamo! | Prosecco e Champagne: la differenza è solo nel prezzo? | BOSCO ALBANO: UNA BELLA STORIA DI VINO E PASSIONE
triaxtec.com,Triax Technologies,inc.com_api_i5list,us,software_saas,Software,,183,5,5,3,2,en,73,"2017 Year in Review - Triax Technologies | 3 Key Elements To Making A COVID-Safe Workspace | The 3 I's of Installation, Identification, and Insurance"
intekfreight-logistics.com,InTek Freight & Logistics,inc.com_api_i5list,us,services_other,Logistics & Transportation,,181,5,5,4,4,en,145,Logistics Service Provider (LSP) Defined in 100 Words | Logistics and Supply Chain Trends: 2022 and Beyond | Advantages of Outsourcing Your Freight Logistics to an LSP
truora.com,Truora,yc_directory,us,software_saas,saas,,180,0,0,0,0,,0,
drinksupercoffee.com,Kitu Life Super Coffee,inc.com_api_i5list,us,ecommerce_retail,Food & Beverage,,179,5,5,4,3,en,107,Positive Energy In Action | Super Coffee | L-Theanine Pros And Cons: Benefits And Side Effects | Super  | The Many Benefits Of Black Coffee – Other Than Staying Awake
welltok.com,Welltok,inc.com_api_i5list,us,health,Health Services,,179,5,5,2,1,en,36,5 Takeaways from Business Group on Health and Fidelity about | Opioid Addiction: It’s Time to Act | Welltok Solutions: The Multi-Hyphenate You Want in Your Corn
craftcoffee.com,Craft Coffee,yc_directory,us,ecommerce_retail,ecommerce,,176,5,5,0,0,en,0,craftcoffee | Craft Coffee featured on TIME.com | Craft Coffee Cats
bigtime.net,BigTime,g2.com_wayback,us,software_saas,Billing,,174,0,0,0,0,,0,
rtgmedical.com,RTG Medical,inc.com_api_i5list,us,health,Human Resources,,174,5,5,2,1,en,35,RTG Medical Adds Frank Madrigal as Division Manager - RTG Me | RTG Medical Selected as One of Inc. 5000 Magazine's Fastest  | Managing anxiety in an ever-changing field - RTG Medical's B
privy.com,Privy,g2.com_wayback,us,software_saas,Email Marketing,,174,5,5,4,3,en,104,How to Build an Email List | How Dormify Stays Nimble for an Ever-Changing Audience with  | Free Resources To Get Smart and Jumpstart Your Ecommerce Bus
bookkeeper360.com,Bookkeeper360,inc.com_api_i5list,us,services_other,Financial Services,,172,5,4,4,3,en+other,103,What is a Xero Advisor? | Bookkeeper360 | How to Connect Financial Data to Business Goals | Bookkeeper | Top 10 Ways to Create a Millennial-Friendly Environment | Bo
endado.com,Recambios Endado,ft1000_wayback:20210331132419,eu,ecommerce_retail,Ecommerce,,172,5,0,0,0,es,0,Sistema de frenado autónomo: AEB - El blog de endado.com | Protege el coche del calor y evita averías | Coches en los que murieron famosos (II) - El blog de endado.
ndreams.com,nDreams,ft1000_wayback:20210331132419,uk,software_saas,Games industry,,167,5,5,1,1,en,33,Meet ‘Dimensional’ - VR Competition Winner | Shooty Fruity – The Tools of the Trade | A Day In The Life Of... Recruitment
patternlife.com,Pattern,inc.com_api_i5list,us,fintech_insurance,Insurance,,167,5,5,3,2,en,67,Digging Into Your Disability Insurance Meeting | Pattern Lif | How to get disability insurance easily as a doctor with Patt | Practical Wellness Definition
ninetwothree.co,NineTwoThree Ai Studio,inc.com_api_i5list,us,services_other,Artificial Intelligence & Data,,166,0,0,0,0,,0,
ejisinc.com,Ejis,inc.com_api_i5list,us,ecommerce_retail,Retail,,164,0,0,0,0,,0,
agilethought.com,AgileThought,inc.com_api_i5list,us,services_other,IT Services,,161,5,5,2,2,en,64,Extreme Team Building Through 200 Mile Relay | 5 Reasons Why Backlog Refinement is Crucial for Agile Planni | Chris Spagnuolo Joins AgileThought as Principal Product Cons
barebonesbroth.com,Bare Bones,inc.com_api_i5list,us,ecommerce_retail,Food & Beverage,,159,5,5,1,0,en,0,Beefy Roasted Potato Wedges | Oven-fried Lemon Pepper Party Wings | Happy Easter! 10% Off This Weekend Only (No Coupon Necessary
circleci.com,CircleCI,g2.com_wayback,us,devtools,Continuous Integration,,158,5,5,2,2,en,63,Automate and scale your CI/CD with CircleCI orbs | Check Out CircleCI at DeveloperWeek 2016 | CircleCI config teardown: How we write our CircleCI config a
appwinit.com,WinIt,inc.com_api_i5list,us,services_other,Consumer Products,,158,5,5,5,4,en,126,Finally Some Good News: NYC Traffic Fatalities Drop For Thir | NYS Motorcycle Laws | WinIt App | Fire Hydrant Tickets in Texas | WinIt App
computersolutionseast.com,Computer Solutions East,inc.com_api_i5list,us,services_other,IT Services,,156,5,5,5,5,en,156,IT Operating model in Cloud | computersolutionseast | Managed Cloud Service Providers | computersolutionseast | Cloud Application Modernization | computersolutionseast
leandna.com,LeanDNA,inc.com_api_i5list,us,software_saas,Business Products & Services,,156,5,5,1,1,en,31,Jamey Heinze Joins LeanDNA as Senior Vice President of Marke | LeanDNA Ranks No. 27 on the Inc. 5000 Series: Texas | LeanDNA-List: Ben Galka from Terumo
nativepestmanagement.com,Native Pest Management,inc.com_api_i5list,us,services_other,Consumer Services,,156,0,0,0,0,,0,
pdq.com,PDQ.com Corporation,inc.com_api_i5list,us,software_saas,Software,,155,0,0,0,0,,0,
budgetdumpster.com,Budget Dumpster,inc.com_api_i5list,us,services_other,Environmental Services,,155,0,0,0,0,,0,
letstalkinteractive.com,Let's Talk Telehealth Video Conferencing Office Suite,g2.com_wayback,nan,health,Telemedicine,,153,5,5,2,2,en,61,Is Zoom HIPAA Compliant? | Press Release: Let’s Talk Interactive Welcomes Caitlin Wolf  | World Mental Health Day - How Virtual Care Benefits Behavior
spotangels.com,SpotAngels,yc_directory,us,ecommerce_retail,ecommerce,,149,5,5,3,1,en,30,"2020 New Orleans Monthly Parking Map & Deals - SpotAngels | 2020 Detroit Monthly Parking Map & Deals - SpotAngels | Alternate Side Parking NYC Rules, 2019 Map & Suspension Cale"
colemanfurniture.com,Renegade Furniture Group,inc.com_api_i5list,us,ecommerce_retail,Retail,,148,3,3,0,0,en,0,Online Furniture | Online Furniture | Coleman Furniture
geturns.com,GetUrns,inc.com_api_i5list,us,ecommerce_retail,Consumer Products,,147,5,5,5,4,en,118,Cremation Jewelry - The Origins and Purpose of Jewelry in Mo | What are the 5 Major Ideas for An End-of-life Plan? | Hosting an Online Memorial for Your Loved One
blueorangegames.com,Blue Orange,ft1000_wayback:20230425220624,eu,ecommerce_retail,Games industry,,145,5,5,3,2,en,58,"Marketing and Sales Tips for Small Businesses – Finale - Blu | Why You Should Tease Your Brain - Blue Orange Games Blog | Congratulations to Bird in Hand in Chico, CA for Winning Jul"
una.com,UNA,inc.com_api_i5list,us,services_other,Business Products & Services,,144,5,5,3,3,en,86,The Gatekeepers of Supplier Innovation | How to Choose the Best Procurement Software | Is Centralized Procurement Right for You? What You Need to K
coadvantage.com,CoAdvantage,inc.com_api_i5list,us,services_other,Business Products & Services,,142,5,5,1,1,en,28,Why Outsource HR? | 4 Ways to Proactively Address Workplace Harassment | How SMBs Can Offer Competitive Benefit Packages
mydbsync.com,DBSync,inc.com_api_i5list,us,software_saas,IT Services,,141,5,5,4,3,en,85,DBSync – Marketing Automation and CRM Platforms Integration | DBSync – Data Archival Solutions with Cloud Replication | DBSync Blogs | Smart inventory management with QuickBooks an
mybinc.com,Mind Your Business,inc.com_api_i5list,us,services_other,Business Products & Services,,141,5,5,1,0,en,0,Employment Screening: A look back at 2011 - Mind Your Busine | AAU mandates background checks for all volunteers - Mind You | Black Friday firearm sales cause outages at FBI background c
eatwellnashville.com,Eat Well Nashville,inc.com_api_i5list,us,ecommerce_retail,Food & Beverage,,140,5,5,5,4,en,112,It's Grillin' Time! | Support Your Local Mom & Pop Shop! | Drinking Water Is The Most Important Thing You Can Do Today
kitrum.com,Kitrum,inc.com_api_i5list,us,services_other,IT Services,,139,5,5,5,5,en,139,Create Custom CRM: How Much Money and Time Does It Take? | Serverless Approach Is Moving Node.js Forward. Are You In? | How to Decrease Attrition Rate with the Help of Outsourcing 
popularpays.com,Popular Pays,yc_directory,us,software_saas,saas,,138,5,5,3,3,en,83,"Byte vs. TikTok | Popular Pays | Make Noise, with Purpose - Popular Pays | Spotlight: New York City Influencers | Popular Pays"
vestwell.com,Vestwell,inc.com_api_i5list,us,fintech_insurance,Financial Services,,137,5,5,2,2,en,55,"Top Mistakes Made by 401(k) Plan Sponsors | Vestwell | Wolters Kluwer’s ftwilliam.com Partners with Vestwell to Bri | Vestwell Launches Next Evolution of its 401(k) Platform, Rem"
beek.io,Beek,yc_directory,us,services_other,ecommerce,,137,5,0,0,0,es,0,Libros recomendados por Stephen King que te harán temblar |  | Frases de Eleanor y Park que llegan directo al corazón | Bee | Libros similares a Juego de Tronos | Beek
itprosusa.com,Information Technology Professionals,inc.com_api_i5list,us,services_other,IT Services,,135,5,5,4,2,en,54,Sign Up for YouTube Recordings of the After Work Network - I | Weather-proof Your Business with a Mobile Work Environment - | Tips for Keeping Your Information Safe While Using Public Wi
tekstream.com,TekStream,inc.com_api_i5list,us,services_other,IT Services,,135,0,0,0,0,,0,
intakeq.com,IntakeQ,g2.com_wayback,other,health,Telemedicine,,135,5,5,3,3,en,81,How to Declutter Your Email to Achieve Inbox Zero | Patient intake efficiency: 5 strategies - Online Intake Form | Teletherapy Best Practices to Get You Up and Running Fast - 
guildeducation.com,Guild Education,inc.com_api_i5list,us,edtech,Education,,133,5,5,1,0,en,0,Building an Internal Mobility team means overhauling the sta | All the education benefits terms and concepts you need to kn | Competency-based education programs work for working adult s
talend.com,Talend Cloud Data Integration,g2.com_wayback,us,software_saas,ETL Tools,,133,5,5,1,0,en,0,"Open source: yes itâ€™s free, but customer satisfaction prev | Opening Talend’s German office | v2.2 gets positive news coverage"
juliannarae.com,Julianna Rae,inc.com_api_i5list,us,ecommerce_retail,Retail,,132,5,5,2,2,en,53,"Lingerie styles from the past: a peek at the &#8217;50s, &#8 | Celebrate! A 3-Day weekend is HERE! | Hello July! &#8230;and Welcome National Ice Cream Month!"
mckeehomesnc.com,McKee Homes,inc.com_api_i5list,us,services_other,Real Estate,,128,5,5,4,2,en,51,Find A New Home – 2021 Edition | McKee Homes | Behind-The-Scenes: Designing Your New Home I Design Studio | Improved Insulation and Air Infiltration Systems
piano.io,Piano,inc.com_api_i5list,us,software_saas,Business Products & Services,,123,5,5,0,0,en,0,"Starting today, Dallas Morning News’s digital readers will s | Tinypass & Real Simple | Tinypass & The Texas Tribune"
elevated-tech.com,Elevated Technologies,inc.com_api_i5list,us,services_other,IT Services,,121,0,0,0,0,,0,
realjoy.com,RealJoy Vacations,inc.com_api_i5list,us,services_other,Travel & Hospitality,,121,0,0,0,0,,0,
belvo.com,Belvo,yc_directory,us,fintech_insurance,fintech,,119,5,5,1,1,en,24,Belvo now aggregates data from POS devices in Brazil | Wrapping up 2021 with the latest products updates | White Paper: Open Finance use cases for financial institutio
sprinklr.com,Sprinklr Modern Care,g2.com_wayback,us,software_saas,Help Desk,,118,0,0,0,0,,0,
arcticfoxhaircolor.com,Boinca,inc.com_api_i5list,us,ecommerce_retail,Consumer Products,,118,5,5,3,1,en,24,Farm Animal Refuge Donation | Which Witch Are You? | #HAIRCOLORNCHILL | Throwback Edition
avantstay.com,AvantStay,inc.com_api_i5list,us,services_other,Travel & Hospitality,,117,5,5,5,5,en,117,Top 10 Best Lake Tahoe Hiking Trails | Atlas by AvantStay® | Atlas by AvantStay | AvantStay’s Top Destinations to WFH on Vacation | AvantStay®
swellcx.com,Swell,g2.com_wayback,us,software_saas,Accounting,,117,5,5,4,2,en,47,Subscribe to Our Newsletter | Subscribe to Our Newsletter | 11 Ways To Stand Out With Online Reviews
himaxwell.com,Maxwell,inc.com_api_i5list,us,fintech_insurance,Financial Services,,117,0,0,0,0,,0,
tylerscoffees.com,Tylers Coffees,inc.com_api_i5list,us,ecommerce_retail,Food & Beverage,,117,0,0,0,0,,0,
unlayer.com,Unlayer,yc_directory,us,devtools,devtools,,114,0,0,0,0,,0,
forcura.com,Forcura,inc.com_api_i5list,us,health,Software,,113,5,5,1,1,en,23,Making Hospice Revenue Cycle Management Pandemic-Proof | Rehab Therapy Providers’ Solution for Reducing Medicare Audi | Forcura’s Relationship Managers Link Technology and Human Ne
fourthandheart.com,4th & Heart,inc.com_api_i5list,us,ecommerce_retail,Food & Beverage,,113,5,5,2,2,en,45,Your New Favorite Oatmeal | How much does 4th & Heart ghee cost? | 10 Delicious Cold Weather Keto Recipes Featuring Ghee
axure.com,Axure RP,g2.com_wayback,us,software_saas,Applicant Tracking Systems (ATS),,113,5,5,2,0,en,0,New in Axure Cloud: Publish Artboards from Sketch - Axure | Connecting the Dots - Axure | Quick Solutions with the Quick Win Template - Axure
textiq.com,Text IQ,inc.com_api_i5list,us,software_saas,Software,,112,5,5,4,4,en,90,"Better Walls, Better eDiscovery - Text IQ | Insights From The Inevitable: Predictions on Federal Privacy | Insights From The Inevitable: Cyber Insurance in the Data Br"
intimetec.com,In Time Tec,inc.com_api_i5list,us,services_other,Software,,111,5,5,4,2,en,44,Discover Yourself as a Leader | Press Release- In Time Tec opens new Meridian Office | Seven Benefits of Modernizing Legacy Software or Systems
happybulle.com,HAPPYBULLE,ft1000_wayback:20220301043147,eu,ecommerce_retail,Ecommerce,,106,5,0,0,0,fr,0,Bientôt le grand jour... - HappyBulle - Le Blog | Découvrez nos nouveaux accessoires personnalisés - HappyBull | DIY à imprimer gratuit : Assemble ton Papa - HappyBulle - Le
cymmetria.com,Cymmetria,yc_directory,us,software_saas,saas,,105,5,5,1,0,en,0,Research: Cyber Deception Will Be Standard For Thousands Of  | Cymmetria – Cyber Deception Blog | network security | Cymmetria - Cyber Deception Blog | cloud security
climbcredit.com,Climb Credit,inc.com_api_i5list,us,fintech_insurance,Education,,104,5,5,4,3,en,62,Spring Cleaning Your Finances | 9 Steps to a Stronger LinkedIn Profile | The Career Learnscape: Lifelong Learning Meets Workforce Pla
somerfordassociates.com,Somerford Associates,ft1000_wayback:20220301043147,uk,services_other,Technology,,101,5,5,5,3,en,61,Centrify Zero Trust: Top 3 PAM features for Infrastructure S | Blog Post: Office 365 Lifecycle Management with Okta | Blog: Extending Vault - Zero Trust with HashiCorp Boundary
thehydrojug.com,HydroJug,inc.com_api_i5list,us,ecommerce_retail,Consumer Products,,99,5,5,2,1,en,20,Gear Up For Your Next Adventure | How To Accessorize Your HydroJug | How HydroJug is Saving the Environment
birddoghr.com,BirdDogHR,inc.com_api_i5list,us,software_saas,Software,,98,5,5,3,2,en,39,Planning for Success | What New Hires Want | How to Recruit for Retention
twomaidsfranchise.com,Two Maids & A Mop,inc.com_api_i5list,us,services_other,Consumer Products,,98,0,0,0,0,,0,
pingidentity.com,Ping Identity,g2.com_wayback,us,software_saas,Identity and Access Management (IAM),,97,5,5,3,3,en,58,Encryption: You gotta have heart | How the modern computing era will change IAM game | Why PingOne's heart doesn't skip a beat: MySQL Galera
vobi.com.br,Vobi,yc_directory,us,software_saas,ecommerce,,95,5,0,0,0,es,0,Cronograma de Obra: Tudo para você criar o seu. | 6 abordagens para fechar mais vendas | Como funciona o processo criativo na arquitetura
usa-mortgage.com,DAS Acquisition Company,inc.com_api_i5list,us,fintech_insurance,Financial Services,,94,5,5,1,0,en,0,Bare Shelves Project | Who are FHA Loans Best For | 2020 Interior Design Trends
venntechnology.com,Venn Technology,inc.com_api_i5list,us,services_other,Business Products & Services,,93,4,4,1,1,en,23,"Is Salesforce free for non-profit organizations? - Venn Tech | Salesforce Flow Basics: Data Elements, Decision, and Assignm | Venn at Work: Steve Micklewright - Venn Technology"
awkwardstyles.com,AWKWARD STYLES,inc.com_api_i5list,us,ecommerce_retail,Retail,,92,4,4,4,4,en,92,Halloween Marketing and Print on Demand Design Ideas - Awkwa | Marketing Musts for Defining Your Target Audience - Awkward  | Top 6 Creative Mockup Generators in 2021 - Awkward Styles Bl
littlepoppyco.com,Little Poppy Co,inc.com_api_i5list,us,ecommerce_retail,Retail,,90,5,1,0,0,en+other,0,February Style Guide | July Style Guide | November 2021 Style Guide
jiminys.com,Jiminy's,inc.com_api_i5list,us,ecommerce_retail,Consumer Products,,89,5,5,5,5,en,89,Helpful Tips on How to Walk Dogs on a Leash | Ways to Help Your Aging Dog with Mobility Issues | How To Keep Your Dog Calm This 4th of July
rnrtires.com,RNR Tire Express,inc.com_api_i5list,us,ecommerce_retail,Retail,,89,5,5,5,0,en,0,A Short Beginner's Guide to Custom Wheels - RNR Tire Express | Importance of Rotating Your Tires - RNR Tire Express | The Different Types of Distracted Driving - RNR Tire Express
crosslaketech.com,Crosslake Technologies,inc.com_api_i5list,us,services_other,IT Services,,88,5,5,3,2,en,35,"Press Release: New Book Warns of No ""Silver Bullet"" to Corre | The Adversity of Training - Crosslake Blog | Using a Test Oracle - Crosslake Blog"
inovapayroll.com,Inova Payroll,inc.com_api_i5list,us,software_saas,Human Resources,,87,5,5,5,5,en,87,Regulatory Changes that Impact HR and Payroll in 2018 | Returning to the Office During COVID-19 | 8 Tips for Writing Inclusive Job Descriptions
terralogic.com,Terralogic Technologies,inc.com_api_i5list,us,services_other,IT Services,,87,5,5,3,2,en,35,Schedule Meeting | Schedule Meeting | Schedule Meeting
liquipel.com,Liquipel,inc.com_api_i5list,us,ecommerce_retail,Consumer Products,,86,5,5,2,2,en,34,Facebook Introduces New Dating App - Liquipel Blog | The Future of the iPhone - Liquipel Blog | 3 Best Dive Sites In The World - Liquipel Blog
leadspace.com,Leadspace,inc.com_api_i5list,us,software_saas,Software,,86,5,5,4,4,en,69,"7 Best Practices for Effective Data Management in 2019 | Top 25 Inside Sales and Sales Enablement Blogs | Martech Interview with Amnon Mishor, Founder and CTO, Leadsp"
coutoconstruction.com,Couto Construction,inc.com_api_i5list,us,services_other,Construction,,86,5,5,4,0,en,0,Jason Couto shares life lessons with SouthCoast Young Profes | The Part Insulation Plays To Protect Your Home | How Your Roof's Framing Helps Protect Your Home
avocademy.com,Avocademy,yc_directory,us,edtech,other,,85,4,4,4,3,en,64,What Does an Entry-Level UX Designer Do? | The Best UX Design Bootcamps of 2022 | Why UX/UI design can be the perfect career for introverts?
listingspark.com,ListingSpark,inc.com_api_i5list,us,services_other,Real Estate,,85,5,5,5,4,en,68,"Get Your Home Ready to Sell in 2019 - ListingSpark | 7 Social Media Tricks to Increase Flip Profit and Home Equit | How Photos Can Increase Flip Profits up to $11,000 - Listing"
intelliboard.net,IntelliBoard,inc.com_api_i5list,us,edtech,Software,,84,5,4,3,1,en+es,17,Link ROI to Corporate Training Objectives Part 3: Use Intell | “How do I know if my students are engaged?” Neil Kramm share | Link ROI to Corporate Training Objectives Part 2: Create Mea
skgtexas.com,Shelton-Keller Group,inc.com_api_i5list,us,services_other,Business Products & Services,,81,5,5,2,2,en,32,SKG Is Among Austin’s Fastest Growing Companies | Embracing Gen Z | Tips for a Healthy Work Experience
statuspage.io,StatusPage,yc_directory,us,software_saas,saas,,79,5,5,2,1,en,16,What I Wish I Knew About Conferences Two Years Ago | StatusPage tips: Add a Private Page If You Have a Public Pag | We're Moving To An Add-On Store Model
trustradius.com,TrustRadius,inc.com_api_i5list,us,services_other,Business Products & Services,,78,5,5,3,3,en,47,Qualaroo | Embracing Transparency: The Next Big Trend in B2B Technology | Qualaroo
skingymco.com,Skin Gym,inc.com_api_i5list,us,ecommerce_retail,Retail,,78,5,5,4,3,en,47,6 Skin Care Tools You Should Be Adding to Your Skin Care Rou | Model Beauty Routine: Kelsey Kinsel | How to Use Your Microroller Like a Pro
telliant.com,Telliant Systems,inc.com_api_i5list,us,services_other,Software,,77,5,5,4,3,en,46,Benefits of Offshore Outsourcing during Economic Slowdown | How to Get the Most Out of Embedded Analytics To Help Your F | Continuous Software Delivery is important to Your Business S
sustainablesupply.com,Sustainable Supply,inc.com_api_i5list,us,ecommerce_retail,Retail,,77,5,5,3,1,en,15,How Many Green Upgrades Will Save You Green($$$)? | Sustainability-Perception vs. Reality | The Complete Toilet Partitions Cleaning Guide
markaz.app,Markaz Technologies,yc_directory,us,ecommerce_retail,ecommerce,,77,5,5,5,5,en,77,How to make money online in Pakistan without investment? | 15 Unique Online Business Ideas For Budding Pakistani Entrep | How To Successfully Sell Jewellery Online in Pakistan (Pract
ignitefunding.com,Ignite Funding,inc.com_api_i5list,us,fintech_insurance,Financial Services,,76,5,5,1,1,en,15,Pitfalls of Investing: Part 2 - Article from Private Lender  | What Are Your Investment Goals for 2020? | Will Online Crowdfunding Platforms Endure a Real Estate Mark
scoutzie.com,Scoutzie,yc_directory,us,services_other,saas,,76,5,5,1,1,en,15,That’s sweet. Our fan from Russia...|Mobile Design Blog | Sc | Elderly oriented mobile designs|Mobile Design Blog | Scoutzi | How to prototype on Windows Phone 7. One takeaway from the M
westpacwealth.com,WestPac Wealth Partners,inc.com_api_i5list,us,fintech_insurance,Financial Services,,76,5,5,2,2,en,30,Best companies to work for in Oregon | Establishing a Secure Financial Foundation | The Common Element Among Unique and Successful Businesses
iconicit.com,Iconic IT,inc.com_api_i5list,us,services_other,IT Services,,72,5,5,4,4,en,58,Adaptive Manufacturing Technology and the Modern Factory | Are Office Football Pools a Good Idea? | Virtual Mission Briefing with Iconic IT's Matt Lee along wit
gridgain.com,GridGain Systems,inc.com_api_i5list,us,devtools,Software,,72,5,5,1,1,en,14,Blog | Blog | Blog
inito.com,Inito,yc_directory,us,health,ecommerce,,70,5,5,5,5,en,70,How To Know If You Are Ovulating Late? A Simple Guide For Wo | Ovulation bleeding vs. Implantation bleeding: How long does  | Using Ovulation Tests with PCOS: Can You Trust the Accuracy?
evonence.com,Evonence,inc.com_api_i5list,us,services_other,Business Products & Services,,70,5,5,5,3,en,42,End Point Verification for G suite | G Suite Collaboration Software For Car Dealers | G Suite basic: Restore Deleted Data
radiusnetworks.com,Radius Networks,inc.com_api_i5list,us,software_saas,Software,,70,5,5,5,4,en,56,"Beacon Monitoring in the Background and Foreground | Beacon Ranging, Region Monitoring, and Advertising in iOS 11 | Geofence Performance Testing on iOS"
predictivehr.com,PREDICTIVEHR,inc.com_api_i5list,us,services_other,Human Resources,,67,0,0,0,0,,0,
dynatrace.com,Dynatrace,g2.com_wayback,us,software_saas,Application Performance Monitoring (APM),,66,5,5,2,2,en,26,"Dynatrace Europe Tour: APM Perspectives from London, Paris & | The era of servlet containers is over | Dynatrace blog – mon | Introducing the Topology and Smartscape API | Dynatrace blog"
teamgather.co,Gather,yc_directory,us,software_saas,saas,,66,5,5,3,1,en,13,How to Write Effective Slack Announcements - Gather | Revisiting our Founder Story Two Years in - Gather | 9 Ideas for Onboarding Remote Employees - Gather
doxy.me,Doxy.me,g2.com_wayback,us,health,Telemedicine,,65,5,5,2,1,en,13,How to Actually Have a Successful Teletherapy Appointment | Is online therapy a good idea for your practice | Doxy.me | Telemedicine Software - Doxy.me rated 1st | Doxy.me
pics-itech.com,Professional Implementation Consulting Services In,inc.com_api_i5list,us,services_other,IT Services,,63,5,5,1,1,en,13,"ITech Insights | Managed services provider | Online Marketing and 5 Things You Should Be Doing Right Now | ITech Insights | Net Neutrality,"
sandcloud.com,Sand Cloud,inc.com_api_i5list,us,ecommerce_retail,Retail,,62,5,5,4,3,en,37,The Last Straw | Turkish Towels 101: What are turkish towels? | Problematic Plastic
embarksafety.com,Embark Safety,inc.com_api_i5list,us,software_saas,Software,,61,5,5,4,2,en,24,“High-risk driver” in the eyes of commercial auto insurance | Truck Driver Shortage Increases the Importance of Hiring the | How-to Keep Fleet Insurance Premiums Low
substack.com,Substack,yc_directory,us,software_saas,ecommerce,,60,5,5,2,2,en,24,The Substack Christmas Gift Guide | New on Substack: Publishing tools for teams | New: Add sections to your publication
dexatel.com,Dexatel,ft1000_wayback:20220301043147,eu,software_saas,Technology,,60,5,5,5,4,en,48,Check to See What the Clear Point of Difference in Mobile Ma | Why Use SMS Notifications For Your Business? | Text Messaging Service for Schools: Everything You Need to K
padlet.com,Padlet,yc_directory,us,software_saas,saas,,60,0,0,0,0,,0,
kytephone.com,BarSense,yc_directory,us,ecommerce_retail,ecommerce,,59,0,0,0,0,,0,
scynceled.com,Scynce LED,inc.com_api_i5list,us,ecommerce_retail,Engineering,,57,0,0,0,0,,0,
advancedrpo.com,Advanced RPO,inc.com_api_i5list,us,services_other,Human Resources,,57,0,0,0,0,,0,
govpredict.com,GovPredict,yc_directory,us,software_saas,saas,,57,5,5,2,2,en,23,Evidence and Policy Decisions: Report from American Enterpri | ASAE American Associations Day “Fly-In” A Success Thanks to  | GovPredict Launches Massive Upgrade to Moneyball
abilitie.com,Abilitie,inc.com_api_i5list,us,edtech,Education,,56,0,0,0,0,,0,
urbankisaan.com,UrbanKisaan,yc_directory,us,ecommerce_retail,other,,54,5,5,3,1,en,11,Urbankisaan | Urbankisaan | Advantages Of Hydrophonics
sevneurology.com,Southeast Veterinary Neurology,inc.com_api_i5list,us,health,Health Services,,54,0,0,0,0,,0,
sifted.co,Sifted,inc.com_api_i5list,us,services_other,Food & Beverage,,54,5,5,1,1,en,11,The Experiential Lunch Program – How it Works | Recipes from Sifted Atlanta | Reducing Food Waste While Supporting Nashville
rainfocus.com,RainFocus,inc.com_api_i5list,us,software_saas,Software,,53,0,0,0,0,,0,
nomadgoods.com,Nomad Goods,inc.com_api_i5list,us,ecommerce_retail,Consumer Products,,53,0,0,0,0,,0,
anyvite.com,Anyvite,yc_directory,us,software_saas,ecommerce,,50,5,5,0,0,en,0,Import Contacts from Evite! | Try Before you Buy | Sneak Peek: Anyvite Events Widget
foster.co,Foster,yc_directory,us,ecommerce_retail,ecommerce,,49,5,5,4,4,en,39,Foster | Foster | Foster
teambonding.com,TeamBonding,inc.com_api_i5list,us,services_other,Business Products & Services,,48,5,5,1,1,en,10,"Nike Innovation Grants Program | An Interview with TeamBonding’s Favorite Facilitator, Paul G | Team Building in Second Life"
hireart.com,HireArt,inc.com_api_i5list,us,services_other,Human Resources,,48,0,0,0,0,,0,
modpizza.com,MOD Pizza,inc.com_api_i5list,us,ecommerce_retail,Food & Beverage,,46,5,5,0,0,en,0,"Vegetarians and Vegan Options | MOD Pizza | Tackling Weekend Hunger with 60,000 Meals | MOD Pizza | MOD Tops List of Buzz Brands | MOD Pizza"
aaprintsupplyco.com,All American Print Supply,inc.com_api_i5list,us,ecommerce_retail,Business Products & Services,,46,5,5,0,0,en,0,Siser Sublimation Markers are HERE | Epson F170 Shipping Update | Epson SureColor R-Series HP Latex Trade-In
newenergyequity.com,New Energy Equity,inc.com_api_i5list,us,services_other,Energy,,46,0,0,0,0,,0,
labur.com,LABUR,inc.com_api_i5list,us,services_other,Business Products & Services,,46,0,0,0,0,,0,
atlassian.com,Bamboo,g2.com_wayback,other,devtools,Continuous Integration,,45,5,5,4,4,en,36,Confluence 101: 5 Things to Try in Confluence Mobile | Git: automatic merges with server side hooks (for the win!)  | What is version control: centralized vs. DVCS - Work Life by
nexussystems.com,Nexus Systems,inc.com_api_i5list,us,software_saas,Software,,45,5,5,2,1,en,9,Get on the Invoice Approval Fast Track with Automated Invoic | Why Senior Management Loves Accounts Payable Automation | Make Audits a Breeze with Accounts Payable Automation
roomraccoon.com,RoomRaccoon,ft1000_wayback:20220301043147,eu,software_saas,Technology,,45,5,0,0,0,de+other,0,RoomRaccoon maakt het leven makkelijker | RoomRaccoon | Hoeveel lege kamers had jij vorige week? | RoomRaccoon | Koppeling tussen RoomRaccoon & e-Boekhouden.nl | RoomRaccoon
niyamit.com,NiyamIT,inc.com_api_i5list,us,services_other,IT Services,,44,5,5,1,1,en,9,"Data Science, Management, and Analytics Fact Sheet - Niyam B | From our Security experts: Implementing Zero Trust Architect | Flood Risk Advisor - Niyam Blog"
wearegameplan.com,Game Plan,inc.com_api_i5list,us,services_other,Sports,,43,5,5,0,0,en,0,"Game Plan’s Customer Success Guidebook - A 90 Day Review - G | Statement Regarding Game Plan, Inc's Lawsuit Against Lebron  | Academic Progress Rates: What's Next? - Game Plan"
ntechlab.com,NtechLab,ft1000_wayback:20220301043147,eu,software_saas,Technology,,42,5,5,5,5,en,42,Facial Recognition against COVID-19 - NtechLab | NtechLab | Dark Data: How to use 100% of Information - NtechLab | Ntech | Facial recognition video analytics is evolving. Trends in 20
clementinescreamery.com,Clementine's Naughty & Nice Ice Cream,inc.com_api_i5list,us,ecommerce_retail,Food & Beverage,,42,5,5,0,0,en,0,A Touch of Sunshine... | National Ice Cream Day! | The Ice Cream Informant
bloomtech.com,Bloom Institute of Technology,yc_directory,us,edtech,fintech,,42,5,5,0,0,en,0,BloomTech Blog | Backend Development (formerly Lambda School | BloomTech Blog | BloomTech Blog
meridianpacificproperties.com,Meridian Pacific Properties,inc.com_api_i5list,us,services_other,Real Estate,,42,5,5,3,2,en,17,Investment Strategy | The Evolution of a Property Management Company | Residential Real Estate Investment Makes a Comeback - www.me
wodify.com,Wodify Technologies,inc.com_api_i5list,us,software_saas,Software,,41,5,5,1,0,en,0,"View and Create Custom Leaderboards - Wodify | News, Updates, and Thoughts from the Wodify Blog | App Server #2 Down - Wodify"
dataform.co,Dataform,yc_directory,eu,devtools,saas,,40,4,4,3,3,en,30,Converting Looker PDTs to the Dataform framework | Building the Dataform VS Code extension | How we store protobufs in MongoDB
actionbehavior.com,Action Behavior Centers,inc.com_api_i5list,us,health,Health Services,,39,5,5,4,3,en,23,Famous People With ASD | 14 Tips from Autism Experts and Parents in the Autism Commun | Applied Behavior Analysis (ABA) or Preschool Program for Chi
mudafy.com,Mudafy,yc_directory,us,ecommerce_retail,ecommerce,,38,0,0,0,0,,0,
wandynamics.com,WAN Dynamics,inc.com_api_i5list,us,services_other,Engineering,,38,0,0,0,0,,0,
tropicalgardenslandscape.com,Tropical Gardens Lawn and Landscape,inc.com_api_i5list,us,services_other,Construction,,37,5,5,5,5,en,37,"Gas Fire Pits vs. Wood-Burning Fire Pits Sunday, January 17, | 4 Of The Latest Trends In Landscape Lighting Thursday, May 0 | 3 Steps to Designing the Perfect Raised Garden Bed Wednesday"
mailtime.com,MailTime,yc_directory,us,software_saas,ecommerce,,37,5,5,2,1,en,7,How Long Can You Delay Replying To An Email? | Why We Believe That Inbox Zero Is A Lie | The Email Ahead
pointofrental.com,Point of Rental Software,inc.com_api_i5list,us,software_saas,Software,,37,5,5,0,0,en,0,“Employee Spotlight – Who’s behind the software?” introduces | “Employee Spotlight – Who’s behind the software?” introduces | “Employee Spotlight – Who’s behind the software?” introduces
picktrace.com,PickTrace,yc_directory,us,software_saas,saas,,37,5,5,0,0,en,0,Team Spotlight: Cuauhtemoc Lopez | Team Spotlight: Erika Menezes | Team Spotlight: Wendy Wang
resnickroof.com,Resnick Roofing & Contracting,inc.com_api_i5list,us,services_other,Construction,,36,5,5,2,2,en,14,"Resnick Roofing & Contracting is named Best of the Best by T | Resnick Roofing & Contracting, LLC to Attend the 2020 Pittsb | Resnick Roofing & Contracting LLC Ranks No. 916 on the 2019 "
contalink.com,Contalink,yc_directory,us,software_saas,saas,,34,5,0,0,0,es,0,"Despachos contables, ¿por qué migrar a la nube? - Contalink | ¿Cómo obtener la incapacidad por maternidad? - Contalink | ¿Emprender un despacho contable? | Starthub"
peakflo.co,Peakflo,yc_directory,us,fintech_insurance,fintech,,33,4,4,4,4,en,33,"What are Smart Invoice Reminders, and How to Automate Them?  | Calculating Your Accounts Receivable Collection Period - Ach | What are Invoice Reminders, and How to Automate Them? - Achi"
erpmaestro.com,ERP Maestro,inc.com_api_i5list,us,software_saas,Software,,33,5,5,1,0,en,0,All Access | The ERP Maestro Blog | Emergency Access Control | All Access | The ERP Maestro Blog | Internal fraud | All Access | The ERP Maestro Blog | Access Controls Automati
lumaforge.com,LumaForge,inc.com_api_i5list,us,services_other,Computer Hardware,,32,5,5,4,3,en,19,Backup & Archive Your Video Projects | Video Marketing 101 | 4 Steps To Incorporating Video Into Your Brand Strategy
nickelandsuede.com,Nickel & Suede,inc.com_api_i5list,us,ecommerce_retail,Consumer Products,,32,5,5,3,2,en,13,Autumn Reverie Collection | Such Great Brights | How To Style Pink Desert
safelifedefense.com,Safe Life Defense,inc.com_api_i5list,us,ecommerce_retail,Manufacturing,,32,5,5,3,3,en,19,New Product Release: Introducing the Ultimate Triple Mag Pou | Certified Means Safe: Testing Matters MORE Than You Think | Protective Police Equipment Funding: What a Vest Partnership
tobiasfinancial.com,Tobias Financial Advisors,inc.com_api_i5list,us,fintech_insurance,Financial Services,,32,5,5,1,0,en,0,Throwing Darts | Tax Tips After Tax Season | Saving Big for Retirement
defensestorm.com,DefenseStorm,inc.com_api_i5list,us,software_saas,Business Products & Services,,32,0,0,0,0,,0,
rooftek.com,RoofTek,inc.com_api_i5list,us,services_other,Consumer Services,,31,5,5,4,0,en,0,When You Can Repair Your Roof Without Replacing It | How To Know How Often You Need A Roof Replacement | Why Hail Damage On Your Roof Is Worth Fixing
itraq.com,iTraq,inc.com_api_i5list,us,software_saas,Logistics & Transportation,,31,5,5,0,0,en,0,How can I share iTraq Nano with my family members? | How accurate is iTraq Nano? | How can I update my payment information?
shimmer.care,Shimmer,yc_directory,us,health,ecommerce,,31,5,5,2,1,en,6,What is shimmer? Why start a blog? How do I publish? | Shimmer Launches First Affordable ADHD Coaching and Accounta | The Surprising Link Between ADHD and Chronic Pain | Shimmer 
huma.com,Huma Therapeutics,ft1000_wayback:20210331132419,uk,health,Health,,31,4,4,0,0,en,0,Huma finds way to measure breathing rate using entry-level s | Fierce biotech webinar | FT 1000: Huma named Europe's fastest growing healthcare comp
moresurfacecare.com,MORE Surface Care,inc.com_api_i5list,us,ecommerce_retail,Consumer Products,,31,5,5,4,2,en,12,How to Care for Your Natural Stone Countertops During the CO | Pre-Cast vs. Cast-In-Place Concrete Countertops | How To Clean Luxury Vinyl Flooring 101
github.com,GitHub,g2.com_wayback,us,devtools,Continuous Integration,,30,5,5,0,0,en,0,blog-arduino/Temperature-TMP | blog-andeamef/blog-andeamef.github.io | blog-andeamef/blog-andeamef.github.io
azinsulation.com,Barrier Insulation & Energy,inc.com_api_i5list,us,services_other,Consumer Products,,30,5,5,5,5,en,30,Best Insulation For Hot Climates - Barrier Insulation Blog | Best Type Of Insulation For Basement Walls | Best Type Of Insulation For Basement Walls
utahsplumber.com,Connectionz Acquisition,inc.com_api_i5list,us,services_other,Consumer Services,,30,0,0,0,0,,0,
xevant.com,Xevant,inc.com_api_i5list,us,health,Software,,28,4,4,4,4,en,28,"4 Ways Predictive Analytics in Healthcare is Improving Patie | How Biosimilars are Improving Drug Spending - Xevant | 30 Years of PBM Evolution: The Good, The Bad, The Revolution"
infoverity.com,Infoverity,inc.com_api_i5list,us,services_other,Business Products & Services,,28,5,5,4,4,en,22,Upgrading to Informatica MDM 10 | Blog | Well Head Intelligence With Big Data in Shale - Infoverity
nethive.it,Nethive,ft1000_wayback:20220301043147,eu,services_other,Cyber Security,,27,5,0,0,0,it,0,"Secure SD-WAN Fortinet: casi d'uso - Nethive | Leader della crescita 2021: Nethive leader per la Cyber Secu | Essere un Autonomous System. Autonomia, indipendenza e respo"
hypotenuse.ai,Hypotenuse AI,yc_directory,us,software_saas,ecommerce,,27,5,5,5,5,en,27,Product Description Generators: Write SEO Product Descriptio | Writing social media posts? Here's how you can give your bra | Omnichannel Marketing Automation at Every Stage of the Conve
quardev.com,Quardev,inc.com_api_i5list,us,services_other,Business Products & Services,,27,5,5,2,0,en,0,Quardev | Quardev | Quardev
supertokens.com,SuperTokens,yc_directory,us,devtools,devtools,,27,5,5,5,5,en,27,Implementing a forgot password flow (with pseudo code) | Cookies vs Localstorage for sessions – everything you need t | What is Roles-Based Access Control (RBAC)??
bottomless.com,Bottomless,yc_directory,us,ecommerce_retail,ecommerce,,27,5,5,3,3,en,16,Michael's Coffee Journey | A customer who saves each bag and frames it. | The 23 Best Uses of Your Coffee Time | Bottomless
activeloop.ai,Activeloop,yc_directory,us,devtools,devtools,,27,5,5,0,0,en,0,Accelerate your Machine Learning Workflow | Generate image embeddings using a pre-trained CNN and store  | Weights & Biases and Hub - best practices for tasty classifi
cosentus.com,Cosentus,inc.com_api_i5list,us,health,Business Products & Services,,26,4,4,2,1,en,6,Optimizing Medical Coding- Do It The Cosentus Way! | Preventive Denial Management = Sustained Cashflow | 5 Signs Of A Failing Healthcare Revenue Cycle
proofed.com,Proofed,inc.com_api_i5list,us,services_other,Business Products & Services,,26,5,5,2,2,en,10,Our successful crib to big bed move | 6 Free (and Awesome) Baby Proofing Resources | How to baby proof baby teeth
ebsassociates.com,Ebs Associates,inc.com_api_i5list,us,fintech_insurance,Financial Services,,26,5,5,2,2,en,10,"QuickBooks Portable File - Statement Writer | ebs Associates | Customize Form Templates Archives | ebs Associates, Inc. | QuickBooks Portable File - Restoring QuickBooks Loan Manager"
aurabeattech.com,Aurabeat,yc_directory,us,ecommerce_retail,other,,25,5,5,2,0,en,0,"Aurabeat, USFDA approved anti-Covid class 2 medical device f | Aurabeat Launches Anti-COVID Disinfectant in India | 5 Expert Tips To Protect Your Home Against COVID-19"
transportservices.com,Transport Services,inc.com_api_i5list,us,services_other,Retail,,25,5,5,0,0,en,0,October 2013 | November 2016 | September 2013
buzzybooth.com,BuzzyBooth,inc.com_api_i5list,us,services_other,Business Products & Services,,25,5,5,3,2,en,10,How to Effectively Market your Dental Practice | Case Study: How Contact Collection Rocketed Hurricane's Dail | Case Study: How Automated Review Requests Transformed This R
getenflux.com,Enflux,yc_directory,us,services_other,ecommerce,,25,1,1,0,0,en,0,Move into a New World - Our Pivot to a Motion Capture Platfo
