domain,url,snapshot_ts,title,words,lang,heuristic,genre,usable
zerodown.com,https://zerodown.com/blog/interior-design-tiktok,20201030124749,5 Inspiring Interior Design Accounts to Follow on TikTok,669,en,unknown,informational,True
zerodown.com,https://zerodown.com/blog/2020-holiday-gift-guide-home-obsessed-under-50,20201130163747,2020 Gift Guide: For the Home-Obsessed Person in Your Life (Under $50),405,en,pos,informational,False
zerodown.com,https://zerodown.com/blog/red-flags-to-look-out-for-when-viewing-a-home,20220326214359,10 Red Flags To Look Out for When Viewing a Home,439,en,unknown,informational,False
zerodown.com,https://zerodown.com/blog/impact-of-the-covid-19-pandemic-on-bay-area-real-estate,20210107032842,The Impact of the Covid-19 Pandemic on Bay Area Real Estate,2235,en,unknown,informational,True
zerodown.com,https://zerodown.com/blog/2020-review-bay-area-real-estate-trends,20210101000130,2020 Review: Looking Back on Bay Area Real Estate Trends,624,en,unknown,informational,True
matterport.com,https://matterport.com/blog/2017/10/18/incredible-benefits-3d-scanning-damaged-home-eric-overton-matterport-service-partner/,20190822054009,"The Incredible Benefits of 3D Scanning a Damaged Home, by Eric Overton, Matterport Service Partner",748,en,unknown,case_study,False
matterport.com,https://matterport.com/blog/2018/05/03/coming-soon-changes-make-it-easier-manage-space/,20190716090654,Coming Soon -- Changes to make it easier to manage a Space,303,en,unknown,product_announcement,False
matterport.com,https://matterport.com/blog/2019/09/26/comment-vous-demarquer-de-vos-concurrents-en-matiere-de-photographie-immobiliere/,20191020100732,Comment vous démarquer de vos concurrents en matière de photographie immobilière ?,985,fr,unknown,n/a,False
matterport.com,https://matterport.com/blog/2018/07/30/nahecopter-embraces-matterport-technology/,20190822055138,Nahecopter embraces Matterport Technology,178,en,unknown,n/a,False
matterport.com,http://matterport.com:80/blog/3d-space/albert-heijn-dutch-supermarket/,20160312022416,Albert Heijn Dutch Supermarket - Matterport,622,en,unknown,product_announcement,False
edenworkplace.com,https://www.edenworkplace.com/blog/employees-are-happy-to-be-back-but-crave-flexibility-above-all-else,20210917171311,"Employees Are Happy to Be Back, But Crave Flexibility Above All Else",577,en,unknown,informational,True
edenworkplace.com,https://www.edenworkplace.com/blog/company-event-planning-made-easy,20210416143841,Company Event Planning Made Easy,1151,en,neg,news_pr_h,False
edenworkplace.com,https://www.edenworkplace.com/blog/networking-events-for-office-managers,20210120095800,Why Networking Events are Valuable for an Office Manager's Career,681,en,neg,news_pr_h,False
edenworkplace.com,https://www.edenworkplace.com/blog/commuter-benefits-program-for-employees,20210416151411,How To Implement A Commuter Benefits Program For Your Employees,1003,en,pos,informational,True
edenworkplace.com,https://www.edenworkplace.com/blog/making-a-difference,20210411064846,Making a difference: A 50-year industry veteran now finds time for his passions,532,en,unknown,case_study,False
renthop.com,https://www.renthop.com/blog/2021/03/how-compass-is-different-from-zillow-redfin-and-typical-brokerages/,20210419164656,"How Compass is Different from Zillow, Redfin, and Typical Brokerages | RentHop",1946,en,unknown,informational,True
renthop.com,https://www.renthop.com/blog/2019/11/exclusive-apartment-listings-with-full-address-take-priority/,20191205155722,Exclusive Apartment Listings with Full Address Take Priority | RentHop,213,en,unknown,n/a,False
renthop.com,http://www.renthop.com:80/blog/2014/03/ghost-listings-and-renthop/,20151210223818,“Ghost listings” and RentHop,559,en,unknown,informational,True
renthop.com,https://www.renthop.com/blog/2022/02/guarantor-vs-cosigner-what-you-need-to-know/,20220609094252,Guarantor Vs. Cosigner: What You Need To Know | RentHop,946,en,pos,informational,True
renthop.com,https://www.renthop.com/blog/2022/05/exclusive-manhattan-listings-under-4500/,20220527154424,Exclusive Manhattan Listings Under $4500 | RentHop,659,en,unknown,informational,True
okcredit.in,https://okcredit.in/blog/gst-on-interest/,20210922134015,Is the Income Earned through Interests Taxable under GST? Know details,1072,en,unknown,informational,True
okcredit.in,https://okcredit.in/blog/business-ideas-for-women-in-goa/,20210618021419,10+ Business Ideas for Women in Goa to Start Easily,1502,en,unknown,informational,True
okcredit.in,https://okcredit.in/blog/cheque-bounce-reasons/,20220814191722,Cheque Bounce Reasons: Check out the reasons and know how to avoid it,1379,en,pos,informational,True
okcredit.in,https://okcredit.in/blog/business-ideas-for-writing-entrepreneurs/,20210422013948,25+ Mind-Blowing Business Ideas For Writing Entrepreneurs,1700,en,unknown,informational,True
okcredit.in,https://okcredit.in/blog/fmcg-distributors-in-indore/,20220816223118,FMCG Distributors In Indore: Get complete details here,921,en,pos,informational,True
zerocater.com,https://zerocater.com/blog/2017/12/04/creative-fun-holiday-office-party-ideas/,20211209002502,Creative and Fun Holiday Office Party Ideas,834,en,unknown,informational,True
zerocater.com,https://zerocater.com/blog/2017/10/23/appeal-to-millennials-with-these-money-saving-work-perks/,20190918200128,Appeal to Millennials With These Money-Saving Work Perks,1033,en,unknown,informational,True
zerocater.com,https://zerocater.com/blog/2019/09/09/how-to-enhance-sandwich-offerings-at-the-office/,20190918200950,How to Enhance Sandwich Offerings at the Office | ZeroCater,1115,en,pos,informational,True
zerocater.com,https://zerocater.com/blog/2018/11/12/partner-provisions-meet-with-love-market-cafe-la/,20190721191314,Partner Provisions: Meet With Love Market and Cafe | ZeroCater,695,en,unknown,case_study,False
zerocater.com,https://zerocater.com/blog/2018/02/19/what-is-mindful-eating/,20190822050855,What Is Mindful Eating? | ZeroCater,720,en,pos,informational,True
rainforestqa.com,https://www.rainforestqa.com/blog/2017-01-18-new-year-new-features-mobile-vms-and-more-from-rainforest-qa/,20190821121904,"New Year, New Features: Mobile VMs and More from Rainforest QA",601,en,unknown,product_announcement,False
rainforestqa.com,https://www.rainforestqa.com/blog/2014-05-13-shipped-screenshot-for-every-test/,20190718014043,Shipped: screenshots for every test!,247,en,unknown,n/a,False
rainforestqa.com,https://www.rainforestqa.com/blog/2018-07-17-what-our-company-learned-from-working-remotely-for-a-week/,20190721222100,What our company learned from working remotely for a week,1273,en,unknown,culture_hiring,False
rainforestqa.com,https://www.rainforestqa.com/blog/2019-04-02-why-we-moved-from-heroku-to-google-kubernetes-engine/,20190402173123,Why We Moved from Heroku to Google Kubernetes Engine,2269,en,pos,informational,True
rainforestqa.com,https://www.rainforestqa.com/blog/2016-08-08-device-fragmentation-and-crowdsourced-mobile-qa-testing/,20190721222309,Device Fragmentation and Crowdsourced Mobile QA Testing,409,en,unknown,informational,False
ambition.com,https://ambition.com/blog/entry/2015-10-29-anatomy-effective-sales-feedback/,20161121044228,The Anatomy of Effective Sales Feedback,563,en,unknown,informational,True
ambition.com,https://ambition.com/blog/entry/2016-05-15-account-management-kpi-index/,20211026011914,The Account Management KPI Index,734,en,unknown,informational,True
ambition.com,https://ambition.com/blog/entry/2015-6-15-sales-influencer-series-presents-eksayn-anderson/,20161121043501,The Sales Influencer Series Presents: EksAyn Anderson,304,en,unknown,informational,False
ambition.com,https://ambition.com/blog/entry/2015-8-27-announcing-our-fall-2015-feature-roll-out-part-4-8/,20210413004058,Announcing Our Fall 2015 Feature Roll-Out (Part 4 of 8),535,en,neg,news_pr_h,False
ambition.com,https://ambition.com/blog/entry/2015-12-31-top-10-ambition-blog-posts-2015/,20210413015749,The Top 10 Ambition Blog Posts of 2015,1636,en,pos,informational,True
ticketstumbler.com,http://ticketstumbler.com:80/blog/2008/08/09/stadium-maps-are-up/,20080812014131,Stadium Maps are Up,58,en,unknown,n/a,False
ticketstumbler.com,http://ticketstumbler.com/blogs/concerts/2008/11/brand-new-the-archers-bows-have-broken/,20100102183919,Brand New – The Archers’ Bows Have Broken,40,en,unknown,n/a,False
ticketstumbler.com,http://ticketstumbler.com:80/blog/2009/02/09/ticket-sales-of-the-week-3/,20090211184109,Ticket Sales of the Week,1674,en,unknown,informational,True
ticketstumbler.com,http://ticketstumbler.com:80/blog/2009/02/19/weekly-ticketnewsletter-for-2192009/,20090221110918,Weekly TicketNewsletter for 2/19/2009,1038,en,unknown,news_pr,False
ticketstumbler.com,http://ticketstumbler.com/blog/2008/10/24/sports-marketwatch-ncaa-football-week-9/,20090107033139,Sports Marketwatch - NCAA Football - Week 9,1616,en,unknown,informational,True
carwoo.com,http://carwoo.com:80/blog/auto-news-for-october-11th-2011/,20111019091342,"Auto News for October 11th, 2011 - The CarWoo! Chronicle",195,en,unknown,n/a,False
carwoo.com,http://carwoo.com:80/blog/big-vs-small-dealers-part-1-customer-experience/,20120215022239,The CarWoo! Chronicle,440,en,pos,opinion_essay,False
carwoo.com,http://carwoo.com:80/blog/auto-news-for-september-27th/,20111003062939,Auto News for September 27th - The CarWoo! Chronicle,174,en,unknown,n/a,False
carwoo.com,http://carwoo.com:80/blog/2012-lexus-is-250-this-eye-candy-could-be-your-candy/,20120629101008,2012 Lexus IS 250 – This Eye Candy Could Be Your Candy - The CarWoo! Chronicle,623,en,unknown,informational,True
carwoo.com,http://carwoo.com:80/blog/april-fools-jokes-the-auto-edition/,20120404105437,"April Fools’ Jokes, the Auto Edition - The CarWoo! Chronicle",544,en,unknown,informational,True
projectwedding.com,http://www.projectwedding.com:80/blog/2009/12/21/winter-wedding-inspiration/,20091229155040,Project Wedding Blog,128,en,unknown,n/a,False
projectwedding.com,http://www.projectwedding.com:80/blog/2009/02/26/do-it-yourself-wedding-bouquet/,20090302151255,project wedding blog,719,en,unknown,informational,True
projectwedding.com,http://www.projectwedding.com:80/blog/2009/10/23/a-greek-island-wedding-opa/,20091101134424,Project Wedding Blog,156,en,unknown,n/a,False
projectwedding.com,http://www.projectwedding.com:80/blog/2009/07/24/the-sweet-spot/,20090803112959,project wedding blog,112,en,unknown,n/a,False
projectwedding.com,http://www.projectwedding.com:80/blog/2009/10/06/real-wedding-by-bliss-wedding-studio/,20100304010434,Project Wedding Blog,277,en,unknown,n/a,False
ahazou.com,https://blog.ahazou.com/3-dicas-para-criar-o-primeiro-post-nas-redes-sociais-do-seu-negocio/,20210419205036,3 dicas para criar o primeiro post nas redes sociais do seu negócio,215,es,unknown,n/a,False
ahazou.com,https://blog.ahazou.com/politica-de-privacidade-2/,20220127044244,"Política de Privacidade - Ahazou ahazou - posts prontos para seu WhatsApp, Facebook e Instagram",1587,es,unknown,n/a,False
ahazou.com,https://blog.ahazou.com/portfolio/dermopigmentacao-08/,20220807220034,"dermopigmentacao-08 | ahazou - posts prontos para seu WhatsApp, Facebook e Instagram",129,es,unknown,n/a,False
ahazou.com,https://blog.ahazou.com/portfolio/microblading-03/,20220814025044,"microblading-03 | ahazou - posts prontos para seu WhatsApp, Facebook e Instagram",129,es,unknown,n/a,False
ahazou.com,https://blog.ahazou.com/maio-laranja-ajude-a-combater-o-abuso-sexual-de-criancas-e-adolescentes-compartilhando-posts-prontos-sobre-o-assunto/,20220818091306,Maio laranja: ajude a combater o abuso sexual de crianças e adolescentes compartilhando posts prontos sobre o assunto,474,es,unknown,n/a,False
lookaftermybills.com,https://lookaftermybills.com/blog/i-want-my-details-to-be-deleted-from-your-system/,20201026181322,I want my details to be deleted from your system? - Look After My Bills,31,en,unknown,n/a,False
lookaftermybills.com,https://lookaftermybills.com/blog/how-to-guide/your-details/,20201023115056,Your details - Look After My Bills,19,en,unknown,n/a,False
lookaftermybills.com,https://lookaftermybills.com/blog/the-may-loyalty-tax/,20191113174001,The May Loyalty Tax - Look After My Bills,193,en,unknown,n/a,False
lookaftermybills.com,https://lookaftermybills.com/blog/my-quote-direct-debit-is-too-low/,20201023103401,My quote/direct debit is too low? - Look After My Bills,92,en,unknown,n/a,False
lookaftermybills.com,https://lookaftermybills.com/blog/should-you-turn-plugs-off-at-the-wall-to-save/,20210228131439,Should you turn plugs off at the wall to save? - Look After My Bills,970,en,unknown,informational,True
zentail.com,https://www.zentail.com/blog/how-to-finance-amazon-business,20201020084927,3 Ways to Finance the Growth of Your Amazon Business | Zentail Blog,1211,en,pos,informational,True
zentail.com,https://www.zentail.com/blog/which-ecommerce-strategy-is-winning-during-coronavirus,20200401224758,Which Ecommerce Strategy is Winning During the Coronavirus? | Zentail Blog,970,en,unknown,informational,True
zentail.com,https://www.zentail.com/blog/amazon-explains-how-it-defines-price-gouging,20200703025513,Amazon Explains How It Defines Price Gouging | Zentail Blog,708,en,unknown,informational,True
zentail.com,https://www.zentail.com/blog/brands-sell-direct-on-jet-com,20190920061402,Branding in the age of ecommerce: brands should sell direct on Jet.com | Zentail Blog,285,en,unknown,n/a,False
zentail.com,https://www.zentail.com/blog/5-reasons-ebay-amazon-product-research-tool-algopix,20190818044858,Why Every Online Seller Should Use Intelligent Product Research Tools | Zentail Blog,817,en,pos,informational,True
fullstackacademy.com,https://www.fullstackacademy.com/blog/black-box-trivia,20211025045411,Black Box Trivia | Student Projects | Fullstack Academy,86,en,unknown,n/a,False
fullstackacademy.com,https://www.fullstackacademy.com/blog/a-brief-overview-of-react-fiber,20211027154957,A Brief Overview of React Fiber | Student Projects | Fullstack Academy,65,en,unknown,n/a,False
fullstackacademy.com,https://www.fullstackacademy.com/blog/bringing-black-panther-to-life,20190719121055,Bringing Black Panther to Life with Black Girls Code | Fullstack Academy,361,en,unknown,news_pr,False
fullstackacademy.com,https://www.fullstackacademy.com/blog/djing-with-motion-capture,20211021043214,DJ'ing with motion capture and JavaScript | Student Projects |…,132,en,unknown,n/a,False
fullstackacademy.com,https://www.fullstackacademy.com/blog/an-introduction-to-bookshelfjs,20211027172816,An Introduction to BookshelfJS | Student Projects | Fullstack Academy,76,en,unknown,n/a,False
fond.co,https://www.fond.co/blog/4-reasons-emotional-intelligence/,20190921073646,4 Reasons Why Every Manager Should Care About Emotional Intelligence,1762,en,pos,informational,True
fond.co,https://www.fond.co/blog/the-4-most-effective-incentives-for-employees/,20210307183004,The 4 Most Effective Incentives for Employees | Fond,1041,en,unknown,informational,True
fond.co,https://www.fond.co/blog/thankful-for-our-customers-2019/,20191211200317,Thank you to our wonderful customers for a great 2019!,345,en,unknown,news_pr,False
fond.co,https://www.fond.co/blog/6-employee-rewards-ideas-for-blue-collar-workers/,20200812214257,6 Employee Rewards Ideas for Blue Collar Workers,2003,en,unknown,informational,True
fond.co,https://www.fond.co/blog/hawaii-national-bank-wellness-program/,20190921070457,How Hawaii National Bank Achieved 87% Engagement in their Employee Wellness Program,870,en,unknown,case_study,False
ramp.com,https://ramp.com/blog/vendor-management-best-practices,20210124125243,Vendor Management Best Practices,1387,en,pos,informational,True
ramp.com,http://www.ramp.com:80/blog/press-coverage/ramp-explains-give-new-life-older-videos/,20131106152156,Ramp Explains How to Give New Life to Older Videos - RAMP,150,en,pos,n/a,False
ramp.com,https://ramp.com/blog/q2-2022-spending-benchmarks,20220929161551,"Just released, Ramp’s 2022 Q2 Spending Benchmarks",397,en,neg,news_pr_h,False
ramp.com,https://ramp.com/blog/ramp-market-cooldown,20220702031656,How Ramp is responding to the market cooldown,1778,en,unknown,informational,True
ramp.com,https://ramp.com/blog/stripe-atlas-guide,20220920164336,Download our new Stripe Atlas guide: building your startup’s finance team,323,en,pos,informational,False
thndr.app,https://blog.thndr.app/ar/%D9%83%D9%84%D8%A7%D8%A8%D8%B3/%D9%81%D9%88%D8%B1%D9%8A-%D9%84%D9%84%D8%AA%D9%85%D9%88%D9%8A%D9%84-%D9%85%D8%AA%D9%86%D8%A7%D9%87%D9%8A-%D8%A7%D9%84%D8%B5%D8%BA%D8%B1-%D8%AA%D8%AA%D8%AC%D8%A7%D9%88%D8%B2-%D8%AD%D8%A7%D8%AC%D8%B2/,20220626013550,فوري للتمويل متناهي الصغر تتجاوز حاجز المليار جنيه للقروض الممنوحة💥,440,other,unknown,n/a,False
thndr.app,https://blog.thndr.app/claps/2-december-2021/,20211202100643,E-Finance Officially Launches E-Health👩⚕️,431,en,neg,news_pr_h,False
thndr.app,https://blog.thndr.app/claps/10-november-2021/,20211110114649,Evergrande Faces Biggest Debt Payment Test Yet💳,564,en,unknown,news_pr,False
thndr.app,https://blog.thndr.app/african-nation-are-strugling-to-save-their-wildlife/,20220929194345,African Nation Are Strugling To Save Their Wildlife,652,en,unknown,other,False
thndr.app,https://blog.thndr.app/ar/week-ending-30-august-2021/,20210830081634,🔴كريستيانو رونالدو يثير ضجة في سهم و جماهير مانشستر يونايتد - Thndr Blog,726,other,unknown,n/a,False
launchpadtoys.com,http://launchpadtoys.com:80/blog/2013/10/toon-academy-minecraft/,20131010235423,Toon Academy: Minecraft!,346,en,unknown,news_pr,False
launchpadtoys.com,http://launchpadtoys.com/blog/2011/06/a-toontastic-tutorial-from-the-land-down-under/,20111115114347,A Toontastic Tutorial from the Land Down Under,94,en,pos,n/a,False
launchpadtoys.com,http://launchpadtoys.com/blog/2011/07/imagination-in-education/,20110819205402,Imagination in Education,227,en,unknown,n/a,False
launchpadtoys.com,http://launchpadtoys.com/blog/2012/10/introducing-our-inaugural-class-of-launchpad-leaders/,20121210085826,Introducing our Inaugural Class of Launchpad Leaders!,136,en,neg,n/a,False
launchpadtoys.com,http://launchpadtoys.com/blog/2013/10/new-on-toontastic-prototoys/,20140802014357,NEW on Toontastic: ProtoToys!,133,en,unknown,n/a,False
hypercontext.com,https://hypercontext.com/blog/employee-motivation/increase-productivity-on-your-team,20220523103621,5 Ways to increase productivity on your team,2298,en,pos,informational,True
hypercontext.com,https://hypercontext.com/blog/meetings/remote-first-meetings,20210616174308,Remote-first meetings improve productivity and communication | Hypercontext,895,en,unknown,informational,True
hypercontext.com,https://hypercontext.com/blog/management-skills/engaging-motivating-employees-reward-vs-recognition,20211206211425,Reward vs Recognition: Engaging and Motivating Employees | SoapBox,795,en,pos,informational,True
hypercontext.com,https://hypercontext.com/blog/management-skills/things-a-boss-should-never-say-to-an-employee,20210621030823,9 Things a Boss Should Never Say to an Employee in a Meeting | SoapBox,929,en,pos,informational,True
hypercontext.com,https://hypercontext.com/blog/meetings/how-venngage-does-one-on-one-meetings,20220628094642,How Venngage does one-on-one meetings,1226,en,unknown,informational,True
modernfertility.com,https://modernfertility.com/blog/going-off-birth-control-jenna-schreck/,20200709084056,How going off birth control helped me reconnect with my body,741,en,unknown,opinion_essay,False
modernfertility.com,https://modernfertility.com/blog/lesbian-ivf-costs-precious-ares/,20200511191602,"Having a baby as a lesbian couple meant $30,000 in loans for IVF",1187,en,unknown,case_study,False
modernfertility.com,https://modernfertility.com/blog/real-families/,20190819202736,Real People Building Families: Elle,676,en,unknown,case_study,False
modernfertility.com,https://modernfertility.com/blog/make-the-most-of-insurance-benefits-end-of-year/,20191212105416,How to make the most of your insurance coverage before end of year,657,en,pos,informational,True
modernfertility.com,https://modernfertility.com/blog/infertility-ivf-loreal-thompson-payton/,20211001212340,How I stopped expecting the worst after 5 cycles of IVF,1240,en,unknown,opinion_essay,False
sketchdeck.com,http://sketchdeck.com/blog/how-top-b2b-startups-are-creating-case-studies-to-turn-leads-into-customers,20160817135253,How Top B2B Startups are Creating Case Studies to Turn Leads Into Customers,1338,en,pos,informational,True
sketchdeck.com,http://www.sketchdeck.com:80/blog/what-should-go-in-my-sales-presentation/,20141025075301,What should go in my sales presentation?,435,en,unknown,informational,False
sketchdeck.com,http://www.sketchdeck.com:80/blog/113-new-marketing-tools-you-need-to-grow-in-2016-part-7-social-media-marketing/,20160329213929,113 New Marketing Tools You Need To Grow In 2016 - Part 7: Social Media Marketing,1257,en,unknown,informational,True
sketchdeck.com,http://sketchdeck.com:80/blog/whats-new-at-sketchdeck,20160904010004,What's new at SketchDeck,135,en,unknown,n/a,False
sketchdeck.com,https://www.sketchdeck.com/blog/tips-on-how-non-designers-can-get-smart-fast-about-graphic-design,20210325201636,Tips on how non-designers can get smart fast about graphic design,1884,en,unknown,informational,True
rescale.com,https://rescale.com/blog/rescale-raises-50m-series-c-to-power-intelligent-computing-for-digital-rd/,20220528235222,Rescale Raises $50M Series C to Power Intelligent Computing for Digital R&D - Rescale,1059,en,neg,news_pr_h,False
rescale.com,https://rescale.com/blog/why-tco-doesnt-quite-work-for-comparing-on-premise-and-cloud-enabled-hpc/,20220520001609,Why TCO Doesn’t {Quite} Work for Comparing On-Premise and Cloud-Enabled HPC - Rescale,983,en,pos,informational,True
rescale.com,https://rescale.com/blog/platform-updates-sept-2020/,20220520000522,Platform Updates and Software Release Notes - September 2020 - Rescale,249,en,neg,n/a,False
rescale.com,https://rescale.com/blog/5-winning-strategies-to-accelerate-engineering-part-3-of-5/,20220706194709,5 Winning Strategies to Accelerate Engineering: Cloud HPC is connected (Part 3 of 5) - Rescale,313,en,unknown,informational,False
rescale.com,https://rescale.com/blog/rescale-appoints-zack-smocha-as-vice-president-of-product-marketing/,20220526014628,Rescale Appoints Zack Smocha as Vice President of Product Marketing - Rescale,396,en,unknown,news_pr,False
flexfits.com,https://blog.flexfits.com/full-body-orgasm/,20210117160328,How to Have a Full-Body Orgasm | The Fornix | Flex™,1557,en,pos,informational,True
flexfits.com,https://blog.flexfits.com/virtual-date-ideas/,20210618213257,8 fun & unusual virtual date ideas | The Fornix | Flex,826,en,unknown,informational,True
flexfits.com,https://blog.flexfits.com/5-workouts-for-your-period/,20210418200637,5 indoor workouts to try during your period | The Fornix | Flex,1311,en,unknown,informational,True
flexfits.com,https://blog.flexfits.com/get-doctors-to-take-period-pain-seriously/,20210418203155,How to get doctors to take period pain seriously | The Fornix | Flex,1276,en,pos,informational,True
flexfits.com,https://blog.flexfits.com/what-is-free-bleeding/,20211019182101,"What is free bleeding, really? | The Fornix | Flex",2189,en,pos,informational,True
supabase.com,https://supabase.com/blog/2021/04/06/supabase-beta-march-2021,20211127231640,Supabase Beta March 2021,571,en,unknown,product_announcement,False
supabase.com,https://supabase.com/blog/2021/11/26/supabase-how-we-launch,20211126162227,How we launch at Supabase,2840,en,neg,news_pr_h,False
supabase.com,https://supabase.com/blog/supabase-alpha-july-2020,20220817015408,Supabase Alpha July 2020,311,en,unknown,product_announcement,False
supabase.com,https://supabase.com/blog/2021/04/01/supabase-nft-marketplace,20211127231541,Supabase Launches NFT Marketplace,418,en,neg,news_pr_h,False
supabase.com,https://supabase.com/blog/supabase-beta-december-2020,20220817015404,Supabase Beta December 2020,342,en,unknown,product_announcement,False
bitrise.io,https://blog.bitrise.io/images-in-build-artifacts,20190718065433,Images in build artifacts,28,en,unknown,n/a,False
bitrise.io,https://blog.bitrise.io/adding-missing-dsyms-to-crashlytics-with-fastlane,20190721132622,Adding missing dSYMs to Crashlytics with Fastlane,31,en,unknown,n/a,False
bitrise.io,https://blog.bitrise.io/fan-out-parallel-builds-and-test-reports-on-bitrise-android,20201001200442,Speeding up Android builds by 'fanning out' tests on Bitrise,39,en,unknown,n/a,False
bitrise.io,https://blog.bitrise.io/cache-gradle-dependencies-on-bitrise,20190721132111,Cache Gradle dependencies on Bitrise,26,en,unknown,n/a,False
bitrise.io,https://blog.bitrise.io/bitrise-is-now-hiring-remotely-too,20190718090738,Bitrise is now hiring remotely!,31,en,neg,n/a,False
nanonets.com,https://nanonets.com/blog/document-management-workflow/,20210831041051,An In-Depth Guide to Document Management Workflow,1764,en,pos,informational,True
nanonets.com,https://nanonets.com/blog/how-to-add-person-tracking-to-a-drone-using-deep-learning-/&quot;https://assets-global.website-files.com/602f5458a0b1d868c6c84d5b/62346deda844c5879c6af838_ordering-documents-poster-00001.jpg&quot;,20220617052644,Intelligent document processing with AI | Nanonets,216,en,unknown,n/a,False
nanonets.com,https://nanonets.com/blog/business-process-optimization/,20221002153239,Business Process Optimization - A 2022 BPO Guide | Nanonets,2426,en,pos,informational,True
nanonets.com,https://nanonets.com/blog/human-pose-estimation-3d-guide/,20190822054257,A 2019 guide to 3D Pose Estimation,2588,en,pos,informational,True
nanonets.com,https://nanonets.com/blog/generate-insights-with-unstructured-data-extraction/,20220628023819,Generate insights with unstructured data extraction | Nanonets Blog,3107,en,unknown,informational,True
rocketrip.com,http://blog.rocketrip.com:80/travel-new-years-resolutions,20160806101054,12 Travel New Year's Resolutions,976,en,unknown,informational,True
rocketrip.com,http://blog.rocketrip.com:80/airbnb-for-business-travelers,20151127154123,What to Know About Airbnb for Business Travel,992,en,unknown,informational,True
rocketrip.com,https://blog.rocketrip.com/2013/11/21/an-open-booking-policy-6-reasons-why-its-right,20190824104547,An Open Booking Policy: 6 Reasons Why It's Right for Your Company,755,en,pos,informational,True
rocketrip.com,http://blog.rocketrip.com:80/travel-expense-management-beginners-guide,20150511081349,Travel Expense Management: Beginner's Guide,1122,en,pos,informational,True
rocketrip.com,http://blog.rocketrip.com:80/how-i-rocketrip-anthony-perez-of-tapad-goes-to-chicago,20151116061957,How I Rocketrip: Anthony Perez of Tapad Goes to Chicago,1197,en,unknown,case_study,False
chartio.com,http://chartio.com:80/blog/2013/11/aws-rds-postgres-support,20140616110902,Chartio - Blog,138,en,unknown,n/a,False
chartio.com,http://chartio.com/blog/2014/03/google-analytics,20140628050047,Chartio - Blog,558,en,unknown,informational,True
chartio.com,https://chartio.com/blog/embedded-analytics-what-is-it-and-how-is-it-used/,20201030023542,Embedded Analytics: What Is It and How Is It Used?,29,en,pos,n/a,False
chartio.com,https://chartio.com/blog/an-overview-on-redshift-and-bigquery-security/,20190825010125,An Overview on Amazon Redshift and Google BigQuery Security,507,en,unknown,informational,True
chartio.com,https://chartio.com/blog/chartio-achieves-aws-digital-customer-experience-competency/,20190825231523,Chartio Achieves AWS Digital Customer Experience Competency Status,652,en,unknown,news_pr,False
soylent.com,https://soylent.com/blogs/news/how-to-improve-your-work-life-balance-4-effective-undervalued-strategies,20220326181300,"How to Improve Your Work-Life Balance: 4 Effective, Undervalued Strate - Soylent",1207,en,pos,informational,True
soylent.com,https://soylent.com/blogs/news/tomorrow-s-food-today,20190716164703,Tomorrow’s Food Today,449,en,unknown,news_pr,False
soylent.com,https://soylent.com/blogs/news/how-to-properly-use-a-shaker-bottle-and-clean-it-too,20200813234747,"How to Properly Use a Shaker Bottle (and Clean It, Too)",1310,en,pos,informational,True
soylent.com,https://soylent.com/blogs/press/here-s-soylent-s-new-product-it-s-food,20190722172941,Here’s Soylent’s New Product. It’s Food.,223,en,unknown,n/a,False
soylent.com,https://soylent.com/blogs/news/7-ways-you-can-increase-productivity-without-adding-stress,20220517020401,"7 Ways You Can Increase Productivity, Without Adding Stress - Soylent",1216,en,pos,informational,True
zeusliving.com,https://zeusliving.com/blog/meet-zeus-in-utah,20220717201720,Meet Zeus in Utah,880,en,unknown,informational,True
zeusliving.com,https://zeusliving.com/blog/what-is-the-best-time-of-the-year-to-visit-seattle,20210514113200,What is the Best Time of the Year to Visit Seattle? | Zeus | Zeus Living,1597,en,pos,informational,True
zeusliving.com,https://zeusliving.com/blog/5-ways-to-make-your-short-term-stay-environmentally-friendly,20220207200644,5 Ways to Make Your Short-Term Stay Environmentally Friendly,820,en,pos,informational,True
zeusliving.com,https://zeusliving.com/blog/best-places-to-live-to-avoid-allergies,20210514100605,Best Places to Live to Avoid Allergies | Zeus Living | Zeus Living,1521,en,pos,informational,True
zeusliving.com,https://zeusliving.com/blog/what-is-a-long-term-rental,20210514112321,What is a Long Term Rental? | Zeus | Zeus Living,1497,en,pos,informational,True
shopvida.com,https://blog.shopvida.com/2019/03/09/what-is-vida-artist-reviews/,20190824202243,Artist Perspective: What Does VIDA Mean to You?,468,en,pos,case_study,False
shopvida.com,https://blog.shopvida.com/2019/09/07/open-studio-artists-5/,20190923060150,Open Studio Artists,271,en,unknown,n/a,False
shopvida.com,https://blog.shopvida.com/2021/05/07/vida-included-as-one-of-the-world-changing-ideas-of-2021-by-fast-company/,20210508092341,VIDA included as one of the World Changing Ideas of 2021 by Fast Company -,263,en,unknown,n/a,False
shopvida.com,https://blog.shopvida.com/5c360c19c299e0001abe232f_1024x1024-progressive/,20191019181927,5c360c19c299e0001abe232f_1024x1024.progressive,52,en,unknown,n/a,False
shopvida.com,https://blog.shopvida.com/2018/12/07/travel-meets-fashion-london/,20190824202210,Travel Meets Fashion // London,538,en,unknown,informational,True
hackerrank.com,https://www.hackerrank.com/blog/building-compatible-tech-teams/,20220625195103,3 Reasons You're Not Building Compatible Tech Teams - HackerRank Blog,811,en,pos,informational,True
hackerrank.com,https://www.hackerrank.com/blog/qa-engineer-role-overview/,20220728170717,What Does a QA Engineer Do? Role Overview - HackerRank Blog,1284,en,unknown,informational,True
hackerrank.com,https://www.hackerrank.com/blog/forbes-what-startup-ceos-want-in-a-cfo/,20220816105232,Forbes: What Startup CEOs Want In A CFO - HackerRank Blog,390,en,unknown,informational,False
hackerrank.com,https://www.hackerrank.com/blog/full-stack-developer/,20220427175646,"The Strange Politics of the ""Full-Stack Developer""",1983,en,unknown,informational,True
hackerrank.com,https://www.hackerrank.com/blog/questions-hiring-manager/,20221003151839,5 Questions to Ask Your Hiring Manager - Technical Recruiting Learning Series #7 - HackerRank Blog,631,en,neg,news_pr_h,False
phoenix.ca,https://www.phoenix.ca/blog/how-to-prevent-pimples-on-the-scalp-in-men,20211103161205,How to Prevent Pimples on the Scalp in Men - PHOENIX | Rise Again,928,en,neg,news_pr_h,False
phoenix.ca,https://www.phoenix.ca/blog/what-are-the-causes-of-sudden-hair-loss,20210924022407,What Are the Causes of Sudden Hair Loss? - PHOENIX | Rise Again,1052,en,pos,informational,True
phoenix.ca,https://www.phoenix.ca/blog/what-causes-penile-fractures,20220117192147,What Causes Penile Fractures? - PHOENIX | Rise Again,835,en,unknown,informational,True
phoenix.ca,https://www.phoenix.ca/blog/most-important-vitamins-for-men-over-50,20220626105346,Most Important Vitamins for Men over 50 - PHOENIX | Rise Again,1449,en,unknown,informational,True
phoenix.ca,https://www.phoenix.ca/blog/hair-loss-in-teenagers-what-you-can-do-to-prevent-it,20211116192519,Hair loss in Teenagers: What You Can Do To Prevent It - PHOENIX | Rise Again,2297,en,neg,news_pr_h,False
womenwhocode.com,https://www.womenwhocode.com/blog/do-s-and-don-ts-of-technical-interviews,20200924114829,Do’s and Don’ts of Technical Interviews | Women Who Code,549,en,unknown,informational,True
womenwhocode.com,https://www.womenwhocode.com/blog/engineer-to-engineer-how-saying-yes-led-to-leadership-and-fulfillment,20210916061819,Engineer to Engineer: How Saying Yes Led to Leadership and Fulfillment | Women Who Code,2759,en,unknown,culture_hiring,False
womenwhocode.com,https://www.womenwhocode.com/blog/hustlecon-2014-non-techies-dominate-the-bay,20170206142940,HustleCon 2014: Non-techies Dominate the Bay | Women Who Code,397,en,unknown,opinion_essay,False
womenwhocode.com,https://www.womenwhocode.com/blog/for-women-in-tech-ageism-is-getting-old,20170206141813,"For Women in Tech, Ageism is Getting Old | Women Who Code",1375,en,unknown,opinion_essay,False
womenwhocode.com,https://www.womenwhocode.com/blog/how-robots-and-video-games-changed-fiona-tay-s-life,20170206142842,How Robots and Video Games Changed Fiona Tay’s Life | Women Who Code,437,en,unknown,culture_hiring,False
armory.io,https://www.armory.io/blog/armory-%e2%9d%a4%ef%b8%8f-giphy/,20200903222734,Armory ❤️ Giphy - Armory,279,en,unknown,n/a,False
armory.io,https://www.armory.io/blog/armory-welcomes-margaret-francis-as-chief-operating-officer/,20201012180333,Armory welcomes Margaret Francis as Chief Operating Officer - Armory,244,en,neg,n/a,False
armory.io,https://www.armory.io/blog/building-open-source-community-culture-online-part-1/,20200417133342,"Building open source community culture online, Part 1 - Armory",1330,en,unknown,informational,True
armory.io,https://www.armory.io/blog/championing-the-community-at-spinnaker-summit-2022/,20221104010647,Championing the Community at Spinnaker Summit 2022 | Armory,616,en,unknown,news_pr,False
armory.io,https://www.armory.io/blog/announcing-the-spinnaker-kubernetes-operator/,20200928213627,Announcing the Spinnaker Kubernetes Operator: Spinnaker Management Made Simple - Armory,1768,en,neg,news_pr_h,False
theforage.com,https://www.theforage.com/blog/basics/how-to-stand-out-at-a-remote-internship,20220929011747,Have a Remote Internship? Here Are 6 Ways to Stand Out,782,en,pos,informational,True
theforage.com,https://www.theforage.com/blog/basics/how-to-respond-job-interview-email,20221128120449,How to Respond to a Job Interview Email (With Examples),1747,en,pos,informational,True
theforage.com,https://www.theforage.com/blog/careers/accounting-career-path,20221109131910,How to Choose an Accounting Career Path,1375,en,pos,informational,True
theforage.com,https://www.theforage.com/blog/basics/how-far-back-should-resume-go,20220624225504,How Far Back Should a Resume Go?,1210,en,unknown,informational,True
theforage.com,https://www.theforage.com/blog/companies/guide-to-working-at-lyft,20220622171340,Guide to Working at Lyft,1370,en,pos,culture_hiring,False
yougotlistings.com,http://yougotlistings.com:80/blog/android-app-updated-ad-templates-optimized,20120323194106,You Got Listings,103,en,pos,n/a,False
yougotlistings.com,http://www.yougotlistings.com/blog/the-importance-of-good-data-e-g-address-title-description-photos-video,20160609234904,You Got Listings,547,en,unknown,informational,True
yougotlistings.com,http://www.yougotlistings.com/blog/new-updates-client-sheet-new-text-template-landlord-auto-complete,20141121102245,You Got Listings,132,en,pos,n/a,False
yougotlistings.com,http://yougotlistings.com:80/blog/new-personal-settings-disable-auto-saving-searches-and-pop-ups,20101126141115,New Personal Settings: Disable Auto Saving Searches and Pop-ups,239,en,unknown,n/a,False
yougotlistings.com,http://www.yougotlistings.com/blog/minor-improvements-this-week-112-118,20160609233553,You Got Listings,195,en,unknown,n/a,False
communityphone.org,https://communityphone.org/blogs/news/how-to-email-pictures-from-your-phone,20191114161507,How to Email Pictures from your Phone,570,en,pos,informational,True
communityphone.org,https://communityphone.org/blogs/news/how-to-use-whatsapp-on-android-and-iphone-cell-phones,20190916063707,How to use WhatsApp on Android and iPhone cell phones,1284,en,pos,informational,True
communityphone.org,https://www.communityphone.org/blogs/google-voice-to-use-it-or-not,20210803051310,Google Voice: To Use it or Not?,1052,en,unknown,informational,True
communityphone.org,https://www.communityphone.org/blogs/how-to-forward-a-voicemail,20221002091956,Voicemail Forwarding: How To Forward A Voicemail,1187,en,pos,informational,True
communityphone.org,https://www.communityphone.org/blogs/best-landline-phones,20220519122329,15 Best Cordless Landline Phones in 2022 [Features + Pricing],1327,en,pos,informational,True
apollographql.com,https://www.apollographql.com/blog/announcing-managed-federation-265c9f0bc88e/,20200810224933,Announcing managed federation,1144,en,neg,news_pr_h,False
apollographql.com,https://www.apollographql.com/blog/announcement/backend/the-supergraph-a-new-way-to-think-about-graphql/,20220518155643,The supergraph: a new way to think about GraphQL,1196,en,unknown,informational,True
apollographql.com,https://www.apollographql.com/blog/announcement/track-schema-changes-with-apollo-schema-reporting/,20210619131443,Register Schema Changes Automatically with Schema Reporting,523,en,unknown,product_announcement,False
apollographql.com,https://www.apollographql.com/blog/apollo-optics-is-now-free-up-to-1-million-graphql-requests-a-month-d759248ea084/,20200926224107,Apollo Optics is now free up to 1 million GraphQL requests a month,611,en,unknown,product_announcement,False
apollographql.com,https://www.apollographql.com/blog/announcement/backend/apollo-federation-2-is-now-generally-available/,20220413143359,Apollo Federation 2 is now generally available,816,en,unknown,product_announcement,False
flow.space,https://flow.space/blog/social-commerce-vs-ecommerce-simplified-guide/,20220327102035,Social Commerce vs. Ecommerce: A Simplified Guide - Flowspace,1124,en,pos,informational,True
flow.space,https://www.flow.space/blog/physical-distribution/,20210416210009,Physical Distribution: What Is It And Why Is It Important,933,en,pos,informational,True
flow.space,https://flow.space/blog/prime-day-2022/,20220709053552,Is Omnichannel More Fulfilling than Prime Day for Ecommerce Brands? - Flowspace,631,en,unknown,informational,True
flow.space,https://www.flow.space/blog/businesses-holiday-mistakes/,20210118113319,What Businesses Most Often Get Wrong During the Holidays,908,en,unknown,informational,True
flow.space,https://flow.space/blog/flowspace-manifest-2022/,20220225012115,New Technologies and Strategies Transforming Fulfillment Operations: A Conversation at Manifest - Flowspace,556,en,unknown,informational,True
papa.com,https://www.papa.com/resources/blog/best-jobs-for-college-students-in-tampa,20220521184333,Best Jobs for College Students in Tampa | Papa,502,en,pos,informational,True
papa.com,https://www.papa.com/resources/blog/4-factors-that-lead-to-improved-member-experience-that-may-surprise-you,20220728150409,4 Factors That Lead to Improved Member Experience That May Surprise You | Papa,1081,en,unknown,informational,True
papa.com,https://www.papa.com/resources/blog/activities-for-seniors-in-tampa-and-st-petersburg/,20220521175532,Activities for Seniors in Tampa and St. Petersburg | Papa,1105,en,unknown,informational,True
papa.com,https://www.papa.com/resources/blog/activities-for-seniors-in-lake-county-illinois/,20221001220425,"Activities for Seniors in Lake County, Illinois | Papa",1581,en,unknown,informational,True
papa.com,https://www.papa.com/resources/blog/mind-the-gap-why-health-care-navigation-is-critical-for-health-plans/,20220523055055,Mind the Gap: Why Health Care Navigation is Critical for Health Plans,777,en,pos,informational,True
thestyleup.com,http://blog.thestyleup.com:80/2013/07/who-are-this-weeks-top-fashion-critics_27.html,20130729174248,The StyleUp,58,en,unknown,n/a,False
thestyleup.com,http://blog.thestyleup.com/2013/05/upvote-styleup-comments-you-love.html,20130604033140,The StyleUp,46,en,unknown,n/a,False
thestyleup.com,http://blog.thestyleup.com:80/2013/07/trending-wednesday-chambray-shirts.html,20130729174155,The StyleUp,175,en,unknown,n/a,False
thestyleup.com,http://blog.thestyleup.com:80/2013/03/what-were-last-weeks-most-popular_9.html,20130429074600,The StyleUp,126,en,unknown,n/a,False
thestyleup.com,http://blog.thestyleup.com:80/2013/04/trending-wednesdays-bright-fit-and.html,20130517105632,The StyleUp,151,en,unknown,n/a,False
legionfarm.com,https://legionfarm.com/blog/you-wanna-be-on-top-best-apex-streamers-reveal-their-secrets,20210119184340,You wanna be on top? Best Apex streamers reveal their secrets,1084,en,pos,informational,True
legionfarm.com,https://legionfarm.com/blog/the-grand-review-of-apex-legends-ranked-arenas,20220928024156,The Grand Review of Apex Legends’ Ranked Arenas,1029,en,unknown,informational,True
legionfarm.com,https://legionfarm.com/blog/meet-sokolov-gaming-legionfarm-pro-in-warzone,20210527163718,Meet SOKOLOV_GAMING - LegionFarm PRO in Warzone,407,en,unknown,culture_hiring,False
legionfarm.com,https://legionfarm.com/blog/meet-nigel046ttv-legionfarm-pro-in-warzone,20220928035427,Meet Nigel046TTV - LegionFarm PRO in Warzone,413,en,unknown,culture_hiring,False
legionfarm.com,https://legionfarm.com/blog/master-unlimited-subscription-in-apex-legends-your-way-to-the-top,20210119185940,Master Unlimited Subscription in Apex Legends - Your way to the top,571,en,unknown,product_announcement,False
kurios.la,https://www.kurios.la/blog/construya-una-organizacion-basada-en-data,20210805121433,Construya una organización basada en Data,556,es,unknown,n/a,False
kurios.la,https://www.kurios.la/blog/7-tacticas-de-growth-b2b-para-crecer-tu-negocio,20211130085105,7 tácticas de growth B2B para crecer tu negocio,890,es,unknown,n/a,False
kurios.la,https://www.kurios.la/blog/product-manager-vs-project-manager-similitudes-y-diferencias,20210725234403,Product Manager vs. Project Manager: Similitudes y diferencias,616,es,pos,n/a,False
kurios.la,https://www.kurios.la/blog/herramientas-de-comunicacion-en-equipo-para-que-dejes-de-usar-whatsapp,20211130093702,7 herramientas de comunicación en equipo para que dejes de usar Whatsapp,891,es,unknown,n/a,False
kurios.la,https://www.kurios.la/blog/producto-digital-exitoso-metodologia-amazon,20220813211638,¿Cómo hacer un producto digital exitoso con la metodología de Amazon?,958,es,unknown,n/a,False
joinsmartpath.com,https://www.joinsmartpath.com/blog/2020/3/how-to-strech-your-dollars/,20200814111153,Free Activities to Stretch Your Money During Social Distancing,38,en,pos,n/a,False
joinsmartpath.com,https://www.joinsmartpath.com/blog/2020/3/coronavirus-and-your-portfolio/,20200807182242,Coronavirus Cost Me 40% of My Portfolio. Now What?,38,en,unknown,n/a,False
joinsmartpath.com,https://www.joinsmartpath.com/blog/2019/7/8-understanding-target-date-funds/,20190819233816,Understanding Target Date Funds,24,en,unknown,n/a,False
joinsmartpath.com,https://www.joinsmartpath.com/blog/2018/07/3-Tips-for-Gifting-to-a-College-Student/,20190819225655,3 Tips for Gifting to a College Student,27,en,pos,n/a,False
joinsmartpath.com,https://www.joinsmartpath.com/blog/2020/4/take-the-money-moves-quiz/,20200814101330,Financial Wellness Leader Launches Free COVID-19 Resiliency Tool,49,en,neg,n/a,False
embrace.io,https://blog.embrace.io/solve-anrs-with-flame-graphs/,20211124055031,Solve ANRs with Flame Graphs,1902,en,unknown,product_announcement,False
embrace.io,https://blog.embrace.io/why-your-crash-reporter-is-showing-you-the-wrong-thread/,20200925033609,Why Your Crash Reporter Is Showing You The Wrong Thread,635,en,pos,informational,True
embrace.io,https://blog.embrace.io/a-culture-of-gratitude/,20200519015107,A Culture of Gratitude,313,en,unknown,culture_hiring,False
embrace.io,https://blog.embrace.io/monitor-latest-releases-and-top-app-versions/,20220326211634,Monitor Latest Releases and Top App Versions With Embrace,1545,en,unknown,product_announcement,False
embrace.io,https://blog.embrace.io/ebook-how-to-spend-more-time-in-the-nirvana-box/,20210313141105,How to Spend More Time in the Nirvana Box,272,en,pos,n/a,False
recurse.com,https://www.recurse.com/blog/163-4-questions-with-joseph,20211222213308,4 Questions with Joseph Dumont - Blog - Recurse Center,748,en,unknown,culture_hiring,False
recurse.com,https://www.recurse.com/blog/103-code-words-issue-six,20160405141842,Code Words Issue Six,435,en,unknown,news_pr,False
recurse.com,https://www.recurse.com/blog/26-dropbox-etsy-jane-street-tapad-tumblr-support-female-programmers,20150325175032,"Dropbox, Etsy, Jane Street, Tapad, and Tumblr support female programmers at Hacker School",398,en,unknown,news_pr,False
recurse.com,https://www.recurse.com/blog/97-code-words-issue-five,20160414071810,Code Words Issue Five,283,en,unknown,n/a,False
recurse.com,https://www.recurse.com/blog/98-evan-czaplicki-and-yan-zhu-are-recurse-center-residents,20160414072159,Evan Czaplicki and Yan Zhu are Recurse Center residents,255,en,unknown,n/a,False
omnivirt.com,https://www.omnivirt.com/blog/omnivirts-virtual-reality-trends-2017-360-video-headsets-sports/,20190824032242,"OmniVirt’s Virtual Reality Trends for 2017: 360 Video, Headsets, Sports and more - OmniVirt",635,en,unknown,informational,True
omnivirt.com,https://www.omnivirt.com/blog/4-best-3d-photo-apps-2019/,20190722151451,4 Best 3D Photo Apps of 2019 - OmniVirt,515,en,pos,informational,True
omnivirt.com,https://www.omnivirt.com/blog/augmented-reality-examples-marketers/,20190722150959,Augmented reality examples marketers wont want to miss,867,en,unknown,informational,True
omnivirt.com,https://www.omnivirt.com/blog/free-vr-player-101/,20201126101905,Free VR Player 101: What can you do? - OmniVirt,381,en,unknown,informational,False
omnivirt.com,https://www.omnivirt.com/blog/nativo-omnivirt-partner-distribute-immersive-ad-formats/,20191022085742,Nativo and OmniVirt Partner to Distribute Immersive Ad Formats - OmniVirt,514,en,unknown,news_pr,False
moveloot.com,http://blog.moveloot.com:80/meet-move-loot-amber-hall/,20151030235912,"Meet Move Loot: Amber Hall, Customer Support Associate - Move Loot",316,en,unknown,culture_hiring,False
moveloot.com,http://blog.moveloot.com:80/move-loot-collections-travelers-retreat/,20141004232815,Move Loot Collections: Traveler’s Retreat,41,en,unknown,n/a,False
moveloot.com,http://blog.moveloot.com:80/office-tour-shippos-bright-urban-work-space/,20150425034248,Office Tour: Shippo's Bright Urban Work Space - Move Loot,314,en,unknown,case_study,False
moveloot.com,http://blog.moveloot.com:80/helping-mission-fire-victims/,20150321101039,Helping Victims of the 22nd St. and Mission Fire - Move Loot,229,en,unknown,n/a,False
moveloot.com,http://blog.moveloot.com:80/move-loot-is-open-for-business-in-sf/,20151014015100,Move Loot is Open for Business in SF - Move Loot,218,en,unknown,n/a,False
mixpanel.com,http://blog.mixpanel.com:80/2010/04/24/why-retention-should-be-your-top-priority-in-social-media-marketing/,20110823205136,Why Retention Should Be Your Top Priority in Social Media Marketing,833,en,pos,informational,True
mixpanel.com,http://blog.mixpanel.com:80/ab-testing-your-website-with-mixpanel,20090914053013,Mixpanel - Analytics for startups,484,en,unknown,informational,False
mixpanel.com,http://blog.mixpanel.com/2013/06/13/june-office-hours-disqus/,20130819210603,Leave a Reply Cancel reply,163,en,unknown,n/a,False
mixpanel.com,http://blog.mixpanel.com:80/2009/03/14/stop-guessing-a-guide-towards-deciding-your-next-feature/,20120619115052,Leave a Reply Cancel reply,386,en,pos,informational,False
mixpanel.com,http://blog.mixpanel.com:80/2013/02/22/the-team-that-cooks-together/,20130303020017,1 Comment,84,en,unknown,n/a,False
octopart.com,https://octopart.com/blog/archives/2021/07/how-to-drive-a-servo-motor-and-the-components-you-need,20210721191611,How to Drive a Servo Motor and the Components You Need,981,en,pos,informational,True
octopart.com,https://octopart.com/blog/archives/2018/05/surface-mount-ferrite-inductors-for-emi-suppression,20211118042246,What to Know About Surface Mount Ferrite Inductors for EMI Suppression,1128,en,unknown,informational,True
octopart.com,https://octopart.com/blog/archives/2020/12/how-to-select-a-high-speed-backplane-connector,20201212211317,How to Select a High Speed Backplane Connector,1111,en,pos,informational,True
octopart.com,https://octopart.com/blog/archives/2020/05/pcb-design-is-moving-to-the-cloud,20200617221104,PCB Design is Moving to the Cloud,255,en,unknown,n/a,False
octopart.com,https://octopart.com/blog/archives/2022/05/selecting-a-varistor-for-transient-voltage-suppression,20220513174902,Selecting a Varistor for Transient Voltage Suppression,964,en,unknown,informational,True
tenjin.com,https://blog.tenjin.com/ios-14-mmp-free-publisher-guide/,20200928114454,"Preparing for iOS 14: MMP-free publisher guide with Kevin Bravo, creator of Elixir",1879,en,pos,informational,True
tenjin.com,https://blog.tenjin.com/webinar-marketing-science-w-tenjin/,20210223165948,Webinar: Marketing Science w/Tenjin,209,en,neg,n/a,False
tenjin.com,https://blog.tenjin.com/covid-19-hyper-casual-in-2020/,20200615120926,How will COVID-19 affect the hyper-casual industry in 2020: A virtual panel,348,en,unknown,informational,False
tenjin.com,https://blog.tenjin.com/ad-revenue-and-ltv/,20190704212604,Tenjin improves user LTV accuracy: includes ad revenue from networks,282,en,unknown,n/a,False
tenjin.com,https://blog.tenjin.com/benchmark-report-2020/,20200928105335,2020 Hyper-casual Benchmark Report,201,en,unknown,n/a,False
apurata.com,https://apurata.com/blog/se-busca-especialista-de-qa-y-soporte/,20210804084142,Se busca: Especialista de QA y Soporte - Apurata Blog,307,es,unknown,n/a,False
apurata.com,https://apurata.com/blog/2019/12/02/necesitas-dinero-estos-son-los-requisitos-para-un-prestamo/,20191208142144,¿Necesitas dinero? Estos son los requisitos para un préstamo,549,es,unknown,n/a,False
apurata.com,https://apurata.com/blog/scotiabank-prestamos-por-convenio/,20210919012036,Scotiabank Préstamos por Convenio | Todo lo que necesitas saber - Apurata Blog,769,es,unknown,n/a,False
apurata.com,https://apurata.com/blog/crezu-prestamos/,20210421161320,Crezu | Oferta de préstamos online en segundos - Apurata Blog,989,es,unknown,n/a,False
apurata.com,https://apurata.com/blog/caja-los-andes-prestamos/,20220629041948,Caja Los Andes | Préstamo personal | Todo lo que debes saber – 2022 - Apurata Blog,1103,es,unknown,n/a,False
solarmente.es,https://solarmente.es/blog/edit/autoconsumo-solar-como-instalamos,20220122205556,SolarMente,48,en,unknown,n/a,False
solarmente.es,https://solarmente.es/blog/los-fondos-europeos-y-el-incentivo-al-autoconsumo-energetico,20210930024546,LOS FONDOS EUROPEOS Y EL INCENTIVO AL AUTOCONSUMO ENERGÉTICO,706,es,unknown,n/a,False
solarmente.es,https://solarmente.es/blog/transicion-energetica-2030-y-2050-en-energia-solar,20220528044758,TRANSICIÓN ENERGÉTICA: 2030 Y 2050 EN ENERGÍA SOLAR,1120,es,unknown,n/a,False
solarmente.es,https://solarmente.es/blog/edit/casos-de-exito-de-comunidades-energeticas,20211028133132,SolarMente,52,en,unknown,n/a,False
solarmente.es,https://solarmente.es/blog/edit/todo-lo-que-necesitas-saber-sobre-la-nueva-rebaja-fiscal-de-la-luz,20210730042932,SolarMente,49,en,unknown,n/a,False
giveffect.com,https://www.giveffect.com/blog/how-giveffects-email-marketing-system-makes-your-npo-stronger/,20210128122315,How Giveffect’s Email Marketing System Makes Your NPO Stronger,953,en,unknown,informational,True
giveffect.com,https://www.giveffect.com/blog/18ntc-day-one-recap/,20201201075755,18NTC: Day One Recap,339,en,unknown,news_pr,False
giveffect.com,https://www.giveffect.com/blog/unravel-the-puzzle-getting-the-most-out-of-volunteers-free-questionnaire-template,20220305022043,Unravel the Puzzle: Getting the Most Out of Volunteers [Free...,1364,en,pos,informational,True
giveffect.com,https://www.giveffect.com/blog/webinar-volunteer-management/,20190722033056,Giveffect Weekly Webinar: Volunteer Management System,380,en,neg,news_pr_h,False
giveffect.com,https://www.giveffect.com/blog/tis-the-season-4-tips-for-holiday-fundraising-in-2021/,20211118183250,‘Tis the Season: 4 Tips for Holiday Fundraising in 2021,981,en,pos,informational,True
gocheetah.com,https://www.gocheetah.com/blog/how-to-start-a-restaurant-and-differentiate-from-others-around-you/,20190821161552,Cheetah | How to Start a Restaurant and Differentiate From Others,1189,en,pos,informational,True
gocheetah.com,https://www.gocheetah.com/blog/3-tricks-to-boost-your-restaurants-online-presence/,20210225140954,3 Tricks to Boost Your Restaurant's Online Presence,729,en,unknown,informational,True
gocheetah.com,https://www.gocheetah.com/blog/6-delicious-meal-ideas-for-all-that-leftover-foods/,20200812160109,6 Delicious Meal Ideas for All That Leftover Food | Cheetah Blog,676,en,unknown,informational,True
gocheetah.com,https://www.gocheetah.com/blog/major-food-distributors-failing-restaurants/,20210909075721,Are Major Food Distributors Failing Small Restaurants?| Cheetah,960,en,unknown,opinion_essay,False
gocheetah.com,https://www.gocheetah.com/blog/reduce-food-waste-increase-profit-margins/,20211117231315,7 Tips to Reduce Food Waste & Increase Profit Margins | Cheetah,1103,en,pos,informational,True
suiteness.com,https://www.suiteness.com/blog/haunted-hotels-to-explore-this-halloween,20200824105757,Haunted Hotels to Explore this Halloween,1007,en,unknown,informational,True
suiteness.com,https://www.suiteness.com/blog/2017/04/permanent-las-vegas-gaming-venue/,20170426054716,Get Ready For A New Las Vegas Gaming Venue - Suiteness Blog,448,en,unknown,news_pr,False
suiteness.com,https://www.suiteness.com/blog/make-holiday-travel-better-stress-free,20171230131947,Holiday Travel Can Be Better & Stress-Free With These Hacks,964,en,unknown,informational,True
suiteness.com,https://www.suiteness.com/blog/family-travel-pro-tip-4-family-massages,20210624145028,Family Travel Pro Tip #4: Get Massages as a Family,213,en,unknown,n/a,False
suiteness.com,https://www.suiteness.com/blog/art-basel-miami-beach,20210624162347,Where To Stay For Art Basel Miami Beach,812,en,unknown,informational,True
firebase.com,https://www.firebase.com/blog/2015-10-13-google-login-and-firebase-cli-2.html,20160304015354,Google Login and Firebase CLI 2.0.0 - Firebase,631,en,unknown,product_announcement,False
firebase.com,https://www.firebase.com/blog/2013-03-11-github-service-hook.html,20130523001134,Github Service Hook for Firebase,321,en,unknown,product_announcement,False
firebase.com,https://www.firebase.com/blog/2015-11-06-firebase-cli-data-commands.html,20160304023655,The Firebase CLI: now with database commands - Firebase,925,en,unknown,product_announcement,False
firebase.com,https://www.firebase.com/blog/2014-08-12-switching-to-firebase.html,20141021184657,Switching to Firebase,552,en,unknown,informational,True
firebase.com,https://www.firebase.com/blog/2013-10-22-firebase-bindings-for-ember.html,20131022172916,Announcing Firebase Bindings for EmberJS,619,en,neg,news_pr_h,False
coderhouse.com,http://coderhouse.com:80/blog/infografia-te-mostramos-8-razones-para-convertirte-en-programador/,20150112162745,8 razones para convertirte en programador,34,es,unknown,n/a,False
onesignal.com,https://onesignal.com/blog/customer-engagement-interview-learnings/,20201110145751,Customer Engagement Interview Learnings,344,en,neg,news_pr_h,False
onesignal.com,https://onesignal.com/blog/fight-coronavirus-alerts-that-work-free-service/,20200407060342,Fight Coronavirus w/ Alerts That Work,532,en,unknown,informational,True
onesignal.com,https://onesignal.com/blog/how-to-protect-customer-satisfaction-amidst-2021-holiday-shipping-delays/,20211125174212,How to Protect Customer Satisfaction Amidst 2021 Holiday Shipping Delays,1344,en,pos,informational,True
onesignal.com,https://onesignal.com/blog/evino-increases-sales-12-with-push-notifications/,20200923160539,Evino Uses Web + Mobile Push Notifications to Drive 12% Sales Increase,111,en,unknown,n/a,False
onesignal.com,https://onesignal.com/blog/easy-strategies-to-increase-app-retention/,20210128235842,Reduce App Churn After New Downloads,1000,en,unknown,informational,True
replit.com,https://blog.replit.com/beginner-python-errors-career-karma,20210316224635,Common Errors Python Beginners Encounter (with Solutions),797,en,pos,informational,True
replit.com,https://blog.replit.com/internet-access,20210413001819,Internet access for all,156,en,unknown,n/a,False
replit.com,https://blog.replit.com/popular-beginner-javascript-career-karma,20210413011152,Popular Beginner JavaScript Concepts,836,en,pos,informational,True
replit.com,https://blog.replit.com/generate-code,20220606204728,"“Generate code”: state what you want, get code back",333,en,unknown,product_announcement,False
replit.com,https://blog.replit.com/killing-containers-at-scale,20210319220500,Killing Containers at Scale,1895,en,unknown,informational,True
moltin.com,https://www.moltin.com/blog/experience-ecommerce-solutions-nrf-big-show/,20190918201141,Experience xCommerce solutions for retailers to reinvent commerce at NRF 2019,321,en,unknown,news_pr,False
moltin.com,https://www.moltin.com/blog/onboarding-with-moltin,20191019204101,Onboarding with Moltin,1009,en,unknown,informational,True
moltin.com,https://www.moltin.com/blog/unconventional-black-friday-campaigns,20191216105506,3 Unconventional Black Friday Campaigns and Why They Worked,1071,en,pos,informational,True
moltin.com,https://www.moltin.com/blog/moltin-releases-social-commerce-solution,20190918194658,Moltin releases Social Commerce Solution for Facebook and Instagram,737,en,unknown,product_announcement,False
moltin.com,https://www.moltin.com/blog/customer-id-checkout/,20190824210255,Moltin Checkout improvements: linking customers to orders,403,en,unknown,product_announcement,False
posthog.com,https://posthog.com/blog/why-companies-self-host,20220114152110,The 3 critical reasons companies choose self-hosted analytics - PostHog,1078,en,pos,informational,True
posthog.com,https://posthog.com/blog/the-yc-interview/,20200229192907,PostHog,1086,en,unknown,opinion_essay,False
posthog.com,https://posthog.com/blog/dynamic-open-graph-images,20220307203014,Using Gatsby and Puppeteer to create dynamic Open Graph images - PostHog,1894,en,unknown,informational,True
posthog.com,https://posthog.com/blog/how-we-turned-clickhouse-into-our-eventmansion,20211108165426,How we turned ClickHouse into our event mansion - PostHog,1358,en,neg,news_pr_h,False
posthog.com,https://posthog.com/blog/posthog-cloud-eu,20221011113850,Introducing PostHog Cloud EU - PostHog,535,en,neg,news_pr_h,False
realm.io,https://realm.io/blog/digital-technology-partner-ciandt-leverages-realm/,20190823053414,"Enterprise Leader, CI&T, Leverages Realm to Expand Their Clients’ Feature Portfolio",551,en,unknown,case_study,False
realm.io,https://realm.io/blog/realm-java-2-3/,20190823045745,"Realm Java 2.3: Improved Sharing, Backup Recovery and Wildcard Queries",836,en,unknown,product_announcement,False
realm.io,https://realm.io/blog/realm-objc-swift-2-0/,20190820010424,Realm Objective-C & Swift 2.0 – Mobile Platform Support,919,en,unknown,product_announcement,False
realm.io,https://realm.io/blog/realm-for-android/,20171229141416,Realm for Android,650,en,unknown,product_announcement,False
realm.io,https://realm.io/blog/katsumi-kishikawa-joins-realm/,20190823044231,Katsumi Kishikawa joins Realm,317,en,neg,news_pr_h,False
sqreen.com,https://blog.sqreen.com/diy-node-apm/,20190719061409,Monitoring the performance of a Node.js web application - Sqreen Blog,1249,en,unknown,informational,True
sqreen.com,https://blog.sqreen.com/mobile-app-security-topics/,20200811121655,Top 5 security topics to consider when releasing your first mobile app,1488,en,pos,informational,True
sqreen.com,https://blog.sqreen.com/javascript-engine-performance/,20190719060938,Picking the best JS engine for your Node app’s performance - Sqreen Blog,701,en,pos,informational,True
sqreen.com,https://blog.sqreen.com/asm-series-a/,20190402171649,Introducing Application Security Management (ASM) and our Series A,721,en,neg,news_pr_h,False
sqreen.com,https://blog.sqreen.com/sqreens-got-new-logo/,20190719064322,"Sqreen’s got a new logo, what? - Sqreen Blog",181,en,unknown,n/a,False
sfox.com,https://www.sfox.com/blog/sickness-halvings-and-defi-the-sfox-crypto-market-report-march-2020/,20210117100708,"Sickness, Halvings, and DeFi: The SFOX Crypto Market Report, March 2020 - SFOX",2638,en,unknown,informational,True
sfox.com,https://www.sfox.com/blog/new-correlation-data-reveal-btc-and-eth-dominance/,20210117101801,New Correlation Data Reveal BTC — and ETH — Dominance - SFOX,1005,en,unknown,informational,True
sfox.com,https://www.sfox.com/blog/price-regulatory-and-product-growth-the-sfox-crypto-market-report-february-2020/,20210117083359,"Price, Regulatory, and Product Growth: The SFOX Crypto Market Report, February 2020 - SFOX",2502,en,unknown,informational,True
sfox.com,https://www.sfox.com/blog/a-polar-bear-hunts-bitcoin-trading-bots/,20200928162337,A Polar Bear hunts Bitcoin Trading Bots - SFOX Edge,734,en,unknown,product_announcement,False
sfox.com,https://www.sfox.com/blog/dynamic-safety-nets-announcing-trailing-stop-loss-for-crypto/,20200804004151,Dynamic Safety Nets: Announcing Trailing Stop-Loss for Crypto,755,en,neg,news_pr_h,False
vidyard.com,http://www.vidyard.com:80/blog/9-examples-b2b-video-demand-generation/,20150320062411,9 Examples of Video for Demand Generation - Vidyard,554,en,pos,informational,True
vidyard.com,http://www.vidyard.com:80/blog/are-you-leveraging-vidyards-slick-real-time-analytics/,20130213034722,Are you leveraging Vidyard's Slick Real-Time Analytics? - Vidyard,487,en,unknown,product_announcement,False
vidyard.com,https://www.vidyard.com/blog/4-tips-creating-killer-video-voicemail/,20191228014514,4 Tips for Creating A Killer Video Voicemail,552,en,pos,informational,True
vidyard.com,https://www.vidyard.com/blog/content-that-connects-infographic/,20191106181308,The Four E’s of Creating Content That Connects [Infographic],322,en,unknown,informational,False
vidyard.com,http://www.vidyard.com:80/blog/b2b-video-marketing-benchmark-report/,20140712093620,The B2B Video Marketing Trend Report via Vidyard and Demand Metric,242,en,unknown,n/a,False
latchel.com,https://latchel.com/blog/3-aging-trends-real-estate-professionals-should-know/,20190922103157,3 Aging Trends Real Estate Professionals Should Know | Latchel,356,en,unknown,informational,False
latchel.com,https://latchel.com/blog/how-to-run-effective-meetings,20190719021915,How To Run Effective Meetings,471,en,pos,informational,False
latchel.com,https://latchel.com/blog/top-5-most-prosperous-us-cities,20190721020342,Top 5 Most Prosperous US Cities,64,en,pos,n/a,False
latchel.com,https://latchel.com/blog/latchels-leadership-principles/,20190916171022,Latchel's Leadership Principles | Latchel,756,en,unknown,culture_hiring,False
latchel.com,https://latchel.com/blog/4-real-estate-tech-trends-and-how-to-improve-your-business-without-buying-into-them,20190721023405,4 Real Estate Tech Trends (and how to improve your business without buying into them),794,en,pos,informational,True
angel.co,https://angel.co/blog/how-remote-work-impacts-employees-with-disabilities,20190627200107,How Remote Work Impacts Employees With Disabilities,893,en,unknown,informational,True
angel.co,https://angel.co/blog/venture-returns,20191211195659,Startup Growth and Venture Returns: What We Found When We Analyzed Thousands of VC Deals,568,en,unknown,informational,True
angel.co,https://angel.co/blog/how-to-hire-world-class-engineers,20190317230442,How To Hire World-Class Engineers,2144,en,pos,informational,True
angel.co,https://angel.co/blog/best-first-jobs-in-tech,20180916044925,Midstage Startups Are Your Best First Job In Tech,2256,en,pos,informational,True
authy.com,https://authy.com/blog/authy-desktop-now-available-in-beta-for-linux/,20200421205754,Authy Desktop now available in Beta for Linux - Authy,394,en,neg,news_pr_h,False
authy.com,https://authy.com/blog/protecting-the-front-door-to-your-app-the-login/,20170525041910,Two-Factor Authentication News • Authy,556,en,unknown,informational,True
authy.com,https://authy.com/blog/push-your-account-security-into-the-modern-age-two-factor-authentication/,20171114095532,Two-Factor Authentication News • Authy,970,en,unknown,informational,True
authy.com,https://authy.com/blog/multi-device/,20200421201850,New Phone? Lost Phone? Our Multi-Device Feature Keeps You 2FA-Ready! - Authy,520,en,unknown,informational,True
authy.com,https://authy.com/blog/merge-github-pull-requests-with-authy-onetouch/,20190719020300,Merge GitHub Pull Requests with Authy OneTouch - Authy,285,en,unknown,n/a,False
boostedboards.com,https://blog.boostedboards.com/boosted-stealth-best-all-around-electric-longboard/,20191016102004,Boosted Stealth: Best All-Around Electric Longboard,39,en,pos,n/a,False
boostedboards.com,https://blog.boostedboards.com/routine-maintenance/,20191016091701,Boosted Boards - Routine Maintenance,231,en,unknown,n/a,False
boostedboards.com,https://blog.boostedboards.com/preparing-to-ride/,20190719040828,Preparing To Ride Your Boosted Board,276,en,unknown,n/a,False
boostedboards.com,https://blog.boostedboards.com/anticipation-boosted-scooter/,20190719033245,Rethink How You Get There - Part 3 - Boosted Boards,27,en,unknown,n/a,False
boostedboards.com,https://blog.boostedboards.com/job/video-editor-motion-graphic-artist-contract/,20190719035241,Video Editor & Motion Graphic Artist (Contract) - Boosted Boards,334,en,unknown,culture_hiring,False
500friends.com,http://www.500friends.com:80/blog/2013/12/16/Crafting-Your-Loyalty-Programs-Business-Case-8-Non-Obvious-Benefits,20160130070006,Crafting Your Loyalty Programs Business Case: 8 Non-Obvious Benefits,632,en,unknown,informational,True
500friends.com,http://www.500friends.com/blog/2012/09/18/The-500friends-Blog-Dedicated-to-Lifetime-Value-for-Retail,20160513204703,The 500friends Blog: Dedicated to Lifetime Value for Retail,240,en,unknown,n/a,False
500friends.com,http://www.500friends.com:80/blog/2013/06/25/Case-Study-Overcoming-Discount-Addiction,20170730225317,Case Study: Overcoming Discount Addiction,428,en,unknown,case_study,False
500friends.com,http://500friends.com/blog/2018/01/03/Dentsu-Aegis-Network-Acquires-Promotions-and-Loyalty-Solutions-Provider-HelloWorld-Bolstering-Merkle%E2%80%99s-People-Based-Marketing-Capabilities,20190522001211,"Dentsu Aegis Network Acquires Promotions and Loyalty Solutions Provider HelloWorld, Bolstering Merkle’s People-Based Marketing Capabilities",364,en,unknown,news_pr,False
500friends.com,http://www.500friends.com:80/blog/2017/01/11/Webinar-5-Technology-Trends-Driving-Engagement-Based-Loyalty,20170304034646,Webinar: 5 Technology Trends Driving Engagement-Based Loyalty,227,en,neg,n/a,False
embed.ly,http://blog.embed.ly/post/48215162717/encryption-project-uses-embedly-extract-to-preprocess,20130509134257,Encryption Project Uses Embedly Extract to Preprocess Articles - Embedly Blog,418,en,unknown,case_study,False
embed.ly,http://blog.embed.ly/boston-hack-day,20110305003326,Boston Hack Day,290,en,unknown,n/a,False
embed.ly,http://blog.embed.ly/post/45149861522/a-conversation-with-gerald,20130605092332,A Conversation with Gerald - Embedly Blog,427,en,unknown,opinion_essay,False
embed.ly,http://blog.embed.ly:80/post/50918299861/how-embeds-make-tumblr-so-addictive,20130614040321,How embeds make Tumblr so addictive - Embedly Blog,455,en,unknown,informational,False
embed.ly,http://blog.embed.ly:80/oembed-support-for-twitters-blackbird-pie,20100706211151,oEmbed support for Twitter's Blackbird Pie,57,en,unknown,n/a,False
singlestore.com,https://www.singlestore.com/blog/aws-translate-and-singlestore/,20211215164306,AWS Translate and SingleStore,1464,en,unknown,informational,True
singlestore.com,https://www.singlestore.com/blog/celebrating-singlestore-successes/,20220712165907,A Moment (or Two) to Celebrate as SingleStore Makes a Big Announcement,720,en,neg,news_pr_h,False
singlestore.com,https://www.singlestore.com/blog/data-science-summit/,20220817172840,Join SingleStore at the Data Science Summit in San Francisco,413,en,unknown,news_pr,False
singlestore.com,https://www.singlestore.com/blog/database-sharding-vs-partitioning-whats-the-difference/,20211101185853,Database Sharding vs. Partitioning: What’s the Difference?,1163,en,pos,informational,True
singlestore.com,https://www.singlestore.com/blog/designing-for-a-database-whats-beyond-the-query/,20220722205408,Designing for a Database: What’s Beyond the Query?,1659,en,unknown,informational,True
instrumentl.com,https://www.instrumentl.com/blog/partnership-pays-for-grant-success,20210726173211,"Partnership Pays! 5 Ways Partnering Builds More Grants Success, Faster with Maryn Boess",12854,en,neg,news_pr_h,False
instrumentl.com,https://www.instrumentl.com/blog/grant-proposal-narratives,20220809235747,What is a Proposal Narrative? Grant Writing 101,2516,en,pos,informational,True
instrumentl.com,https://www.instrumentl.com/blog/whats-the-difference-between-501c6-and-501c3,20220929004632,What is the Difference Between a 501c6 and 501c3?,1491,en,pos,informational,True
instrumentl.com,https://www.instrumentl.com/blog/how-to-write-general-operating-grant-proposals,20220813063517,How to Write a General Operating Grant Proposal in 2022,1937,en,pos,informational,True
instrumentl.com,https://www.instrumentl.com/blog/how-to-go-from-zero-to-hero-grant-strategy,20210726172604,How to Go From Zero to Hero with Your Grant Strategy,10290,en,pos,informational,True
custora.com,https://www.custora.com/blog/story/what-googles-inbox-means-for-email-marketing-teams,20191105230124,What Google's Inbox Means for Email Marketing Teams,748,en,unknown,informational,True
custora.com,https://www.custora.com/blog/discount-downward-spiral-part-3-full-price-growth,20190717205912,"Escape the Discount Downward Spiral, Part 3: Full-Price Growth",1128,en,unknown,informational,True
custora.com,https://www.custora.com/blog/discount-downward-spiral-excess-inventory,20190717205632,"Escape the Discount Downward Spiral, Part 1: Solving for Excess Inventory",950,en,unknown,informational,True
custora.com,https://www.custora.com/blog/story/lessons-from-andrea-wasserman-gm-ecommerce-at-hudsons-bay-and-lord-taylor,20190826075144,"Lessons from Andrea Wasserman, GM eCommerce at Hudson's Bay and Lord & Taylor",224,en,unknown,n/a,False
custora.com,https://www.custora.com/blog/four-steps-to-solve-one-time-buyer-prob-0-0,20190821031359,"4 Steps to Solving the One-Time Buyer Problem, Part III",1152,en,pos,informational,True
soundboks.com,https://www.soundboks.com/blog/article/customize-dressed-for-success/,20201001064947,Customize: Adding Foil,476,en,unknown,informational,False
soundboks.com,https://www.soundboks.com/blog/article/meet-the-team-mikkel/,20200804220759,Meet the Team | Mikkel,772,en,unknown,culture_hiring,False
soundboks.com,https://www.soundboks.com/blog/article/meet-the-team-stephen/,20210508141956,Meet the Team | Stephen,1091,en,unknown,culture_hiring,False
soundboks.com,https://www.soundboks.com/blog/article/meet-the-team-michael/,20210728201150,Meet the Team | Michael,982,en,unknown,culture_hiring,False
soundboks.com,https://www.soundboks.com/blog/article/to-the-beat-of-the-drum/,20200804223412,To the Beat of the Drum,768,en,unknown,culture_hiring,False
signoz.io,https://signoz.io/blog/docker-stats/,20220629140845,Docker Stats | Understand how to monitor Docker Metrics with docker stats | SigNoz,1186,en,pos,informational,True
signoz.io,https://signoz.io/blog/aws-xray-vs-jaeger,20210920204339,"AWS X-Ray vs Jaeger - key features, differences and alternatives | SigNoz",1267,en,pos,informational,True
signoz.io,https://signoz.io/blog/mysql-monitoring-tools/,20220618162017,Top 11 MYSQL monitoring tools in 2022 [open-source included] | SigNoz,1295,en,pos,informational,True
signoz.io,https://signoz.io/blog/community-update-13/,20220705012204,"1000+ Community Members, Async APIs for retention settings & improved UI - SigNal 13 | SigNoz",951,en,unknown,product_announcement,False
signoz.io,https://signoz.io/blog/community-update-15/,20220816141616,One-stop Open Source Observability is now a reality with Log Management in SigNoz - SigNal 15 | SigNoz,868,en,unknown,product_announcement,False
perlara.com,https://www.perlara.com/blog/pompe-disease-fly-model/,20190722083755,Modeling Pompe disease in flies,1245,en,unknown,news_pr,False
perlara.com,https://www.perlara.com/blog/2018-ngly1-conference-recap/,20190722083955,GSF 2018 NGLY1 Conference,790,en,neg,news_pr_h,False
perlara.com,https://www.perlara.com/blog/2015-burn-rate/,20170711085143,2015 burn rate - Perlara,737,en,unknown,news_pr,False
perlara.com,https://www.perlara.com/blog/niemann-pick-disease-type-c/,20210514204338,Niemann-Pick Type C Lysosomal Storage Disorder,445,en,unknown,informational,False
perlara.com,https://www.perlara.com/blog/the-secret-that-lies-within-our-genomes/,20200812002603,The secret that lies within our genomes - Perlara,870,en,unknown,informational,True
goteleport.com,https://goteleport.com/resources/guides/connecting-iot-devices-to-go-teleport/,20220121071650,How to Connect IoT Devices to Teleport | Teleport,1269,en,pos,informational,True
goteleport.com,https://goteleport.com/resources/podcast/access-control-mario-loria-carta/,20210920164308,Access Control Podcast: Episode 9,11108,en,unknown,informational,True
goteleport.com,https://goteleport.com/resources/podcast/access-control-dave-mangot/,20210430213416,Access Control Podcast: Episode 2,7912,en,unknown,informational,True
goteleport.com,https://goteleport.com/resources/videos/why-you-need-ditch-passwords-private-keys-all-other-forms-secrets/,20221006180905,"Why You Need to Ditch Passwords, Private Keys, and All Other Forms of Secrets | Teleport",8678,en,pos,informational,True
goteleport.com,https://goteleport.com/resources/videos/introducing-database-access/,20210317192108,Introducing Teleport Database Access,8079,en,neg,news_pr_h,False
postscript.io,https://postscript.io/blog/determining-value-sms,20220309165424,How to Find and Maximize the Best SMS Pricing for your Brand,1606,en,pos,informational,True
postscript.io,https://postscript.io/blog/series-c-funding-announcement,20220615172523,We’ve Raised $65M in Series C Funding—Here’s What’s Next for Us,424,en,neg,news_pr_h,False
postscript.io,https://www.postscript.io/blog/collect-more-sms-subscribers-with-wheelios-spin-to-win-pop-up/,20201022203458,Become a Postscript Certified Partner Today!,304,en,unknown,product_announcement,False
postscript.io,https://postscript.io/blog/april-drop-recap,20220429170253,April Drop Product Launch Event Recap,2278,en,neg,news_pr_h,False
postscript.io,https://postscript.io/blog/what-sms-marketers-need-to-know-ios-16,20220919183538,What SMS Marketers Actually Need to Know About iOS 16,776,en,unknown,informational,True
rethinkdb.com,http://rethinkdb.com:80/blog/rethinkdb-windows-preview/,20160212201914,Developer Preview: RethinkDB now available for Windows,1118,en,neg,news_pr_h,False
rethinkdb.com,http://www.rethinkdb.com/blog/rebench-cutting-through-the-myths-of-io-performance/,20130116074243,Rebench: cutting through the myths of I/O performance,727,en,unknown,product_announcement,False
rethinkdb.com,http://rethinkdb.com/blog/angular2-typescript/,20160304051543,How Angular is reinventing itself with version 2 and TypeScript,2194,en,neg,news_pr_h,False
rethinkdb.com,http://www.rethinkdb.com:80/blog/what-is-rethinkdb/,20150417202842,RethinkDB in under two minutes,55,en,pos,n/a,False
rethinkdb.com,http://www.rethinkdb.com:80/blog/rethinkdb-wire-protocol-call-for-comments/,20121203015639,Call for comments,1016,en,unknown,product_announcement,False
vendoo.co,http://blog.vendoo.co/upcoming-reseller-events-virtual-and-live-events-you-cant-miss,20210811150725,Upcoming Reseller Events: Virtual and Live Events You Can't Miss,789,en,neg,news_pr_h,False
vendoo.co,http://blog.vendoo.co/5-things-you-didnt-know-you-could-do-with-vendoo,20211024004948,5 Things You Didn’t Know You Could Do With Vendoo (Part 1),996,en,pos,informational,True
vendoo.co,http://blog.vendoo.co/5-tips-for-being-sustainable-as-a-reseller,20210714182052,5 Tips for Being Sustainable as a Reseller,1248,en,pos,informational,True
vendoo.co,https://blog.vendoo.co/online-consignment-how-to-sell-with-thredup,20221125190205,Online Consignment: How to Sell with ThredUp,1401,en,pos,informational,True
vendoo.co,https://blog.vendoo.co/selling-trends-on-etsy-for-2022,20211222161557,Selling Trends on Etsy for 2022,766,en,unknown,informational,True
magicbell.com,https://www.magicbell.com/blog/how-to-use-firebase-to-send-push-notifications,20220504155119,How to Use Firebase to Send Push Notifications,2008,en,pos,informational,True
magicbell.com,https://www.magicbell.com/blog/examples-of-highly-effective-browser-notifications,20220706092310,5 Examples of Highly Effective Browser Notifications,1262,en,pos,informational,True
magicbell.com,https://magicbell.com/blog/how-to-set-up-android-push-notifications,20211016003934,How to Set Up Android Push Notifications,902,en,pos,informational,True
magicbell.com,https://magicbell.com/blog/the-ycombinator-experience-remote-edition,20210507100906,The YCombinator Experience - Remote Edition,1599,en,unknown,opinion_essay,False
magicbell.com,https://www.magicbell.com/blog/best-presentation-software-tools,20220706110001,The 50 Best Presentation Software Tools,2770,en,pos,informational,True
fly.io,https://fly.io/blog/how-we-built-fly-postgres/,20221129201832,How We Built Fly Postgres,2745,en,unknown,informational,True
fly.io,https://fly.io/blog/flyctl-meets-json/,20200928154422,Flyctl meets JSON,906,en,unknown,product_announcement,False
fly.io,https://fly.io/blog/logbook-2022-05-13/,20220514032319,Logbook - 2022-05-13,441,en,unknown,product_announcement,False
fly.io,https://fly.io/blog/logbook-2022-05-05/,20220505193733,Logbook - 2022-05-05,837,en,unknown,product_announcement,False
fly.io,https://fly.io/blog/love-letter-react/,20221102183059,A love letter to React,2306,en,unknown,opinion_essay,False
loopt.com,http://www.loopt.com:80/blog/2008/09/its-time-for-loopt-mix/,20111020201310,It's Time for Loopt Mix!,316,en,unknown,product_announcement,False
loopt.com,http://www.loopt.com:80/blog/2011/01/discoverthemusic-sf-and-la/,20121226141451,"SF and LA, Get Ready to Party with Loopt, HP and Universal Music Group",529,en,unknown,news_pr,False
loopt.com,http://www.loopt.com:80/blog/2010/08/sxsw-already-yes%E2%80%94vote-for-loopt/,20130304060737,"SXSW, already? Yes—Vote for Loopt!",209,en,unknown,n/a,False
loopt.com,http://www.loopt.com:80/blog/2011/08/mlb-umg-loopt/,20111004214102,whaa?! Baseball Fans Score Free Music and Android Smartphones from Loopt,280,en,unknown,n/a,False
loopt.com,http://www.loopt.com/blog/2010/07/7500-video-contest-for-loopt-star-show-us-what-you%e2%80%99ve-got/,20130224131355,$7500 Video Contest for Loopt Star. Show Us What You’ve Got!,137,en,unknown,n/a,False
vayable.com,http://blog.vayable.com:80/2011/05/21/reclaiming-the-magic-of-travel-at-finca-rio-perla-in-costa-rica-2/,20120701105714,Reclaiming the magic of travel at Finca Rio Perla in Costa Rica,143,en,unknown,n/a,False
vayable.com,http://blog.vayable.com:80/2012/09/17/the-explore-local-mumbai-guide/,20120930233330,The Explore Local Mumbai Guide,447,en,pos,informational,False
vayable.com,http://blog.vayable.com/2011/08/02/explorer-perspectives-ian-edlind-scales-the-hills-of-sf-with-vayable/,20130521191342,Explorer Perspectives: Ian Edlind Scales the Hills of SF with Vayable,403,en,unknown,case_study,False
vayable.com,http://blog.vayable.com/2011/06/23/a-vayable-idea-street-art-talk-and-community-mixer/,20130509103417,A Vayable Idea: Street Art Talk and Community Mixer,221,en,unknown,n/a,False
vayable.com,http://blog.vayable.com/2011/08/09/explorer-perspectives-does-wanderlust-ever-go-away/,20130509161031,Explorer Perspectives: Does Wanderlust Ever Go Away?,654,en,unknown,opinion_essay,False
42floors.com,http://42floors.com:80/blog/is-this-what-its-supposed-to-feel-like/,20130428231819,Is this what it’s supposed to feel like?,488,en,unknown,opinion_essay,False
42floors.com,https://42floors.com/blog/uncategorized/still-traumatized-by-classrooms,20160419065214,Still Traumatized By Classrooms,1012,en,unknown,opinion_essay,False
42floors.com,http://42floors.com:80/blog/posts/reclaiming-your-commute,20120418012053,Reclaiming your commute,641,en,unknown,opinion_essay,False
42floors.com,https://42floors.com/blog/startups/how-to-break-into-startups,20160305003842,How to break into startups,1545,en,pos,informational,True
42floors.com,https://42floors.com/blog/uncategorized/manual-scaling,20160325174734,Manual Scaling,483,en,unknown,informational,False
tranquifinanzas.com,https://tranquifinanzas.com/blog/deudas/historial-crediticio/,20190723203140,Todo lo que debes saber sobre tu Historial Crediticio,2223,es,unknown,n/a,False
tranquifinanzas.com,https://tranquifinanzas.com/blog/deudas/por-que-niegan-un-credito-y-que-hacer/,20190923033723,5 razones por las que te niegan un crédito y qué hacer para que te aprueben un préstamo,1331,es,unknown,n/a,False
tranquifinanzas.com,https://tranquifinanzas.com/blog/deudas/que-hacer-si-no-puedo-pagar-las-deudas-a-causa-del-coronavirus-covid-simulador-alivios-financieros/,20200919113751,Simulador de alivios financieros: ¿Qué hacer si no puedo pagar las deudas como antes? | Tranqui | Finanzas Personales,1863,es,unknown,n/a,False
tranquifinanzas.com,https://tranquifinanzas.com/blog/deudas/tipos-de-tarjeta-visa/,20190823190622,Todo lo que debes saber a la hora de escoger tu Tarjeta de Crédito Visa,1310,es,unknown,n/a,False
tranquifinanzas.com,https://tranquifinanzas.com/blog/gastos/precio-ancla-en-finanzas-personales/,20190723200841,"Cuídate del precio ancla, o de la primera información que obtengas",769,es,unknown,n/a,False
circa.co,https://www.circa.co/blog/your-demand-generation-and-field-marketing-event-planning-checklist,20211019162917,Your Demand Generation and Field Marketing Event Planning Checklist | Circa Blog,154,en,neg,n/a,False
circa.co,https://www.circa.co/blog/how-to-win-event-marketing-hero-points,20200804080044,How you can win event hero points today,864,en,neg,news_pr_h,False
circa.co,https://www.circa.co/blog/event-marketing-strategy-in-2020,20201030164152,How to create an effective event marketing strategy in 2020,1806,en,neg,news_pr_h,False
circa.co,https://www.circa.co/blog/how-to-evaluate-conferences-as-a-potential-sponsor,20210928142917,How to evaluate conferences as a potential sponsor,850,en,neg,news_pr_h,False
circa.co,https://www.circa.co/blog/demand-generation-planning-strategy-to-engage-customers-prospects-and-partners,20210929174957,"Demand Generation Planning Strategy to Engage Customers, Prospects, and Partners",300,en,unknown,informational,False
lendup.com,http://www.lendup.com:80/blog/lendup-launches-in-mississippi.html,20140416021525,LendUp Launches in Mississippi,140,en,neg,n/a,False
lendup.com,http://www.lendup.com:80/blog/lendup-talks-tyra-fennell.html,20180528133545,"Tyra Fennell on Art, Community and Economic Activation",1015,en,unknown,informational,True
lendup.com,http://www.lendup.com:80/blog/journey-to-obtain-a-payday-loan.html,20121030014115,Journey to obtain a payday loan,749,en,unknown,opinion_essay,False
lendup.com,https://www.lendup.com/blog/protecting-against-identity-fraud.html.html,20190719171019,Protecting Yourself From Identity Fraud | LendUp Blog,799,en,unknown,informational,True
lendup.com,https://www.lendup.com/blog/LendUp-Announces-Partnerships-to-Further-Customer-Financial-Health.html,20190920015040,LendUp Announces Partnerships to Further Customer Financial Health | LendUp Blog,861,en,neg,news_pr_h,False
makeschool.com,https://www.makeschool.com/blog/introducing-make-school,20190719103053,Introducing Make School,436,en,neg,news_pr_h,False
makeschool.com,https://www.makeschool.com/blog/top-8-colleges-with-projectbased-computer-science-degree-programs,20190719100408,Top 8 Colleges with Project-Based Computer Science Degree Programs,655,en,pos,informational,True
makeschool.com,https://www.makeschool.com/blog/dreaming-big-with-lynne-okada,20190823173633,Dreaming Big with Lynne Okada,762,en,unknown,case_study,False
makeschool.com,https://www.makeschool.com/blog/how-to-get-started-with-programming-in-2021,20210209004606,How to Get Started With Programming in 2021,826,en,pos,informational,True
makeschool.com,https://www.makeschool.com/blog/4-things-to-consider-before-choosing-a-college,20190818040017,4 Things to Consider Before Choosing a College,926,en,pos,informational,True
gigster.com,https://gigster.com/blog/is-automl-worth-it-the-risks-of-deploying-machine-learning-models-you-dont-understand/,20220522195417,Is AutoML Worth It? The Risks of Deploying Machine Learning Models You Don’t Understand,1353,en,unknown,informational,True
gigster.com,https://gigster.com/blog/gamestop-wallet-and-crypto-adoption/,20220626202846,What the GameStop Wallet Means for Mass Crypto Adoption and Gaming | Gigster,1141,en,unknown,informational,True
gigster.com,https://gigster.com/blog/lessons-from-innovating-in-a-large-organization,20190822042642,Lessons from Innovating in a Large Organization,42,en,unknown,n/a,False
gigster.com,https://gigster.com/blog/driving-adoption-in-web3/,20220612175957,Driving adoption in Web3 | Gigster,539,en,unknown,informational,True
gigster.com,https://gigster.com/blog/newsroom/leading-service-integrator-gigster-partners-with-blockchain-tooling-provider-tatum/,20220522210201,Leading Service Integrator Gigster Partners with Blockchain Tooling Provider Tatum,544,en,unknown,news_pr,False
betterhalf.ai,https://blog.betterhalf.ai/ready-to-finally-meet-your-quarantine-online-lover-after-lockdown-follow-these-tips-to-hit-it-off-on-the-right-note/,20201204085410,Ready to finally meet your quarantine online lover after lockdown? Follow these tips to hit it off on the right note - Betterhalf.ai,900,en,unknown,informational,True
betterhalf.ai,https://blog.betterhalf.ai/a-fools-guide-to-avg-antivirus-review-explained/,20191021195703,A Fool’s Guide to Avg Antivirus Review Explained,666,en,pos,informational,True
betterhalf.ai,https://blog.betterhalf.ai/share-your-love-story/,20210421021916,Share your love story - Betterhalf.ai,36,en,unknown,n/a,False
betterhalf.ai,https://blog.betterhalf.ai/no-fraaaandship-please-a-complete-guide-on-what-not-to-say-to-women-online/,20190820114521,No ‘fraaaandship’ Please: A Complete Guide on what not to say to women online,507,en,pos,informational,True
betterhalf.ai,https://blog.betterhalf.ai/remove-your-rosy-glasses-its-time-to-spot-the-obvious-red-flags-we-ignore-in-a-relationship/,20201204071705,"Remove your rosy glasses, it’s time to spot the obvious red-flags we ignore in a relationship - Betterhalf.ai",1031,en,unknown,informational,True
doublerobotics.com,http://blog.doublerobotics.com:80/nasa-wants-you-to-interact-with-their-double,20140725104721,NASA wants you to interact with their Double!,66,en,unknown,n/a,False
doublerobotics.com,http://blog.doublerobotics.com/unboxing-by-cali-lewis-on-geekbeat-1,20160901145359,Unboxing by Cali Lewis on GeekBeat,28,en,unknown,n/a,False
doublerobotics.com,https://blog.doublerobotics.com/first-production-run-of-double-has-sold-out-new-orders-shipping-early-2013,20200810112658,First production run of Double has sold out! New orders shipping early 2013.,134,en,unknown,n/a,False
doublerobotics.com,http://blog.doublerobotics.com/blog/2012/8/16/welcome-double-update,20130129043656,First production run of Double has sold out! New orders shipping early 2013.,148,en,neg,n/a,False
doublerobotics.com,http://blog.doublerobotics.com/2012/9/20/grishin-robotics-invest-250000-into-double-robotics,20121110003801,"Grishin Robotics invest $250,000 into Double Robotics",620,en,unknown,news_pr,False
codecademy.com,http://www.codecademy.com:80/blog/66-introducing-your-new-profile,20130428074715,Introducing your new profile,285,en,neg,n/a,False
codecademy.com,http://www.codecademy.com:80/blog/73-code-in-the-classroom,20130608031051,Code in the Classroom,272,en,unknown,n/a,False
codecademy.com,http://www.codecademy.com:80/blog/53-downtime-on-codecademy,20130217093239,Downtime on Codecademy,667,en,unknown,news_pr,False
codecademy.com,http://www.codecademy.com:80/blog/23-keep-the-streak-alive,20120722021619,Codecademy,164,en,unknown,n/a,False
codecademy.com,http://www.codecademy.com/blog/111-codecademy-at-hackmit,20131005215104,Codecademy at HackMIT,153,en,unknown,n/a,False
queenly.com,https://queenly.com/blog/must-have-summer-formalwear,20220712140758,15 Must-Have Summer Styles: Formalwear Edition,1090,en,unknown,informational,True
queenly.com,https://queenly.com/blog/2022-vma-nominations-fashion,20220821160525,2022 VMA Nominations and Fashion Predictions,2440,en,unknown,informational,True
queenly.com,https://queenly.com/blog/girls-night-out-outfits,20220812130954,How To Dress for a Girls Night Out,1502,en,pos,informational,True
queenly.com,https://queenly.com/blog/win-your-dress-memorial-day,20220630170344,Win Your Dress During Memorial Day Weekend,108,en,unknown,n/a,False
queenly.com,https://queenly.com/blog/andreia-gibau-interview-miss-new-york-usa,20211022184137,"Queenly Blog - Interview with Andreia Gibau, Miss New York USA",1349,en,unknown,other,False
credibook.com,https://credibook.com/blog/menggali-keunikan-produk-dengan-unique-selling-proposition,20210615155145,Menggali Keunikan Produk dengan Unique Selling Proposition,900,it,unknown,n/a,False
credibook.com,https://credibook.com/blog/bahaya-banjir-untuk-masa-depan-bisnismu,20210410110147,Bahaya Banjir untuk Masa Depan Bisnismu!,1043,it,unknown,n/a,False
credibook.com,https://credibook.com/blog/tips-sukses-jualan-online-di-tiktok-terbaru-2021,20210304180246,5 Tips Sukses Jualan Online di TikTok [Terbaru-2021],759,it,pos,n/a,False
credibook.com,https://credibook.com/blog/jooalan-kini-jadi-credistore,20210923173243,Jooalan Kini Jadi CrediStore,656,it,unknown,n/a,False
credibook.com,https://credibook.com/blog/cerita-nasrul-duduk-duduk-dapat-duit-ala-pebisnis-kredit-katapakbos,20210208135915,"Cerita Nasrul, Duduk-duduk Dapat Duit Ala Pebisnis Kredit",412,it,unknown,n/a,False
fanhero.com,https://blog.fanhero.com/blog/dont-let-third-parties-beat-you-to-the-play/,20211130141601,Don’t Let Third Parties Beat You To The Play,768,en,unknown,informational,True
fanhero.com,https://blog.fanhero.com/blog/turn-your-youtube-channel-into-a-video-on-demand-platform/,20210517123446,Turn Your YouTube Channel into A Video On Demand Platform,829,en,unknown,informational,True
fanhero.com,https://blog.fanhero.com/blog/streaming-services-are-growing-to-meet-global-need-during-the-pandemic/,20210517131856,Streaming Services are Growing to Meet Global Need During the Pandemic | FanHero,1505,en,unknown,informational,True
fanhero.com,http://blog.fanhero.com:80/how-artist-apps-help-build-brand-recognition-for-celebrities,20170808182100,How Artist Apps Help Build Brand Recognition for Celebrities,555,en,unknown,informational,True
fanhero.com,http://blog.fanhero.com:80/4-ways-to-monetize-your-social-media-presence-as-an-influencer,20170808183120,4 Ways to Monetize Your Social Media Presence as an Influencer,751,en,pos,informational,True
hatchways.io,https://www.hatchways.io/blog/from-magazine-editor-to-software,20221002200001,Pursuing Creativity - From Magazine Editor to Software Engineer,618,en,unknown,opinion_essay,False
hatchways.io,https://www.hatchways.io/blog/the-pros-and-cons-of-blind-hiring,20220521194612,The Pros and Cons of Blind Hiring,1490,en,neg,news_pr_h,False
hatchways.io,https://www.hatchways.io/blog/apprenticeships-part-2-critiques-and-the-future-of-coding-apprenticeships,20220521185915,Apprenticeships Part 2 - Critiques and the Future of Coding Apprenticeships,2704,en,unknown,informational,True
hatchways.io,https://www.hatchways.io/blog/moocs-part-1-what-are-moocs,20220521193408,MOOCs Part 1 - What are MOOCs?,1009,en,pos,informational,True
hatchways.io,https://www.hatchways.io/blog/apprenticeships-part-1,20221002183538,Apprenticeships Part 1 - What are Coding Apprenticeships?,2216,en,pos,informational,True
dailybot.com,https://www.dailybot.com/blog-post/sprint-check-in,20201029042634,Sprint Check-In Template,331,en,pos,informational,False
dailybot.com,https://www.dailybot.com/blog-post/dont-build-a-slack-bot-from-scratch-when-you-can-use-a-no-code-tool-in-2022,20220707053501,Don’t build a Slack bot from scratch when you can use a no-code tool in 2022 | DailyBot's Blog,605,en,unknown,informational,True
dailybot.com,https://www.dailybot.com/blog-post/how-to-give-kudos-to-your-remote-teams,20220429223654,How to give kudos to your remote teams and create a kudos culture | DailyBot's Blog,415,en,pos,informational,False
dailybot.com,https://www.dailybot.com/blog/case-study-dailybot-for-g-suite-users/,20200925223830,Save time in meetings with G-Suite and DailyBot,1357,en,unknown,case_study,False
dailybot.com,https://www.dailybot.com/blog-post/the-best-kudos-apps-for-slack-in-2022,20220707045934,The Best Kudos Apps for Slack in 2022 | DailyBot's Blog,583,en,pos,informational,True
lockitron.com,http://blog.lockitron.com:80/post/104856422947/firmware-fix-more-on-sense-and-bluetooth-access,20150102235427,"Firmware Fix, More on Sense and Bluetooth Access",478,en,unknown,product_announcement,False
lockitron.com,http://blog.lockitron.com:80/post/89841184342/new-android-build-in-the-play-store-shipping-to,20150304091507,"New Android Build in the Play Store, Shipping to April Estimates",675,en,unknown,product_announcement,False
lockitron.com,http://blog.lockitron.com:80/post/47231565664/tooling-and-account-activation,20150317001647,Tooling and Account Activation,472,en,unknown,product_announcement,False
lockitron.com,http://blog.lockitron.com/post/63564949149/take-a-look-at-installing-lockitron,20131218065350,Take a Look at Installing Lockitron,380,en,unknown,news_pr,False
lockitron.com,http://blog.lockitron.com:80/post/96520263742/shipment-updates-sense-progress-battery-information,20140921080943,"Shipment Updates, Sense Progress, Battery Information",573,en,unknown,product_announcement,False
powerx.co,https://powerx.co/blogs/news/noticing-your-electricity-bills-are-higher-than-usual-you-re-not-alone,20220304011836,Noticing Your Electricity Bills Are Higher Than Usual? You’re Not Alon,569,en,unknown,informational,True
powerx.co,https://powerx.co/blogs/news/5-top-tips-to-save-energy-this-fall,20210916205416,5 Top Tips to Save Energy This Fall,632,en,unknown,informational,True
powerx.co,https://powerx.co/blogs/jobs/senior-manager-customer-experience,20211207234616,"Senior Manager, Customer Experience",438,en,unknown,culture_hiring,False
powerx.co,https://powerx.co/blogs/news/understanding-why-water-utilities-are-rising-across-the-u-s,20210918003652,Understanding Why Water Costs are Rising Across the U.S.,1377,en,pos,informational,True
powerx.co,https://powerx.co/blogs/articles/how-can-universities-save-money,20220521045823,How Can Universities Save Money?,921,en,unknown,informational,True
buxfer.com,http://buxfer.com:80/blog/2007/09/25/transfer-money-between-accounts/,20071018134627,The Buxfer Post,60,en,unknown,n/a,False
buxfer.com,http://www.buxfer.com/blog/2006/10/17/buxfer-is-growing-fast/,20071107060334,The Buxfer Post,148,en,unknown,n/a,False
buxfer.com,http://www.buxfer.com:80/blog/2007/11/21/a-warm-welcome-to-windows-live-users/,20071123103049,The Buxfer Post,69,en,neg,n/a,False
buxfer.com,http://www.buxfer.com:80/blog/2007/12/16/your-private-data-stays-right-under-your-nose/,20071217210309,The Buxfer Post,194,en,unknown,n/a,False
buxfer.com,http://www.buxfer.com:80/blog/2008/07/17/bank-syncing-updates/,20080723175702,Buxfer: Blog,73,en,unknown,n/a,False
scuba.io,https://www.scuba.io/blog/why-all-your-data-should-be-raw,20220309190526,Why All Your Data Should Be Raw,1418,en,pos,informational,True
scuba.io,https://www.scuba.io/blog/7-ways-to-actually-improve-customer-effort-score,20220706013100,7 Ways to Actually Improve Customer Effort Score,1546,en,pos,informational,True
scuba.io,https://www.scuba.io/blog/business-intelligence-continuous-intelligence,20211025160639,How to Enhance Your Business Intelligence Insights and Processes,817,en,pos,informational,True
scuba.io,https://www.scuba.io/blog/5-ways-to-make-data-ingestion-easier,20220519185902,5 Ways to Make Data Ingestion Easier,1243,en,pos,informational,True
scuba.io,https://www.scuba.io/blog/customer-experience-should-be-treated-as-your-single-most-important-product,20211025174824,Treat Customer Experience Like Your Most Important Product,949,en,unknown,informational,True
pulse.qa,https://blog.pulse.qa/2019/10/18/straight-talk-with-tim-campos-former-cio-at-facebook/,20200927080551,"Straight talk with Tim Campos, former CIO at Facebook - Pulse Blog - A community for Technology Executives",5739,en,unknown,informational,True
pulse.qa,https://blog.pulse.qa/2019/10/21/cio-vs-cto-how-do-you-divide-the-responsibilities/,20200927065538,CIO vs CTO: How do you divide the responsibilities? - Pulse Blog - A community for Technology Executives,578,en,pos,informational,True
pulse.qa,https://blog.pulse.qa/2019/12/02/connecting-technology-to-people/,20191215085225,Connecting Technology to People -,1469,en,unknown,informational,True
pulse.qa,https://blog.pulse.qa/2020/04/01/mindfulness-in-it-ama-with-will-larson/,20200806131336,Mindfulness in IT: AMA with Will Larson - Pulse Blog - A community for Technology Executives,1131,en,unknown,informational,True
humaans.io,https://humaans.io/blog/how-hr-tech-can-help-your-startup-focus-on-people-and-scale-better/,20191020230341,How HR tech can help your startup focus on people and scale better,759,en,unknown,informational,True
humaans.io,https://humaans.io/blog/how-to-build-a-people-operations-budget/,20191020230422,How to build effective HR and People Operations budget,1533,en,pos,informational,True
humaans.io,https://humaans.io/blog/is-end-of-year-a-good-time-for-pay-raises-and-bonuses/,20200930152516,Is End-of-Year a Good Time for Pay Raises and Bonuses?,1832,en,neg,news_pr_h,False
humaans.io,https://humaans.io/blog/humaans-private-beta/,20191020230501,Humaans – Private Beta: help us build a product you'd love!,380,en,unknown,product_announcement,False
humaans.io,https://humaans.io/blog/hrms-vs-hris-the-difference/,20220816061905,HRMS vs HRIS: What's the Difference?,1711,en,pos,informational,True
secondmeasure.com,https://blog.secondmeasure.com/datapoints/why-stitch-fix-isnt-like-blue-apron/,20190615233453,Why Stitch Fix isn’t like Blue Apron (and how it stacks up in its own industry) - Second Measure,753,en,pos,informational,True
secondmeasure.com,http://blog.secondmeasure.com:80/2018/01/22/from-avis-to-zipcar/,20180206051333,From Avis to Zipcar: what’s driving change in how we get around,1186,en,unknown,informational,True
secondmeasure.com,http://blog.secondmeasure.com:80/2018/02/14/love-at-first-sight-with-tinder-and-bumble/,20180226042007,Online daters chase love at first sight with Tinder and Bumble,834,en,unknown,informational,True
secondmeasure.com,http://blog.secondmeasure.com/2016/04/26/chipotle-recovering-from-food-safety-scare/,20160426214039,Chipotle Recovering from Food Safety Scare,101,en,unknown,n/a,False
secondmeasure.com,https://blog.secondmeasure.com/datapoints/waitlist-drives-demand-for-tesla-model3/,20190923005102,Waitlist drives demand for Tesla’s Model 3 - Second Measure,430,en,unknown,informational,False
twotap.com,http://blog.twotap.com:80/post/77266908989/two-tap-wave-goodbye-to-amber,20140503050121,"Two Tap, wave goodbye to amber!",70,en,unknown,n/a,False
twotap.com,http://blog.twotap.com:80/post/149572502585/migrating-a-two-tap-api-integration-to-support,20160919131224,Migrating a Two Tap API integration to support international orders,562,en,unknown,informational,True
twotap.com,http://blog.twotap.com:80/post/113185313225/product-descriptions-and-returns-now-available,20150316191726,Product descriptions and returns now available,83,en,neg,n/a,False
twotap.com,http://blog.twotap.com:80/post/79382142019/two-tap-concierge-is-here-to-save-orders-on-100,20150222053403,Two Tap Concierge is here to save orders on 100+ stores,197,en,unknown,n/a,False
twotap.com,http://blog.twotap.com/post/58783407790/new-features-shipping-price-sales-tax,20150512125451,"New features - Shipping price, Sales Tax & Delivery Estimate",41,en,unknown,n/a,False
pushbullet.com,https://blog.pushbullet.com/2016/10/28/reply-to-allo-messages-from-pc/,20170130082549,Reply To Allo Messages From PC,147,en,unknown,n/a,False
pushbullet.com,http://blog.pushbullet.com:80/2013/12/10/android-app-update-to-version-12-2/,20131214043646,Android App Updated To Version 12.2,221,en,neg,n/a,False
pushbullet.com,http://blog.pushbullet.com:80/2013/02/20/dashclock-extension-out/,20130315063157,DashClock Extension Out!,128,en,unknown,n/a,False
pushbullet.com,https://blog.pushbullet.com/2014/12/10/a-better-windows-app/,20141223064016,A Better Windows App,174,en,unknown,n/a,False
pushbullet.com,https://blog.pushbullet.com/2019/02/11/updated-material-design-adaptive-icon-and-dark-mode-out-now/,20190311062052,"Updated Material Design, Adaptive Icon, And Dark Mode Out Now",451,en,unknown,product_announcement,False
duffel.com,https://duffel.com/blog/opening-up-to-open-source,20210820163139,Opening up to Open Source: Duffel Blog,423,en,unknown,product_announcement,False
duffel.com,https://duffel.com/blog/best-flight-booking-experience-british-airways-ndc,20220425165133,Give your customers the best flight booking experience with British Airways NDC,1201,en,pos,informational,True
duffel.com,https://duffel.com/blog/the-one-about-impostor-syndrome,20210802131105,What is Impostor Syndrome - Duffel Blog,2536,en,pos,informational,True
duffel.com,https://duffel.com/blog/get-high-quality-brand-compliant-airline-logos-in-our-flights-api,20221003154258,"Get high-quality, brand-compliant airline logos in our Flights API",925,en,unknown,product_announcement,False
duffel.com,https://duffel.com/blog/future-of-ndc-iata-hawaiian-airlines-alternative-airlines-duffel,20220707155844,"Perspectives on the future of NDC: IATA, Hawaiian Airlines, Alternative Airlines, and Duffel",3247,en,unknown,informational,True
devcycle.com,https://devcycle.com/blog/why-use-nest-js,20220226202600,Why Use Nest.js,791,en,pos,informational,True
devcycle.com,https://devcycle.com/blog/how-edge-flags-will-change-the-face-of-feature-management,20220913150924,How Edge Flags Will Change the Face of Feature Management,642,en,unknown,product_announcement,False
devcycle.com,https://devcycle.com/blog/what-are-feature-flags-in-devops,20220516092702,What Are Feature Flags In DevOps,1172,en,pos,informational,True
devcycle.com,https://devcycle.com/blog/what-you-need-to-know-about-feature-management-in-2022,20220516085715,What You Need to Know About Feature Management in 2022,1464,en,unknown,informational,True
devcycle.com,https://devcycle.com/blog/devcycle-releases-code-usages-github-action-to-help-keep-code-clean,20220606144402,DevCycle releases Code Usages Github action to help keep code clean,477,en,unknown,product_announcement,False
crohnology.com,http://blog.crohnology.com:80/2015/11/12/now-i-was-fearful-even-talking-about-crohns/,20160313020802,"""Now I Was Fearful Even Talking About Crohn's..."" - Crohnology Blog",589,en,unknown,opinion_essay,False
crohnology.com,http://blog.crohnology.com/2016/02/23/how-do-i-join-a-clinical-trial/,20160415100757,How Do I Join A Clinical Trial? - Crohnology Blog,539,en,unknown,informational,True
crohnology.com,http://blog.crohnology.com:80/we-moved-our-blog-18929,20120509073401,We moved our blog!,32,other,unknown,n/a,False
crohnology.com,http://blog.crohnology.com/2015/10/29/missing-important-news-sign-up-for-our-newsletter/,20190821111326,Missing important IBD news? Sign up for the Crohnology newsletter. - Crohnology Blog,233,en,unknown,n/a,False
crohnology.com,http://blog.crohnology.com:80/guest-posting-for-the-crohnology-blog/,20151222145132,Guest Posting for the Crohnology blog - Crohnology Blog,347,en,unknown,informational,False
breadcrumbs.io,https://breadcrumbs.io/blog/lead-generation-process-to-create-better-buyer-personas/,20201031154952,How to Use Your Lead Generation Process to Create Better Buyer Personas,1904,en,pos,informational,True
breadcrumbs.io,https://breadcrumbs.io/blog/cro-hire-a-chief-revenue-officer/,20201031165217,Chief Revenue Officer (CRO): 3 Reasons You Should Hire One,1545,en,pos,informational,True
breadcrumbs.io,https://breadcrumbs.io/blog/b2b-customer-retention/,20210917195743,5 Simple B2B Customer Retention Strategies (And How to Get Started),1606,en,pos,informational,True
breadcrumbs.io,https://breadcrumbs.io/blog/churn-analysis/,20210909211222,Churn Analysis: 7 Tips To Improve & Win Back Lost Users,1761,en,pos,informational,True
breadcrumbs.io,https://breadcrumbs.io/blog/predictive-lead-scoring/,20210326140500,Traditional vs Predictive Lead Scoring: Which is Right for You?,1195,en,pos,informational,True
gimbooks.com,https://gimbooks.com/blog/6-benefits-of-using-cloud-accounting-in-your-business/,20210922053821,6 Benefits Of Using Cloud Accounting In Your Business,415,en,unknown,informational,False
gimbooks.com,https://gimbooks.com/blog/frequently-asked-questions-on-e-invoice/,20210922045745,Frequently asked questions on E-invoice,446,en,unknown,informational,False
gimbooks.com,https://gimbooks.com/blog/how-to-get-a-first-time-business-loan/,20210730020208,How to get a first time business loan,581,en,pos,informational,True
gimbooks.com,https://gimbooks.com/blog/generate-e-way-bill-instantly-with-gimbooks/,20210922042726,Generate E-way Bill instantly with GimBooks,456,en,unknown,product_announcement,False
gimbooks.com,https://www.gimbooks.com/blog/difference-between-proforma-invoice-and-invoice/,20220519042732,Difference Between Proforma Invoice And Invoice,707,en,unknown,informational,True
alinea-invest.com,https://www.alinea-invest.com/blog/the-paradox-of-investing,20220520164320,The Paradox of Investing,482,en,unknown,informational,False
alinea-invest.com,https://www.alinea-invest.com/blog/what-is-compounding-in-stocks-how-compound-interest-works,20220928152204,What Is Compounding in Stocks? How Compound Interest Works? | Alinea Invest: Social Investing App for GenZ,536,en,pos,informational,True
alinea-invest.com,https://www.alinea-invest.com/blog/which-etf-does-warren-buffett-recommend-our-breakdown,20220706010739,Which ETF Does Warren Buffett Recommend: Our Breakdown- Alinea Blog,723,en,unknown,informational,True
alinea-invest.com,https://www.alinea-invest.com/blog/the-5-best-investing-books-for-beginners,20220928154054,The 5 Best Investing Books for Beginners | Alinea Invest: Social Investing App for GenZ,655,en,pos,informational,True
alinea-invest.com,https://www.alinea-invest.com/blog/top-4-best-crypto-investing-apps-reddit-recommends,20220928152026,Top 4 Best Crypto Investing Apps Reddit Recommends | Alinea Invest: Social Investing App for GenZ,543,en,pos,informational,True
joinfightcamp.com,https://joinfightcamp.com/blog/news/fightcamp-success-working-and-working-out-from-home,20201205015433,FightCamp Success: Working and Working Out From Home,816,en,unknown,case_study,False
joinfightcamp.com,http://joinfightcamp.com/blog/news/fightcamp-trainer-spotlight-shanie-rusth,20201026150741,FightCamp Trainer Spotlight: Shanie “Smash” Rusth,787,en,unknown,culture_hiring,False
joinfightcamp.com,https://joinfightcamp.com/blog/home-boxing-equipment/step-by-step-how-to-fill-your-heavy-bag-base,20210415181341,Step-By-Step: How To Fill Your Heavy Bag Base,773,en,pos,informational,True
joinfightcamp.com,https://joinfightcamp.com/blog/home-boxing-equipment/how-to-choose-the-right-punching-bag-for-your-workout,20201026150043,How to Choose the Right Punching Bag for Your Workout,1320,en,pos,informational,True
joinfightcamp.com,https://joinfightcamp.com/blog/news/how-to-use-at-home-workouts-to-supplement-your-gym-or-studio-time,20201126061337,How to Use At-Home Workouts to Supplement Your Gym or Studio Time,1050,en,pos,informational,True
sperofoods.co,https://sperofoods.co/blogs/news/stuffed-mushrooms,20210123002909,Stuffed Shrooms,203,en,unknown,n/a,False
sperofoods.co,https://sperofoods.co/blogs/news/birthday-cake-frosted-cookie,20211205072712,Birthday Cake Frosted Cookie,135,en,unknown,n/a,False
sperofoods.co,https://sperofoods.co/blogs/news/vegan-chicken-tikka-masala,20210119170858,Tikka Masala,282,en,unknown,n/a,False
sperofoods.co,https://sperofoods.co/blogs/news/maple-chipotle-jackfruit-nachos,20211204153318,Spero | Plant-Based Recipe | Maple Chipotle Jackfruit Nachos,184,en,unknown,n/a,False
sperofoods.co,https://sperofoods.co/blogs/news/strawberry-shortcake-oatmeal,20210128015607,Strawberry Oatmeal,122,en,unknown,n/a,False
zuddl.com,https://www.zuddl.com/blog/top-6-things-virtual-event-attendees-complain-about-the-most-and-how-to-prevent-them,20211228142415,Top 6 things virtual event attendees complain about the most - and how to prevent them | Zuddl Blog,1360,en,neg,news_pr_h,False
zuddl.com,https://www.zuddl.com/blog/12-virtual-events-done-right,20210622082434,12 virtual events done right | Zuddl Blog,926,en,neg,news_pr_h,False
zuddl.com,https://www.zuddl.com/blog/reasons-why-to-use-nfts-at-your-next-hybrid-or-virtual-event,20221129211414,The gamechanger: how NFTs can change the way we attend virtual events,1149,en,neg,news_pr_h,False
zuddl.com,https://www.zuddl.com/blog/virtual-event-platform,20211129200357,10 questions to ask when choosing a virtual event platform | Zuddl Blog,1449,en,neg,news_pr_h,False
zuddl.com,https://www.zuddl.com/blog/10-things-to-consider-for-selecting-the-virtual-event-platform,20221129205256,Top 10 Things to Consider Before Selecting a Virtual Event Platform | Zuddl,1433,en,neg,news_pr_h,False
datree.io,https://www.datree.io/resources/pull-request-description,20191020134537,Enforce Pull Request descriptions with Datree,113,en,unknown,n/a,False
datree.io,https://www.datree.io/resources/git-push-force,20200921002425,How to use git push force the right way,1535,en,pos,informational,True
datree.io,https://www.datree.io/resources/git-undo-merge,20200921002245,Git undo merge [a Git commands tutorial],919,en,pos,informational,True
datree.io,https://www.datree.io/resources/kubernetes-policies-to-prevent-misconfigurations,20201125052609,Built-in Kubernetes Policies for Preventing Misconfigurations,1257,en,neg,news_pr_h,False
datree.io,https://www.datree.io/resources/kubernetes-error-codes-container-not-found,20220225122104,Kubernetes Error Codes: Container Not Found | Datree.io,1239,en,unknown,informational,True
caremessage.org,https://www.caremessage.org/blog/post/voter-webinar,20201126014634,Webinar: Empowering Underserved Patients to Vote Through Text Messaging and Digital Resources,159,en,neg,n/a,False
caremessage.org,https://www.caremessage.org/blog/post/response-to-covid19-from-the-caremessage-team,20200603040436,Response to COVID-19 from the CareMessage Team,858,en,unknown,news_pr,False
caremessage.org,https://www.caremessage.org/blog/post/february-news-roundup-0,20210925123839,"February News Roundup: Walmart Expansion Potentially Threatens FQHC Mental Health Staffing, and Food Insecurity Spotlighted as Social Determinant of H",925,en,unknown,informational,True
caremessage.org,https://www.caremessage.org/blog/post/cio-webinar-leveraging-technology-to-achieve-the-quadruple-aim,20210925113933,CIO Webinar: Leveraging Technology to Achieve the Quadruple Aim,263,en,neg,n/a,False
caremessage.org,https://www.caremessage.org/blog/post/sdoh-webinar-1,20200812083417,Webinar: A Holistic Approach to Patient Care: Treating the Social Determinants of Health,151,en,neg,n/a,False
payflow.es,https://www.payflow.es/blog-posts/adaptacion-talento-y-reinvencion,20210416025109,"Adaptación, Talento y Reinvención",1083,es,unknown,n/a,False
payflow.es,https://www.payflow.es/blog-posts/payflow-talks-3,20210416033519,Payflow Talks #3,55,es,unknown,n/a,False
payflow.es,https://www.payflow.es/blog-post/motivacion-compromiso-y-liderazgo,20210305105117,"Motivación, Compromiso y Liderazgo",1401,es,unknown,n/a,False
payflow.es,https://www.payflow.es/blog-posts/cuanto-seguro-de-vida-necesito,20210416020651,¿Cuánto seguro de vida necesito?,264,es,unknown,n/a,False
payflow.es,https://www.payflow.es/blog-posts/que-es-el-employer-branding,20210625125222,¿Qué es el Employer Branding?,424,es,unknown,n/a,False
zeorouteplanner.com,https://zeorouteplanner.com/blog/how-to-plan-a-route-for-multiple-destinations-in-google-maps/,20210205132159,How to plan a route for multiple destinations in Google Maps,1276,en,pos,informational,True
zeorouteplanner.com,https://zeorouteplanner.com/blog/zeo-route-planner-app-review-on-free-apps-forme/,20220702103816,Zeo Route Planner App Review on Free Apps Forme | Zeo Route Planner,374,en,unknown,informational,False
zeorouteplanner.com,https://zeorouteplanner.com/blog/how-can-routing-software-help-you-match-with-the-e-commerce-boom-in-2021/,20210223215426,How can routing software help you match with the e-commerce boom in 2021,1602,en,unknown,informational,True
zeorouteplanner.com,https://zeorouteplanner.com/blog/how-to-reduce-last-mile-delivery-costs/,20210129134209,How to reduce last mile delivery costs,1242,en,pos,informational,True
zeorouteplanner.com,https://zeorouteplanner.com/blog/how-to-add-stops-by-typing/,20211128105554,How to add stops by Typing ? | Zeo Route Planner,165,en,pos,n/a,False
lofty.ai,https://www.lofty.ai/blog/why-lofty-uses-blockchain-technology-to-democratize-real-estate-investing,20220622221525,Buy Tokenized Real Estate | Lofty AI Investing App,9,en,pos,n/a,False
lofty.ai,https://www.lofty.ai/blog/what-is-a-decentralized-autonomous-organization-including-dao-nft-crypto-blockchain-meaning-example-and-benefits,20220407070945,Buy Tokenized Real Estate | Lofty AI Investing App,9,en,pos,n/a,False
lofty.ai,https://www.lofty.ai/blog/real-estate-investing-101-for-beginners,20200813203530,Real estate investing 101: Tips for Beginners,1952,en,pos,informational,True
lofty.ai,https://www.lofty.ai/blog/condo-vs-townhouse,20200813203452,Condo vs. Townhouse: Which is a Better Investment?,753,en,pos,informational,True
lofty.ai,https://www.lofty.ai/blog/october-2022-incentive,20221020064000,October Incentive: Earn 5-7% Extra APY on New Property Launches (until Oct. 30th) | Lofty | Real Estate Blog,9,en,neg,n/a,False
trycelery.com,http://blog.trycelery.com:80/part-1-step-by-step-guide-to-marketing-your-crowdfund-optimizing-landing-pages/,20150822184948,Step-by-Step Guide to Marketing Your Crowdfund. Part 1: Optimizing Landing Pages,1178,en,pos,informational,True
trycelery.com,http://blog.trycelery.com:80/post/77306301454/convergence-what-happens-when-virtual-realities-take,20140308050104,Convergence: What happens when virtual realities take over?,1218,en,unknown,informational,True
trycelery.com,http://blog.trycelery.com:80/coolest-cooler-6-lessons/,20150207194447,6 Supreme Lessons 'The Coolest' Cooler Can Teach You,1036,en,unknown,informational,True
trycelery.com,http://blog.trycelery.com:80/startup-guide-marketing/,20151122070228,Startup Guide: Marketing Means Buying Customers,780,en,pos,informational,True
trycelery.com,http://blog.trycelery.com/post/75188536120/pre-commerce-pioneer-celery-raises-2m-to-launch,20140209101025,PRE-COMMERCE PIONEER CELERY RAISES $2M TO LAUNCH NEXT-GENERATION STOREFRONT,447,en,neg,news_pr_h,False
cognitohq.com,https://cognitohq.com/blog/age-verification-without-friction,20210926061731,Age Verification Without Friction | Cognito,701,en,unknown,informational,True
cognitohq.com,https://cognitohq.com/blog/best-practices-for-id-verification,20210926062219,6 Best Practices for ID Verification | Cognito,573,en,pos,informational,True
cognitohq.com,https://cognitohq.com/blog/thinking-of-using-social-data,20210926064658,Thinking of Using Social Data? | Cognito,377,en,unknown,informational,False
cognitohq.com,https://cognitohq.com/blog/address-verification,20210926054250,"Address Verification: How, Where, Why? | Cognito",643,en,unknown,informational,True
cognitohq.com,https://cognitohq.com/blog/how-id-verification-works,20210926062844,How ID verification works | Cognito,260,en,unknown,n/a,False
clustrix.com,http://www.clustrix.com:80/blog/2010/10/11/what-it-means-to-be-an-appliance/,20101027112324,What It Means To Be An Appliance,486,en,unknown,informational,False
clustrix.com,http://www.clustrix.com:80/blog/bid/259919/Sharding-In-Theory-and-Practice-Part-Two,20130129072500,Sharding: In Theory and Practice (Part Two),1048,en,unknown,informational,True
clustrix.com,http://www.clustrix.com/blog/bid/249553/Clustrix-named-a-Top-20-Enterprise-Software-Vendor-by-SiliconIndia-Magazine,20130220000716,Clustrix named a Top 20 Enterprise Software Vendor by SiliconIndia Magazine,317,en,pos,news_pr,False
clustrix.com,http://www.clustrix.com/blog/bid/197461/Getting-started-with-Clustrix-DevKit,20121018132048,Getting started with Clustrix DevKit,1860,en,unknown,informational,True
clustrix.com,http://www.clustrix.com:80/blog/bid/257451/Three-Megatrends-Fueling-Database-Industry-Growth-in-2013,20130129071830,Three Megatrends Fueling Database Industry Growth in 2013,1235,en,unknown,informational,True
alphaflow.com,https://www.alphaflow.com/resources/articles/top-7-real-estate-crowdfunding-sites-investors-ebook/,20200806013706,Top 7 Real Estate Crowdfunding Sites for Investors Ebook,367,en,neg,news_pr_h,False
alphaflow.com,https://www.alphaflow.com/resources/knowledge-base/how-defaults-work/,20200806003517,How Defaults Work,790,en,unknown,informational,True
alphaflow.com,https://www.alphaflow.com/resources/articles/fintech-firms-becoming-banks/,20191114170802,Are Fintech Firms Becoming More Like Banks?,743,en,unknown,informational,True
alphaflow.com,https://www.alphaflow.com/resources/articles/year-round-tax-planning-for-real-estate-investors/,20191114173352,Year Round Tax Planning For Real Estate Investors,741,en,unknown,informational,True
alphaflow.com,https://www.alphaflow.com/resources/articles/atlanta-real-estate-market-analysis/,20190715205123,Atlanta Real Estate Market Trends: An Objective Analysis,771,en,unknown,informational,True
eventjoy.com,http://blog.eventjoy.com/post/thank-you-and-goodbye-from-the-eventjoy-team,20150922034633,Thank you and goodbye from the Eventjoy team - Eventjoy Blog,439,en,neg,news_pr_h,False
eventjoy.com,http://blog.eventjoy.com:80/post/on-startups-how-we-develop-new-features-extremely-fast,20160116232807,On startups: how we develop new features extremely fast - Eventjoy Blog,973,en,neg,news_pr_h,False
eventjoy.com,http://blog.eventjoy.com/post/connect-eventjoy-to-400-other-apps-with-zapier-available-in-the-new-eventjoy-app-center,20150731031722,"Connect Eventjoy to 400+ other apps with Zapier, available in the new Eventjoy App Center - Eventjoy Blog",344,en,neg,news_pr_h,False
eventjoy.com,http://blog.eventjoy.com:80/post/92438539676/create-orders-and-comp-tickets-with-the-new-manual,20140928005326,Create orders and comp tickets with the new manual order entry,285,en,unknown,n/a,False
eventjoy.com,http://blog.eventjoy.com/post/how-to-fight-stress-while-running-an-event,20150526023001,How to Fight Stress While Running an Event,1301,en,neg,news_pr_h,False
padmapper.com,http://www.padmapper.com:80/blog/2010/05/24/5-things-to-watch-out-for-when-searching-for-an-apartment-on-craigslist/,20100606190941,5 Things to Watch Out For When Searching for an Apartment on Craigslist,1683,en,pos,informational,True
padmapper.com,http://www.padmapper.com:80/blog/2008/12/28/more-cities-get-yelp-listings/,20100307103902,More Cities get Yelp Listings,141,en,unknown,n/a,False
padmapper.com,http://www.padmapper.com:80/blog/2010/07/19/san-francisco-crime-mapoverlay/,20100903145222,San Francisco Crime Map/Overlay,328,en,unknown,product_announcement,False
padmapper.com,http://www.padmapper.com:80/blog/2010/10/25/top-college-towns/,20101028140551,The Top 6 College Towns in America,1316,en,pos,informational,True
padmapper.com,http://www.padmapper.com:80/blog/2010/09/20/holy-crap-thats-a-lot-of-markers-and-theyre-different/,20100925084922,Holy Crap that’s a lot of markers… and they’re different…,378,en,unknown,product_announcement,False
close.com,https://close.com/resources/sales-negotiation-confirmation/,20210429181157,Download The Founder's Guide To Sales Negotiation | Resources | Close CRM,460,en,pos,informational,False
close.com,https://close.com/resources/crisis-emails/,20200922205440,Good (Crisis) Email Templates | Resources | Close CRM,2065,en,pos,informational,True
close.com,https://close.com/resources/sales-strategy-template/,20200514202516,Download the FREE Sales Strategy Template | Resources | Close CRM,40,en,pos,n/a,False
close.com,https://close.com/resources/crm-email-templates/,20190920073038,Free CRM-Ready Email Templates | Resources | Close CRM,38,en,pos,n/a,False
close.com,https://close.com/resources/crm-excel-template/,20210414012135,Free Excel CRM template for SMBs and startups to close more deals,409,en,pos,informational,False
kopa.co,https://www.kopa.co/blog/posts/15-things-to-know-before-moving-to-houston,20200922194642,15 Things to Know Before Moving to Houston,1245,en,pos,informational,True
kopa.co,https://www.kopa.co/blog/posts/a-guide-to-the-neighborhoods-of-san-francisco,20200806155817,A Guide to the Neighborhoods of San Francisco,5424,en,pos,informational,True
kopa.co,https://www.kopa.co/blog/posts/a-guide-to-the-neighborhoods-of-seattle,20211201160558,A Guide to the Neighborhoods of Seattle,4612,en,pos,informational,True
kopa.co,https://www.kopa.co/blog/latest-posts,20200806151525,Kopa Blog Latest Posts,733,en,unknown,informational,True
kopa.co,https://www.kopa.co/blog/posts/13-things-to-know-before-moving-to-austin,20200923220317,13 Things to Know Before Moving to Austin,1350,en,pos,informational,True
tydo.com,https://www.tydo.com/blog/deepdive-jtbarnett,20220419183452,The TikTok Keys to Success with JT Barnett,1291,en,unknown,informational,True
tydo.com,https://www.tydo.com/blog/deepdive-wonderment,20220112180722,Instilling Wonder into the Post-Purchase Experience with Wonderment,1003,en,unknown,informational,True
tydo.com,https://www.tydo.com/blog/platform-launch,20220531164809,Tydo Launches New Platform,739,en,neg,news_pr_h,False
tydo.com,https://www.tydo.com/blog/deepdive-analyste,20220118191531,"Streamlined Metrics, Data Pipelines, and Sources of Truth with Analyste",811,en,unknown,case_study,False
tydo.com,https://www.tydo.com/blog/deepdive-baileecooper,20220714184654,Optimizing Landing Pages for Conversion with Sharma Brands’ Bailee Cooper,1553,en,unknown,informational,True
snapdocs.com,https://snapdocs.com/blog/where-should-lenders-begin-with-digital-closings/,20200918204259,Where Should Lenders Begin With Digital Closings? – Snapdocs,814,en,unknown,informational,True
snapdocs.com,https://snapdocs.com/blog/how-to-measure-your-success-with-digital-closings/,20210215180149,How to Measure Your Success With eClosings | Snapdocs,1619,en,pos,informational,True
snapdocs.com,https://snapdocs.com/blog/why-digital-closings-are-the-default-at-waterstone-mortgage/,20210301214742,Why Digital Closings Are the Default at Waterstone Mortgage | Snapdocs,392,en,pos,case_study,False
snapdocs.com,https://snapdocs.com/blog/the-5-rs-requirements/,20210701202514,The 5 Rs of e-Eligibility: Requirements | Snapdocs,774,en,unknown,informational,True
snapdocs.com,http://www.snapdocs.com/blog/marketing-tips-signing-services/,20150419160638,Marketing Tips for Signing Services,671,en,unknown,informational,True
popl.co,https://popl.co/blogs/blog-1/a-guide-to-digital-business-cards-in-2022,20220517045302,A Guide to Digital Business Cards in 2022,2525,en,pos,informational,True
popl.co,https://popl.co/blogs/all/popl-digital-business-cards-vs-paper-business-cards,20220922162910,Popl Vs Traditional Business Cards | Digital Vs Paper - Popl,563,en,pos,informational,True
popl.co,https://popl.co/blogs/all/2022-networking-events-for-entrepreneurs-and-startups,20220819105340,2022 Networking Events for Entrepreneurs and Startups,297,en,neg,n/a,False
popl.co,https://popl.co/blogs/all/team-management-app-the-key-to-modernizing-your-team,20221005091017,Team Management App: The Key To Modernizing Your Team - Popl - Popl,796,en,unknown,informational,True
popl.co,https://popl.co/blogs/press/popl-the-simple-and-contactless-way-to-share-contact-info-review,20210123041538,Popl – The Simple and Contactless Way to Share Contact Info | Review,74,en,unknown,n/a,False
inspectify.com,http://blog.inspectify.com/blog/what-is-a-maintenance-inspection-and-when-should-you-get-one,20220128082128,What is a maintenance inspection and when should you get one?,851,en,pos,informational,True
inspectify.com,http://blog.inspectify.com/blog/what-is-the-due-diligence-period,20220228221505,What is the due diligence period?,1569,en,pos,informational,True
inspectify.com,http://blog.inspectify.com/blog/why-you-should-never-skip-a-home-inspection,20220221220738,6 reasons why you should never skip a home inspection,976,en,pos,informational,True
inspectify.com,https://blog.inspectify.com/blog/the-home-buying-journey-from-start-to-finish,20220706171903,The home buying journey: From start to finish,1332,en,unknown,informational,True
inspectify.com,http://blog.inspectify.com/blog/tips-for-winterizing-your-home,20211203165452,Tips for winterizing your home,939,en,unknown,informational,True
convox.com,https://convox.com/blog/build-refactor,20190822104828,Massive Build Improvements,250,en,unknown,n/a,False
convox.com,https://convox.com/blog/image-workflows,20190822105037,Image Workflows,303,en,unknown,informational,False
convox.com,https://convox.com/blog/challenges-of-efs,20190822104909,The Challenges of EFS,1708,en,unknown,informational,True
convox.com,https://convox.com/blog/how-to-restart-pod-in-kubernetes/,20220815063536,How to Install Kubernetes the Easy Way - Convox,1914,en,pos,informational,True
convox.com,https://convox.com/blog/k8s-monitoring-logging,20200926223327,Configuring Logging on Kubernetes,861,en,unknown,informational,True
upchieve.org,https://upchieve.org/blog/2018/11/19/exploring-the-gap-year-why-it-may-be-right-for-you-1,20190822135728,Exploring The Gap Year: Why It May Be Right For You — UPchieve,672,en,pos,informational,True
upchieve.org,https://upchieve.org/blog/2019/8/8/math-gone-viral-8222,20190822135924,Math Gone Viral: 8÷2(2+2) — UPchieve,554,en,unknown,informational,True
upchieve.org,https://upchieve.org/blog/2018/12/10/5-study-habits-for-managing-everyday-life,20190723181204,5 Study Habits for Managing Everyday Life,1199,en,unknown,informational,True
upchieve.org,https://upchieve.org/blog/2019/3/23/what-is-algebra,20190822135943,What is “Algebra?” — UPchieve,473,en,pos,informational,False
upchieve.org,https://upchieve.org/blog/2021/4/18/what-are-radians,20220122085606,A simple explanation of radian vs. degree,583,en,pos,informational,True
eduflow.com,https://www.eduflow.com/blog/new-activity-flow-instructor-review,20200923213035,New activity & flow: Instructor review · Eduflow blog,266,en,unknown,n/a,False
eduflow.com,https://www.eduflow.com/blog/how-animalz-built-stronger-team-connections-during-onboarding-with-eduflow,20220524125847,How Animalz Built Stronger Team Connections During Onboarding with Eduflow · Eduflow blog,2043,en,unknown,case_study,False
eduflow.com,https://www.eduflow.com/blog/how-covid-19-will-change-online-learning-forever,20200923230454,How COVID-19 will change online learning forever · Eduflow blog,1475,en,unknown,informational,True
eduflow.com,https://www.eduflow.com/blog/online-learning-is-broken-heres-how-to-fix-it,20200513140208,Online Learning Is Broken - Here's How to Fix It. · Eduflow blog,1309,en,pos,opinion_essay,False
eduflow.com,https://www.eduflow.com/blog/the-ultimate-roundup-of-remote-workplace-learning-resources,20201128231629,The Ultimate Roundup of Remote Workplace Learning Resources · Eduflow blog,1879,en,pos,informational,True
brainboard.co,https://blog.brainboard.co/visualize-terraform,20220809142506,End to end cloud management & governance platform.,671,en,unknown,informational,True
brainboard.co,https://blog.brainboard.co/infrastructure-as-code-benefits,20221004070221,End to end cloud management & governance platform.,466,en,unknown,informational,False
brainboard.co,https://blog.brainboard.co/introducing-cost-estimation,20221004070439,End to end cloud management & governance platform.,466,en,neg,news_pr_h,False
brainboard.co,https://blog.brainboard.co/architecture-vs-infrastructure,20220524115506,End to end cloud management & governance platform.,674,en,pos,informational,True
brainboard.co,https://blog.brainboard.co/learn-iac-for-collaboration,20221004065850,End to end cloud management & governance platform.,466,en,unknown,informational,False
ltse.com,https://ltse.com/blog/mawulom-nenonene-why-i-joined-ltse/,20210312063510,Why I joined LTSE,409,en,pos,culture_hiring,False
ltse.com,https://ltse.com/blog/founders-forum-mark-gainey-ceo-of-strava/,20210311140003,"Founders Forum: Mark Gainey, CEO of Strava",137,en,unknown,n/a,False
ltse.com,https://ltse.com/blog/meet-ltse-ray-shan-senior-director-of-product-management/,20211006141114,"Meet LTSE: Ray Shan, Senior Director of Product Management",301,en,unknown,culture_hiring,False
ltse.com,https://ltse.com/blog/the-groundhog-day-of-capitalism/,20210312064010,The Groundhog Day of capitalism,2052,en,unknown,opinion_essay,False
ltse.com,https://ltse.com/blog/raising-money-with-safes-know-how-they-will-convert-at-series-a/,20210312063608,Raising money with SAFEs? Know how they will convert at series A,724,en,neg,news_pr_h,False
nextcaller.com,http://blog.nextcaller.com/post/107258532819/next-caller-announces-partnership-with-oracle,20150413194805,Next Caller announces partnership with Oracle... - Next Caller Blog,313,en,neg,news_pr_h,False
nextcaller.com,http://blog.nextcaller.com/post/103416044004/15-for-2015-customer-service-trends,20150414033411,15 for 2015 – Customer Service Trends - Next Caller Blog,955,en,unknown,informational,True
nextcaller.com,http://blog.nextcaller.com/post/98723256794/curious-to-see-how-next-caller-works-in-the,20150413195426,Curious to see how Next Caller works in the... - Next Caller Blog,19,en,unknown,n/a,False
nextcaller.com,http://www.blog.nextcaller.com:80/blog/top-tips-for-a-successful-data-management-strategy,20160530121130,Top Tips For A Successful Data Management Strategy,618,en,unknown,informational,True
nextcaller.com,http://blog.nextcaller.com/post/132477561959/top-tips-for-a-successful-data-management-strategy,20160329130029,Top Tips For A Successful Data Management Strategy - Next Caller Blog,618,en,unknown,informational,True
lanyrd.com,http://lanyrd.com/blog/2012/weeknotes-dsjs/,20130329061730,Week notes: Digital Shoreditch and JavaScript fireworks,274,en,unknown,n/a,False
lanyrd.com,http://lanyrd.com:80/blog/2012/weeknotes-0x4c/,20120519191553,"Weeknotes: Short, and kinda funny-looking",565,en,unknown,culture_hiring,False
lanyrd.com,http://lanyrd.com/blog/2012/weeknotes-mobile-web/,20121108024937,"Week notes: Mobile web, fonts and foursquare",304,en,unknown,news_pr,False
lanyrd.com,http://lanyrd.com/blog/2012/weeknotes-23/,20130329061757,"Week notes: Guides, Wraps, and Wasabi Peas",416,en,pos,product_announcement,False
lanyrd.com,http://lanyrd.com:80/blog/2011/weeknotes-15/,20111111011441,"Week notes: Internet Week, BarCamps and Spectrum chip tunes",455,en,unknown,opinion_essay,False
bufferbox.com,http://blog.bufferbox.com:80/post/32459134412/who-u-callin-a-p-o-box,20121006235842,Who U Callin’ A P.O. BOX!?,276,en,unknown,n/a,False
bufferbox.com,http://blog.bufferbox.com:80/post/17667487805/our-new-space-and-a-visit-from-the-premier,20120414124915,Our New Space and a Visit From the Premier,196,en,unknown,n/a,False
bufferbox.com,http://blog.bufferbox.com:80/post/8343302088/1st-place-at-waterloo-nicol-competition,20120822032055,1st Place at Waterloo Nicol Competition!,64,en,unknown,n/a,False
treble.ai,https://www.treble.ai/blog/whatsapp-api-caso-exito-idp/,20211201115525,Cómo el IDP aumentó sus conversaciones por 7 en 3 meses con Treble,897,es,unknown,n/a,False
treble.ai,https://www.treble.ai/blog/diferencias-whatsapp-y-whatsapp-business-api/,20211017223716,"Diferencias entre WhatsApp, WhatsApp Business y API de WhatsApp",822,es,unknown,n/a,False
treble.ai,https://www.treble.ai/blog/herramientas-de-growth-hacking/,20211201122417,20 Herramientas de growth hacking,963,es,unknown,n/a,False
treble.ai,https://www.treble.ai/blog/que-son-las-plantillas-hsm-como-utilizarlas-en-whatsapp-business-api/,20211017223432,Qué son las plantillas HSM y cómo utilizarlas en WhatsApp Business API,633,es,unknown,n/a,False
treble.ai,https://www.treble.ai/blog/tiempo-de-respuesta/,20220517200136,Tiempo de respuesta: su importancia para las marcas digitales,1009,es,unknown,n/a,False
scispot.io,https://www.scispot.io/blog/talk-is-biotech-w-mike-tarselli,20210813232225,Talk is Biotech! with Guru Singh and Mike Tarselli,1141,en,unknown,informational,True
scispot.io,https://www.scispot.io/blog/how-to-make-your-biotech-startup-a-tech-company-digitize-your-biotech-startup-to-scale-like-a-tech-company,20211018015023,How to make your biotech startup a tech company?,1174,en,pos,informational,True
scispot.io,https://www.scispot.io/blog/top-5-zebrafish-cros-in-the-world,20211110205831,Top 5 Zebrafish CROs in the World,359,en,pos,informational,False
scispot.io,https://www.scispot.io/blog/is-canada-the-next-biotech-hotspot,20210915012620,Is Canada the Next Biotech Hotspot?,473,en,unknown,informational,False
scispot.io,https://www.scispot.io/blog/5-innovative-anti-aging-companies-in-the-world,20210922071819,5 Innovative Anti-Aging Companies in the World,486,en,unknown,informational,False
natero.com,https://blog.natero.com/customer-success-dashboards,20190823140730,Better Dashboards for Customer Success Teams,252,en,unknown,n/a,False
natero.com,http://blog.natero.com:80/customer-health-score,20161015054853,Designing Customer Health Scores,704,en,unknown,informational,True
natero.com,https://blog.natero.com/net-promoter-score-for-customer-success,20190722122416,Why Net Promoter Score (NPS) Matters for Customer Success,820,en,pos,informational,True
natero.com,http://blog.natero.com:80/topic/product-management,20160229122949,Customer Success Engine: Getting to Negative Churn | Product Management,144,en,unknown,n/a,False
natero.com,https://blog.natero.com/challenger-concept-for-customer-success,20190823135615,The Challenger Concept for Customer Success,839,en,unknown,informational,True
guilded.gg,https://www.guilded.gg/blog/content-creation-and-community-with-empressakara,20201025142512,Content Creation and Community with EmpressAkara - Guilded,28,en,unknown,n/a,False
guilded.gg,https://www.guilded.gg/blog/holiday-update-2021,20211214001524,Guilded,28,en,unknown,n/a,False
guilded.gg,https://www.guilded.gg/blog/gradient-roles,20220630143050,Guilded,28,en,unknown,n/a,False
guilded.gg,https://www.guilded.gg/blog/new-features-lots-of-them-standalone,20201025135100,New Features! (Lots of them!) - Guilded,28,en,unknown,n/a,False
guilded.gg,https://www.guilded.gg/blog/guilded-top-10-features-standalone,20210423091108,Guilded Top 10 Features - Guilded,28,en,pos,n/a,False
upequity.com,https://blog.upequity.com/how-is-variable-income-calculated-by-my-mortgage-lender,20211025224907,"How is Bonus, Overtime, and Commission Income Calculated by My Mortgage Lender?",640,en,unknown,informational,True
upequity.com,https://blog.upequity.com/press/upequity-selected-in-builtins-22-austin-startups-to-watch-in-2022,20220208210010,UpEquity Named BuiltIn Austin's Startups to Watch in 2022,100,en,unknown,n/a,False
upequity.com,https://blog.upequity.com/3-ways-to-pick-the-perfect-neighborhood,20220819070903,3 Ways To Pick The Perfect Neighborhood,433,en,pos,informational,False
upequity.com,https://blog.upequity.com/can-a-mortgage-calculator-determine-if-you-will-get-approved-for-a-mortgage-loan,20220127185005,Can a Mortgage Calculator Determine if You will Get Approved for a Mortgage Loan?,1176,en,unknown,informational,True
upequity.com,https://blog.upequity.com/how-to-know-which-offer-to-accept-when-selling-your-home,20220819082724,How to Know Which Offer to Accept When Selling Your Home,742,en,pos,informational,True
posterous.com,http://blog.posterous.com:80/integrating-posterous-and-google-buzz,20100214124536,The Official Posterous Posterous,193,en,unknown,n/a,False
posterous.com,http://blog.posterous.com:80/custom-domain-name-support-for-your-posterous,20100720070727,Custom domain name support for your posterous,51,en,unknown,n/a,False
posterous.com,http://blog.posterous.com:80/an-app-to-end-it-posterous-events-at-graduati,20110530030433,"Use Posterous at Graduation to Create an Instant, Collaborative Event Photo Album",197,en,neg,n/a,False
storylane.io,https://www.storylane.io/blog/how-to-reduce-the-b2b-saas-sales-process-timeline,20220809112515,How to Reduce the B2b Saas Sales Process Timeline?,1902,en,pos,informational,True
storylane.io,https://www.storylane.io/blog/shadow-calling-sales-performance,20220701083024,Shadow Calling to Improve Sales Performance,1013,en,unknown,informational,True
frubana.com,https://blog.frubana.com/2020/11/17/dia-a-dia-de-un-conductor-frubana/,20201117210946,Día a día de un conductor Frubana - Blog Frubana,878,es,unknown,n/a,False
frubana.com,https://blog.frubana.com/blog/2020/12/22/bacalao-a-la-mexicana/,20210303081027,Navidad se celebra a ritmo de un Bacalao a la mexicana - Blog Frubana,496,es,unknown,n/a,False
frubana.com,https://blog.frubana.com/blog/2021/04/28/universitat-frankfurt-soziologie/,20210623134904,Universität Frankfurt Soziologie - Blog Frubana,760,de,unknown,n/a,False
frubana.com,https://blog.frubana.com/blog/2021/05/12/gravity-or-gravitation-is-among-the-most-basic-forces-on-the-universe/,20210623141324,"Gravity, or gravitation is among the most basic forces on the universe - Blog Frubana",629,en,unknown,informational,True
frubana.com,https://blog.frubana.com/blog/2021/01/28/a-comer-tamal/,20210303080320,A comer tamal - Blog Frubana,540,es,unknown,n/a,False
naborly.com,https://naborly.com/blog/move-out-inspection-how-to/,20191208050725,How to perform a move-out inspection - Naborly Inc.,1260,en,pos,informational,True
naborly.com,https://www.naborly.com/blog/5-tips-traveling-across-country,20220706162533,5 Tips For Moving Across Country,885,en,pos,informational,True
naborly.com,https://www.naborly.com/blog/rental-affordability-index-the-election,20210916190025,Rental Affordability Index & the Election,337,en,unknown,informational,False
naborly.com,https://naborly.com/blog/dos-donts-tenant-screening/,20200807033207,The Dos and Don’ts of Tenant Screening - Naborly Inc.,1181,en,unknown,informational,True
naborly.com,https://naborly.com/blog/collect-rent-top-three-ways/,20200807033742,Top Three Ways to Collect Rent - Naborly Inc.,651,en,unknown,informational,True
castle.io,https://blog.castle.io/redefining-security-as-a-profit-driver/,20200616183131,Why Online Services with Good Security Are More Profitable,959,en,pos,informational,True
castle.io,https://blog.castle.io/how-to-think-about-gdpr-as-a-security-vendor/,20200813112424,How to Think About GDPR as a Security Vendor,1021,en,pos,informational,True
castle.io,https://blog.castle.io/in-defense-of-reddit/,20210510080440,In Defense of Reddit - Compromised two-factor authentication,1005,en,unknown,opinion_essay,False
castle.io,https://blog.castle.io/using-castle-with-oidc-providers/,20210216161923,Integrating ATO prevention and bot detection with your OIDC provider,873,en,neg,news_pr_h,False
castle.io,https://blog.castle.io/introducing-the-detection-of-multi-accounting/,20210608155312,Introducing Multi-Accounting Detection,248,en,neg,n/a,False
us.memebox.com,https://us.memebox.com/blogs/press-media/swap-your-liquid-lipsticks-for-these-easy-to-apply-gloss-sticks-this-spring,20191122103038,Swap Your Liquid Lipsticks For These Easy-to-Apply Gloss Sticks This Spring,53,en,unknown,n/a,False
us.memebox.com,https://us.memebox.com/blogs/press-media/kaja-s-new-moon-crystal-sparkling-eye-pigment-just-launched-with-8-shimmering-pigmented-shades,20191117225745,"Kaja’s New Moon Crystal Sparkling Eye Pigment Just Launched With 8 Shimmering, Pigmented Shades",252,en,neg,n/a,False
us.memebox.com,https://us.memebox.com/blogs/press-media/summer-beauty-essentials-for-face-body-and-hair,20191122103010,"Summer Beauty Essentials For Face, Body, And Hair!",338,en,unknown,informational,False
us.memebox.com,https://us.memebox.com/blogs/press-media/sephoras-beauty-director-shares-the-holy-grail-contents-of-her-shopping-cart,20190824142353,Sephora's Beauty Director Shares the Holy-Grail Contents of Her Shopping Cart,73,en,unknown,n/a,False
us.memebox.com,https://us.memebox.com/blogs/press-media/12-new-products-coming-to-sephora-shelves-in-june,20190720235926,12 New Products Coming To Sephora Shelves In June,53,en,unknown,n/a,False
getmeadow.com,https://getmeadow.com/blog/how-to-roll-a-joint-a-step-by-step-guide,20211019002310,How to Roll a Joint: A Step by Step Guide ◆ Meadow Blog,387,en,pos,informational,False
getmeadow.com,https://getmeadow.com/blog/the-cannabis-411-part-1-a-brief-history-of-cannabis-criminalization-in-the-us,20211018233317,The Cannabis 411: A Brief History of Cannabis Criminalization in the U.S. ◆ Meadow Blog,2562,en,unknown,informational,True
getmeadow.com,https://getmeadow.com/blog/serving-cannabis-q-and-a-with-old-pal-ceo-rusty-wilenkin,20210926055706,"Serving Cannabis: Q&A with Old Pal CEO, Rusty Wilenkin ◆ Meadow Blog",2526,en,unknown,informational,True
getmeadow.com,https://getmeadow.com/blog/whats-it-like-to-judge-the-emerald-cup-contest,20210621225152,What's It Like to Judge The Emerald Cup Contest ◆ Meadow Blog,1692,en,unknown,opinion_essay,False
getmeadow.com,https://getmeadow.com/blog/why-california-dispensaries-need-a-california-specific-pos-for-compliant,20210621231112,Why California Dispensaries Need A California-Specific POS for Compliant Sales ◆ Meadow Blog,724,en,pos,informational,True
adyn.com,https://adyn.com/blog/how-effective-is-plan-b-and-other-questions-about-emergency-contraceptives/,20220522081348,How effective is Plan B? And other questions about emergency contraceptives | adyn,1560,en,unknown,informational,True
adyn.com,https://adyn.com/blog/the-11-biggest-std-myths-debunked/,20220225011328,"The 11 Biggest STD Myths, Debunked | adyn",1699,en,unknown,informational,True
adyn.com,https://adyn.com/blog/founder-story/,20220706182930,Why I created adyn | adyn,470,en,pos,opinion_essay,False
adyn.com,https://adyn.com/blog/can-birth-control-cause-infertility/,20220522082108,Can Birth Control Cause Infertility? | adyn,1268,en,unknown,informational,True
adyn.com,https://adyn.com/blog/male-female-sex-hormones/,20221001102145,Male and Female Sex Hormones (That Actually Everyone Has) | adyn,980,en,unknown,informational,True
nextravel.com,https://blog.nextravel.com/2016/01/26/introducing-nextravel-hire/,20190721210014,Blog - Introducing NexTravel Hire,188,en,neg,n/a,False
nextravel.com,https://blog.nextravel.com/why-your-company-should-use-corporate-travel-management-tools,20201130101334,Why Your Company Should Use Corporate Travel Management Tools,406,en,pos,informational,False
nextravel.com,https://blog.nextravel.com/covid-19-travel-trends,20200808195319,What COVID-19 Travel Looks Like,690,en,unknown,informational,True
nextravel.com,https://blog.nextravel.com/the-best-out-of-basic-economy-fares,20200918131338,The Best Out of Basic Economy Fares,1056,en,pos,informational,True
nextravel.com,https://blog.nextravel.com/hotel-unexpected-charges,20201025045347,Hotel Unexpected Charges: Don’t Let it Ruin your Vacation,1084,en,unknown,informational,True
dearbrightly.com,https://www.dearbrightly.com/blog/how-to-get-rid-of-milia/,20210604205146,Here's How to Get Rid of Milia Effectively (Don't Pick Them) - Dear Brightly,1148,en,pos,informational,True
dearbrightly.com,https://www.dearbrightly.com/blog/how-to-rebuild-collagen-in-the-face/,20200812095110,What is Collagen and How to Rebuild It in the Face - Dear Brightly,670,en,pos,informational,True
dearbrightly.com,https://www.dearbrightly.com/blog/i-cant-see-a-difference-how-can-i-be-assured-that-the-tretinoin-is-really-working/,20191023152614,I Can't See A Difference. How Can I Be Assured That The Tretinoin Is Really Working? - Dear Brightly,297,en,unknown,n/a,False
dearbrightly.com,https://www.dearbrightly.com/blog/skin-care-routine-for-newbies/,20190922205347,Skin Care Routine For Newbies - Dear Brightly,668,en,unknown,informational,True
dearbrightly.com,https://www.dearbrightly.com/blog/retinol-vs-retinoid-vs-retin-a-vs-tretinoin/,20200812092542,Retinol vs Retinoid vs Retin-A vs Tretinoin - Dear Brightly explains,527,en,pos,informational,True
convex.com,https://www.convex.com/blog/how-successful-sales-teams-use-atlas-for-more-effective-prospecting-2/,20220217153047,How Sales Teams Use Atlas for Effective Prospecting | Convex,1365,en,unknown,informational,True
convex.com,https://www.convex.com/blog/meet-neha-budhraja-customer-success-manager/,20210724072715,"Meet Neha Budhraja, Customer Success Manager | Convex",790,en,unknown,culture_hiring,False
convex.com,https://www.convex.com/blog/this-sales-pipeline-calculator-simplifies-cold-calling/,20211115014549,This Sales Pipeline Calculator Simplifies Cold Calling (Free Spreadsheet) | Convex,1301,en,unknown,informational,True
convex.com,https://www.convex.com/blog/new-trends-in-the-access-control-industry/,20220810135555,New Trends in the Access Control Industry | Convex,1124,en,unknown,informational,True
convex.com,https://www.convex.com/blog/3-trends-that-will-impact-the-elevator-service-industry-this-year/,20220418164504,3 Trends That Will Impact the Elevator Service Industry This Year | Convex,1033,en,unknown,informational,True
senic.com,https://blog.senic.com/posts/manufacturing-locally,20190821043210,Senic - Made locally,1250,en,unknown,informational,True
senic.com,http://blog.senic.com:80/posts/the-future-of-human-computer-interaction,20170723015113,Senic - The Future of Human Computer Interaction,1558,en,unknown,opinion_essay,False
senic.com,https://blog.senic.com/posts/senic-friends-of-hue-outdoor-switch,20210923165614,Senic - Philips Hue outdoor lights perfect companion: Introducing the Senic Friends of Hue Outdoor Switch,748,en,neg,news_pr_h,False
senic.com,http://blog.senic.com:80/de/the-problem-of-attention,20170724010921,Teil 1: Das Problem mit der Aufmerksamkeit,1111,de,unknown,n/a,False
senic.com,http://blog.senic.com:80/posts/why-we-are-crowdfunding-again,20170723015252,Senic - Why we are Crowdfunding (Again),849,en,neg,news_pr_h,False
worklytics.co,https://www.worklytics.co/blog/developing-great-engineering-teams/,20190724062328,"Building great engineering teams., Worklytics",608,en,unknown,informational,True
worklytics.co,https://www.worklytics.co/blog/going-beyond-email-in-organizational-network-analysis,20221117124712,Taking Network Analysis Beyond Email,542,en,unknown,informational,True
worklytics.co,https://www.worklytics.co/blog/measure-how-your-organization-is-adapting-to-wfh,20220908180557,Measure How Your Organization is Adapting to WFH,815,en,unknown,product_announcement,False
worklytics.co,https://www.worklytics.co/blog/why-feedback-matters/,20190724065228,"Why feedback matters, Worklytics",568,en,pos,informational,True
worklytics.co,https://www.worklytics.co/blog/tonushree-mondal-consulting/,20190724064208,"Tonushree Mondal Consulting, Worklytics",58,en,unknown,n/a,False
archbee.com,https://www.archbee.com/blog/software-testing-documentation,20220723134921,Software Testing Documentation: What Is It and Why Should You Have It?,2042,en,pos,informational,True
archbee.com,https://www.archbee.com/blog/technical-writer-certifications,20221006082248,10 Best Certifications in Technical Writing for Technical Writers,2332,en,pos,informational,True
archbee.com,https://www.archbee.com/blog/api-documentation,20220723134921,Guide to API Documentation,2384,en,pos,informational,True
archbee.com,https://www.archbee.com/blog/technical-writer-soft-skills,20221006080606,6 Soft Skills Every Technical Writer Should Possess,2343,en,unknown,informational,True
archbee.com,https://www.archbee.com/blog/single-sourcing-in-technical-writing,20221006063237,Single Sourcing in Technical Writing: An Overview,2726,en,unknown,informational,True
bikanta.com,http://bikanta.com/blog/a-70-year-legacy,20190822221922,A 70 Year Legacy,108,en,unknown,n/a,False
bikanta.com,http://bikanta.com/blog/joyce-speaks-at-nanobio,20190822221725,Joyce Speaks at Nanobio,81,en,unknown,n/a,False
bikanta.com,http://bikanta.com/blog/star-ra-wins-research-award,20190822215903,Star RA wins Research Award!,93,en,neg,n/a,False
bikanta.com,http://bikanta.com/blog/scientific-adventures-for-girls,20190822225334,Scientific Adventures for Girls,146,en,unknown,n/a,False
bikanta.com,http://bikanta.com/blog/ambika-bumb-speaks-on-nanoscience-panel,20171111053213,Ambika Bumb speaks on Nanoscience Panel,296,en,unknown,n/a,False
enterneverland.com,https://www.enterneverland.com/blog/how-to-choose-and-use-a-tomato-cage,20220629040826,How to Choose and Use a Tomato Cage | Neverland Blog,2892,en,pos,informational,True
enterneverland.com,https://www.enterneverland.com/blog/how-to-grow-and-care-for-philodendron-micans,20220629044041,How to Grow and Care For Philodendron Micans | Neverland Blog,2119,en,pos,informational,True
enterneverland.com,https://www.enterneverland.com/blog/how-to-achieve-proper-chinese-elm-bonsai-care,20220629043446,How To Achieve Proper Chinese Elm Bonsai Care | Neverland Blog,2109,en,pos,informational,True
enterneverland.com,https://www.enterneverland.com/blog/how-to-grow-and-care-for-alocasia-maharani,20221122101744,How to Grow and Care For Alocasia Maharani | Neverland Blog,2882,en,pos,informational,True
enterneverland.com,https://www.enterneverland.com/blog/c/collections/best-pink-houseplants-and-perennials-for-your-space,20221007153232,Best Pink Houseplants and Perennials For Your Space | Neverland Blog,1747,en,pos,informational,True
beacons.ai,https://blog.beacons.ai/how-to-add-links-to-instagram-stories/,20210922065445,How to add links to Instagram Stories & get more clicks | Beacons,1765,en,pos,informational,True
beacons.ai,https://blog.beacons.ai/the-best-time-to-post-on-tiktok-every-day-of-the-week/,20210928134411,The Best Time to Post on TikTok Every Day of the Week | Beacons,2180,en,pos,informational,True
beacons.ai,https://blog.beacons.ai/the-smart-link/,20201021014243,The Smart Link ⚡,224,en,unknown,n/a,False
beacons.ai,https://blog.beacons.ai/leveling-up-your-links/,20200920083952,Leveling up your links 🔗,196,en,unknown,n/a,False
beacons.ai,https://blog.beacons.ai/proven-best-times-to-post-on-instagram-every-day-of-the-week/,20210902191828,The proven best times to post on Instagram every day of the week | Beacons,2395,en,pos,informational,True
catch.co,https://catch.co/blog/health-insurance-metallic-plans-and-cost-savings/,20190823090225,Health Insurance: Metallic Plans and Cost Savings | Catch,1269,en,unknown,informational,True
catch.co,https://catch.co/blog/3-health-insurance-excuses-answered-why-to-stay-insured/,20190823093226,3 Health Insurance Excuses Answered - Why To Stay Insured | Catch,840,en,pos,informational,True
catch.co,https://www.catch.co/blog/2020-recap-taxes,20210303140025,2020 Recap: Taxes,847,en,unknown,informational,True
catch.co,https://www.catch.co/blog/health-care-costs-can-be-a-surprise,20191212195527,Catch,655,en,unknown,product_announcement,False
catch.co,https://www.catch.co/blog/introducing-the-catch-mobile-app,20190721150811,Introducing the Catch Mobile App,190,en,neg,n/a,False
letterdrop.com,https://letterdrop.com/blog/p/content-marketing-goals,20211103174120,A Guide to Identifying Your Content Marketing Goals,1573,en,pos,informational,True
letterdrop.com,https://letterdrop.com/blog/p/so-you-want-to-run-a-paid-newsletter,20220117214006,So you want to run a paid newsletter?,1539,en,unknown,informational,True
letterdrop.com,https://letterdrop.com/blog/p/top-8-blog-post-templates-to-fuel-your-writing-process,20210929061042,Top 8 Blog Post Templates to Fuel Your Writing Process | A Guide to Content Marketing from Letterdrop,1833,en,pos,informational,True
letterdrop.com,https://letterdrop.com/blog/p/letterdrop-grammarly-integration,20220929160641,Letterdrop Integrates with Grammarly,750,en,unknown,product_announcement,False
letterdrop.com,https://letterdrop.com/blog/p/writing-style-guide,20211026094509,How to Create a Writing Style Guide for Your Company,1755,en,pos,informational,True
usefriz.com,https://blog.usefriz.com/top-10-best-accounting-software-tools-for-freelancers-to-manage-finances/,20220202130717,Top 10 Best Accounting Software Tools For Freelancers To Manage Finances - Friz,1192,en,pos,informational,True
usefriz.com,https://blog.usefriz.com/networking-tips-for-freelancers/,20220120104615,Top networking tips for freelancers - Friz,335,en,unknown,informational,False
usefriz.com,https://blog.usefriz.com/freelancing-fabric-in-southeast-asia/,20220120101601,Freelancing fabric in southeast Asia - Friz,414,en,unknown,informational,False
usefriz.com,https://blog.usefriz.com/how-lending-is-evolving-for-the-future-of-work/,20220120102208,How lending is evolving for the future of work - Friz,736,en,unknown,informational,True
usefriz.com,https://blog.usefriz.com/how-to-be-successful-as-a-freelancer-in-singapore/,20220120104255,How to be Successful as a Freelancer in Singapore - Friz,989,en,pos,informational,True
madesolid.com,http://blog.madesolid.com:80/2014/04/cleaning-resin-prints/,20140420063459,How to clean you prints from MS Resin - MadeSolid,485,en,pos,informational,False
madesolid.com,http://blog.madesolid.com/2014/04/print-week-dark-beast-warrior/,20140707050117,Print of the Week - Dark Beast of a Warrior - MadeSolid,125,en,unknown,n/a,False
madesolid.com,http://blog.madesolid.com/2014/04/3-new-prints-easter-brunch/,20140707035748,3 New Prints for Your Easter Brunch - MadeSolid,136,en,unknown,n/a,False
madesolid.com,http://blog.madesolid.com:80/2014/09/maker-faire-new-york-come-meet-us/,20141004055548,Maker Faire New York - Come Meet Us! - MadeSolid,64,en,unknown,n/a,False
madesolid.com,http://blog.madesolid.com:80/2014/03/3-things-wrong-vat/,20140404011125,3 Things Wrong With Your Vat - MadeSolid,1057,en,pos,informational,True
re2.ai,https://blog.re2.ai/retail-holiday-shoppers,20220125102821,More than 80% Of Holiday Shoppers Surveyed Say They Would like to See Retailers Do This.,335,en,unknown,informational,False
re2.ai,https://blog.re2.ai/sales-touchpoints,20210613105249,It’s Never Been More Important to Have Multiple Sales Touchpoints,681,en,unknown,informational,True
re2.ai,https://blog.re2.ai/filling-troubled-properties,20210916101434,Filling Troubled Properties 101,491,en,unknown,informational,False
re2.ai,https://blog.re2.ai/testimonial-ws-development,20210916103146,“Resquared Eliminates All of the Time Waste from Prospecting”: How WS Development Increased Efficiency with Resquared,879,en,unknown,case_study,False
re2.ai,https://blog.re2.ai/digital-in-person-prospecting-go-hand-in-hand,20210916101344,Digital & In-Person Prospecting Go Hand-in-Hand,705,en,unknown,informational,True
glimpsek12.com,https://www.glimpsek12.com/blog-posts/is-return-on-investment-achievable-in-k12,20210730134409,Glimpse,286,en,unknown,n/a,False
glimpsek12.com,https://www.glimpsek12.com/blog/are-you-tracking-wasted-spending,20190719035410,Are you tracking Wasted Spending?,410,en,unknown,informational,False
glimpsek12.com,https://www.glimpsek12.com/blog/impact-of-grading-practices-on-high-stakes-testing,20191120180100,Impact of grading practices on high stakes testing,109,en,unknown,n/a,False
glimpsek12.com,https://www.glimpsek12.com/blog/is-return-on-investment-achievable-in-k12,20190818200448,Is return on investment achievable in K12?,310,en,unknown,case_study,False
glimpsek12.com,https://www.glimpsek12.com/blog-posts/elmore-county-analyzes-roi,20210730131240,Glimpse,467,en,unknown,case_study,False
carlypso.com,http://blog.carlypso.com:80/do-you-offer-any-warranties/,20160103193514,Do you offer any warranties?,52,en,unknown,n/a,False
carlypso.com,http://blog.carlypso.com:80/2015/11/02/how-can-auto-startups-improve-the-gender-gap/,20160103172525,How Can Auto Startups Improve the Gender Gap?,651,en,unknown,culture_hiring,False
carlypso.com,http://blog.carlypso.com:80/frequently-asked-questions/,20160102183112,Frequently Asked Questions,245,en,unknown,n/a,False
carlypso.com,http://blog.carlypso.com:80/can-you-deliver-the-car-to-me/,20160103193504,Can you deliver the car to me?,43,en,unknown,n/a,False
carlypso.com,http://blog.carlypso.com:80/how-long-from-submitting-a-bid-to-delivery/,20160103193534,How long does it take from submitting a bid to the delivery of the car?,118,en,unknown,n/a,False
markhor.com,https://markhor.com/blogs/journal/visual-artist-umair-najeeb-khan,20201001072949,Visual Artist – Umair Najeeb Khan,1147,en,unknown,informational,True
markhor.com,https://markhor.com/blogs/journal/discipline-to-do-the-right-things,20191113043417,Discipline to do the right things,271,en,unknown,n/a,False
markhor.com,https://markhor.com/blogs/journal/the-markhor-shoe-box,20201029074111,The Markhor Shoe Box,823,en,unknown,culture_hiring,False
markhor.com,https://markhor.com/blogs/journal/attention-to-detail,20200815104025,Attention to Detail,980,en,unknown,culture_hiring,False
markhor.com,https://markhor.com/blogs/journal/footwear-preferences-of-the-markhor-gentleman,20201016052433,Footwear Preferences of the Markhor Gentleman,1150,en,unknown,other,False
chatwoot.com,https://www.chatwoot.com/blog/customer-service-tips/,20220726075313,30 customer service tips you can adopt right now | Chatwoot,4013,en,unknown,informational,True
chatwoot.com,https://www.chatwoot.com/blog/will-customer-service-be-replaced-by-robots,20221011134338,Will customer service be replaced by robots?,2053,en,unknown,informational,True
chatwoot.com,https://www.chatwoot.com/blog/factors-affecting-customer-satisfaction,20220906083814,6 key factors that affect customer satisfaction the most,2484,en,unknown,informational,True
chatwoot.com,https://www.chatwoot.com/blog/customer-service-goals,20220912105456,10 critical goals in customer service to ensure your efforts don't go to waste,2853,en,unknown,informational,True
chatwoot.com,https://www.chatwoot.com/blog/pre-chat-form-automations/,20220519144519,Pre-chat form + Automation = 🚀 | Chatwoot,506,en,unknown,informational,True
meetpoppy.com,https://blog.meetpoppy.com/2018/09/11/seattle-events-september/,20190717111011,Upcoming events in Seattle – Poppy’s picks for great kid-friendly and grown-up friendly events: Sept 11 – 25,432,en,neg,news_pr_h,False
meetpoppy.com,https://blog.meetpoppy.com/2017/02/28/add-a-quick-link-to-poppy-on-your-iphone/poppy-add-to-home-menu/,20190717111155,poppy-add-to-home-menu,31,en,unknown,n/a,False
meetpoppy.com,https://blog.meetpoppy.com/2016/09/16/a-letter-to-our-families/,20161107052025,A letter continued.,1132,en,unknown,opinion_essay,False
meetpoppy.com,https://blog.meetpoppy.com/2017/11/17/jodi-griffin-myparenthoodstory/,20190717104716,Jodi Griffin #myparenthoodstory,1285,en,unknown,opinion_essay,False
meetpoppy.com,https://blog.meetpoppy.com/2016/07/25/poppys-recipes-of-the-week/,20190209184805,Poppy’s recipes of the week,86,en,unknown,n/a,False
whalesync.com,https://www.whalesync.com/blog/web3-and-no-code,20220131193750,Web3 & No-Code,1576,en,unknown,informational,True
whalesync.com,https://www.whalesync.com/blog/8-e-commerce-email-marketing-best-practices-to-boost-your-roi-in-2021,20211024200832,8 E-Commerce Email Marketing Best Practices To Boost Your ROI in 2021,657,en,pos,product_announcement,False
whalesync.com,https://www.whalesync.com/blog/10-airtable-competitors-for-your-use-case-2022,20220517083911,10 Airtable Competitors for Your Use Case (2022),1945,en,unknown,informational,True
whalesync.com,https://www.whalesync.com/blog/22-ways-to-get-more-views-on-youtube,20211024201948,The Top 10 No-Code Products of 2021,451,en,pos,informational,False
whalesync.com,https://www.whalesync.com/blog/seo-checklist-for-1-person-teams,20220303163442,SEO Checklist for 1-Person Teams,358,en,pos,informational,False
haddock.app,https://haddock.app/blog/haddock-en-el-mercado-testers-fase-beta/,20210117143914,haddock-en-el-mercado-testers-fase-beta,414,es,unknown,n/a,False
haddock.app,https://www.haddock.app/blog/controla-el-100-de-tus-productos,20220706170813,Controla el 100% de tus productos,341,es,unknown,n/a,False
haddock.app,https://www.haddock.app/blog/que-es-un-tpv-y-cual-es-mejor-para-mi-restaurante,20220817002406,¿Qué es un TPV y cuál es mejor para mi restaurante?,583,es,unknown,n/a,False
haddock.app,https://haddock.app/blog/el-ayuntamiento-de-barcelona-ofrece-ayudas-para-la-digitalizacion-de-la-restauracion/,20210514203844,el-ayuntamiento-de-barcelona-ofrece-ayudas-para-la-digitalizacion-de-la-restauracion,494,es,unknown,n/a,False
haddock.app,https://haddock.app/blog/como-empezar-take-away-y-delivery-restaurante/,20210117144336,como-empezar-take-away-y-delivery-restaurante,645,es,unknown,n/a,False
zeal.com,https://www.zeal.com/blog/new-and-improved-tax-setup-page,20221123192753,NEW and IMPROVED Tax Setup Page,274,en,unknown,n/a,False
zeal.com,https://www.zeal.com/blog/meet-the-new-zeal,20220528003730,Zeal |,687,en,unknown,news_pr,False
zeal.com,https://www.zeal.com/blog/disbursement-statuses,20221127154807,Dig into the details with Disbursement Statuses,258,en,unknown,n/a,False
zeal.com,https://www.zeal.com/blog/zero-wage-filings,20220818193823,Zeal |,220,en,unknown,n/a,False
zeal.com,https://www.zeal.com/blog/reducing-tax-complexity-with-the-tax-setup-page,20220329173408,Zeal |,168,en,unknown,n/a,False
foxpass.com,https://www.foxpass.com/blog/new-features-winter-2016/,20210613074232,New Features - Winter 2016,546,en,unknown,product_announcement,False
accept.inc,https://accept.inc/blog/cash-vs-mortgage,20220118043830,Buying a House Cash vs Mortgage - What's Better?,1388,en,pos,informational,True
accept.inc,https://accept.inc/blog/how-to-buy-a-home-step-2-find-your-financing,20210418151907,How to Buy a Home - Step Two: Find Your Financing,1459,en,pos,informational,True
accept.inc,https://accept.inc/blog/how-to-find-the-best-mortgage-lender-in-denver,20211130120405,How to Find the Best Mortgage Lender in Denver | Accept.inc,1362,en,pos,informational,True
leaky.com,http://leaky.com:80/blog/are-you-ready-for-cheap-gas/,20120717055756,Are you ready for $3 gas?,426,en,unknown,informational,False
rentobo.com,http://www.rentobo.com:80/blog/automated-tenant-screening/,20130812041222,Announcing Automated Tenant Screening!,493,en,neg,news_pr_h,False
rentobo.com,http://www.rentobo.com:80/blog/the-benefits-of-syndicating-your-listing/,20141001171941,The Benefits Of Syndicating Your Listing,426,en,unknown,informational,False
rentobo.com,http://www.rentobo.com:80/blog/ethical-challenges-of-being-a-landlord/,20141002012656,Ethical Challenges Of Being A Landlord,374,en,unknown,informational,False
rentobo.com,http://www.rentobo.com:80/blog/responding-quickly-to-maintenance-requests/,20130817171131,The importance of responding quickly to maintenance requests,388,en,unknown,informational,False
rentobo.com,http://www.rentobo.com/blog/top-3-cities-to-rent-vs-buy/,20160805173744,Top 3 Cities To Rent VS Buy,504,en,pos,informational,True
zbiotics.com,https://zbiotics.com/blogs/journal/whats-wrong-with-probiotics-part-1,20190824083653,What's Wrong with Probiotics? Part 1,1181,en,unknown,informational,True
zbiotics.com,https://zbiotics.com/blogs/journal/alcohol-and-dehydration,20200927152930,Does alcohol really cause dehydration?,1729,en,unknown,informational,True
zbiotics.com,https://zbiotics.com/blogs/journal/7-tips-to-feel-better-after-drinking-alcohol,20211101182053,7 Tips to Feel Better After Drinking Alcohol,958,en,pos,informational,True
zbiotics.com,https://zbiotics.com/blogs/journal/zbiotics-racial-justice-pledge,20200927175800,ZBiotics Racial Justice Pledge,1274,en,unknown,culture_hiring,False
zbiotics.com,https://zbiotics.com/blogs/journal/our-new-packaging,20220314235808,Our New Packaging,239,en,unknown,n/a,False
honeylove.com,https://www.honeylove.com/blogs/essays/getting-real-about-miscarriage,20210412213038,Getting Real About Miscarriage,948,en,unknown,opinion_essay,False
honeylove.com,https://www.honeylove.com/blogs/essays/end-of-year-check-in,20210412211959,End of year check-in,1301,en,unknown,informational,True
honeylove.com,https://www.honeylove.com/blogs/essays/the-season-of-love,20200807090636,Reclaiming Valentine's Day,328,en,unknown,opinion_essay,False
honeylove.com,https://www.honeylove.com/blogs/essays/resolutions-are-overrated,20210412223259,Resolutions are overrated,926,en,unknown,informational,True
honeylove.com,https://www.honeylove.com/blogs/essays/meet-the-models-hawa-zabel,20200807092252,Meet the Models: Hawa Zabel,356,en,unknown,culture_hiring,False
kamcord.com,http://blog.kamcord.com:80/the-return-of-the-kamcord/,20150122070151,Return of the Kamcord,131,en,unknown,n/a,False
kamcord.com,http://blog.kamcord.com/post/58168636795/chat-with-a-developer-happy-jump-hd,20140426171907,,470,en,unknown,case_study,False
kamcord.com,http://blog.kamcord.com/post/60957341175/how-to-skin-the-kamcord-ui-to-look-native-to-your-game,20140426172144,,247,en,pos,n/a,False
kamcord.com,http://blog.kamcord.com/post/58346465365/best-practices-from-our-game-of-the-week-developers,20140426171550,,715,en,pos,informational,True
kamcord.com,http://blog.kamcord.com:80/tea-time-at-kamcord/,20150122070024,Tea Time at Kamcord,376,en,unknown,culture_hiring,False
oneschema.co,https://www.oneschema.co/blog/how-to-reduce-customer-churn-with-better-customer-onboarding,20220517182703,How to Reduce Customer Churn with Better Customer Onboarding? - Tech - Webflow Ecommerce Website Template,821,en,pos,informational,True
oneschema.co,https://www.oneschema.co/blog/flatfile-competitors-alternatives,20221001040702,Flatfile Competitors: The 4 Best Alternatives,1250,en,pos,informational,True
oneschema.co,https://www.oneschema.co/blog/product-update-july-22,20220818144054,What's New in OneSchema July 2022,409,en,unknown,product_announcement,False
oneschema.co,https://www.oneschema.co/blog-category/product-update,20221001041838,PRODUCT UPDATE - Tech - Webflow Ecommerce Website Template,91,en,pos,n/a,False
oneschema.co,https://www.oneschema.co/blog/how-do-you-format-dates-in-excel,20220124131507,How Do You Format Dates in Excel? - Tech - Webflow Ecommerce Website Template,777,en,pos,informational,True
moonshotbrands.com,https://www.moonshotbrands.com/blog/how-to-sell-an-fba-business,20210804212752,How To Sell An FBA Business | Moonshot Brands,2174,en,pos,informational,True
moonshotbrands.com,https://www.moonshotbrands.com/blog/business-transfer-checklist,20210924175037,Business Transfer Checklist | Moonshot Brands,983,en,pos,informational,True
moonshotbrands.com,https://www.moonshotbrands.com/blog/complete-guide-to-consumer-psychology,20210816180219,The Complete Guide to Understanding Consumer Psychology | Moonshot Brands,1632,en,pos,informational,True
moonshotbrands.com,https://www.moonshotbrands.com/blog/how-to-make-more-money-with-google-ads,20211007171223,How To Make More Money With Google Ads | Moonshot Brands,1576,en,pos,informational,True
moonshotbrands.com,https://www.moonshotbrands.com/blog/moonshot-brand-research-report-the-aftermath-of-covid-for-ecommerce,20220315191030,Moonshot Brand Research Report: The Aftermath of Covid for Ecommerce | Moonshot Brands,895,en,unknown,informational,True
gogenuity.com,https://gogenuity.com/blog/technology-management-uncertain-times/,20200926152048,Technology Management in Uncertain Times | Genuity,1024,en,unknown,informational,True
gogenuity.com,https://gogenuity.com/blog/genuity-named-top-performer-g2/,20200924182317,Genuity Named High Performer and Best Support in G2 Summer Report | Genuity,337,en,pos,news_pr,False
gogenuity.com,https://gogenuity.com/blog/welcome-new-head-cybersecurity/,20220105133416,Welcome Genuity's New Head of Advanced Cybersecurity Solutions! | Genuity,305,en,neg,news_pr_h,False
gogenuity.com,https://gogenuity.com/blog/keep-pace-with-digital-transformation/,20200926142612,How To Keep Pace With Digital Transformation And Avoid Becoming Obsolete | Genuity,848,en,pos,informational,True
gogenuity.com,https://gogenuity.com/blog/insurance-premiums-skyrocket/,20220204131246,Insurance Premiums Skyrocket as Cyber Attacks Surge | Genuity,877,en,unknown,informational,True
icracked.com,http://www.icracked.com:80/blog/2012/03/13/icracked-iphone-repair-startup-is-a-y-combinator-company/,20120315082159,iCracked iPhone Repair Startup is a Y Combinator Company,433,en,unknown,news_pr,False
icracked.com,http://www.icracked.com:80/blog/2011/12/08/think-you%E2%80%99re-tech-savvy-enough-to-perform-surgery-on-your-iphone/,20121018031020,Think you’re tech savvy enough to perform surgery on your iPhone?,265,en,unknown,n/a,False
icracked.com,http://www.icracked.com:80/blog/2012/08/02/icracked-now-sells-ishieldz/,20121020070011,iCracked Now Sells iShieldz,237,en,unknown,n/a,False
icracked.com,http://www.icracked.com:80/blog/2012/02/16/icracked-helps-overseas-soldiers-stay-connected-with-family-through-diy-iphone-repair-services/,20120616063234,iCracked Helps Overseas Soldiers Stay Connected with Family through DIY iPhone Repair Services,456,en,unknown,news_pr,False
icracked.com,https://www.icracked.com/blog/2017/05/09/questions-your-mom-is-really-asking-about-her-phone-or-tablet-listicle-may-10,20180118091921,Decoding your mom's iPhone problems for Mother's Day - iCracked - The Fix,401,en,unknown,informational,False
validere.com,https://blog.validere.com/clean-data-clear-direction-new-chapter,20220719120047,Clean data. Clear direction. A new chapter for Validere.,299,en,unknown,n/a,False
validere.com,https://blog.validere.com/data-to-incentivize-the-low-emission-molecule,20220722062900,Data Is Now Available for the Market to Incentivize the Low Emission Molecule - Validere,63,en,neg,n/a,False
validere.com,https://blog.validere.com/trp-energy-emissions-measurement-reconciliation-solution,20221006131832,TRP Energy selects Validere as emissions measurement and reconciliation solution | Validere,493,en,unknown,news_pr,False
validere.com,http://blog.validere.com:80/5-things-you-should-know-about-artificial-intelligence-and-how-it-applies-to-industry,20171220031719,5 Things You Should Know About Artificial Intelligence (And How It Applies to Industry),1423,en,pos,informational,True
validere.com,https://blog.validere.com/gas-measuring-emissions-commercial-environmental-future,20221031130228,U.S. gas: Measuring emissions is key to securing its future | Validere,686,en,unknown,informational,True
demandcurve.com,https://www.demandcurve.com/blog/email-marketing-best-practices,20220223202604,Email marketing best practices and tips for 2022 | Demand Curve Blog,3527,en,pos,informational,True
demandcurve.com,https://www.demandcurve.com/blog/youtube-ads-cost,20220521034016,What do YouTube ads cost? | Demand Curve Blog,1451,en,unknown,informational,True
demandcurve.com,https://www.demandcurve.com/blog/how-to-grow-your-email-list,20220225201122,Email List Growth: 19 Tactics to Help Grow Your Email List in 2022 | Demand Curve Blog,6073,en,pos,informational,True
demandcurve.com,https://www.demandcurve.com/blog/the-complete-glossary-of-marketing-terms,20220214121210,The Complete Glossary of Marketing Terms | Demand Curve Blog,4667,en,pos,informational,True
demandcurve.com,https://www.demandcurve.com/blog/types-of-google-ads,20220521022104,"Types of Google Ads: Ad Formats, Campaign Types & Best Practices for 2022 | Demand Curve Blog",7976,en,pos,informational,True
jenfi.com,https://jenfi.com/blog/how-to-obtain-a-small-business-loan-through-paypal/,20210507092849,How To Obtain A Small Business Loan Through PayPal,1011,en,pos,informational,True
jenfi.com,https://jenfi.com/blog/skyrocket-sales-by-optimizing-your-facebook-target-audience-%E2%80%A8/,20210507100350,Skyrocket Sales by Optimizing Your Facebook Target Audience,838,en,unknown,informational,True
jenfi.com,https://jenfi.com/blog/3-ways-to-advertise-without-spending-any-money/,20210419005725,3 Ways to Advertise Without Spending Any Money,502,en,pos,informational,True
jenfi.com,https://jenfi.com/blog/2019/7/3-tips-in-building-a-successful-ecommerce-store,20200925220406,3 TIPS IN BUILDING A SUCCESSFUL ECOMMERCE STORE,430,en,pos,informational,False
jenfi.com,https://jenfi.com/blog/do-you-know-what-your-customers-really-want/,20210418224542,Do You Know What Your Customers Really Want?,370,en,unknown,informational,False
openbiome.org,http://www.openbiome.org:80/blog/2015/1/24/two-men-behind-fecal-transplants,20150217024000,Two Men Behind Fecal Transplants,176,en,unknown,n/a,False
openbiome.org,http://www.openbiome.org/blog/2014/6/27/is-human-waste-an-experimental-drug-fda-faces-challenges-overseeing-fecal-transplant-safety,20150323020045,"""FDA grapples with oversight of fecal transplants""",255,en,unknown,n/a,False
openbiome.org,http://www.openbiome.org/blog/2014/4/9/mit-lab-hosts-nations-first-stool-bank-but-will-it-survive,20150323082308,"""MIT Lab Hosts Nation's First Stool Bank, But Will It Survive?""",227,en,unknown,n/a,False
openbiome.org,http://www.openbiome.org:80/blog/2014/11/24/the-excrement-experiment,20150217023954,The Excrement Experiment,152,en,unknown,n/a,False
openbiome.org,http://www.openbiome.org:80/blog/2014/9/22/openbiome-remains-open-to-serve-the-medical-community,20150217025840,"""OpenBiome remains open to serve the medical community""",173,en,unknown,n/a,False
toymail.co,https://toymail.co/blogs/news/toymail-in-the-tank,20170704174913,Toymail in the Tank,446,en,unknown,opinion_essay,False
toymail.co,https://toymail.co/blogs/reviews/matt-bischof,20190819000548,Matt Bischof,109,en,unknown,n/a,False
toymail.co,https://toymail.co/blogs/reviews/jessie-barrett,20190723225650,Jessie Barrett,53,en,unknown,n/a,False
toymail.co,https://toymail.co/blogs/news/launching-the-talkies,20170227131411,Launching the Talkies!,404,en,neg,news_pr_h,False
toymail.co,https://toymail.co/blogs/reviews/richard-goodwin,20191115072707,Richard Goodwin,389,en,unknown,case_study,False
unschool.in,https://blog.unschool.in/learning-in-the-time-of-corona/,20210421130814,Make way for learning in the time of Corona,482,en,unknown,informational,False
unschool.in,https://blog.unschool.in/how-to-create-a-new-habit/,20210421142022,Building new Habits: How's & Why's,437,en,pos,informational,False
unschool.in,https://blog.unschool.in/leadership-in-time-of-crisis/,20210507121358,Strong Leadership in the times of crisis,462,en,unknown,informational,False
unschool.in,https://blog.unschool.in/your-knowledge-our-resources-learn-and-earn-all-the-way/,20210507123003,"Your knowledge, our resources! Learn and earn all the way",316,en,unknown,culture_hiring,False
unschool.in,https://blog.unschool.in/unplugged-get-started-in-less-than-30-minutes/,20210507133258,Unplugged – Get started in less than 30 minutes!,344,en,unknown,product_announcement,False
careertu.com,http://careertu.com:80/blog/h1b-2017-update/,20170618182554,H1B抽签已结束，比去年少了四万人！你却还没找到工作？,169,other,unknown,n/a,False
careertu.com,http://careertu.com:80/blog/h1b-check-list-information/,20170423054646,掌握H1B全信息（内含check list和多种Plan B）,136,other,unknown,n/a,False
careertu.com,http://careertu.com:80/blog/job-offer-tips/,20170422104007,看懂job offer 也是一个技术活，你掌握了吗？,88,other,unknown,n/a,False
careertu.com,http://careertu.com:80/blog/career-books,20170504193210,好书推荐,419,other,unknown,n/a,False
careertu.com,http://careertu.com:80/blog/opt-h1b-application/,20170425151914,职图原创 | 如何巧妙利用OPT，帮助H1B申请,130,other,unknown,n/a,False
stownest.com,https://stownest.com/blog/where-and-how-to-store-your-stuff-during-rennovation,20191113011803,Where and How to Store Your Stuff during Rennovation,553,en,pos,informational,True
stownest.com,https://stownest.com/blog/questions-to-ask-about-self-storage-before-renting,20191218172456,Questions to Ask About Self-Storage Before Renting,650,en,unknown,informational,True
stownest.com,https://stownest.com/blog/how-i-saved-90-of-my-house-rent-during-lockdown,20201124203925,How I Saved 90% of My House Rent During Lockdown!,165,en,unknown,n/a,False
stownest.com,https://stownest.com/blog/how-to-store-your-beloved-bike-tips-and-tricks,20210120050024,How to Store your Beloved Bike: Tips and Tricks,1487,en,pos,informational,True
stownest.com,https://stownest.com/blog/5%20Reasons%20To%20Use%20A%20Self-Storage%20Unit,20220517213244,5 Reasons To Use A Self-Storage Unit,691,en,pos,informational,True
warmly.ai,https://www.warmly.ai/blog/week-8-in-y-combinator-why-376-people-help-warmly-regularly-the-power-of-a-weekly-mailing-list,20210305072558,Week 8 in Y-Combinator: Why 376 people help Warmly regularly - The Power of a Weekly Mailing List,2930,en,pos,informational,True
warmly.ai,https://warmly.ai/blog/warmth-at-work-episode-3-cience,20220808222613,🗒 Warmth at Work Episode 3: CIENCE,66,en,unknown,n/a,False
warmly.ai,https://www.warmly.ai/blog/warmly-has-you-covered,20210918063810,"Back to back meetings? No worries, #Warmly has you covered!",290,en,unknown,n/a,False
warmly.ai,https://www.warmly.ai/blog/how-to-improve-employee-experience-in-the-digital-workplace,20220825120603,How to Improve Employee Experience in The Digital Workplace,808,en,pos,informational,True
warmly.ai,https://www.warmly.ai/blog/the-intersection-of-authenticity-and-accountability-2,20210812161318,The Intersection of Authenticity and Accountability,1240,en,unknown,informational,True
preki.com,https://www.preki.com/blog-posts/en-que-consiste-el-acompanamiento-comercial-de-preki-con-los-usuarios,20220816192737,¿En qué consiste el acompañamiento comercial de Preki con los usuarios?,332,es,unknown,n/a,False
preki.com,https://www.preki.com/blog-posts/como-sacarle-el-maximo-provecho-a-preki,20220816191831,¿Cómo sacarle el máximo provecho a Preki?,380,es,unknown,n/a,False
preki.com,https://www.preki.com/blog-posts/cuales-son-las-mejores-oportunidades-para-vender-en-linea,20220816192125,Cuáles son las mejores oportunidades para vender en línea,329,es,unknown,n/a,False
preki.com,https://www.preki.com/blog-posts/tienda-el-nuevo-modulo-en-la-app-de-preki,20220816193236,Tienda: el nuevo módulo en la app de Preki,388,es,unknown,n/a,False
preki.com,https://www.preki.com/blog-posts/como-personalizar-mi-tienda-en-preki,20220816200024,¿Cómo personalizar mi tienda en Preki?,356,es,unknown,n/a,False
metaplane.dev,https://www.metaplane.dev/blog/how-to-evaluate-data-observability-tools,20211209210721,How to Evaluate Data Observability Tools,1017,en,pos,informational,True
metaplane.dev,https://www.metaplane.dev/blog/proxy-and-practicality,20220812003015,Proxy and Practicality,1422,en,unknown,opinion_essay,False
metaplane.dev,https://www.metaplane.dev/blog/what-is-data-observability,20221004103059,"What Data Observability Is, What It’s Not, and Why it Matters",1963,en,pos,informational,True
metaplane.dev,https://www.metaplane.dev/blog/data-observability-best-practices,20221005014332,The Ultimate Data Observability Playbook: Best Practices for Data Engineers,2227,en,pos,informational,True
metaplane.dev,https://www.metaplane.dev/blog/how-to-maximize-the-value-of-your-metadata,20220120024217,How to Maximize the Value of Your Metadata,1918,en,pos,informational,True
ploomber.io,https://ploomber.io/blog/snapshot-testing/,20220706051926,Introducing Snapshot Testing for Jupyter Notebooks,1339,en,neg,news_pr_h,False
genius.com,http://genius.com:80/blog.phusion.nl/2015/01/20/docker-and-the-pid-1-zombie-reaping-problem,20150205014530,Genius-annotated version of “Docker and the PID 1 zombie reaping p...”,36,en,unknown,n/a,False
genius.com,https://genius.com/Blog-27-turn-you-on-to-music-lyrics,20211227090255,Blog 27 – Turn You On To Music,270,en,unknown,n/a,False
genius.com,https://genius.com/Blog-27-generation-b27-lyrics,20211227090256,Blog 27 – Generation (B27),464,en,unknown,other,False
genius.com,http://genius.com:80/blog.samaltman.com/the-software-revolution,20150222205001,Genius-annotated version of “The Software Revolution”,35,en,unknown,n/a,False
instapainting.com,https://www.instapainting.com/blog/company/2014/10/02/art-everywhere/,20160304221125,Art Everywhere Initiative,182,en,unknown,n/a,False
instapainting.com,https://www.instapainting.com/blog/how-to-showcase-your-pet-with-the-perfect-pet-portrait-painting/,20200507140641,How To Showcase Your Pet With The Perfect Pet Portrait Painting,722,en,pos,informational,True
instapainting.com,https://www.instapainting.com/blog/inside-the-lives-of-chinese-art-factory-workers/,20171118161618,Inside the Lives of Chinese Art Factory Workers,2590,en,unknown,informational,True
instapainting.com,https://www.instapainting.com/blog/get-a-robert-ryman-replica-for-20/,20200922170326,Get a Robert Ryman Blank White Painting Replica for $20,162,en,unknown,n/a,False
instapainting.com,https://www.instapainting.com/blog/artists/2014/08/14/brawling-bohemians/,20141008150749,Brawling Bohemians,576,en,unknown,opinion_essay,False
andrewcoyle.com,http://www.andrewcoyle.com:80/blog/2012/10/29/education-in-the-knowledgeconceptual-society/,20130131043551,Education In The Knowledge/Conceptual Society,1060,en,unknown,opinion_essay,False
andrewcoyle.com,http://www.andrewcoyle.com:80/blog/2012/03/24/digital-painting-photoshop-cs6-beta/,20130503131242,Digital Painting: Photoshop CS6 Beta,143,en,unknown,n/a,False
andrewcoyle.com,http://www.andrewcoyle.com:80/blog/2013/08/16/a-new-chapter-a-new-journal/,20130819041230,"A New Chapter, a New Journal",180,en,unknown,n/a,False
andrewcoyle.com,http://www.andrewcoyle.com:80/blog/2012/09/16/why-your-college-degree-is-worthless/,20130129234159,Why Your College Degree Is Worthless.,629,en,pos,opinion_essay,False
andrewcoyle.com,http://www.andrewcoyle.com:80/blog/2013/01/18/why-the-internet-archive-sucks-what-we-can-do-about-it/,20130122055013,Why the Internet Archive sucks & what we can do about it.,419,en,pos,opinion_essay,False
terravion.com,http://www.terravion.com:80/blog/the-market-is-speaking-terravion-collects-more-acres-every-week-than-electric-drones-do-in-year,20151204103406,The Market is Speaking: TerrAvion collects more acres every week than electric drones do in a year,475,en,unknown,opinion_essay,False
terravion.com,http://www.terravion.com:80/blog/why-farmers-need-to-speed-up-their-ooda-loop,20141017094400,Why farmers need to speed up their OODA loop.,1486,en,pos,informational,True
terravion.com,http://www.terravion.com:80/blog/fields-of-greens,20141017164919,Fields of Greens,25,other,unknown,n/a,False
terravion.com,http://www.terravion.com:80/blog/apples-to-apples-planet-labs-and-terravion,20180623085910,TerrAvion,10,other,unknown,n/a,False
terravion.com,http://www.terravion.com:80/blog/techcrunch-covers-terravion-overview-version-01-launch,20141013030720,TechCrunch Covers TerrAvion OverView Version 0.1 Launch,234,en,neg,n/a,False
yourmechanic.com,https://www.yourmechanic.com/blog/yourmechanic-s-interview-process-for-the-engineering-team-by-rajat-agarwal,20210412194744,YourMechanic's Interview Process For the Engineering Team,678,en,unknown,culture_hiring,False
yourmechanic.com,https://www.yourmechanic.com/blog/meet-the-team-ken-eng-by-dora-gyulai,20191018113548,Meet the Team: Ken Eng,230,en,unknown,n/a,False
yourmechanic.com,https://www.yourmechanic.com/blog/i-have-no-idea-what-s-wrong-with-my-car-where-do-i-begin-by-emily-edwards_3,20170706171013,I Have No Idea What's Wrong With My Car - Where Do I Begin?,1823,en,unknown,informational,True
yourmechanic.com,https://www.yourmechanic.com/blog/how-yourmechanic-is-changing-customer-service-in-the-auto-industry-by-emily-edwards,20180111010259,How YourMechanic is Changing Customer Service in the Auto Industry,619,en,unknown,informational,True
yourmechanic.com,https://www.yourmechanic.com/blog/meet-the-team-abigail-blake-by-dora-gyulai,20191018115215,Meet the Team: Abigail Blake,463,en,unknown,culture_hiring,False
controlhub.com,https://www.controlhub.com/blog/credit-card-reconciliation-general-ledger-account-reconciliation-example,20220927083606,General Ledger Account Reconciliation Example,1350,en,unknown,informational,True
controlhub.com,https://www.controlhub.com/blog/procurement-vs-purchasing,20210920223010,Procurement vs. Purchasing… what’s the difference?,175,en,pos,n/a,False
controlhub.com,https://www.controlhub.com/blog/credit-card-reconciliation-month-end-reconciliation,20220927070615,Month End Reconciliation: What You Need to Know,1880,en,unknown,informational,True
controlhub.com,https://www.controlhub.com/blog/7-steps-to-effective-spend-management,20220816132053,7 Steps to Effective Spend Management,1652,en,pos,informational,True
controlhub.com,https://www.controlhub.com/blog/procure-to-pay-process-optimization,20220816125612,Procure-to-Pay Process Optimization,1642,en,unknown,informational,True
kalshi.com,https://kalshi.com/blog/making-economic-predictions-freely-available,20220911154333,Kalshi,9,en,unknown,n/a,False
kalshi.com,https://kalshi.com/blog/election-markets-coming,20221122152829,Kalshi,9,en,unknown,n/a,False
kalshi.com,https://kalshi.com/blog/supreme-court-markets,20211203175510,Kalshi,9,en,unknown,n/a,False
kalshi.com,https://kalshi.com/blog/cftc-decision-on-election-markets-will-be-a-responsible-innovation-indicator,20221024182206,Kalshi,9,en,unknown,n/a,False
kalshi.com,https://kalshi.com/blog/why-the-jan-25-federal-reserve-meeting-is-critical,20220911154333,Kalshi,9,en,pos,n/a,False
doppler.com,https://www.doppler.com/blog/doppler-vs-hashicorp-vault,20210506220019,Doppler vs. HashiCorp Vault,1309,en,pos,informational,True
doppler.com,https://doppler.com/blog/we-were-vulnerable-so-may-you,20200804032001,We Were Vulnerable,214,en,unknown,n/a,False
doppler.com,https://www.doppler.com/blog-category/community-tutorials,20211022172005,Doppler: Tutorials,359,en,pos,informational,False
doppler.com,https://www.doppler.com/blog/joining-doppler-aligning-values-with-passion,20210908225138,Joining Doppler: Aligning Values with Passion,528,en,unknown,culture_hiring,False
doppler.com,https://www.doppler.com/blog/the-triumph-and-tragedy-of-env-files,20210616232149,The Triumph and Tragedy of .env Files,775,en,unknown,informational,True
protocol.ai,https://protocol.ai/blog/more-token-sale-details/,20170731222110,More Filecoin Token Sale Details — 7 days away!,996,en,unknown,news_pr,False
protocol.ai,https://protocol.ai/blog/collaboration-on-vdfs/,20190822093405,Collaboration with the Ethereum Foundation on VDFs,426,en,unknown,news_pr,False
protocol.ai,https://protocol.ai/blog/hypercert-new-primitive/,20220825125656,Hypercerts: A new primitive for public goods funding,2227,en,neg,news_pr_h,False
protocol.ai,https://protocol.ai/blog/announcing-saft-project/,20171002213057,Announcing the SAFT Project,673,en,neg,news_pr_h,False
protocol.ai,https://protocol.ai/blog/get-involved-in-web3/,20221018103550,How to Get Started in Web3 with Protocol Labs,1101,en,pos,informational,True
pipelinedb.com,https://www.pipelinedb.com/blog/pipelinedb-0-9-5,20170711162423,PipelineDB 0.9.5,1103,en,unknown,product_announcement,False
meetings.io,https://www.meetings.io/blog/how-can-your-calendar-add-years-to-your-life/,20211209073901,How can your calendar add years to your life - meetings.io,839,en,unknown,opinion_essay,False
meetings.io,https://www.meetings.io/blog/trust-equals-honesty-and-integrity/,20211209080706,Trust equals honesty and integrity - meetings.io,271,en,unknown,n/a,False
meetings.io,https://www.meetings.io/blog/the-start-of-a-successful-meeting/,20211209081416,The start of a successful meeting - meetings.io,568,en,unknown,informational,True
meetings.io,https://www.meetings.io/blog/how-to-take-zoom-meetings-to-the-next-level/,20220526104047,How to take Zoom meetings to the next level - meetings.io,434,en,pos,informational,False
bizzy.io,http://bizzy.io:80/blog/the-repeat-customer-is-a-treasure-trove/,20150709105423,The Repeat Customer Is a Treasure Trove,617,en,unknown,informational,True
curtsyapp.com,https://curtsyapp.com/blog/letter-to-incoming-freshman-ohio-state/,20211023020756,A Letter to Incoming Freshman 💌... - Curtsy Blog,623,en,unknown,opinion_essay,False
curtsyapp.com,https://curtsyapp.com/blog/here-are-the-top-5-myths-that-keep-you-from-selling-your-clothes/,20210419185241,Here Are The Top 5 Myths That Keep You From Selling Your Clothes | Curtsy's Blog,247,en,pos,n/a,False
curtsyapp.com,https://curtsyapp.com/blog/curtsy-closet-officially-open-dt-tuscaloosa/,20210106222619,The Curtsy Closet is Officially Open in Downtown Tuscaloosa | Curtsy's Blog,289,en,unknown,n/a,False
curtsyapp.com,https://curtsyapp.com/blog/summer-guide-ath/,20210510011156,"Staying in Athens, GA This Summer? Here's Our List of Can't Miss Activities | Curtsy's Blog",328,en,pos,informational,False
curtsyapp.com,https://curtsyapp.com/blog/ritz-carlton-college-dorm-room-tell-us/,20210508072319,Ritz Carlton or College Dorm Room? You Tell Us. | Curtsy's Blog,110,en,unknown,n/a,False
getlago.com,https://www.getlago.com/blog/pricing-my-only-growth-hack-at-qonto,20220518175124,"Pricing, my only growth hack at Qonto",947,en,unknown,opinion_essay,False
getlago.com,https://www.getlago.com/blog/we-crunched-the-fees-of-stripes-21-products,20220722203213,Lago Blog - We crunched the fees of Stripe's 21 products,814,en,unknown,informational,True
getlago.com,https://www.getlago.com/blog/generating-pdf-invoices-using-lago,20220728153805,Lago Blog - Generating PDF invoices using Lago,697,en,unknown,informational,True
getlago.com,https://www.getlago.com/blog/how-we-got-into-yc,20221114222201,"Lago Blog - How we got into YC, pre-product, pre-revenue",2432,en,unknown,informational,True
teamnoteapp.com,http://www.teamnoteapp.com:80/blog/hkej-y-combinator-interview-100000-bet-10-minutes/,20160303232114,Leave a Reply Cancel reply,28,en,unknown,n/a,False
teamnoteapp.com,http://www.teamnoteapp.com:80/blog/pcm-biz-it-teamnote-successfully-reaches-out-worldwide/,20150419015104,Leave a Reply Cancel reply,43,en,unknown,n/a,False
teamnoteapp.com,http://www.teamnoteapp.com:80/blog/tech-in-asia-yc-eyes-towards-asia/,20150406055008,Leave a Reply Cancel reply,63,en,unknown,n/a,False
teamnoteapp.com,http://www.teamnoteapp.com:80/blog/teamnote-go-international-interview-by-hket/,20150406054915,Leave a Reply Cancel reply,33,en,unknown,n/a,False
teamnoteapp.com,http://www.teamnoteapp.com:80/blog/unwire-roy-shares-his-experience-in-yc/,20160303232236,Leave a Reply Cancel reply,39,en,unknown,n/a,False
windsor.io,https://www.windsor.io/blog/how-video-can-accelerate-your-ecommerce-growth,20220702145708,How Video Can Accelerate your eCommerce Growth,1310,en,unknown,informational,True
windsor.io,https://www.windsor.io/blog/3-ways-to-upgrade-your-email-marketing-using-ai-powered-videos,20220820003029,3 ways to upgrade your email marketing using AI-powered videos,1505,en,pos,informational,True
windsor.io,https://www.windsor.io/blog/how-dover-uses-personalized-email-flows-to-streamline-recruitment,20220927145818,How Dover uses personalized email flows to streamline recruitment,1368,en,unknown,informational,True
windsor.io,https://www.windsor.io/blog/five-unique-ecommerce-email-campaigns,20220702141226,Five Unique eCommerce Email Campaigns,1155,en,unknown,informational,True
windsor.io,https://www.windsor.io/blog/the-psychology-of-gratitude-for-online-stores,20220702135617,The Psychology of Gratitude for Online Stores,1234,en,unknown,informational,True
lovd.com,https://www.lovd.com/blog/the-best-tech-gifts-for-fathers-day/,20220702110015,The Best Father’s Day Gifts for Your Tech Obsessed Dad | Lovd,1505,en,pos,informational,True
lovd.com,https://www.lovd.com/blog/why-you-should-sell-your-used-tech-and-electronics/,20220930100104,Why you should sell your used tech and electronics,359,en,pos,informational,False
lovd.com,https://www.lovd.com/blog/the-easiest-side-hustle-for-new-yorkers-nyc-side-hustles/,20220930092645,The easiest side hustle for New Yorkers. NYC Side Hustles.,1160,en,unknown,informational,True
lovd.com,https://www.lovd.com/blog/3-ways-tech-and-fitness-work-together/,20220930100203,3 ways tech and fitness work together - Lovd NYC,917,en,pos,informational,True
lovd.com,https://www.lovd.com/blog/tips-to-host-a-legendary-memorial-day-cookout/,20220525101410,Tips to Host a Legendary Memorial Day Cookout | Lovd,1067,en,unknown,informational,True
typedream.com,https://typedream.com/blog/how-to-build-startup-101,20211015061028,How to Build a Startup 101,303,en,pos,informational,False
typedream.com,https://typedream.com/blog/choose-a-font-that-pops,20220705150405,Choosing A Font to Make Your Landing Page Pop,120,en,unknown,n/a,False
typedream.com,https://typedream.com/blog/email-marketing,20210918040813,Email Marketing,601,en,unknown,informational,True
typedream.com,https://typedream.com/blog-db/how-to-build-startup-101,20220518131625,How to Build a Startup 101,309,en,pos,informational,False
typedream.com,https://typedream.com/blog/top-staking-platforms,20220705155533,Top Staking Platforms,56,en,unknown,n/a,False
boostable.com,http://blog.boostable.com:80/post/134927148601/boostable-for-eventbrite-organizers-webinar-recap,20160123091010,Boostable for Eventbrite Organizers: Webinar Recap,178,en,neg,n/a,False
boostable.com,http://blog.boostable.com:80/post/121599762820/twitter-advertising-series-2-advertising,20150705003446,Twitter Advertising Series: #2 Advertising Terminology,144,en,unknown,n/a,False
boostable.com,http://blog.boostable.com:80/post/128121948844/the-boostable-advantage-1-save-time-with,20150905144111,The Boostable Advantage #1: Save time with advertising through Boostable,86,en,unknown,n/a,False
boostable.com,http://blog.boostable.com:80/post/133600419788/bigcommerce-product-ads-webinar-recap,20160123091124,Bigcommerce Product Ads: Webinar Recap,165,en,neg,n/a,False
boostable.com,http://blog.boostable.com:80/post/121765666601/twitter-advertising-series-4-advertising,20150705003502,Twitter Advertising Series: #4 Advertising Campaign Duration,222,en,unknown,n/a,False
leadgenius.com,https://www.leadgenius.com/resources/untouchable-how-to-get-navigate-around-buyers-hadrians-wall/,20200813061013,Untouchable: How to Navigate Around Hadrian’s Wall - LeadGenius,1584,en,pos,opinion_essay,False
treinta.co,https://www.treinta.co/blog/todo-lo-que-se-necesita-saber-para-poner-una-papeleria-pequena,20221004220056,Todo lo que se necesita saber para poner una papelería pequeña,1119,es,unknown,n/a,False
treinta.co,https://www.treinta.co/blog/como-saber-si-es-hora-de-digitalizar-tu-pequena-empresa,20220518102148,Cómo saber que es hora de digitalizar tu negocio,1765,es,unknown,n/a,False
treinta.co,https://www.treinta.co/blog/como-aumentar-tus-ventas-en-san-valentin,20220517085040,Cómo vender en San Valentín,545,es,unknown,n/a,False
treinta.co,https://www.treinta.co/blog/automatizacion-pequenas-empresas,20211028103815,Automatización en pequeñas empresas,395,es,unknown,n/a,False
boalogistics.com,https://www.boalogistics.com/blog/essays-tips-on-writing-one/,20211019063707,Essays - Tips On Writing One - BOA Logistics,469,en,unknown,informational,False
boalogistics.com,https://www.boalogistics.com/blog/immediate-relationship-definition-am-i-married/,20210924182911,Immediate Relationship Definition - Am I Married? - BOA Logistics,482,en,pos,informational,False
boalogistics.com,https://www.boalogistics.com/blog/5-various-advantages-of-marrying-a-foreign-national/,20210727095902,5 various Advantages of Marrying a Foreign National - BOA Logistics,690,en,unknown,informational,True
boalogistics.com,https://www.boalogistics.com/blog/getting-a-bride-mail-order-partnerships/,20210730134431,Getting a Bride - Mail Order Partnerships - BOA Logistics,693,en,neg,news_pr_h,False
boalogistics.com,https://www.boalogistics.com/blog/how-you-can-act-when-you-talk-to-submit-order-birdes-to-be/,20210730131231,How you can Act When You Talk to Submit Order Birdes-to-be - BOA Logistics,707,en,unknown,informational,True
boalogistics.com,https://www.boalogistics.com/blog/essays-tips-on-writing-one/,20211019063707,Essays - Tips On Writing One - BOA Logistics,469,en,unknown,informational,False
boalogistics.com,https://www.boalogistics.com/blog/immediate-relationship-definition-am-i-married/,20210924182911,Immediate Relationship Definition - Am I Married? - BOA Logistics,482,en,pos,informational,False
boalogistics.com,https://www.boalogistics.com/blog/5-various-advantages-of-marrying-a-foreign-national/,20210727095902,5 various Advantages of Marrying a Foreign National - BOA Logistics,690,en,unknown,informational,True
boalogistics.com,https://www.boalogistics.com/blog/getting-a-bride-mail-order-partnerships/,20210730134431,Getting a Bride - Mail Order Partnerships - BOA Logistics,693,en,neg,news_pr_h,False
boalogistics.com,https://www.boalogistics.com/blog/how-you-can-act-when-you-talk-to-submit-order-birdes-to-be/,20210730131231,How you can Act When You Talk to Submit Order Birdes-to-be - BOA Logistics,707,en,unknown,informational,True
pivotint.com,https://www.pivotint.com/blog/data-design-and-complexity-management-experience/,20210121153059,Complexity Management Experience Is Key,629,en,unknown,informational,True
pivotint.com,https://www.pivotint.com/blog/pivot-in-top-1-percent-of-fastest-growing-businesses/,20200929044445,Pivot’s Aggressive Growth Strategy Skyrockets it to the Top 1% of Fastest-Growing Businesses,428,en,pos,news_pr,False
givemetap.com,https://www.givemetap.com/blogs/stories/competition-we-like-that-you-like-us-1,20190819094819,Competition: We like that you like us,131,en,unknown,n/a,False
givemetap.com,https://www.givemetap.com/blogs/stories/i-love-water,20191113172432,I love water!,102,en,unknown,n/a,False
givemetap.com,https://www.givemetap.com/blogs/stories/did-someone-say-social-enterprise,20190823085714,Did Someone Say Social Enterprise?,157,en,unknown,n/a,False
givemetap.com,https://www.givemetap.com/blogs/stories/lets-provide-safe-drinking-water-and-sanitation-across-the-world,20191113175232,Lets provide safe drinking water and sanitation across the world!,261,en,unknown,n/a,False
givemetap.com,https://www.givemetap.com/blogs/stories/california-is-the-first-state-to-ban-the-plastic-bag,20190819103955,California is the first state to ban the plastic bag!,393,en,unknown,news_pr,False
beyondtrust.com,https://www.beyondtrust.com/blog/entry/5-ways-to-protect-your-sensitive-data-in-the-cloud-webinar-with-ibm,20191120032207,5 ways to protect your sensitive data in the cloud - webinar with IBM | BeyondTrust,115,en,neg,n/a,False
beyondtrust.com,https://www.beyondtrust.com/blog/entry/avecto-powers-up-global-energy-tech-leader,20190723211531,Avecto powers up global energy tech leader | BeyondTrust,108,en,unknown,n/a,False
beyondtrust.com,https://www.beyondtrust.com/blog/entry/5-ways-to-avoid-being-the-next-data-breach-headline,20190821213931,5 Ways to Avoid Being the Next Data Breach Headline | BeyondTrust,701,en,pos,informational,True
beyondtrust.com,https://www.beyondtrust.com/blog/entry/avecto-increases-reach-with-realserve-it,20190722192145,Avecto increases reach with RealServe IT | BeyondTrust,263,en,unknown,n/a,False
beyondtrust.com,https://www.beyondtrust.com/blog/entry/beyondtrust-beyondinsight-and-password-safe-enhanced-user-experience-powerful-new-features-with-version-6-10-release,20200807182453,BeyondTrust BeyondInsight and Password Safe: Powerful New Features with Version 6.10 Release | BeyondTrust,681,en,neg,news_pr_h,False
scrimba.com,https://blog.scrimba.com/learn/frontend/aside-arrow-functions-co57449b7921c664f32e9616c,20220625100954,Aside: Arrow functions,130,en,unknown,n/a,False
scrimba.com,https://blog.scrimba.com/learn/frontend/add-the-firstcard-secondcard-and-sum-cob32400d901441f0c7b24e48,20210516030443,"Add the firstCard, secondCard, and sum - Scrimba.com",95,en,unknown,n/a,False
scrimba.com,https://blog.scrimba.com/learn/designbootcamp/challenge-1-form-design-css-cw8gBMfm,20210302142528,Challenge 1: Form Design CSS - Scrimba.com,95,en,unknown,n/a,False
scrimba.com,https://blog.scrimba.com/learn/frontend/background-images-and-the-file-path-very-important-note-c8gkm3sE,20210302024115,Background images and the file path (very important note) - Scrimba.com,95,en,unknown,n/a,False
scrimba.com,https://blog.scrimba.com/learn/frontend/blogspace-add-styling-co48f44598eea935e0f2b39be,20210928012325,BlogSpace - Add styling - Scrimba.com,50,en,unknown,n/a,False
lendingworks.co.uk,https://www.lendingworks.co.uk/blog/finance/are-personal-loans-better-secured-loans,20190722005146,Are personal loans better than secured loans? | Lending Works,1533,en,unknown,informational,True
lendingworks.co.uk,https://www.lendingworks.co.uk/blog/finance/sites/all/themes/lwt/js/lendingworks/lw-member.js,20190520195353,Is the state pension model the solution to social care?,278,en,unknown,n/a,False
lendingworks.co.uk,https://www.lendingworks.co.uk/blog/finance/dangers-facing-current-financial-system,20190820210902,The dangers facing the current financial system | Lending Works,1394,en,unknown,informational,True
lendingworks.co.uk,https://www.lendingworks.co.uk/blog/peer-to-peer/ultimate-guide-your-first-p2p-investment,20190722003419,The ultimate guide to your first P2P investment | Lending Works,2030,en,pos,informational,True
lendingworks.co.uk,https://www.lendingworks.co.uk/blog/finance/brexit-what-it-means-for-peer-to-peer-lending,20190723213308,Brexit - What does it mean for Peer To Peer Lending? | Lending Works,1555,en,unknown,informational,True
elearningbrothers.com,https://elearningbrothers.com/blog/behind-scenes-rockstars-devlearn/,20201125133245,Behind the Scenes: How Rockstars Do DevLearn - eLearning Brothers,84,en,unknown,n/a,False
elearningbrothers.com,https://elearningbrothers.com/blog/announcing-webinars-for-the-month-of-april/,20190822131342,Announcing Webinars for the Month of April - eLearning Brothers,204,en,neg,n/a,False
elearningbrothers.com,https://elearningbrothers.com/blog/9-vital-things-forgetting-elearning-course-goes-live/,20190719223937,9 Vital Things You Are Forgetting Before Your eLearning Course Goes Live - eLearning Brothers,665,en,unknown,informational,True
elearningbrothers.com,https://elearningbrothers.com/blog/5-reasons-to-sign-up-for-the-new-elearning-brothers-free-account/,20190819051005,5 Reasons to Sign Up For the New eLearning Brothers Free Account - eLearning Brothers,407,en,pos,product_announcement,False
elearningbrothers.com,https://elearningbrothers.com/blog/14-most-popular-cutout-people-images-for-business/,20190821132718,14 Most Popular Cutout People Images for Business - eLearning Brothers,158,en,unknown,n/a,False
highkey.com,https://highkey.com/blogs/recipes-1/ribeye-and-cauliflower,20200810080444,Keto Rib-Eye With Cauliflower Recipe,495,en,unknown,informational,False
highkey.com,https://highkey.com/blogs/recipes/mediterranean-roll-ups,20191121040708,Mediterranean Roll Ups 🤤,238,en,unknown,n/a,False
highkey.com,https://highkey.com/blogs/all/the-5-low-carb-baking-essentials-you-need,20220124195310,Low-Carb Baking Essentials: Ingredients and Substitutes,2476,en,unknown,informational,True
highkey.com,https://highkey.com/blogs/keto101/healthy-cereal-for-kids-toddlers,20200806130145,"Healthy Cereal For Kids & Toddlers: Low Sugar, Healthy Options",3427,en,unknown,informational,True
highkey.com,https://highkey.com/blogs/recipes/keto-diy-trail-mix,20190822023657,Keto-Friendly DIY Trail Mix 🧀🥜,521,en,unknown,informational,True
medcerts.com,https://www.medcerts.com/blog/how-can-mycaa-help-you-start-a-career,20191114005203,How Can MyCAA Help You Start a Career?,875,en,unknown,informational,True
medcerts.com,https://medcerts.com/blog/how-to-choose-a-high-vacancy-job-with-your-mycaa-grant,20210505052602,How to Choose a High Vacancy Job With Your MyCAA Grant,568,en,pos,informational,True
medcerts.com,https://medcerts.com/blog/feeling-stuck-5-inspiring-unemployment-training-benefits,20220523204951,Feeling Stuck? 5 Inspiring Unemployment Training Benefits,573,en,unknown,informational,True
medcerts.com,https://www.medcerts.com/blog/medcerts-newest-it-program,20190817180806,All About MedCerts’ Newest IT Program,338,en,unknown,news_pr,False
medcerts.com,https://medcerts.com/blog/5-awesome-reasons-to-start-a-healthcare-career-in-2021,20210324155035,5 Awesome Reasons to Start a Healthcare Career In 2021,702,en,unknown,informational,True
orchard.com,https://orchard.com/blog/posts/things-to-look-for-in-final-home-walkthrough,20220509192710,What to Look for During Your Final Home Walkthrough,1243,en,unknown,informational,True
orchard.com,https://orchard.com/blog/posts/orchard-closing-process-v2,20220527145742,Closing with Orchard | Orchard,238,en,unknown,n/a,False
orchard.com,https://orchard.com/blog/posts/qualifying-for-mortgage-before-selling,20220519014916,How to Qualify for a Mortgage Before Selling Your Old Home,1201,en,pos,informational,True
orchard.com,https://orchard.com/blog/posts/home-staging-cost,20210619120947,"What Does Home Staging Cost, And Is It Worth It?",1355,en,unknown,informational,True
orchard.com,https://orchard.com/blog/posts/new-construction-home-inspection,20211211173006,Does a New Construction Home Need an Inspection?,1385,en,unknown,informational,True
tickpick.com,https://www.tickpick.com/blog/carolina-panthers-seating-chart-bank-of-america-stadium-seat-views/,20200519225019,Carolina Panthers Seating Chart & Seat Views | TickPick,620,en,unknown,informational,True
tickpick.com,https://www.tickpick.com/blog/best-vines-streaker-executes-the-impossible-girls-run-through-field-during-college-world-series/,20201111201952,Best Vine: Streaker makes history and Girls vine their crime in the act of | TickPick,252,en,pos,n/a,False
tickpick.com,https://www.tickpick.com/blog/7-nyc-cultural-events-to-attend-this-week/,20220126080836,7 NYC Cultural Events to Attend This Week | TickPick,823,en,neg,news_pr_h,False
somatechnology.com,https://www.somatechnology.com/blog/products/different-oec-9900-elite-configurations/,20190819095519,Different OEC 9900 Elite Configurations,943,en,unknown,informational,True
somatechnology.com,https://www.somatechnology.com/blog/medical-breakthroughs/clinical-importance-of-bladder-scanners-in-urinary-retention/,20190923203423,The Clinical Importance of Bladder Scanners in Urinary Retention,2137,en,unknown,informational,True
somatechnology.com,https://www.somatechnology.com/blog/products/alaris-pc-unit/,20180411174753,Alaris PC Unit 8015 Featuring Exceptional Versatility,412,en,unknown,informational,False
somatechnology.com,https://www.somatechnology.com/blog/company-announcements/cfa-society-hartford-corporate-5k/,20190819095421,Soma Technology Participates In The CFA Society Hartford Corporate 5k,978,en,unknown,culture_hiring,False
somatechnology.com,https://www.somatechnology.com/blog/products/ekg-machines/,20181012124631,EKG Machines and ECG Machines - Electrocardiograms,2221,en,unknown,informational,True
accountingseed.com,https://www.accountingseed.com/blog/the-power-of-white-noise/,20220127150248,The Power of White Noise - Accounting Seed,675,en,unknown,informational,True
accountingseed.com,https://www.accountingseed.com/blog/top-3-accounting-careers-for-new-accountants/,20220122094812,Top 3 Accounting Careers for New Accountants - Accounting Seed,814,en,pos,informational,True
accountingseed.com,https://www.accountingseed.com/blog/linked-reports/,20220127152317,Linked Reports - Accounting Seed,139,en,unknown,n/a,False
accountingseed.com,https://www.accountingseed.com/blog/do-i-need-accounting-software-for-my-small-business-in-2022/,20220303200810,Do I Need Accounting Software for My Small Business in 2022? | Blog,2024,en,unknown,informational,True
siteimprove.com,https://www.siteimprove.com/blog/prepare-your-website-for-core-web-vitals-with-siteimprove2,20220706184706,Prepare your website for Core Web Vitals with Siteimprove,2423,en,unknown,informational,True
siteimprove.com,https://siteimprove.com/blog/how-to-manage-duplicate-content-with-canonicalization,20171124060924,How to Manage Duplicate Content with Canonicalization,679,en,pos,informational,True
siteimprove.com,http://siteimprove.com/blog/overlaps-between-seo-and-web-accessibility/,20160322023141,Exploit these Overlaps between SEO and Web Accessibility,972,en,unknown,informational,True
siteimprove.com,https://www.siteimprove.com/blog/designing-for-accessibility-beyond-color-contrast,20220525192306,Designing for accessibility beyond color contrast,1078,en,unknown,informational,True
siteimprove.com,https://siteimprove.com/blog/improve-your-website-based-on-internal-search-data,20171122012835,Improve your Website Based on Internal Search Data,624,en,unknown,informational,True
kingsview.com,https://blog.kingsview.com/2020/08/edward-jones-advisor-joins-kingsview-partners-albequerque/,20210227180712,"Edward Jones Advisor Joins Kingsview Partners In Albuquerque, NM",203,en,neg,n/a,False
kingsview.com,https://blog.kingsview.com/2020/12/svp-paul-nolte-interview-wgnradio-12-15-20/,20210227193233,SVP Paul Nolte Interviewed on WGN Radio,73,en,unknown,n/a,False
kingsview.com,https://blog.kingsview.com/2020/02/kingsview-partners-advisor-ranked-on-the-2020-best-in-state-wealth-advisors-by-forbes/,20210227183744,Kingsview Partners Advisor Ranked Best In State Wealth Advisor By Forbes,308,en,pos,news_pr,False
kingsview.com,https://blog.kingsview.com/2021/03/nolte-notes-3-8-21/,20210921120917,Nolte Notes 3.8.21,822,en,unknown,informational,True
kingsview.com,https://blog.kingsview.com/2020/02/cio-scott-martin-interviewed-on-fox-business-news-63/,20210921104611,CIO Scott Martin Interviewed on Fox Business News,61,en,unknown,n/a,False
ediblearrangements.com,https://www.ediblearrangements.com/blog/60th-birthday-gift-ideas/,20220527191310,50 One-of-a-Kind 60th Birthday Gift Ideas - Edible® Blog,5375,en,unknown,informational,True
ediblearrangements.com,https://www.ediblearrangements.com/blog/favorite-dessert-shooter-ideas/,20221004165441,Favorite Dessert Shooter Ideas - Edible® Blog,4341,en,unknown,informational,True
ediblearrangements.com,https://www.ediblearrangements.com/blog/edible-cares-fund-provides-support-to-store-employees/,20220527193319,Edible Cares™ Fund Provides Support to Store Employees - Edible® Blog,173,en,unknown,n/a,False
ediblearrangements.com,https://www.ediblearrangements.com/blog/3-ingredient-cookies/,20220526200112,10 Delicious and Easy to Make 3-Ingredient Cookies - Edible® Blog,779,en,unknown,informational,True
aus.com,http://www.aus.com:80/blog/article/87/quality-healthcare-security-is-key-to-maintaining-regulatory-compliance,20180128192251,Quality Healthcare Security is Key to Maintaining Regulatory Compliance,477,en,unknown,informational,False
zox.la,https://zox.la/blogs/stories/perfectly-imperfect-7,20211201001125,Perfectly Imperfect,307,en,unknown,opinion_essay,False
zox.la,https://zox.la/blogs/stories/you-will-get-through-this-6,20220525040203,You Will Get Through This,48,en,unknown,n/a,False
zox.la,https://zox.la/blogs/stories/prove-them-wrong-5,20211023005607,Prove Them Wrong,211,en,unknown,n/a,False
zox.la,https://zox.la/blogs/stories/slow-down-with-uncle-marty,20190919205133,Uncle Marty's Magic,656,en,unknown,opinion_essay,False
zox.la,https://zox.la/blogs/stories/i-choose-joy-1,20210728143045,I Choose Joy,184,en,unknown,n/a,False
projectrepat.com,https://www.projectrepat.com/blogs/tshirt-blanket-story-series/florida-state-turns-old-jerseys-into-t-shirt-quilts,20220526135229,Florida State turns old jerseys into t-shirt quilts,56,en,unknown,n/a,False
projectrepat.com,http://www.projectrepat.com/blogs/tshirt-blanket-story-series/14440361-delta-gamma-sorority-t-shirt-quilt,20140718194925,Delta Gamma Sorority T-Shirt Quilt June 09 2014,73,en,unknown,n/a,False
projectrepat.com,https://www.projectrepat.com/blogs/tshirt-blanket-story-series/how-to-make-a-t-shirt-quilt,20220703173629,How to make a t shirt quilt,1349,en,pos,informational,True
projectrepat.com,http://www.projectrepat.com/blogs/tshirt-blanket-story-series/13931457-connection-to-home-tshirt-quilt,20140718190756,Connection to Home Tshirt Quilt April 26 2014,84,en,unknown,n/a,False
incauthority.com,https://www.incauthority.com/blog/forming-an-llc-for-a-new-business/,20210423091058,Forming an LLC for a New Business | Inc Authority,851,en,unknown,informational,True
incauthority.com,https://www.incauthority.com/blog/2020/11/19/starting-a-pressure-washing-business-a-step-by-step-guide/,20201119232216,Starting a Pressure Washing Business: A Step by Step Guide - Inc Authority,849,en,pos,informational,True
incauthority.com,https://www.incauthority.com/blog/arkansas-llc/,20210916114814,How to Start an LLC in Arkansas: Step-by-step | Inc Authority,2813,en,pos,informational,True
incauthority.com,https://www.incauthority.com/blog/2019/10/25/f-a-q-what-are-the-advantages-and-disadvantages-of-an-llc/,20191112220255,About IncAuthority.com | LLC | Incorporate,1097,en,pos,other,False
incauthority.com,https://www.incauthority.com/blog/how-to-start-an-llc-in-newmexico-step-by-step/,20210730075721,How to Start an LLC in New Mexico: Step-by-step | Inc Authority,2621,en,pos,informational,True
embroker.com,https://www.embroker.com/blog/client-story-cyber-dive,20191019161040,How Embroker Changed Cyber Dive’s Entire Perspective on Insurance,573,en,unknown,case_study,False
embroker.com,https://www.embroker.com/blog/does-your-small-company-really-need-do-insurance,20190822185840,Does Your Startup Need D&O Insurance?,717,en,unknown,informational,True
embroker.com,https://www.embroker.com/blog/fractional-marketing-interim-marketing/,20220426185447,Fractional Marketing vs. Interim Marketing Support in Law Firms,827,en,pos,informational,True
embroker.com,https://www.embroker.com/blog/how-to-design-an-employee-benefits-program/,20211025180229,How to Design an Employee Benefits Program That Works for Your Business,1635,en,pos,informational,True
embroker.com,https://www.embroker.com/blog/legally-required-benefits/,20211025162805,What Basic Employee Benefits Must Your Company Provide?,1338,en,unknown,informational,True
clear.co,https://clear.co/blog/quick-guide-to-inventory-financing/,20220522194356,A quick guide to understanding inventory financing,881,en,pos,informational,True
clear.co,https://clear.co/blog/marketing/marketing-attribution-for-b2b-saas-companies/,20220519190036,B2B SaaS marketing attribution: What you need to know,858,en,unknown,informational,True
clear.co,https://clear.co/blog/bfcm-ecommerce-report-2020/,20211209053214,Blog | Clearco,736,en,unknown,informational,True
clear.co,https://clear.co/blog/learn/make-email-automation-sms-the-core-of-your-strategy/,20211209053412,Make Email Marketing Automation & SMS Your Core Strate,1163,en,unknown,informational,True
clear.co,https://clear.co/blog/operations/navigating-inventory-logistics-a-resource-for-founders/,20220519184931,Navigating inventory logistics: Resource for founders,2571,en,unknown,informational,True
healthcareitleaders.com,https://www.healthcareitleaders.com/blog/neika-powell-consultant-advisor-spotlight/,20190720075416,Neika Powell | Consultant Advisor Spotlight,130,en,unknown,n/a,False
healthcareitleaders.com,http://www.healthcareitleaders.com:80/blog/interoperability-gets-personal/,20150423015732,Interoperability Gets Personal,821,en,unknown,opinion_essay,False
healthcareitleaders.com,http://www.healthcareitleaders.com/blog/cphims-by-the-numbers-infographic/,20151019030041,CPHIMS By the Numbers (Infographic),172,en,unknown,n/a,False
healthcareitleaders.com,http://www.healthcareitleaders.com:80/blog/how-we-at-healthcare-it-leaders-give-back-to-the-community/,20150924070923,How We at Healthcare IT Leaders Give Back to the Community,414,en,unknown,culture_hiring,False
healthcareitleaders.com,http://www.healthcareitleaders.com/blog/10-predictions-healthcare-2015/,20150108134808,10 Predictions for Healthcare IT in 2015,579,en,unknown,informational,True
everydoorrealestate.com,https://www.everydoorrealestate.com/blog/how-to-find-the-best-agent-for-a-short-sale/,20220518053624,How To Find The Best Agent For A Short Sale,803,en,pos,informational,True
everydoorrealestate.com,https://www.everydoorrealestate.com/blog/expert-questions-to-ask-when-house-hunting-with-pets-in-mind/,20220518072147,Expert Questions to Ask When House-Hunting with Pets in Mind,1076,en,unknown,informational,True
everydoorrealestate.com,https://www.everydoorrealestate.com/blog/3-huge-tips-for-refinancing-your-mortgage-even-if-you-have-bad-credit/,20220518074252,3 Huge Tips For Refinancing Your Mortgage Even If You Have Bad Credit,772,en,unknown,informational,True
everydoorrealestate.com,https://www.everydoorrealestate.com/blog/first-time-homebuyer-heres-a-5-step-checklist-before-starting-your-search/,20220516114148,First-Time Homebuyer? Here's A 5-Step Checklist Before Starting Your Search,704,en,pos,informational,True
everydoorrealestate.com,https://www.everydoorrealestate.com/blog/6-staging-mistakes-to-avoid-when-selling-your-home/,20220518062404,6 Staging Mistakes To Avoid When Selling Your Home,963,en,unknown,informational,True
kenwayconsulting.com,https://www.kenwayconsulting.com/blog/kenways-journey-with-information-insight/,20200809230317,Kenway’s Journey with Information Insight,962,en,unknown,case_study,False
kenwayconsulting.com,https://www.kenwayconsulting.com/blog/embracing-change-wont-you-join-me/,20200809223330,Embracing Change. Won’t You Join Me?,580,en,unknown,opinion_essay,False
kenwayconsulting.com,https://www.kenwayconsulting.com/blog/the-data-maturity-model-what-it-is-and-why-you-need-it/,20220820140303,The Data Maturity Model: What It Is and Why You Need It,1644,en,pos,informational,True
kenwayconsulting.com,https://www.kenwayconsulting.com/blog/business-process-improv/,20201001150035,Business Process Improv,1034,en,unknown,opinion_essay,False
kenwayconsulting.com,https://www.kenwayconsulting.com/blog/offshore-outsourcing-how-come-i-havent-saved-any-money/,20191211145001,Offshore Outsourcing - How come I haven't saved any money?,1021,en,unknown,opinion_essay,False
teamiblends.com,https://www.teamiblends.com/blogs/lifestyle/enzymes-in-food,20191210135640,9 Foods Rich in Healthy Digestive Enzymes,934,en,unknown,informational,True
teamiblends.com,https://www.teamiblends.com/blogs/lifestyle/breastfeeding-journey-told-by-a-new-mom,20191021153954,Breastfeeding Journey Told By A New Mom,1208,en,unknown,opinion_essay,False
teamiblends.com,https://www.teamiblends.com/blogs/lifestyle/how-cardi-b-used-teami-to-snapback,20200810031333,How Cardi B Used Teami to SnapBack,325,en,unknown,case_study,False
teamiblends.com,https://www.teamiblends.com/blogs/lifestyle/pro-secrets-for-best-detox-tea-results,20191211193742,Pro Secrets for the Best Detox Tea Results,348,en,pos,informational,False
teamiblends.com,https://www.teamiblends.com/blogs/recipes/blueberry-parfait,20191211193800,Blueberry Parfait Recipe,139,en,unknown,n/a,False
chetu.com,http://www.chetu.com:80/blogs/e-learn/content-rewrite-in-html5-studysuite-hong-kong-china-a-case-study/attachment/ashleyswanberg-copy/,20140726000625,Ashley Swanberg,27,other,unknown,n/a,False
chetu.com,http://www.chetu.com:80/blogs/index.php/html-5-app-development-fundamentals,20150313155422,HTML5 App Development Fundamentals - Chetu - Blog,218,en,unknown,n/a,False
chetu.com,http://www.chetu.com:80/blogs/healthcare/how-to-implement-siemens-soarian-clinical-workflows-for-hospitals.php,20160518022209,Implement Siemens Soarian® Clinical Workflows and help Hospital Organizations.,777,en,pos,informational,True
chetu.com,http://www.chetu.com:80/blogs/index.php/hospitality/creating-online-travel-agency-application-penetrate-booming-travel-industry/,20150221082706,Creating an Online Travel Agency Application to Penetrate the Booming Travel Industry - Chetu - Blog,803,en,unknown,informational,True
chetu.com,https://www.chetu.com/blogs/blockchain/dapps-development.php,20210926155808,The Rise of Blockchain-Powered Decentralized Applications (dApps) | Chetu,1718,en,unknown,informational,True
agencyanalytics.com,https://agencyanalytics.com/blog/new-feature-multiple-white-label-profiles-enterprise-plans-only,20190716223011,New Feature: Multiple White Label Profiles,609,en,unknown,product_announcement,False
agencyanalytics.com,https://agencyanalytics.com/blog/11-ways-to-increase-your-email-open-rate,20190820180611,11 Ways to Increase Your Email Open Rate,1802,en,pos,informational,True
agencyanalytics.com,https://agencyanalytics.com/blog/how-to-spotify-ad-campaigns,20220710032442,How To Create Winning Spotify Ad Campaigns - AgencyAnalytics,2413,en,pos,informational,True
agencyanalytics.com,https://agencyanalytics.com/blog/beta-preview-tasks,20220710161942,,162,en,unknown,n/a,False
agencyanalytics.com,https://agencyanalytics.com/blog/apple-ios14-privacy-facebook-ads-reporting,20210603124546,How Apple's iOS14 privacy settings affect Facebook Ads reporting (and what you can do about it),2099,en,unknown,informational,True
perfectserve.com,https://www.perfectserve.com/blog/develop-a-clinical-communication-governance-strategy/checklist_cc_governance-2/,20220517014750,Checklist_CC_Governance | PerfectServe,134,en,pos,n/a,False
perfectserve.com,https://www.perfectserve.com/blog/nurses-of-note-awards-2022-nurse-navigator/nurses-of-note_social-post_julie-moreton-high-quality/,20220808065022,Nurses of Note_Social Post_Julie Moreton-High-Quality | PerfectServe,145,en,unknown,n/a,False
perfectserve.com,https://www.perfectserve.com/blog/healthcare_software_deployment/blog-graphics_cc_klas-podcast_best-practices-for-healthcare-software-deployment_artboard-1/,20220808074108,Blog Graphics_CC_KLAS Podcast_Best Practices for Healthcare Software Deployment_Artboard 1 | PerfectServe,30,en,pos,n/a,False
perfectserve.com,https://www.perfectserve.com/blog/presenting-the-new-perfectserve-family/,20190818140210,Presenting the new PerfectServe family | PerfectServe,674,en,unknown,news_pr,False
perfectserve.com,https://www.perfectserve.com/blog/improve-patient-experience-before-during-and-after-care/improve-patient-experience-blog_header/,20201127232759,Improve-Patient-Experience-Blog_header | PerfectServe,114,en,unknown,n/a,False
bolt.eu,https://blog.bolt.eu/cs/2019/11/darky-za-rijen-jsou-rozdany/,20191120181410,Dárky za říjen jsou rozdány! -,592,other,unknown,n/a,False
bolt.eu,https://blog.bolt.eu/cs/2019/11/darky-za-100-tisic-kazdy-tyden-i-v-listopadu/,20191120181614,Dárky za 100 tisíc každý týden i v listopadu! -,604,other,unknown,n/a,False
bolt.eu,https://blog.bolt.eu/cs/soutez-pro-partnerske-ridice-boltu-zdvojnasobte-si-sve-vydelky/,20221005104327,Soutěž pro partnerské řidiče Boltu: Zdvojnásobte si své výdělky,451,other,unknown,n/a,False
bolt.eu,https://blog.bolt.eu/cs/5-duvodu-proc-je-kolobezka-skvelym-prostredkem-kdyz-se-chcete-distancovat-pri-presunech/,20210616110515,"5 důvodů, proč je koloběžka skvělým prostředkem, když se chcete distancovat při přesunech",458,other,unknown,n/a,False
bolt.eu,https://blog.bolt.eu/ar-sa/%D8%A3%D9%83%D8%B3%D8%B1-%D8%A7%D9%84%D8%B5%D9%85%D8%AA-%D8%A7%D9%84%D8%B0%D9%8A-%D8%A8%D9%8A%D9%86%D9%83-%D9%88%D8%A8%D9%8A%D9%86-%D8%A7%D9%84%D8%B9%D9%85%D9%8A%D9%84-%D8%A8%D8%B9%D8%AF%D8%A9-%D9%85/,20220629011439,أكسر الصمت الذي بينك وبين العميل بعدة مواضيع,443,other,unknown,n/a,False
pieinsurance.com,https://pieinsurance.com/blog/small-business-resources/how-to-open-a-small-business-bank-account/,20191022015249,How to open a small business bank account | Pie Insurance,598,en,pos,informational,True
pieinsurance.com,https://pieinsurance.com/blog/workers-comp/what-are-insurance-loss-runs/,20210107163201,What Are Insurance Loss Runs? | Workers' Comp 101 | Pie Insurance,1052,en,pos,informational,True
pieinsurance.com,https://pieinsurance.com/blog/pie-news/pie-extends-to-small-businesses-in-alaska-missouri/,20200502070940,Pie Insurance Extends Service to Small Businesses in Alaska and Missouri,52,en,unknown,n/a,False
pieinsurance.com,https://pieinsurance.com/blog/safety/motor-vehicle-accidents-workplace/,20220216171623,Motor Vehicle Accidents in the Workplace | Safety | Pie Insurance,652,en,unknown,informational,True
pieinsurance.com,https://pieinsurance.com/blog/workers-comp/small-business-owners-guide-to-workers-compensation/,20210414045608,The Small Business Owner’s Guide to Workers’ Compensation,3520,en,pos,informational,True
daily.co,https://www.daily.co/blog/safari-15-1-bug/,20211202102925,How Daily is working around the H.264 bug in Safari 15.1,327,en,unknown,informational,False
daily.co,https://www.daily.co/blog/a-bias-towards-action-why-vcs-prefer-technical-founders,20191013234732,"A Bias Towards Action: Why VCs prefer ""technical"" founders",683,en,pos,informational,True
daily.co,https://www.daily.co/blog/using-docker-and-userspace-networking-to-simulate-real-world-networks/,20210824213158,Using Docker and userspace networking to simulate real-world networks,1029,en,unknown,product_announcement,False
daily.co,https://www.daily.co/blog/announcing-daily-live-streaming/,20210504185834,Easily live stream video calls with Daily Live Streaming,1304,en,neg,news_pr_h,False
daily.co,https://www.daily.co/blog/build-your-own-prejoin-call-ui-in-a-custom-daily-video-chat-app/,20210920113949,"Build your own ""prejoin"" call UI in a custom Daily video chat app",1524,en,unknown,informational,True
distillery.com,https://distillery.com/blog/hiring-the-right-android-developers-for-your-applications/,20220928194559,Hiring the Right Android Developers for Your Applications - Distillery,795,en,neg,news_pr_h,False
distillery.com,https://distillery.com/blog/7-awesome-augmented-reality-solutions/,20190715221724,7 Awesome Augmented Reality Solutions | Distillery,996,en,unknown,informational,True
distillery.com,https://distillery.com/blog/distillery-great-place-work-weve-got-certification-prove/,20190819170508,Distillery Is Now a Certified “Great Place to Work” | Distillery,560,en,unknown,culture_hiring,False
distillery.com,https://distillery.com/blog/riesgos-desarrollo-de-aplicaciones-a-medida/,20210614204508,Desarrollo de aplicaciones a medida: 7 riesgos a evitar | Distillery,3402,es,unknown,n/a,False
distillery.com,https://distillery.com/blog/the-metaverse-and-impacts-on-app-development-planning/,20221010154606,The Metaverse and Impacts on App Development Planning - Distillery,502,en,unknown,informational,True
reverb.com,http://reverb.com:80/blog/reverb-dating-and-pricing-hub,20150313041903,Reverb Dating & Pricing Hub | Blog,151,en,unknown,n/a,False
reverb.com,http://reverb.com:80/blog/reverb-run-through-gibson-es-330,20141010045154,Reverb Run-Through: Gibson ES-330 Reissue | Blog,76,en,unknown,n/a,False
reverb.com,https://reverb.com/blog/grateful-dead-members-announce-show-with-john-mayer,20150914162925,Grateful Dead Members Announce Show with John Mayer | Blog,174,en,neg,n/a,False
reverb.com,http://reverb.com:80/blog/gearmanndude-demos-boss-ds-1-distortion,20140313133851,GearMannDude Demos: Boss DS-1 Distortion | Blog,57,en,unknown,n/a,False
reverb.com,https://reverb.com/blog/how-to-choose-the-right-bass-strings,20150910012810,How To Choose The Right Bass Strings | Blog,1025,en,pos,informational,True
campus.ink,https://www.campus.ink/blogs/news/we-made-masks-for-school-bands,20201020200354,We Made Masks for Musicians & School Bands!,128,en,unknown,n/a,False
campus.ink,https://www.campus.ink/blogs/news/where-are-they-now-maddi-wettstein,20200924080730,Where Are They Now: Maddi Wettstein,507,en,unknown,culture_hiring,False
campus.ink,https://www.campus.ink/blogs/news/design-how-to-make-custom-zoom-backgrounds-with-canva,20200810182027,DESIGN | How To Make Custom Zoom Backgrounds With Canva,207,en,pos,n/a,False
campus.ink,https://www.campus.ink/blogs/news/we-launched-here-for-good-illinois-sending-10-shirt-to-your-favorite-businesses,20200926032317,WE LAUNCHED HERE FOR GOOD ILLINOIS | Sending $10/shirt to your favorite businesses,87,en,neg,n/a,False
campus.ink,https://www.campus.ink/blogs/news/celebrate-pride-month-w-us-%F0%9F%8C%88,20220704030915,Celebrate Pride Month w/ Us!🌈,132,en,unknown,n/a,False
sellvia.com,https://sellvia.com/blog/grow-a-strong-business-with-seo-packages/,20220122030426,Want To Grow A Strong Business With SEO? Try This!,1258,en,unknown,informational,True
sellvia.com,https://sellvia.com/blog/best-company-logos/,20211205144926,Best Company Logos: Brand Logo Stories You May Not Have Heard About,1408,en,pos,informational,True
sellvia.com,https://sellvia.com/blog/best-ways-to-get-instagram-followers/,20220122032101,Best Ways To Get Instagram Followers And Boost Your Social Media Presence,1090,en,pos,informational,True
sellvia.com,https://sellvia.com/blog/sell-cool-bathroom-accessories/,20221004063753,"Over $29,509,140.00 On Cool Bathroom Accessories? It's Real!",1463,en,unknown,informational,True
sellvia.com,https://sellvia.com/blog/christmas-theme-ideas/,20221118182345,60 Christmas Theme Ideas For Your Store People Will Adore,837,en,unknown,informational,True
livingsecurity.com,https://www.livingsecurity.com/blog/family-first-webinar-cybersecurity-at-home,20220701045847,Cybersecurity at Home: Family First Webinar Featuring Cyber News Reporter Kerry Tomlinson,9374,en,neg,news_pr_h,False
livingsecurity.com,https://www.livingsecurity.com/blog/2019/1/25/using-insight-to-inspire,20190823074108,Using Insight to Inspire — Living Security,404,en,unknown,informational,False
livingsecurity.com,https://livingsecurity.com/blog/beware-of-black-friday-scams-2019/,20191213054404,Beware of Black Friday Scams 2019 - Living Security,229,en,unknown,n/a,False
livingsecurity.com,https://www.livingsecurity.com/blog/best-practices-for-cybersecurity-awareness-month-webinar-2022,20220925151515,Best Practices for a Successful Cybersecurity Awareness Month: Webinar Takeaways & Recording,9659,en,neg,news_pr_h,False
virool.com,http://www.virool.com:80/blog/7-tricks-to-shooting-better-video/,20131104015603,7 Tricks to Shooting Better Video - Virool Video Marketing Blog,615,en,unknown,informational,True
virool.com,http://www.virool.com:80/blog/case-studies/,20131023012408,Case Studies - Virool Video Marketing Blog,3767,en,unknown,informational,True
virool.com,http://www.virool.com/blog/5-undeniable-advantages-of-programmatic-advertising/,20140813205052,5 Advantages of Programmatic Advertising | Virool,516,en,unknown,informational,True
virool.com,http://www.virool.com:80/blog/faq/what-are-the-minimum-and-maximum-budgets-for-campaign-on-virool/,20121009004019,What are the minimum and maximum budgets for campaign on Virool? - Virool,131,en,pos,n/a,False
virool.com,http://www.virool.com:80/blog/are-you-ready-for-the-transition-from-flash-to-html5/,20150905070513,Are you ready for the transition from Flash to HTML5? | Virool,435,en,unknown,informational,False
wrike.com,http://www.wrike.com:80/blog/06/22/2011/Activity-Stream-Update-When-Delete-is-Value-Adding,20110630081059,Activity Stream Update: When “Delete” is Value-Adding,279,en,unknown,n/a,False
wrike.com,http://www.wrike.com:80/blog/05/23/2013/Managing-Tasks-Projects-Issues-Documents-and-How-About-Books,20130615081328,"Managing Tasks, Projects, Issues, Documents and How About … Books?",516,en,unknown,case_study,False
wrike.com,http://www.wrike.com:80/blog/07/03/2008/The-Dashboard-Has-Become-More-Descriptive-and-Convenient,20080715152547,The Dashboard Has Become More Descriptive and Convenient,303,en,unknown,product_announcement,False
wrike.com,http://www.wrike.com:80/blog/07/16/2007/Get-a-Timeline-on-the-way,20080414230911,Get a Timeline on the way,253,en,unknown,n/a,False
wrike.com,http://www.wrike.com:80/blog/03/28/2008/SayitRight-Marketing-Solutions-Use-Wrike-To-Manage-Busy-Marketing-Office,20080501083139,SayitRight Marketing Solutions Use Wrike To Manage Busy Marketing Office,247,en,unknown,n/a,False
fearless.tech,https://fearless.tech/blog/2021/07/02/fearless-hooky-day-2021,20210705160248,Fearless Hooky Day 2021,18,en,unknown,n/a,False
fearless.tech,https://fearless.tech/blog/2021/06/15/hutch-company-lucky-rabbit-awarded-contract-with-the-office-of-personnel-management,20210617075240,"Hutch Company, Lucky Rabbit, Awarded Contract with The Office of Personnel Management",18,en,neg,n/a,False
marcumllp.com,http://marcumllp.com:80/blog-tax-and-business/section-199-domestic-production-deduction,20130526014909,Section 199 Domestic Production Deduction,569,en,unknown,informational,True
marcumllp.com,http://marcumllp.com/blog-health-care-legislative-update/basic-health-program-funding-methodology-proposed-notice,20150331145139,Basic Health Program Funding Methodology Proposed Notice,788,en,neg,news_pr_h,False
marcumllp.com,http://marcumllp.com:80/blog-tax-and-business/guidance-issued-on-eligibility-for-renewable-energy-credit,20130613060206,Guidance Issued On Eligibility For Renewable Energy Credit,442,en,unknown,informational,False
marcumllp.com,http://marcumllp.com/blog-insights,20111015045138,Blog - Insights and Alerts | Marcum LLP | Accountants and Advisors,2375,en,unknown,informational,True
ntiva.com,https://www.ntiva.com/blog/5-things-your-it-help-desk-should-do-for-you,20200811163710,5 Things Your IT Help Desk Should Do For You,1032,en,pos,informational,True
ntiva.com,https://www.ntiva.com/blog/cmmc-identification-authentication,20220613153315,CMMC Section 3.5: Identification and Authentication,2097,en,unknown,informational,True
ntiva.com,https://www.ntiva.com/blog/bring-your-own-device-byod-policy,20200805111841,Bring Your Own Device (BYOD) Policy Tips and Best Practices,1434,en,pos,informational,True
ntiva.com,http://www.ntiva.com:80/blog/2012/03/google-policy-change-you/,20120311091312,Archives,608,en,unknown,informational,True
ntiva.com,https://www.ntiva.com/blog/microsoft-365-for-business,20210622161510,Microsoft 365 for Business: Building the Modern Workplace,1988,en,unknown,informational,True
manatal.com,https://www.manatal.com/blog/recruitment-crm,20220810072534,Everything you need to know about Recruitment CRM,2113,en,unknown,informational,True
manatal.com,https://www.manatal.com/blog/9-reasons-need-ats,20220725130302,9 Reasons Why You Need an Applicant Tracking System,924,en,pos,informational,True
manatal.com,https://www.manatal.com/blog/6-phrases-to-say-and-avoid-in-a-performance-review,20221013020731,6 Phrases To Say And Avoid In A Performance Review,2317,en,unknown,informational,True
manatal.com,https://www.manatal.com/blog/recruitment-crm-essential-tool-agency-covid/,20220316195603,Recruitment CRM: Essential Tool for Recruitment Agencies During COVID,2084,en,unknown,informational,True
manatal.com,https://www.manatal.com/blog/groups-that-benefit-from-diversity-and-inclusion-in-talent-acquisition,20220810084116,5 Groups That Benefit from Diversity and Inclusion in Talent Acquisition,2048,en,unknown,informational,True
siegfriedgroup.com,https://blog.siegfriedgroup.com/joy-triggers/,20200526171008,Locked and loaded: joy triggers | Siegfried Blog,318,en,unknown,opinion_essay,False
siegfriedgroup.com,https://blog.siegfriedgroup.com/creative-headspace/,20210302100903,3 ways to improve your headspace for creativity | Siegfried Blog,759,en,pos,informational,True
siegfriedgroup.com,https://blog.siegfriedgroup.com/four-things-to-look-for-in-a-mentor/,20191018023937,Four things to look for in a mentor | Siegfried Blog,564,en,unknown,informational,True
siegfriedgroup.com,https://blog.siegfriedgroup.com/what-is-managing-up/,20210902155126,What is managing up? | Siegfried Blog,538,en,pos,informational,True
siegfriedgroup.com,https://blog.siegfriedgroup.com/prioritize-health/,20220217160556,How to prioritize your health,730,en,pos,informational,True
prolinkstaffing.com,https://prolinkstaffing.com/blog/prolink-adds-third-new-c-suite-position-of-2022-to-accelerate-innovation-in-companys-new-phase,20220406202922,ProLink Adds Third New C-Suite Position of 2022 to Accelerate Innovation in Company’s New Phase of Growth | ProLink Staffing,390,en,unknown,news_pr,False
prolinkstaffing.com,https://prolinkstaffing.com/blog/in-person-aorn-conference-cancelled,20210730140622,In-Person AORN Conference Cancelled | ProLink Staffing,1054,en,neg,news_pr_h,False
prolinkstaffing.com,https://prolinkstaffing.com/blog/why-work-with-allied-travel-health-recruiter,20221129040921,Why Work with an Allied Travel Health Recruiter | ProLink Staffing,1604,en,pos,informational,True
prolinkstaffing.com,https://prolinkstaffing.com/blog/national-ice-cream-month,20211023035236,National Ice Cream Month! | ProLink Staffing,476,en,unknown,culture_hiring,False
prolinkstaffing.com,https://prolinkstaffing.com/blog/father-daughter-duo-impacting-world-one-vaccine-at-time,20210510222211,"Father & Daughter Duo — Impacting the World, One Vaccine at a Time | ProLink Staffing",1803,en,unknown,culture_hiring,False
verifone.com,http://blog.verifone.com:80/mobile-technology-innovations/boosting-per-merchant-revenue-mpos/,20140902083430,Boosting Revenue with mPOS,618,en,unknown,informational,True
verifone.com,http://blog.verifone.com:80/mobile-technology-innovations/do-your-customers-ship-their-pants/,20130513213737,Do Your Customers Ship Their Pants?,695,en,unknown,informational,True
verifone.com,http://blog.verifone.com/forget-apple-could-disney-kickstart-nfc/,20151114120627,Forget Apple. Could Disney Kickstart NFC? : The Verifone Blog,868,en,unknown,opinion_essay,False
verifone.com,http://blog.verifone.com/mobile-technology-innovations/is-it-time-for-pay-at-the-table/,20150604042002,Is it time for Pay at the Table? : The Verifone Blog,828,en,unknown,opinion_essay,False
verifone.com,http://blog.verifone.com/2109/news-250x250/,20151025235447,News 250x250,44,en,unknown,n/a,False
learnplatform.com,https://learnplatform.com/blog/what-new-report-tells-districts-about-edtech-use,20220130100435,Report Shows EdTech Use in First Full COVID School Year — LearnPlatform,701,en,unknown,informational,True
learnplatform.com,https://learnplatform.com/blog/edtech-management/meet-our-2018-learn-fellows,20190718090439,Meet our 2018 Lea(R)n Fellows,960,en,unknown,culture_hiring,False
learnplatform.com,https://learnplatform.com/blog/edtech-management/celebrate-your-teachers-every-week,20190718094010,Celebrate YOUR Teachers Every Week,434,en,unknown,informational,False
learnplatform.com,https://learnplatform.com/blog/edtech-management/increased-impacts-digital-divide-higher-minority-districts,20200617133131,Increased Impacts of Digital Divide on Higher Minority Districts — LearnPlatform,246,en,unknown,n/a,False
learnplatform.com,https://learnplatform.com/blog/edtech-management/2015-edtech-usage-trends,20190718084122,2015 EdTech Usage Trends,43,en,unknown,n/a,False
brandbucket.com,http://www.brandbucket.com:80/blog/great-and-not-so-great-names-demo-day/,20101009040043,Great (and Not So Great) Names at Demo Day,474,en,unknown,opinion_essay,False
brandbucket.com,http://www.brandbucket.com:80/blog/vbly-domain-name-seized-libyan-government/,20101104013959,Blogs,322,en,unknown,opinion_essay,False
brandbucket.com,http://www.brandbucket.com:80/blog/vbly-domain-seized-libyan-government/,20101130190747,Blogs,322,en,unknown,opinion_essay,False
brandbucket.com,http://www.brandbucket.com:80/blog/how-to-choose-a-business-name-uniqueness/,20130804065713,"How to Choose a Business Name, Part 4: Uniqueness",443,en,pos,informational,False
sendowl.com,https://www.sendowl.com/blog/digital-file-delivery.html,20170517102055,Digital File Delivery: What to look for in a digital file delivery provider,1496,en,unknown,informational,True
sendowl.com,https://www.sendowl.com/blog/how-to-sell-codes-online.html,20170710014853,How to Sell Codes Online:,457,en,pos,informational,False
sendowl.com,https://www.sendowl.com/blog/marketing-for-Black-Friday-Christmas.html,20220528140536,Don't forget to plan your marketing for Black Friday and Christmas!:,671,en,unknown,informational,True
sendowl.com,https://www.sendowl.com/blog/introducing-apple-pay.html,20210805022402,Apple Pay: Available on SendOwl from launch day,321,en,neg,news_pr_h,False
sendowl.com,https://www.sendowl.com/blog/why-digital-products-fail.html,20220519182802,Why Digital Products Fail + 5 Tips for Success:,1767,en,pos,informational,True
actioncleanup.com,https://www.actioncleanup.com/blog-4/the-single-most-important-quality-of-the-best-employee,20191210024538,The single most important quality of the best employee,920,en,pos,opinion_essay,False
actioncleanup.com,https://www.actioncleanup.com/blog-4/covid-19-keeping-colleges-safe,20210416181403,COVID-19: Keeping Colleges Safe,659,en,unknown,informational,True
actioncleanup.com,https://www.actioncleanup.com/blog-4/the-best-ice-melt-tips-in-february,20210416171820,The Best Ice Melt Tips in February,438,en,pos,informational,False
actioncleanup.com,https://www.actioncleanup.com/blog-4/clean-up-and-save-on-vacuum-repairs,20190715201533,Clean Up and $ave on Vacuum Repairs,621,en,unknown,informational,True
mentorcollective.org,https://blog.mentorcollective.org/the-next-generation-of-student-success,20201124234518,The Next Generation of Student Success,766,en,unknown,informational,True
mentorcollective.org,https://blog.mentorcollective.org/40-of-stem-deans-dont-have-enough-mentors-for-underrepresented-students.-heres-how-to-change-that,20190717203639,40% of STEM Deans Don't Have Enough Mentors for Underrepresented Students. Here's How to Change That.,831,en,pos,informational,True
mentorcollective.org,https://blog.mentorcollective.org/quality-relationships-fostering-belonging-0,20221127061915,How High-Quality Relationships Foster Sense of Purpose & Belonging,14,other,unknown,n/a,False
mentorcollective.org,https://blog.mentorcollective.org/rethinking-student-success-during-a-pandemic,20210302072320,Rethinking Student Success During a Pandemic,636,en,unknown,informational,True
mentorcollective.org,https://blog.mentorcollective.org/mentor-collective-partners-with-wells-fargo-apia-scholars-on-scholarship-mentoring-program,20210802034836,Mentor Collective Partners with Wells Fargo & APIA Scholars on Scholarship Mentoring Program,666,en,unknown,news_pr,False
jobvite.com,https://www.jobvite.com/blog/candidate-experience/congratulations-2020-candidate-experience-award-winners/,20201127120700,Congratulations 2020 Candidate Experience Award Winners! - Jobvite,326,en,neg,news_pr_h,False
jobvite.com,https://www.jobvite.com/blog/customer-stories/schneider-electric-sparks-new-life-company-news-jobvite-engage/,20200929141058,Schneider Electric Sparks New Life into Company News with Jobvite Engage - Jobvite,771,en,unknown,case_study,False
jobvite.com,https://www.jobvite.com/blog/customer-stories/companies-didnt-know-losing-late/,20201020151516,These Companies Didn’t Know Who They Were Losing—Until It Was Too Late - Jobvite,678,en,unknown,case_study,False
jobvite.com,https://www.jobvite.com/blog/employment-branding/why-internal-mobility-is-inner-strength-for-a-company/,20200928032035,Why Internal Mobility Is Inner Strength for a Company - Jobvite,495,en,pos,informational,False
jobvite.com,https://www.jobvite.com/blog/diversity-inclusion/how-to-rise-to-your-leadership-occasion/,20220117134542,How to Rise to Your Leadership Occasion,933,en,pos,informational,True
figma.com,https://www.figma.com/blog/how-one-pivotal-designer-escaped-the-export-upload-abyss/,20190401190019,How one designer escaped the export-upload abyss,593,en,unknown,case_study,False
figma.com,https://www.figma.com/blog/bringing-figma-to-even-more-classrooms/,20200426203215,Bringing Figma to even more classrooms,427,en,unknown,news_pr,False
figma.com,https://www.figma.com/blog/announcing-smart-animate-and-advanced-transitions/,20191012123044,"Designing for top feature requests, like Smart Animate",1173,en,neg,news_pr_h,False
figma.com,https://www.figma.com/blog/behind-the-feature-shadow-spread/,20200803181103,Behind the feature: shedding light on shadow spread,1396,en,unknown,product_announcement,False
figma.com,https://www.figma.com/blog/how-figma-transformed-this-berkeley-design-class/,20181129212831,How Figma Transformed This Berkeley Design Class,777,en,unknown,case_study,False
strongdm.com,https://www.strongdm.com/blog/alternatives-to-okta-advanced-server-access-scaleft,20210417050831,Alternatives to Okta Advanced Server Access (ScaleFT) | strongDM,1207,en,unknown,informational,True
strongdm.com,https://www.strongdm.com/blog/managing-access-to-ephemeral-infrastructure-at-scale,20200923113603,Managing Access to Ephemeral Infrastructure At Scale | strongDM,1112,en,unknown,informational,True
strongdm.com,https://www.strongdm.com/blog/fisma-vs-fedramp-nist-vs-iso-soc2-vs-hipaa-iso27001-vs-soc2,20210228085822,"HIPAA, NIST, ISO, FedRAMP, FISMA, SOC2: What is the difference? | strongDM",651,en,pos,informational,True
strongdm.com,https://www.strongdm.com/blog/san-francisco-offsite,20210928111443,#SDMLife - Thai food in San Francisco | strongDM,339,en,unknown,culture_hiring,False
strongdm.com,https://www.strongdm.com/blog/provisioning-people,20210121005652,Provisioning Your People to be Productive | strongDM,876,en,unknown,informational,True
threadwallets.com,https://www.threadwallets.com/blogs/thread-wallets/fathers-day-at-thread,20211208223843,Father's Day at Thread,258,en,unknown,n/a,False
threadwallets.com,https://www.threadwallets.com/blogs/thread-wallets/gifts-for-the-kid-at-heart,20220119172556,Gifts for the Kid at Heart,103,en,unknown,n/a,False
threadwallets.com,https://www.threadwallets.com/blogs/thread-wallets/the-crossbody-gift-guide,20220119083506,The Crossbody Gift Guide,269,en,pos,n/a,False
threadwallets.com,https://www.threadwallets.com/blogs/thread-wallets/tour-the-threadquarters,20190723220300,Tour the Threadquarters,224,en,neg,n/a,False
threadwallets.com,https://www.threadwallets.com/blogs/thread-wallets/grom-spotlight-sawyer-lindblad,20210927125117,Grom Spotlight: Sawyer Lindblad,318,en,unknown,culture_hiring,False
territoryfoods.com,https://www.territoryfoods.com/blog/stress-bustin-beverages/,20190820232721,Stress Busting Beverages - Drinks To Help Relieve Stress,500,en,unknown,informational,True
territoryfoods.com,https://www.territoryfoods.com/blog/location-partner-love-%E2%9D%A4/,20190722020837,How Do We Love Our Location Partners? Let Us Count The Ways.,318,en,unknown,culture_hiring,False
territoryfoods.com,https://www.territoryfoods.com/blog/3-ways-to-get-back-on-track-after-a-holiday-weekend-with-ease/,20190629183000,3 WAYS TO GET BACK ON TRACK AFTER A HOLIDAY WEEKEND WITH EASE - Territory Foods,1130,en,pos,informational,True
territoryfoods.com,https://www.territoryfoods.com/blog/whole30-day-1-tara-and-the-pre-day-one-strugs/,20190530185802,Whole30 Day 1: Tara and the Pre-Day-One Struggles - Territory Foods,477,en,unknown,opinion_essay,False
territoryfoods.com,https://www.territoryfoods.com/blog/yes-you-can-eat-a-plant-based-diet-when-youre-pregnant/,20210620181826,"Yes, You Can Eat a Plant Based Diet When You're Pregnant - Territory Foods",397,en,unknown,informational,False
canidium.com,https://blog.canidium.com/news-room/great-learning-opportunities-for-sales-training-and-management,20190717091225,Great learning opportunities for sales training and management,420,en,unknown,informational,False
canidium.com,https://blog.canidium.com/auto-dealerships-mobile-commissions-reports,20190920062900,Auto Dealership Sales and Service Commissions Best Practices: Part IV,176,en,pos,n/a,False
canidium.com,https://blog.canidium.com/cpq-industry-technologist-and-executive-joins-canidium,20190920063305,CPQ Industry Technologist and Executive Joins Canidium,209,en,neg,n/a,False
canidium.com,https://blog.canidium.com/news-room/improving-sales-training-provides-long-term-benefits,20220707094456,Improving sales training provides long term benefits,408,en,unknown,informational,False
canidium.com,https://blog.canidium.com/news-room/not-everyone-likes-your-sales-incentive-compensation-plan,20190719234231,Not everyone likes your sales incentive compensation plan,642,en,unknown,informational,True
thirdera.com,https://www.thirdera.com/blog/topic/it-as-a-service,20211204022751,IT Service Management Blog | Evergreen Systems | IT as a Service,867,en,unknown,informational,True
thirdera.com,https://www.thirdera.com/blog/topic/asset-center,20211204005254,IT Service Management Blog | Evergreen Systems | Asset Center,68,en,unknown,n/a,False
thirdera.com,https://www.thirdera.com/blog/topic/itsm-strategy,20211204012229,IT Service Management Blog | Evergreen Systems | ITSM Strategy,1723,en,unknown,informational,True
thirdera.com,https://www.thirdera.com/blog/topic/evergreen-evolve,20211129181022,IT Service Management Blog | Evergreen Systems | Evergreen Evolve,1233,en,unknown,informational,True
thirdera.com,https://www.thirdera.com/blog/topic/cloud-services,20211129174806,IT Service Management Blog | Evergreen Systems | Cloud Services,125,en,unknown,n/a,False
idera.com,https://blog.idera.com/database-tools/er-diagram-model-varchar-max,20221127055648,ER Diagram: Model varchar(max) | IderaBlog,68,en,unknown,n/a,False
idera.com,http://blog.idera.com:80/industry/event-recap-pass-summit-2015/,20151115041047,Event Recap: PASS Summit 2015,427,en,neg,news_pr_h,False
idera.com,https://blog.idera.com/database-tools/report-to-show-more-information,20221128222531,Report to show more information! | IderaBlog,47,en,unknown,n/a,False
idera.com,https://blog.idera.com/database-tools/sql-inventory-manager/,20221127050106,SQL Inventory Manager Archives | IderaBlog,480,en,unknown,informational,False
idera.com,https://blog.idera.com/database-tools/using-digital-signatures-with-timestamp-server,20221129193921,Using Digital Signatures with Timestamp Server | IderaBlog,218,en,unknown,n/a,False
decisionlink.com,https://www.decisionlink.com/blog/recession-buster-5-refresh-your-pricing-approach,20220726200227,Recession Buster #5: Refresh Your Pricing Approach,629,en,unknown,informational,True
decisionlink.com,http://www.decisionlink.com:80/blog/selling-war-stories-2-business-case-required/,20160601134354,"Value Selling War Stories: #2, Is a Business Case Always Required",756,en,unknown,opinion_essay,False
decisionlink.com,https://www.decisionlink.com/blog/using-customer-value-management-to-close-your-tech-solutions-deals,20220628120503,Using Customer Value Management to Close Your Tech Solutions Deals,654,en,unknown,informational,True
decisionlink.com,https://www.decisionlink.com/blog/understanding-and-embracing-the-ever-changing-customer-profile,20220811214705,Understanding and Embracing the Ever Changing Customer Profile,532,en,unknown,informational,True
decisionlink.com,http://www.decisionlink.com:80/blog/the-power-of-why/,20160129050251,The Power of “Why?”,601,en,unknown,informational,True
splendies.com,http://splendies.com/blogs/news/12314301-welcoming-jp-fulfillment,20140703124452,Welcoming JP Fulfillment!,126,en,unknown,n/a,False
splendies.com,http://www.splendies.com:80/blogs/news/15588664-shipping-schedules,20150106211828,Shipping Schedules,132,en,unknown,n/a,False
splendies.com,http://www.splendies.com:80/blogs/news/16735480-valentines-day-undies-in-february,20150223104724,Valentine's Day Undies in February!,85,en,unknown,n/a,False
splendies.com,http://www.splendies.com:80/blogs/news/15588644-special-promotion-months-availability,20150106104202,Special Promotion Months Availability,125,en,unknown,n/a,False
splendies.com,http://www.splendies.com:80/blogs/news/15835488-changes-coming-to-splendies,20141231174235,Changes Coming to Splendies!,452,en,unknown,product_announcement,False
sidebysidestuff.com,https://blog.sidebysidestuff.com/an-awesome-playlist-for-tearing-up-the-trails/,20200930185249,An Awesome Playlist for Tearing Up the Trails | Side By Side Stuff,141,en,unknown,n/a,False
sidebysidestuff.com,http://blog.sidebysidestuff.com/black-friday-special-at-side-by-side-stuff/,20151009125837,Black Friday Special at Side By Side Stuff,229,en,unknown,n/a,False
sidebysidestuff.com,https://blog.sidebysidestuff.com/camsocoltons-countryman-challenges-the-pit-stop061720/,20200930182554,Camso | Colton's Countryman Challenges – The Pit Stop | Side By Side Stuff,136,en,unknown,n/a,False
sidebysidestuff.com,https://blog.sidebysidestuff.com/bad-ass-unlimited-polaris-rzr-xp-4-turbos081117/,20190822102017,Bad Ass Unlimited Polaris RZR XP 4 Turbos,409,en,unknown,informational,False
sidebysidestuff.com,https://blog.sidebysidestuff.com/a-single-seater-from-polaris/,20200925162139,A Single Seater from Polaris? | Side By Side Stuff,260,en,unknown,n/a,False
northgatevehiclehire.co.uk,https://www.northgatevehiclehire.co.uk/blog/vehicle-safe-to-drive,20190724073211,Ensuring a vehicle is roadworthy and safe to drive,1172,en,unknown,informational,True
northgatevehiclehire.co.uk,http://www.northgatevehiclehire.co.uk:80/blog/news/hippo-case-study/,20150902042255,HIPPO case study - Northgate Vehicle Hire,566,en,unknown,case_study,False
northgatevehiclehire.co.uk,https://www.northgatevehiclehire.co.uk/blog/fleet-management/is-your-ageing-fleet-slowing-you-down,20211027121855,Is your ageing fleet slowing you down?,780,en,unknown,informational,True
northgatevehiclehire.co.uk,http://www.northgatevehiclehire.co.uk:80/blog/change-your-driving-habits-and-lower-your-costs,20170115055305,Change your driving habits and lower your costs | Northgate Vehicle Hire Blog,622,en,unknown,informational,True
northgatevehiclehire.co.uk,https://www.northgatevehiclehire.co.uk/blog/content/fonts/6e7f04cb-3b30-43a5-b79d-25b4c1178700.woff2,20201116163843,Blog,111,en,unknown,n/a,False
exteriormedics.com,http://www.exteriormedics.com:80/blog/how-to-insulate-your-windows-without-breaking-the-bank,20151125064047,How To Insulate Your Windows Without Breaking The Bank,772,en,pos,informational,True
exteriormedics.com,https://www.exteriormedics.com/blog/how-to-clean-an-asphalt-shingle-roof-what-you-need-to-know,20201025214941,How to Clean an Asphalt Shingle Roof: What You Need to Know,726,en,pos,informational,True
exteriormedics.com,http://www.exteriormedics.com:80/blog/6-ways-to-allergy-proof-your-home-this-spring,20150627054723,6 Ways To Allergy-Proof Your Home This Spring,817,en,pos,informational,True
exteriormedics.com,https://www.exteriormedics.com/blog/why-home-repair-issues-arent-always-what-they-seem,20210514013954,Why Home Repair Issues Aren’t Always What They Seem,763,en,pos,informational,True
exteriormedics.com,http://www.exteriormedics.com/blog/spring-cleaning-4-ways-to-utilize-your-garage-space,20170805174510,Spring Cleaning: 4 Ways to Utilize Your Garage Space,685,en,pos,informational,True
just-eat.co.uk,http://blog.just-eat.co.uk:80/chip-habits-of-the-nation/,20130226234632,Chip Eating Habits of Britain: Northern Boys Love Gravy,226,en,unknown,n/a,False
just-eat.co.uk,http://blog.just-eat.co.uk:80/12-days-of-christmas-prize-winners/,20110129022159,12 Days of Christmas Prize Winners,270,en,neg,n/a,False
just-eat.co.uk,http://blog.just-eat.co.uk:80/best-belly-brain-caption/,20100228155544,Just-Eat,59,en,pos,n/a,False
just-eat.co.uk,http://blog.just-eat.co.uk:80/burger-vending-machine/burger-vending/,20130123115709,burger vending machine | Just-Eat.co.uk,61,en,unknown,n/a,False
just-eat.co.uk,http://blog.just-eat.co.uk:80/chill-out-during-summer/,20100704220454,Just-Eat,160,en,unknown,n/a,False
bamboohr.com,https://www.bamboohr.com/blog/5-reasons-offer-paid-paid-vacation-love,20170621200319,5 Reasons We Offer “Paid Paid Vacation” (And Love It) | BambooHR Blog,576,en,pos,culture_hiring,False
bamboohr.com,https://www.bamboohr.com/blog/bamboohr-marketplace-april-2018/,20190716055753,"Meet BambooHR's Newest Partners: Workable, Teamatics, and More",384,en,unknown,news_pr,False
bamboohr.com,http://www.bamboohr.com:80/blog/are-you-using-the-company-directory,20131006054332,Are new employees using your company's directory? - BambooHR Blog,515,en,unknown,informational,True
bamboohr.com,https://www.bamboohr.com/blog/11-poor-management-offenses-you-may-not-know-youre-committing/,20190817170950,11 Poor Management Offenses You're Committing | BambooHR Blog,1536,en,unknown,informational,True
bamboohr.com,http://www.bamboohr.com/blog/7-secrets-to-keeping-talented-employees-onboard,20121204150432,Bamboo News,656,en,unknown,informational,True
liquidweb.com,https://www.liquidweb.com/blog/better-content-will-make-site-stand/,20190722101530,How Better Content Will Make Your Site Stand Out | Liquid Web,674,en,unknown,informational,True
liquidweb.com,https://www.liquidweb.com/blog/become-pci-compliant-with-liquid-web/,20190822130641,Become PCI Compliant with Liquid Web | Liquid Web,464,en,unknown,informational,False
liquidweb.com,https://www.liquidweb.com/blog/3-mythbusters-agency-growth-scale/,20190818081940,3 Common Myths to Agency Growth and Scale | Liquid Web,865,en,unknown,informational,True
liquidweb.com,https://www.liquidweb.com/blog/best-email-marketing-campaigns/,20190716011058,5 Successful Email Marketing Campaigns and Why They Worked,1617,en,pos,informational,True
freightpop.com,https://blog.freightpop.com/drones-in-supply-chain-management-warehouse-tracking-surveying-delivery,20200408103353,"Drones in Supply Chain Management - Warehouse, Tracking, Surveying, & Delivery",700,en,unknown,informational,True
freightpop.com,https://blog.freightpop.com/material-handling-shipping-where-you-can-save-money-now,20210601145736,Material Handling & Shipping - Where You Can Save Money Now!,968,en,unknown,informational,True
freightpop.com,https://blog.freightpop.com/the-advantages-of-digitizing-freight-data-and-how-to-use-it,20220523133232,The Advantages Of Digitizing Freight Data And How To Use It,1541,en,pos,informational,True
freightpop.com,https://blog.freightpop.com/new-year-starts-with-high-volumes-low-capacity-wrecking-havoc-on-rates,20210111143117,New Year Starts With High Volumes & Low Capacity Wreacking Havoc On Rates,706,en,unknown,informational,True
britishswimschool.com,https://britishswimschool.com/blog/backyard-swimming-pool-safety-tips,20200808055531,Backyard Swimming Pool Safety Tips | British Swim School,526,en,unknown,informational,True
britishswimschool.com,https://britishswimschool.com/blog/practice-the-abcs-of-water-safety,20200808062329,Practice the ABC’s of Water Safety | British Swim School,461,en,unknown,informational,False
britishswimschool.com,https://britishswimschool.com/blog/save-a-life-with-swim-lessons,20191018062011,Save a Life with Swim Lessons | British Swim School,600,en,unknown,news_pr,False
britishswimschool.com,https://britishswimschool.com/blog/love-to-swim-swim-to-love,20191113052936,"Love to Swim, Swim to Love | British Swim School",333,en,unknown,opinion_essay,False
britishswimschool.com,https://britishswimschool.com/blog/why-adult-classes-are-so-important-2,20190919042444,Why Adult Classes Are So Important | British Swim School,368,en,pos,informational,False
formulafolios.com,https://formulafolios.com/blog/5-minute-market-update-may-30-2017/,20171001005339,"5-Minute Market Update | May 30, 2017 | FormulaFolios",984,en,unknown,informational,True
formulafolios.com,http://formulafolios.com/blog/5-minute-market-update-january-23-2017/,20170202154053,"5-Minute Market Update | January 23, 2017 | FormulaFolios",926,en,unknown,informational,True
formulafolios.com,http://formulafolios.com/blog/formulafolios-portfolio-recap-january-2016/,20160226085915,FormulaFolios Portfolio Recap // January 2016 | FormulaFolios,109,en,unknown,n/a,False
formulafolios.com,http://formulafolios.com/blog/formulafolios-portfolio-recap-february-2015/,20150525060302,FormulaFolios Portfolio Recap // February 2015 | FormulaFolios,109,en,unknown,n/a,False
formulafolios.com,http://formulafolios.com/blog/5-minute-market-commentary-july-24-2015/,20150725064401,"5 Minute Market Commentary // July 24, 2015 | FormulaFolios",685,en,unknown,informational,True
nomadnessrentals.com,http://blog.nomadnessrentals.com/2018/02/16/new-destination-ventura-ca/,20190818155312,Destination Ventura CA,204,en,unknown,n/a,False
nomadnessrentals.com,http://blog.nomadnessrentals.com/2017/06/06/top-3-things-mammoth-locals-want-you-to-know/,20190720113145,Top 3 Things Mammoth Locals Want You to Know,261,en,pos,n/a,False
nomadnessrentals.com,http://blog.nomadnessrentals.com/2016/07/12/hybrid-booking-management-the-best-of-both-worlds-71216/,20201128051710,HYBRID BOOKING & MANAGEMENT: THE BEST OF BOTH WORLDS,665,en,pos,informational,True
nomadnessrentals.com,http://blog.nomadnessrentals.com/2017/04/28/top-5-mammoth-spring-activities/,20190819063122,5 Best Mammoth Spring Activities,362,en,pos,informational,False
nomadnessrentals.com,http://blog.nomadnessrentals.com/2019/02/20/millennial-families-fastest-growing-travel-sector/,20190720113122,Millennial Families – Fastest-Growing Travel Sector,317,en,unknown,informational,False
shedavi.com,https://www.shedavi.com/blogs/hair-journey/max-hydration-method-for-beginners,20200924235154,Max Hydration Method for Beginners,682,en,pos,informational,True
shedavi.com,https://www.shedavi.com/blogs/advice/a-little-tlc-some-tips-on-keeping-your-hair-moisturized,20190818010129,A little TLC: Some Tips on Keeping Your Hair Moisturized,844,en,unknown,informational,True
shedavi.com,https://www.shedavi.com/blogs/hair-journey/which-shedavi-products-should-i-use-lets-talk,20201020052902,Which Shedavi Products Should I Use? Let's Talk.,639,en,unknown,informational,True
shedavi.com,https://www.shedavi.com/blogs/advice/must-try-nail-art-for-summer,20190720041034,Must Try Nail Art for Summer!,423,en,unknown,informational,False
shedavi.com,https://www.shedavi.com/blogs/advice/how-to-deal-with-postpartum-hair-loss,20210920233736,How to Deal With Postpartum Hair Loss,1227,en,pos,informational,True
upside.com,https://www.upside.com/blog/how-upside-helps-fuel-retailers-as-inflation-rises,20220813211228,How Upside helps fuel retailers as inflation rises | Upside,850,en,unknown,informational,True
upside.com,https://upside.com/blog/travel-resources/destination-resources/remote-work-in-memphis/,20210306145059,Where to Work Remotely in Memphis | Upside,576,en,unknown,informational,True
upside.com,https://upside.com/blog/travel-resources/traveler-resources/business-travel-news-jul-26/,20210804033124,Business Travel News Recap: July 26 | Upside Business Travel,166,en,unknown,n/a,False
upside.com,https://upside.com/blog/travel-resources/traveler-resources/business-travel-recap-news-may-24/,20210525131520,Business Travel Recap News: May 24 | Upside Business Travel,201,en,unknown,n/a,False
upside.com,https://upside.com/blog/business-resources/maximum-performance-founder/,20210306145803,Maximum Performance as a Founder | Upside Business Travel,445,en,unknown,informational,False
greenfly.com,https://www.greenfly.com/blog/tiktok-marketing-strategy-social-media-lessons-from-mascots/,20200805023455,Mascot Marketing Strategy - The Best Examples on TikTok,1689,en,pos,informational,True
greenfly.com,https://www.greenfly.com/blog/moneyball-social-media-strategy/,20200805015216,Moneyball for Social Media: Go Beyond the Usual Metrics - Greenfly,1724,en,unknown,informational,True
greenfly.com,https://www.greenfly.com/blog/how-to/social-media-roi-sports-sponsorships/,20210926055950,How Sports Teams Can Demonstrate More Value to Sponsors With Social Media - Greenfly,438,en,unknown,informational,False
greenfly.com,https://www.greenfly.com/blog/digital-media-exchange/digital-media-rights-sports-broadcast/,20211202062835,How Digital Media Rights Drive Value and Revenue for Sports Broadcast Deals - Greenfly,1403,en,unknown,informational,True
greenfly.com,https://www.greenfly.com/blog/digital-media-exchange/,20210727123854,Digital Media Exchange Archives | Greenfly,108,en,unknown,n/a,False
humi.ca,https://www.humi.ca/blog-post/the-future-is-work-from-anywhere-wfa-why-your-company-needs-a-wfa-policy-to-stay-ahead,20221020220231,The future is ‘work from anywhere’ (WFA) – why your company needs a WFA policy to stay ahead - Humi Blog,989,en,pos,informational,True
humi.ca,https://www.humi.ca/blog-post/four-ways-to-create-and-maintain-an-inclusive-workplace,20210616210150,Four ways to create and maintain an inclusive workplace - Humi Blog,691,en,unknown,informational,True
humi.ca,https://www.humi.ca/blog-post/covid-19-wage-subsidy-what-is-it-and-how-businesses-can-immediately-apply,20200430100538,COVID-19 Wage Subsidy: What Is It and How Businesses Can Immediately Apply - Humi Blog,533,en,pos,informational,True
humi.ca,https://www.humi.ca/blog-post/knowing-more-about-workplace-benefits-financial-plan,20190821150933,How Knowing More About Your Workplace Benefits Can Improve Your Financial Plan | Humi,861,en,unknown,informational,True
humi.ca,https://www.humi.ca/blog-post/maximize-benefits-winter,20190821141308,7 Ways to Maximize Your Health Benefits During Winter | Humi,621,en,pos,informational,True
conquestmaps.com,https://www.conquestmaps.com/blogs/life-and-inspiration/international-pre-travel-checklist,20200922045903,The ultimate travel checklist: 30 things to do before your next international trip,2386,en,pos,informational,True
conquestmaps.com,https://www.conquestmaps.com/blogs/life-and-inspiration/united-states-national-parks,20190923135914,11 Iconic Adventures in the United States National Parks,1639,en,unknown,informational,True
conquestmaps.com,https://www.conquestmaps.com/blogs/life-and-inspiration/free-sydney-australia-experiences,20191017162337,"10 Free, Can't-Miss Experiences in Sydney",807,en,unknown,informational,True
conquestmaps.com,https://www.conquestmaps.com/blogs/life-and-inspiration/3-inspiring-people-who-have-been-to-every-country,20191117144624,3 Inspiring People Who Have Been To Every Country,516,en,unknown,informational,True
conquestmaps.com,https://www.conquestmaps.com/blogs/life-and-inspiration/mercator-map-projection,20220121031313,Origin of the Mercator Map Projection & Why We Use It,416,en,pos,informational,False
silvercloudinc.com,https://silvercloudinc.com/blog/arizona-federal-the-secret-to-a-95-employee-satisfaction-rate/,20171025012230,Arizona Federal: The Secret to 95% Employee Satisfaction,238,en,unknown,n/a,False
silvercloudinc.com,http://silvercloudinc.com/blog/bank-credit-union-training/,20170621220538,Reimagining the Bank and Credit Union Training Approach,1106,en,unknown,informational,True
silvercloudinc.com,https://silvercloudinc.com/blog/simple-bank-credit-union-website-improvements/,20200924221011,5 Simple Bank and Credit Union Website Improvements,1165,en,unknown,informational,True
silvercloudinc.com,https://silvercloudinc.com/blog/4-ways-centralized-content-strategy-will-improve-your-employee-training/,20190722091113,4 Ways A Centralized Content Strategy Will Improve Your Employee Training Program,687,en,pos,informational,True
silvercloudinc.com,https://silvercloudinc.com/blog/10-new-financial-institutions-select-silvercloud/,20191020205116,10 New Financial Institutions Select SilverCloud,302,en,unknown,news_pr,False
sensehq.com,https://blog.sensehq.com/scaling-contractor-care,20190722074057,"Hard to Love: Why Scaling Contractor Care Isn’t Easy - Part 1, Human Connection",1222,en,pos,informational,True
sensehq.com,https://blog.sensehq.com/top-10-resources-for-forward-thinking-staffing-pros,20190917103429,Top 10 resources for forward-thinking staffing pros,673,en,pos,informational,True
sensehq.com,https://blog.sensehq.com/different-ways-to-automatically-stay-engaged-with-your-talent-database,20200930104826,Different ways to automatically stay engaged with your talent database,1551,en,unknown,informational,True
sensehq.com,https://blog.sensehq.com/how-to-leverage-onboarding-as-a-competitive-advantage-83129d9df6b9,20190824231420,How to Leverage Onboarding as a Competitive Advantage,1485,en,pos,informational,True
sensehq.com,https://blog.sensehq.com/how-one-simple-change-could-drive-600k-in-additional-revenue-for-your-staffing-firm,20190722082356,How one simple change could drive $600k in additional revenue for your staffing firm,560,en,unknown,case_study,False
lcptracker.com,https://lcptracker.com/blog-post/the-inefficiencies-of-monitoring-compliance-agencies-and-primes/,20201025104718,The Inefficiencies of Monitoring Compliance – Agencies and Primes,704,en,unknown,informational,True
lcptracker.com,https://lcptracker.com/blog-post/hiring-contractors-for-school-constructions-projects/,20200808092057,Hiring Contractors for School Constructions Projects,327,en,neg,news_pr_h,False
lcptracker.com,https://lcptracker.com/blog-post/federal-davis-bacon-requirements-trainees-helpers/,20201025101942,Federal Davis-Bacon Requirements: Trainees & Helpers,152,en,unknown,n/a,False
lcptracker.com,https://lcptracker.com/blog-post/e-verify-law-in-pennsylvania/,20200924055606,E-Verify | LCPtracker,392,en,unknown,informational,False
lcptracker.com,https://lcptracker.com/blog-post/california-closes-loophole-on-fringe-benefits/,20201025112358,California Closes Loophole on Fringe Benefits,250,en,unknown,n/a,False
inventorysource.com,http://www.inventorysource.com:80/blog/how-to-write-an-about-us-page-for-a-wholesale-dropship-product-website/,20151112192739,"How To Write An ""About Us"" Page For A Wholesale Dropship Product Website",1154,en,pos,informational,True
inventorysource.com,http://www.inventorysource.com:80/blog/selling-on-ebay-is-about-growing-both-sales-and-customers/,20160301064515,Selling On eBay Is About Growing Both Sales And Customers,638,en,unknown,informational,True
inventorysource.com,http://www.inventorysource.com:80/blog/3d-cart-dropship-2/,20160315003848,3D Cart Dropship Integration,364,en,unknown,informational,False
inventorysource.com,http://www.inventorysource.com:80/blog/5-free-ways-to-market-your-wholesale-dropship-website/,20151108012716,5 Free Ways to Market Your Wholesale Dropship Website,1982,en,unknown,informational,True
inventorysource.com,http://www.inventorysource.com:80/blog/is-doba-a-scam-is-doba-worth-joining/,20160229093752,Is Doba A Scam? Is Doba Worth Joining?,1582,en,unknown,informational,True
casetext.com,https://casetext.com/blog/the-a-i-arms-race-with-alex-lakatos/,20190822025753,The A.I. Arms Race with Alex Lakatos - Casetext Insights,95,en,unknown,n/a,False
casetext.com,https://casetext.com/blog/the-future-of-the-legal-profession-after-covid-19/,20210307190356,The Future of the Legal Profession After COVID-19 | Casetext,598,en,unknown,informational,True
casetext.com,https://casetext.com/blog/how-to-start-a-law-firm-without-a-plan-or-budget-your-self-education-system/,20190916205642,How To Start a Law Firm Without a Plan or Budget: Your Self-Education System - Casetext Insights,1330,en,pos,informational,True
casetext.com,https://casetext.com/blog/stop-collaborate-and-listen/,20190719015301,"Stop, Collaborate, And Listen - Casetext Insights",83,en,unknown,n/a,False
casetext.com,https://casetext.com/blog/eversheds-sutherland-adopts-compose-by-casetext-strengthens-commitment-to-innovation-in-legal-services/,20200715205259,"Eversheds Sutherland Adopts Compose by Casetext, Strengthens Commitment to Innovation in Legal Services - Casetext Insights",668,en,unknown,news_pr,False
stripe.com,https://stripe.com/blog/instant-payouts-for-ca-sg-businesses-stub,20200930165718,Instant Payouts are now available in Canada and Singapore,80,en,neg,n/a,False
stripe.com,https://stripe.com/blog/european-payment-methods-available-worldwide,20201101091725,"European payment methods available worldwide in minutes, not months",555,en,unknown,product_announcement,False
stripe.com,https://stripe.com/blog/multiple-subscriptions,20150620000126,Multiple subscriptions,214,en,unknown,n/a,False
stripe.com,https://stripe.com/blog/multiple-cards,20130821150212,Card management API,207,en,unknown,n/a,False
stripe.com,https://stripe.com/blog/official-nodejs-support,20131027194932,Stripe Blog,203,en,unknown,n/a,False
flyhomes.com,https://www.flyhomes.com/blog/a-qa-with-team-lead-renee-sandoval-2/,20220925164025,A Q&A with Team Lead Renee Sandoval - Blog,591,en,unknown,culture_hiring,False
flyhomes.com,https://www.flyhomes.com/blog/february-2021-market-update-southern-california/,20210309052640,February 2021 Market Update: Southern California - The Living Room,373,en,unknown,informational,False
flyhomes.com,https://www.flyhomes.com/blog/december-market-update-seattle-eastside/,20201201052304,December Market Update: Seattle + Eastside - The Living Room,427,en,unknown,informational,False
flyhomes.com,https://www.flyhomes.com/blog/buying-your-next-home-with-a-short-term-loan/,20220705012212,Buying your next home with a short-term loan - Blog,1483,en,unknown,informational,True
flyhomes.com,https://www.flyhomes.com/blog/10-reasons-bellevue-washington-is-a-great-place-to-buy-a-home/,20220123204828,"Bellevue, Washington is a great place to buy a home - The Living Room",1412,en,pos,informational,True
launchdarkly.com,https://launchdarkly.com/blog/feature-flags-toggles-in-devops-how-these-concepts-relate/,20201230185214,Feature Flags (Toggles) in DevOps: How These Concepts Relate,1592,en,unknown,informational,True
launchdarkly.com,https://launchdarkly.com/blog/feature-flag-driven-releases/,20190724084019,Feature Flag-Driven Releases,815,en,unknown,informational,True
launchdarkly.com,https://launchdarkly.com/blog/great-gamedays-thinking-about-failure-holistically/,20180727173136,Great GameDays: Thinking About Failure Holistically,1747,en,unknown,informational,True
onesourcevirtual.com,http://www.onesourcevirtual.com:80/blog/2013/09/23/get-your-luxury-car-at-an-affordable-price.html,20131005043213,Get Your Luxury Car at an Affordable Price!,432,en,unknown,informational,False
onesourcevirtual.com,http://www.onesourcevirtual.com/blog/2013/01/22/participating-in-a-customer-reference-program-whats-in-it-for-you.html,20140424045536,Participating in a Customer Reference Program … What’s In It For You?,330,en,unknown,informational,False
onesourcevirtual.com,http://www.onesourcevirtual.com:80/blog/2013/12/09/open-enrollment-101.html,20140114111615,Open Enrollment 101,357,en,unknown,informational,False
onesourcevirtual.com,http://www.onesourcevirtual.com:80/blog/2013/07/31/the-not-so-new-rules-of-customer-service.html,20130815085425,THE (NOT – SO) NEW RULES OF CUSTOMER SERVICE | THE (NOT,488,en,unknown,informational,False
onesourcevirtual.com,http://www.onesourcevirtual.com/blogs/osv-blog/are-you-a-bargain-shopper.html,20140810154337,Are you a Bargain Shopper?,464,en,unknown,informational,False
appliedframeworks.com,http://appliedframeworks.com/blog/2013/05/07/pricing-subscriptions-and-the-weather,20160804205632,"Pricing, subscriptions, and the weather",162,en,unknown,n/a,False
appliedframeworks.com,https://appliedframeworks.com/blog/agile-webinars/,20200814110628,Agile Webinars,268,en,neg,n/a,False
mie-solutions.com,https://blog.mie-solutions.com/estimating/cost-estimate-types,20190723014634,Cost Estimate Types,457,en,unknown,informational,False
mie-solutions.com,https://blog.mie-solutions.com/estimating/exploded-bill-of-materials,20190720041103,Exploded Bill Of Materials,375,en,unknown,informational,False
mie-solutions.com,https://blog.mie-solutions.com/estimating/quoting-dependencies-between-operations,20190723014851,Quoting Dependencies Between Operations,263,en,unknown,n/a,False
mie-solutions.com,https://blog.mie-solutions.com/quick-tips/quick-tip-kitting,20190720041100,Quick Tip: Kitting,332,en,unknown,informational,False
mie-solutions.com,https://blog.mie-solutions.com/estimating/introduction-to-shop-rates,20190723014637,Introduction To Shop Rates,319,en,unknown,informational,False
demandjump.com,https://www.demandjump.com/blog/content-marketing-examples-when-to-use-each-type,20201211014528,Content Marketing Examples: When To Use Each Type,763,en,unknown,informational,True
demandjump.com,http://www.demandjump.com:80/blog/demandjump-appirio-among-big-mira-winners,20160526075836,"DemandJump, Appirio Among Big Mira Winners",106,en,neg,n/a,False
demandjump.com,https://www.demandjump.com/blog/can-i-do-my-own-seo-a-how-to-guide-for-seo,20211122220421,Can I Do SEO On My Own? A How-to Guide for SEO,799,en,pos,informational,True
demandjump.com,http://www.demandjump.com:80/blog/demandjump-driving-clients-via-marketing-technology,20160614085452,DemandJump: Driving Clients Via Marketing Technology,607,en,unknown,news_pr,False
demandjump.com,https://www.demandjump.com/blog/developing-a-content-strategy-a-beginners-guide-to-content,20210909165739,Developing a Content Strategy: A Beginner’s Guide to Content,1062,en,pos,informational,True
boldrimpact.com,https://www.boldrimpact.com/blog/post-traumatic-growth-in-outsourcing/,20220125103223,Post-Traumatic Growth in Outsourcing - Boldr.,1781,en,unknown,culture_hiring,False
boldrimpact.com,https://www.boldrimpact.com/blog/pride-month-no-longer-misunderstood/,20220701201011,Pride Month: No Longer Misunderstood - Boldr.,828,en,unknown,opinion_essay,False
boldrimpact.com,https://www.boldrimpact.com/blog/the-best-tips-to-engage-your-remote-teams/,20220701210100,The Best Tips To Engage Your Remote Teams - Boldr.,1247,en,pos,informational,True
boldrimpact.com,https://www.boldrimpact.com/blog/disaster-proofing-your-business/,20221005043853,Disaster-proofing your business - Boldr.,1522,en,unknown,informational,True
boldrimpact.com,https://www.boldrimpact.com/blog/payoneer-forum-go-beyond-expectations-2018/,20211204155757,Go Beyond Expectations with a Purpose-driven Business Model - Boldr,387,en,unknown,news_pr,False
gobble.com,https://www.gobble.com/blog/an-important-message-for-our-gobble-community/,20201125100538,The Gobble Blog,571,en,unknown,news_pr,False
gobble.com,https://www.gobble.com/blog/news_article/gobble-shifts-from-delivering-meals-to-do-it-yourself-diners/,20210121105305,Gobble shifts from delivering meals to do-it-yourself diners,45,en,unknown,n/a,False
gobble.com,https://www.gobble.com/blog/introducing-jeff-harris-gobbles-new-cfo-coo/,20201126031910,The Gobble Blog,286,en,neg,n/a,False
gobble.com,https://www.gobble.com/blog/news_article/what-its-like-to-cook-with-gobble-a-10-minute-dinner-kit-that-only-requires-one-pan/,20210117163405,"What it’s like to cook with Gobble, a 10-minute dinner kit that only requires one pan",39,en,unknown,n/a,False
inspiranzadesigns.com,https://www.inspiranzadesigns.com/blog/seven-cross-bar-necklaces-for-my-seven-granddaughters/,20190720221140,...seven cross bar necklaces for my seven granddaughters.,40,en,unknown,n/a,False
inspiranzadesigns.com,https://inspiranzadesigns.com/blogs/default-blog/saddle-up-this-ring-is-stunning,20220703094941,Saddle Up! This Ring Is Stunning! Blue Topaz,51,en,unknown,n/a,False
inspiranzadesigns.com,https://www.inspiranzadesigns.com/blog/whats-my-ring-size/,20190823090204,What's My Ring Size?,453,en,unknown,informational,False
inspiranzadesigns.com,http://www.inspiranzadesigns.com:80/blog/howard-stern-prays-to-god/,20141104033245,Howard Stern prays to God?,156,en,unknown,n/a,False
inspiranzadesigns.com,https://inspiranzadesigns.com/blogs/default-blog/at-her-celebration-of-life-one-of-her-favorites-it-is-well-with-my-soul-was-sung,20220703081117,"At her Celebration of Life one of her favorites, ""It is Well With My Soul"" was sung...",210,en,unknown,n/a,False
emarkanalytics.com,https://blog.emarkanalytics.com/digitalna-transformacia-vs-roi-hladanie-realnej-navratnosti/,20210507091005,Digitálna transformácia vs. ROI: Hľadanie reálnej návratnosti,389,other,pos,n/a,False
emarkanalytics.com,https://blog.emarkanalytics.com/hledani-skutecne-roi-z-iniciativ-digitalni-transformace/,20210507094339,Hledání skutečné ROI z iniciativ Digitální Transformace,406,other,unknown,n/a,False
emarkanalytics.com,https://blog.emarkanalytics.com/predikcie-maloobchodneho-predaja-v-qlik-sense-2/,20221002072300,Predikcie maloobchodného predaja v Qlik Sense,592,other,unknown,n/a,False
emarkanalytics.com,https://blog.emarkanalytics.com/sk/guided-analytics-is-dead-long-live-self-service-analytics-2/,20220523204647,Guided Analytics is Dead. Long Live Self-Service Analytics,297,en,pos,n/a,False
emarkanalytics.com,https://blog.emarkanalytics.com/hviezdny-filter-v-qlik-sense/,20201128074249,Hviezdny filter v Qlik Sense,441,en,unknown,informational,False
bluecrewjobs.com,https://www.bluecrewjobs.com/blog/april-employment-outlook,20210412190145,April Employment Outlook | Bluecrew Resources,556,en,unknown,informational,True
bluecrewjobs.com,https://www.bluecrewjobs.com/blog/3-reasons-flexible-staffing-is-key-for-the-post-covid-world,20210330142852,3 Reasons Flexible Staffing is Key for The Post-COVID World | Bluecrew Resources,847,en,pos,informational,True
bluecrewjobs.com,https://www.bluecrewjobs.com/blog/making-hourly-work-work-retention-in-a-pandemic,20210224235704,Making “Hourly Work” Work: Retention In A Pandemic | Bluecrew Resources,502,en,unknown,informational,True
bluecrewjobs.com,https://www.bluecrewjobs.com/blog/predicting-worker-success-make-better-hiring-decisions,20191207201819,Predicting Worker Success: How to Make Better Hiring Decisions,380,en,neg,news_pr_h,False
bluecrewjobs.com,https://www.bluecrewjobs.com/blog/how-to-make-your-job-post-stand-out,20201128140616,3 Easy Ways to Make Your Job Post Stand Out | Bluecrew Resources,122,en,pos,n/a,False
pfleet.com,https://www.pfleet.com/blog/the-cfn-application-process,20190919210258,The CFN Application Process,496,en,unknown,informational,False
pfleet.com,https://www.pfleet.com/blog/how-a-diesel-fuel-card-can-help-your-business,20191015232813,How a Diesel Fuel Card Can Help Your Business,1045,en,unknown,informational,True
pfleet.com,https://www.pfleet.com/blog/4-fuel-card-services-you-need-to-be-using,20190919210601,4 Fuel Card Services You Need to Be Using!,597,en,unknown,informational,True
pfleet.com,https://www.pfleet.com/blog/how-to-start-a-trucking-business,20191118061211,How to Start a Trucking Business,1095,en,pos,informational,True
pfleet.com,http://www.pfleet.com:80/blog/4-ways-p-fleet-helps-companies-control-driver-fuel-card-purchases,20170409002912,4 Ways P-Fleet Helps Companies Control Driver Fuel Card Purchases,855,en,pos,informational,True
almworks.com,http://almworks.com/blog/2014-04-meta-issues-structure.html,20150425174126,ALM Works,474,en,unknown,informational,False
almworks.com,https://almworks.com/blog/scriptrunner-scripts-for-structure.html,20190719225506,ScriptRunner Scripts for Structure,516,en,unknown,informational,True
almworks.com,http://almworks.com/blog/2013-11-structure-coding-contest.html,20150423154904,ALM Works,452,en,unknown,news_pr,False
almworks.com,https://almworks.com/blog/2018-07-data-center-approved-launch-partner.html,20190719224925,ALM Works an Atlassian,369,en,neg,news_pr_h,False
almworks.com,http://almworks.com/blog/2014-06-catworkx-midsummer-day.html,20150423204050,ALM Works,163,en,unknown,n/a,False
webitservices.com,https://www.webitservices.com/blog/newsletter/2020-january-email-newsletter/,20220811183036,2020 January Email Newsletter,40,en,unknown,n/a,False
webitservices.com,https://www.webitservices.com/blog/newsletter/2017-december-email-newsletter/,20220811165543,2017 December Email Newsletter,34,en,unknown,n/a,False
webitservices.com,https://www.webitservices.com/blog/newsletter/2016-december-email-newsletter/,20220811170454,2016 December Email Newsletter,34,en,unknown,n/a,False
webitservices.com,https://www.webitservices.com/blog/factors-changed-cybercrime/,20221029160845,"5 Factors that changed cybercrime - Naperville, Aurora, St. Charles | WEBIT Services",1455,en,unknown,informational,True
webitservices.com,https://www.webitservices.com/blog/newsletter/2015-october-email-newsletter/,20220811174033,2015 October Email Newsletter,34,en,unknown,n/a,False
katequinn.com,https://katequinn.com/blogs/news/little-one-of-the-week-jack,20201021211611,Little One of the Week | Jack,126,en,unknown,n/a,False
katequinn.com,https://katequinn.com/blogs/news/behind-the-scenes-and-fall-style-baby-shoots,20201024031754,Behind the Scenes and Fall Style Baby Shoots,243,en,unknown,n/a,False
katequinn.com,https://katequinn.com/blogs/news/little-one-of-the-week-blair-mary-helen,20201024202528,Little One of the Week | Blair Mary-Helen,138,en,unknown,n/a,False
katequinn.com,https://katequinn.com/blogs/news/little-one-of-the-week-lucille,20220702142711,Little One of the Week | Lucille,292,en,unknown,n/a,False
katequinn.com,https://katequinn.com/blogs/news/little-one-of-the-month-november-2019,20201024195953,Little One of the Month | November 2019,153,en,unknown,n/a,False
observe.ai,https://www.observe.ai/blog/level-up-qa-evaluations-with-these-new-and-exciting-features,20210703061843,Level up QA Evaluations with these new and exciting features,314,en,unknown,product_announcement,False
observe.ai,https://www.observe.ai/blog/4-future-forward-ways-energy-companies-are-improving-agent-performance-with-ai,20210413001644,4 future-forward ways energy companies improve agent performance with AI,759,en,unknown,informational,True
observe.ai,https://www.observe.ai/blog/how-qualfon-decreased-average-handle-time-by-16-seconds,20210921224435,How Qualfon decreased average handle time by 16 seconds,708,en,unknown,case_study,False
observe.ai,https://www.observe.ai/blog/bad-voice-call-transcription-accuracy-is-a-catalyst-for-trouble,20201120182558,Poor transcription accuracy on voice calls is a catalyst for trouble,1397,en,unknown,informational,True
observe.ai,https://www.observe.ai/blog/crush-the-5-most-important-financial-services-kpis-with-these-strategies,20200923164045,Crush the 5 most important financial services KPIs with these strategies,1040,en,unknown,informational,True
zesttorganics.com,https://zesttorganics.com/blogs/news/upgrade-your-travel-uniform,20220702194946,3 Easy Steps To Put Together The Perfect Travel Uniform,200,en,unknown,n/a,False
zesttorganics.com,https://zesttorganics.com/blogs/news/spring-cleaning-home-textile-edition,20190721103525,Spring Cleaning: Home Textile Edition - zestt llc,474,en,unknown,informational,False
zesttorganics.com,https://zesttorganics.com/blogs/news/94479937-why-organic-matters,20190721103510,Why Organic Matters - zestt llc,223,en,pos,n/a,False
zesttorganics.com,https://zesttorganics.com/blogs/news/travel-tips-from-the-team-and-eco-friendly-swaps,20220518055828,7 Eco Friendly Swaps For Your Next Big Adventure,448,en,unknown,informational,False
zesttorganics.com,https://zesttorganics.com/blogs/news/if-you-are-going-to-gift-one-thing-this-season-let-it-be-this,20220523044253,If You Are Going To Gift ONE Thing This Season... Let It Be This.,406,en,unknown,informational,False
coviu.com,https://www.coviu.com/blog/2019/11/18/australian-bushfires-worsen-rural-mental-health-crisis-how-can-telehealth-help,20201022213151,Australian Bushfires Worsen Rural Mental Health Crisis,499,en,unknown,informational,False
coviu.com,https://www.coviu.com/blog/clinical-aspects-of-telehealth-your-questions-answered,20201207030950,FAQ: Clinical Aspects of Telehealth,2004,en,unknown,informational,True
coviu.com,https://www.coviu.com/blog/2019/11/28/how-to-provide-affordable-mental-health-care-to-rural-australia,20201022200331,How to Provide Affordable Mental Health Care to Rural Australia,515,en,pos,informational,True
coviu.com,https://www.coviu.com/blog/2018/10/25/my-name-is-jocelyn-and-im-an-imposter,20201124203837,Guest Post: My name is Jocelyn and I’m an imposter,1276,en,unknown,opinion_essay,False
coviu.com,https://www.coviu.com/blog/2018/10/11/10-10-rebates-for-better-access-mental-health-services-into-rural-australia,20200920002819,10/10 rebates for Better Access Mental Health Services,1323,en,unknown,informational,True
advancedbusinesssolutions.com,https://www.advancedbusinesssolutions.com/blog/curated-content/fake-patient-data-could-have-been-uploaded-through-sap-medical-app/,20150523004107,Fake Patient Data Could Have Been Uploaded Through SAP Medical App | IT Management Service | Advanced Business Solutions,367,en,unknown,news_pr,False
advancedbusinesssolutions.com,https://www.advancedbusinesssolutions.com/blog/security/end-of-life-for-windows-server-2003-set-for-july-14-2015/,20150524055801,"End Of Life For Windows Server 2003 Set For July 14, 2015 | IT Management Service | Advanced Business Solutions",196,en,unknown,n/a,False
advancedbusinesssolutions.com,http://www.advancedbusinesssolutions.com/blog/all-things-louisville/sunglasses-made-from-salvaged-louisville-sluggers/,20140717063213,Sunglasses Made From Salvaged Louisville Sluggers | IT Management Service | Advanced Business Solutions,216,en,unknown,n/a,False
advancedbusinesssolutions.com,https://www.advancedbusinesssolutions.com/blog/curated-content/read-the-fccs-net-neutrality-rules-here/,20150521095539,Read The FCC's Net Neutrality Rules Here | IT Management Service | Advanced Business Solutions,244,en,unknown,n/a,False
advancedbusinesssolutions.com,https://www.advancedbusinesssolutions.com/blog/curated-content/13-terrifying-tech-stories-to-freak-you-out-on-halloween/,20151029044149,13 Terrifying Tech Stories to Freak You Out on Halloween | Louisville IT Management Service | Advanced Business Solutions,1367,en,unknown,informational,True
opiniion.com,https://www.opiniion.com/blog/online-reputation/,20220126132056,Why is Online Reputation So Important? - Opiniion,537,en,pos,informational,True
opiniion.com,https://opiniion.com/blog/triarc-real-estate/,20220630232527,Opiniion Partners with TriArc Real Estate Partners - Opiniion,286,en,unknown,n/a,False
opiniion.com,https://opiniion.com/blog/opiniion-partners-with-apartments-com/,20221128090906,Opiniion Announces New Partnership - Opiniion,376,en,neg,news_pr_h,False
opiniion.com,https://opiniion.com/blog/opiniion-partners-with-mri/,20221128072850,Opiniion Partners with MRI Software - Opiniion,346,en,unknown,news_pr,False
opiniion.com,https://opiniion.com/blog/pet-friendly-apartment-2/,20220630222313,The Benefits of Being a Pet-Friendly Apartment - Opiniion,635,en,unknown,informational,True
insightpestnorthwest.com,https://insightpestnorthwest.com/blog/hendricks-park/,20220702151419,Hendricks Park - Insight Pest Solutions,486,en,unknown,informational,False
insightpestnorthwest.com,https://insightpestnorthwest.com/blog/how-to-get-rid-of-ants/,20190918062708,How to Get Rid of Ants,707,en,pos,informational,True
insightpestnorthwest.com,https://insightpestnorthwest.com/blog/chelatchie-prairie-railroad/,20220702150513,Chelatchie Prairie Railroad - Insight Pest Solutions,501,en,unknown,informational,True
insightpestnorthwest.com,https://insightpestnorthwest.com/blog/how-to-get-rid-of-fire-ants/,20201203101157,How to Get Rid of Fire Ants,275,en,pos,n/a,False
insightpestnorthwest.com,https://insightpestnorthwest.com/blog/a-day-in-the-life-of-a-route-manager-stephen-rollins/,20201129200033,A Day in the Life of A Route Manager - Stephen Rollins,320,en,unknown,culture_hiring,False
goldengatebpo.com,http://goldengatebpo.com:80/blog/commentary-recent-events-philippines/,20171112213718,Our Commentary on the Recent Events in the Philippines | Golden Gate BPO,584,en,neg,news_pr_h,False
goldengatebpo.com,http://goldengatebpo.com:80/blog/guidelines-are-the-new-policy/,20170426222940,Guidelines are The New Policy - Golden Gate BPO,594,en,pos,opinion_essay,False
goldengatebpo.com,http://goldengatebpo.com:80/blog/lets-face-many-ways-us-onshore-delivery-makes-sense/,20170422033434,"Let’s Face It, In So Many Ways US Onshore Delivery Makes Sense - Golden Gate BPO",469,en,unknown,opinion_essay,False
goldengatebpo.com,http://goldengatebpo.com:80/blog/things-think-attending-dreamforce/,20150111140048,Things to Think About if You Are Attending Dreamforce - Golden Gate BPO,535,en,unknown,informational,True
goldengatebpo.com,http://goldengatebpo.com:80/blog/do-you-want-the-lowest-price-possible/,20150824173040,Should You Want the Lowest Price Possible? - Golden Gate BPO,431,en,unknown,opinion_essay,False
is-grp.com,https://blog.is-grp.com/2017/03/21/virtual-desktop/,20190718010255,First in class – virtual desktop (VDI) technology and integration ISG,685,en,unknown,informational,True
is-grp.com,http://blog.is-grp.com:80/2017/09/08/employee-spotlight-emily-fitzsimmons/,20170922082835,Weekly Employee-Owner Spotlight: Emily FitzSimmons | ISG,730,en,unknown,culture_hiring,False
is-grp.com,http://blog.is-grp.com:80/2017/08/11/employee-spotlight-sam-dengerud/,20170820222809,Weekly Employee-Owner Spotlight: Sam Dengerud | ISG,1065,en,unknown,culture_hiring,False
is-grp.com,http://blog.is-grp.com:80/2017/07/25/event-venue-design/,20170929114403,Event Venue Design: Setting the Stage for Maximum ROI,958,en,neg,news_pr_h,False
is-grp.com,https://blog.is-grp.com/2019/04/26/meet-administrative-assistant-meredith-luksetich/,20190721210758,Meet Administrative Assistant Meredith Luksetich - Expertise + Ingenuity,577,en,unknown,culture_hiring,False
avocor.com,https://www.avocor.com/blog/business-collaboration-15-ideas-to-grow-scale-quickly/,20190919152747,Business Collaboration: 15 Ideas to Grow & Scale Quickly | Avocor,1734,en,unknown,informational,True
avocor.com,https://www.avocor.com/blog/collaborative-office-space-ideas/,20200813021854,How to Create Your Inspirational Collaborative Office Space | Avocor,805,en,pos,informational,True
avocor.com,https://www.avocor.com/blog/avocor-blog-creating-the-perfect-huddle-room-step-by-step-guide/,20190919002558,Creating the Perfect Huddle Room (Step-By-Step Guide) | Avocor,1851,en,pos,informational,True
avocor.com,https://www.avocor.com/blog/understanding-the-real-agile-way-of-working/,20200924235322,Understanding the 'real' agile way of working - Avocor | different by design.,478,en,unknown,informational,False
avocor.com,https://www.avocor.com/blog/the-importance-of-interactivity-in-the-meeting-space/,20200930151515,The importance of interactivity in the meeting space - Avocor | different by design.,542,en,unknown,informational,True
habitlabs.com,http://blog.habitlabs.com/post/13149469996/help-from-radiolab,20111125044911,Habit Labs,73,en,unknown,n/a,False
habitlabs.com,http://blog.habitlabs.com:80/post/10214596070/a-photo-tour-of-habit-labs-hq,20110926012351,Habit Labs,343,en,unknown,culture_hiring,False
habitlabs.com,http://blog.habitlabs.com:80/post/15299099174/amelia-featured-on-the-quantified-self-blog,20120109051953,Amelia featured on the Quantified Self blog,164,en,unknown,n/a,False
habitlabs.com,http://blog.habitlabs.com:80/post/7552576910/the-hard-must-become-habit-the-habit-must,20110918092635,Habit Labs,19,en,unknown,n/a,False
habitlabs.com,http://blog.habitlabs.com:80/post/11335859119/tonight-habit-labs-at-seattle-beta,20111019115958,Habit Labs,95,en,unknown,n/a,False
junipersquare.com,https://www.junipersquare.com/blog/what-the-changing-definition-of-accredited-investor-means-for-commercial-real-estate,20220630135404,What the changing definition of “accredited investor” means for commercial real estate,1239,en,pos,informational,True
junipersquare.com,https://www.junipersquare.com/blog/2021-cre-operational-excellence-survey,20220630124531,Research results: How the fastest-growing CRE investment firms run their businesses,584,en,unknown,informational,True
junipersquare.com,https://www.junipersquare.com/blog/keith-wasserman-gets-results,20220630134013,Bakersfield to billions: Gelt Inc.’s Keith Wasserman gets results,2197,en,unknown,informational,True
junipersquare.com,https://www.junipersquare.com/blog/so-you-want-to-raise-capital-from-institutions,20220630123844,So you want to raise capital from institutions…,1076,en,unknown,informational,True
junipersquare.com,https://www.junipersquare.com/blog/meet-the-juniper-square-administration-team,20220630125255,Meet the Juniper Square administration team,2117,en,unknown,culture_hiring,False
weberfps.com,https://www.weberfps.com/blog/dermal-fillers-vs-plastic-surgery/,20221002002535,Dermal Fillers vs. Plastic Surgery - Weber Facial Plastic Surgery,691,en,pos,informational,True
weberfps.com,https://www.weberfps.com/blog/what-you-should-know-before-receiving-dermal-fillers/,20211130082822,What You Should Know Before Receiving Dermal Fillers - Weber Facial Plastic Surgery | Blog,542,en,unknown,informational,True
weberfps.com,https://www.weberfps.com/blog/injectable-days-back-popular-demand-june-8-13-17/,20190822011310,Injectable Days! Back by Popular Demand,107,en,unknown,n/a,False
weberfps.com,https://www.weberfps.com/blog/inc-magazine-unveils-its-annual-list-of-americas-fastest-growing-private-companies-the-inc-5000/,20201030222043,Inc. Magazine Unveils Its Annual List of America’s Fastest-Growing Private Companies—the Inc. 5000 - Weber Facial Plastic Surgery | Blog,649,en,unknown,news_pr,False
weberfps.com,https://www.weberfps.com/blog/liquid-rhinoplasty-vs-rhinoplasty/,20211130092438,Liquid Rhinoplasty Vs. Rhinoplasty - Weber Facial Plastic Surgery | Blog,596,en,pos,informational,True
alluremedical.com,https://www.alluremedical.com/blog/weightloss/is-wegovy-weight-loss-drug-really-better-than-the-generic-brands/,20220525221802,Is Wegovy Weight Loss Drug Really Better than the Generic Brands?,791,en,unknown,informational,True
alluremedical.com,https://www.alluremedical.com/blog/healthy-living/5-week-ab-transformation-with-emsculpt/,20191215041502,5 Week Ab Transformation with Emsculpt,52,en,unknown,n/a,False
alluremedical.com,https://www.alluremedical.com/blog/healthy-living/the-8020-rule/,20200806110059,The 80/20 Rule,479,en,unknown,informational,False
alluremedical.com,https://www.alluremedical.com/blog/sleep-apnea/my-nightlase/,20220819011015,My NightLase®,842,en,unknown,informational,True
alluremedical.com,https://www.alluremedical.com/blog/healthy-living/safety-protocols/,20200926052518,Allure Medical's New Patient Safety Protocols,404,en,unknown,news_pr,False
buypeakperformance.com,https://buypeakperformance.com/blogs/blog/why-ill-never-drink-diet-soda,20200924140012,Why I'll NEVER Drink Diet Soda,676,en,pos,opinion_essay,False
buypeakperformance.com,https://buypeakperformance.com/blogs/blog/how-to-improve-your-cell-and-mitochondrial-health-while-reversing-degenerative-disease,20200927062214,How To Improve Your Cell and Mitochondrial Health While Reversing Degenerative Disease,615,en,pos,informational,True
buypeakperformance.com,https://buypeakperformance.com/blogs/blog/anti-aging-natural-arthritis-and-joint-remedies-biomarker-testing-peptides-strength-training-and-feeling-better-at-50-than-you-did-at-30-with-regenerative-anti-aging-expert-dr-elizabeth-yurth-backup,20220703104625,"The INNER Game Of Health. Mindset, Vision, Language, Identity, Beliefs, and More. From Surviving to Thriving with Award-Winning Master Trainer Marcus ",437,en,neg,news_pr_h,False
buypeakperformance.com,https://buypeakperformance.com/blogs/blog/epi-60-dr-cheyenne-bryant-on-how-to-transform-your-thoughts-and-reprogram-your-mind-to-get-the-life-you-want,20221005081745,EPI 60: Dr. Cheyenne Bryant On How To Transform Your Thoughts And Reprogram Your Mind To Get The Life You Want,346,en,pos,informational,False
buypeakperformance.com,https://buypeakperformance.com/blogs/blog/6-mistakes-that-may-be-sabotaging-your-sleep,20210501155143,6 Mistakes That May Be Sabotaging Your Sleep,1530,en,unknown,informational,True
vectorsinc.com,https://www.vectorsinc.com/blogs/made-to-measure-newsflash/introducing-the-new-trimble-tsc5-data-collector,20210414192140,Introducing the NEW Trimble TSC5 Data Collector,265,en,neg,n/a,False
vectorsinc.com,https://www.vectorsinc.com/blogs/made-to-measure-newsflash/may-geospatial-newsletter,20220629072408,May Geospatial Newsletter,560,en,unknown,product_announcement,False
vectorsinc.com,https://www.vectorsinc.com/blogs/made-to-measure-newsflash/january-2021-geospatial-newsletter,20210305045507,JANUARY 2021 GEOSPATIAL NEWSLETTER,479,en,unknown,news_pr,False
vectorsinc.com,https://www.vectorsinc.com/blogs/made-to-measure-newsflash/december-2020-geospatial-newsletter,20210125042924,December 2020 Geospatial Newsletter,686,en,unknown,news_pr,False
vectorsinc.com,https://www.vectorsinc.com/blogs/made-to-measure-newsflash/october-geospatial-newsletter,20220528040937,OCTOBER GEOSPATIAL NEWSLETTER,483,en,unknown,product_announcement,False
totalexpert.com,https://totalexpert.com/blog/top-3-takeaways-accelerate-2022/,20220629142008,Top 3 Takeaways from Accelerate 2022 | Total Expert,682,en,pos,news_pr,False
totalexpert.com,https://totalexpert.com/blog/watch-customer-intelligence-drives-deal-flow/,20221127120224,Watch: Total Expert Demonstrates How Customer Intelligence Drives Deal Flow at the 2022 Digital Mortgage Conference | Total Expert,299,en,neg,n/a,False
totalexpert.com,https://totalexpert.com/blog/how-to-spot-the-right-tech-partner-for-banking-innovation/,20220703225909,How to Spot the Right Tech Partner for Banking Innovation | Total Expert,235,en,pos,n/a,False
totalexpert.com,https://totalexpert.com/blog/modern-banking-anticipate-educate-advise-to-cultivate-customers-for-life/,20211207033849,"Modern Banking: Anticipate, Educate & Advise to Cultivate Customers for Life | Total Expert",794,en,unknown,informational,True
totalexpert.com,https://totalexpert.com/blog/how-to-unlock-your-financial-brands-greatest-marketing-asset/,20220524223434,How to Unlock Your Financial Brand’s Greatest Marketing Asset | Total Expert,1523,en,pos,informational,True
discuss.io,http://www.discuss.io/blog/market-analysis-benefits-company-6/,20141026095610,Market Research | Interceptor - Discuss.IO,489,en,unknown,product_announcement,False
discuss.io,http://www.discuss.io/blog/market-analysis-benefits-company-3/,20150529015545,Online Survey | Surveys vs Focus Group - Discuss.IO,437,en,pos,informational,False
discuss.io,https://www.discuss.io/blog/voice-of-the-consumer/silos-gone-democratizing-voice-consumer/,20171222105528,Silos be gone! Democratizing the Voice of the Consumer,173,en,unknown,n/a,False
discuss.io,http://www.discuss.io:80/blog/benefits-of-webcams-for-hispanic-focus-groups/,20140912102440,Rich Benefits of Webcams for Hispanic Focus Groups,349,en,unknown,informational,False
discuss.io,https://www.discuss.io/blog/press/next-step-announcing-series-a-round/,20170704105326,The Next Step: Announcing Our Series A Round,316,en,neg,news_pr_h,False
envistaforensics.com,https://www.envistaforensics.com/blog/top-4-common-summer-claims/,20190818181445,Top 4 Common Summer Claims,1136,en,pos,informational,True
envistaforensics.com,https://www.envistaforensics.com/blog/why-daubert-and-frye-standards-matter-to-expert-witnesses/,20190719163029,Why do Daubert and Frye Standards Why do Daubert and Frye Standards Matter to Expert Witnesses?,413,en,pos,informational,False
envistaforensics.com,https://www.envistaforensics.com/blog/are-there-really-flaws-in-cell-phone-location-evidence/,20191014214124,Are There Really Flaws in Cell Phone Location Evidence?,1368,en,unknown,informational,True
envistaforensics.com,https://www.envistaforensics.com/blog/the-role-of-cell-phone-location-forensics-in-criminal-cases/,20210125181003,The Role of Cell Phone Location Forensics in Criminal Cases,1102,en,unknown,informational,True
envistaforensics.com,https://www.envistaforensics.com/blog/a-marine-engineer-s-role-during-subrogation/,20210903173009,A Marine Engineer’s Role During Subrogation,858,en,unknown,informational,True
vuram.com,https://www.vuram.com/blog/eight-reasons-why-your-enterprise-needs-low-code-solution/,20210629054328,Eight reasons why your enterprise needs low code,1037,en,pos,informational,True
vuram.com,https://www.vuram.com/blog/get-the-robotic-process-automation-in-manufacturing-industry/,20210917073633,Robotic Process Automation in Manufacturing Industry,1336,en,unknown,informational,True
vuram.com,https://www.vuram.com/blog/returning-to-the-workplace-post-covid-19-how-to-get-back-to-work-safely/,20200806123933,Returning to the workplace post-COVID-19: How to get back to work safely? | Vuram,1678,en,pos,informational,True
theohmstore.co,https://www.theohmstore.co/blogs/our-stories/why-and-how-to-use-singing-bowls-for-sleep-easiest-action-plan,20220528222207,Why And How To Use Singing Bowls For Sleep? (Easiest Action Plan),1459,en,pos,informational,True
theohmstore.co,https://www.theohmstore.co/blogs/our-stories/therapeutic-grade-essential-oil-the-story-of-ohm-oil,20220528232618,Therapeutic Grade Essential Oil: The Story Of Ohm Oil,1334,en,unknown,product_announcement,False
theohmstore.co,https://www.theohmstore.co/blogs/our-stories/how-to-use-your-little-ohmie-bowl-with-your-little-ohmie,20220119015040,How To Use Your Little Ohmie Bowl With Your Little Ohmie,987,en,pos,informational,True
theohmstore.co,https://www.theohmstore.co/blogs/our-stories/healing-sounds-part-2-top-5-surprising-ways-sound-impacts-us,20220528230547,Part 2 Healing Sounds: Top 5 Surprising Ways Sound Impacts Us,1495,en,pos,informational,True
theohmstore.co,https://www.theohmstore.co/blogs/our-stories/using-mantras-with-singing-bowls-science-history-and-10-mantras-to-use,20220625115735,"Using Mantras With Singing Bowls. Science, History and 10 Mantras To Use",1630,en,unknown,informational,True
itauthorities.com,https://www.itauthorities.com/blog/how-to-switch-it-providers-a-proven-3-stage-process/,20220126192725,How to switch IT providers: A proven 3-stage process,1906,en,pos,informational,True
itauthorities.com,https://www.itauthorities.com/blog/news/ita-microsoft-server-2012-end-of-support/,20221024154333,ITA Insights: Microsoft Server 2012 and 2012 (R2),265,en,unknown,n/a,False
superb-ai.com,https://www.superb-ai.com/blog/introducing-custom-auto-label-for-long-tail-computer-vision,20211026202219,Introducing Custom Auto-Label for Long-Tail Computer Vision,1392,en,neg,news_pr_h,False
superb-ai.com,https://www.superb-ai.com/blog/best-practices-for-video-annotation-for-computer-vision-datasets,20221027211422,Best Practices for Video Annotation for Computer Vision Datasets,2184,en,pos,informational,True
superb-ai.com,https://www.superb-ai.com/blog/is-dataprepops-the-missing-piece-of-the-ml-lifecycle-puzzle,20211027181705,Is DataPrepOps The Missing Piece of the ML Lifecycle Puzzle?,1962,en,unknown,informational,True
superb-ai.com,https://www.superb-ai.com/blog/data-labeling-meets-data-monitoring-with-superb-ai-and-whylabs,20211202075758,Data Labeling Meets Data Monitoring with Superb AI and WhyLabs,673,en,unknown,news_pr,False
truelinkfinancial.com,https://www.truelinkfinancial.com/blog/tough-stuff-take-difficult-discussions-aging-parents/,20191020192519,Tough stuff: Cognitive impairment and difficult conversations with an aging parent. | True Link,609,en,unknown,informational,True
truelinkfinancial.com,https://www.truelinkfinancial.com/blog/giving-gift-independence-elderly-loved-one/,20191122180513,Give the gift of independence to your elderly loved one. | True Link,493,en,unknown,informational,False
truelinkfinancial.com,https://www.truelinkfinancial.com/blog/social-security-beneficiaries-receive-highest-cost-of-living-increase-in-decades,20220128180529,Social Security Beneficiaries Receive Highest Cost-of-Living Increase In Decades,409,en,unknown,informational,False
truelinkfinancial.com,https://www.truelinkfinancial.com/blog/what-are-special-needs-trusts-for-pros-and-cons-of-snts,20220528224509,What are Special Needs Trusts for? Pros and Cons of SNTs,975,en,pos,informational,True
truelinkfinancial.com,https://www.truelinkfinancial.com/blog/mom-dad-need-know-grandparent-scam-prevent/,20191020200031,"How to prevent the ""grandparent scam"" | Protect the seniors in your life. | True Link",573,en,neg,news_pr_h,False
guardianlit.com,https://www.guardianlit.com/blog/categories/budgeting-tips/,20220815043700,Posts in Budgeting Tips,43,en,unknown,n/a,False
guardianlit.com,https://www.guardianlit.com/blog/2020/december/consumers-get-additional-debt-collection-protect/,20220815031118,Consumers Get Additional Debt Collection Protections From CFPB,567,en,unknown,informational,True
guardianlit.com,https://www.guardianlit.com/blog/categories/wage-and-hour/,20220815042743,Posts in Wage and Hour,127,en,unknown,n/a,False
guardianlit.com,https://www.guardianlit.com/blog/2020/february/5-bankruptcy-questions-to-ask-your-local-attorne/,20220815043535,5 Bankruptcy Questions To Ask Your Local Attorney Before Hiring Them,1416,en,neg,news_pr_h,False
guardianlit.com,https://www.guardianlit.com/blog/2022/july/what-damages-can-i-recover-if-there-is-false-inf/,20220815035610,What Damages Can I Recover if There is False Information on My Credit Report?,663,en,unknown,informational,True
peoplesuite.com,https://www.peoplesuite.com/blog/5-benefits-of-diversity-in-the-workplace,20210128150738,5 Benefits of Diversity in the Workplace,1601,en,unknown,informational,True
peoplesuite.com,https://www.peoplesuite.com/blog/best-hiring-practices-for-a-stronger-team,20210728205108,Best Hiring Practices for a Stronger Team,1156,en,neg,news_pr_h,False
peoplesuite.com,https://www.peoplesuite.com/blog/4-tips-to-optimize-the-business-matchmaking-process,20210120161347,4 Tips to Optimize the Business Matchmaking Process,1019,en,pos,informational,True
peoplesuite.com,https://www.peoplesuite.com/blog/do-you-need-a-diversity-recruitment-strategy,20210620211615,Do You Need a Diversity Recruitment Strategy?,1754,en,unknown,informational,True
lettucegrow.com,https://www.lettucegrow.com/resources/dont-toss-that-out/,20211026043150,Lettuce Grow Blog - Don't Toss That Out!,209,en,unknown,n/a,False
lettucegrow.com,https://www.lettucegrow.com/resources/quarterly-resets/,20220527063606,Lettuce Grow Blog - Quarterly Resets,569,en,neg,news_pr_h,False
lettucegrow.com,https://www.lettucegrow.com/resources/giving-tuesday/,20211026044155,Lettuce Grow Blog - Giving Tuesday,364,en,unknown,news_pr,False
lettucegrow.com,https://www.lettucegrow.com/resources/the-lettuce-grow-guide-to-indoor-growing,20210528121212,The future of food is grow-it-yourself.,23,en,pos,n/a,False
insellerate.com,https://insellerate.com/blog/radically-transforming-borrower-engagement-madison-mortgage-services-inc-epoch-lending/,20201024180617,Radically Transforming Borrower Engagement – Madison Mortgage Services Inc. & Epoch Lending,390,en,unknown,case_study,False
insellerate.com,https://insellerate.com/blog/leverage-digital-to-enhance-the-borrower-experience-in-todays-virtual-world/,20210224194722,Leverage Digital to Enhance the Borrower Experience in Today’s Virtual World – Insellerate,278,en,unknown,n/a,False
insellerate.com,https://insellerate.com/blog/insellerate-launches-data-ie-industry-briefs-dec-3-2020-mbanewslink/,20210126142927,"Insellerate Launches DATA IE – Industry Briefs Dec. 3, 2020 – MBANewslink",233,en,neg,n/a,False
insellerate.com,https://insellerate.com/blog/successful-mortgage-lending-starts-with-superior-customer-service/,20210613173828,Successful mortgage lending starts with superior customer service – Insellerate,925,en,unknown,informational,True
insellerate.com,https://insellerate.com/blog/live-market-updates-with-rob-chrisman-and-josh-friend/,20200808153818,Live Market Updates with Rob Chrisman and Josh Friend – Insellerate,340,en,unknown,informational,False
kapitaldata.com,https://www.kapitaldata.com/blog/when-we-failed-to-deliver-on-time,20220925072745,"When We Failed To Deliver, On-Time",950,en,unknown,case_study,False
kapitaldata.com,https://www.kapitaldata.com/blog/2016/07/25/why-so-optimistic,20191122015733,Why So Optimistic?,944,en,pos,opinion_essay,False
kapitaldata.com,https://www.kapitaldata.com/blog/2019/01/06/our-ideal-employee,20190718031632,Our Ideal Employee,264,en,unknown,n/a,False
kapitaldata.com,https://www.kapitaldata.com/blog2/5-facts-you-need-to-know-to-find-quality-candidates-in-2022,20220630071538,5 Facts You Need To Know To Find Quality Candidates In 2022,624,en,unknown,informational,True
kapitaldata.com,https://www.kapitaldata.com/blog/2016/07/09/ticket-to-freedom,20191122031354,Ticket to Freedom,1303,en,unknown,informational,True
languagenetworkusa.com,https://www.languagenetworkusa.com/blog/the-role-of-classroom-interpreters-and-how-to-select-the-right-one,20190826030922,"The Role of Classroom Interpreters, and How to Select the Right One",988,en,pos,informational,True
languagenetworkusa.com,https://www.languagenetworkusa.com/blog/the-history-of-language-in-washington-state,20191122083115,The History of Language in Washington State,2478,en,unknown,informational,True
languagenetworkusa.com,https://www.languagenetworkusa.com/blog/meet-our-team-devon-reed,20190918053911,Meet our Team: Devon Reed,244,en,unknown,n/a,False
languagenetworkusa.com,https://www.languagenetworkusa.com/blog/how-to-develop-a-language-access-program,20190826025812,How to Develop a Language Access Program,581,en,pos,informational,True
languagenetworkusa.com,https://www.languagenetworkusa.com/blog/meet-our-team-thais-beccaro,20210615171942,Meet Our Team: Thais Beccaro,140,en,unknown,n/a,False
grover.com,https://www.grover.com/blog/us-en/dji-mini-2-drones-beginners-guide,20220813213844,Grover | A beginner’s guide to flying your first drone,561,en,pos,informational,True
grover.com,https://www.grover.com/blog/de-en/xiaomi-11t-cameraphone,20220927234221,Grover Blog | Welcome to the cameraphone space age: the Xiaomi 11T is here,530,en,neg,news_pr_h,False
grover.com,https://www.grover.com/blog/at-de/dji-mini-2-drones-beginners-guide,20220813211523,Grover | DJI Mini 2 Fly More Combo: Hoch hinaus mit der beliebten Drohne,560,de,pos,n/a,False
grover.com,https://www.grover.com/blog/es-en/oculus-quest-2-metaverse,20220929215825,Grover | Oculus Quest 2,751,en,unknown,informational,True
backtotheroots.com,http://backtotheroots.com:80/blog/61-yucca-flower-mushroom-and-feta-frittata,20110722133522,"Yucca Flower, Mushroom, and Feta Frittata",325,en,unknown,informational,False
backtotheroots.com,http://backtotheroots.com:80/blog/56-ground-beef-stroganoff,20120120113658,Ground Beef Stroganoff,301,en,unknown,informational,False
backtotheroots.com,https://backtotheroots.com/blogs/bttr/a-complete-list-of-all-countries-that-have-banned-glyphosate,20170704115039,A Complete List Of All Countries That Have Banned Glyphosate,441,en,pos,informational,False
backtotheroots.com,http://www.backtotheroots.com:80/blog/109-help-bring-this-to-life-kickstart-the-aquaponics-garden-kit,20121120000435,Help Bring This To Life: Kickstart the Aquaponics Garden Kit,127,en,unknown,n/a,False
brookstonerestoration.com,https://brookstonerestoration.com/blog/serve-letter-march-2022/,20221003165415,SERVE Letter March 2022,448,en,unknown,news_pr,False
brookstonerestoration.com,https://brookstonerestoration.com/blog/serve-letter-april-2021/,20210418153210,SERVE Letter April 2021,604,en,unknown,news_pr,False
brookstonerestoration.com,https://brookstonerestoration.com/blog/february-2020-newsletter/,20200811212359,"February, 2020 Newsletter",57,en,unknown,n/a,False
brookstonerestoration.com,https://brookstonerestoration.com/blog/the-right-way-to-disinfect/,20200811223031,Keep Your Home Safe: The Right Way to Disinfect,500,en,unknown,informational,True
brookstonerestoration.com,https://brookstonerestoration.com/blog/what-to-do-when-a-flood-occurs/,20210418144047,What To Do When a Flood Occurs,366,en,unknown,informational,False
finpay.com,https://blog.finpay.com/2019/03/01/do-hospitals-care-about-you-not-today,20220625004628,Do Hospitals Care About You? Not Today,423,en,unknown,opinion_essay,False
finpay.com,https://blog.finpay.com/2019/03/15/how-forward-thinking-health-systems-are-embracing-new-technology,20220625023156,How Forward-Thinking Health Systems Are Embracing New Technology,454,en,unknown,informational,False
finpay.com,https://blog.finpay.com/2016/04/21/finpay-selected-as-one-of-americas-top-startups,20221004060450,FinPay Selected as one of AMERICA’S TOP STARTUPS.,346,en,unknown,news_pr,False
finpay.com,http://blog.finpay.com/theres-a-better-way-to-handle-your-patient-pay-solutions,20220413173146,There's A Better Way To Handle Your Patient Pay Solutions,639,en,unknown,informational,True
sstid.com,https://www.sstid.com/blog/heads-up-display/,20210724182142,Heads-Up Display for Mobile Workers: Zebra’s Breakthrough HD4000,594,en,unknown,product_announcement,False
sstid.com,https://www.sstid.com/blog/mobile-devices-for-healthcare/,20190723002854,Selecting the Right Mobile Devices for Healthcare | Healthcare Mobile Devices,881,en,unknown,informational,True
sstid.com,https://www.sstid.com/blog/soti-one-updates/,20190818112035,Exciting Enhancements Made SOTI ONE Platform,264,en,unknown,n/a,False
sstid.com,http://www.sstid.com:80/blog/rfid-needs-professional-services/,20161115140433,RFID Needs Professional Services,1656,en,unknown,informational,True
sstid.com,http://www.sstid.com:80/blog/3-new-developments-that-will-disrupt-rfid-as-you-know-it/,20160730025439,3 new developments that will disrupt rfid as you know it,947,en,unknown,informational,True
modloft.com,https://modloft.com/blog/modern-dining-tables,20220128223254,Modern Dining Table Buying Guide,1439,en,pos,informational,True
modloft.com,https://modloft.com/blog/platform-bed-vs-box-spring,20220128232553,Platform Beds vs. Box Springs: Which is Better?,1448,en,pos,informational,True
modloft.com,https://modloft.com/blog/modern-sofas,20220128221103,Modern Sofas: Complete Buyers Guide,1435,en,pos,informational,True
modloft.com,https://modloft.com/blog/wood-interior-design,20220128224810,Wood Interior Design: The Complete Guide,1528,en,pos,informational,True
modloft.com,https://modloft.com/blog/contemporary-living-room-furniture,20220128225950,5 Popular Contemporary Living Room Furniture,1477,en,unknown,informational,True
finary.com,https://finary.com/blog/les-nouveautes-de-janvier/,20220524180143,Les nouveautés Finary de janvier,242,fr,unknown,n/a,False
finary.com,https://finary.com/blog/notre-levee-est-live/,20220524192911,Notre levée est lancée !,241,fr,unknown,n/a,False
finary.com,https://finary.com/blog/finary-obtient-le-status-psan-de-lamf/,20221026083249,Finary obtient le status PSAN de l’AMF,311,fr,unknown,n/a,False
finary.com,https://finary.com/blog/les-nouveautes-de-mai-2022/,20220701100428,Les nouveautés de Mai,368,fr,unknown,n/a,False
finary.com,https://finary.com/blog/le-secret-de-la-banque-privee/,20211130123547,Les secrets de la banque privée,1026,fr,unknown,n/a,False
doublewoodsupplements.com,https://doublewoodsupplements.com/blogs/articles/collagen-supplements-hype-or-holy-grail,20220518055755,"Explore What’s New In The World Of Supplements, Health, And Lifestyle.",774,en,unknown,informational,True
doublewoodsupplements.com,https://doublewoodsupplements.com/blogs/articles/stop-the-clock-how-to-slow-down-the-aging-process,20220518070637,"Explore What’s New In The World Of Supplements, Health, And Lifestyle.",1796,en,pos,informational,True
doublewoodsupplements.com,https://doublewoodsupplements.com/blogs/articles/how-to-keep-your-liver-functioning-at-peak-capacity,20220518062017,"Explore What’s New In The World Of Supplements, Health, And Lifestyle.",1859,en,pos,informational,True
doublewoodsupplements.com,https://doublewoodsupplements.com/blogs/articles/4-essentials-for-your-immune-boosting-arsenal,20220518063409,"Explore What’s New In The World Of Supplements, Health, And Lifestyle.",574,en,unknown,informational,True
doublewoodsupplements.com,https://doublewoodsupplements.com/blogs/articles/live-long-prosper-with-nmn,20221011144510,Live Long & Prosper with NMN,420,en,unknown,informational,False
sightplan.com,https://www.sightplan.com/blog/winter-storm-damage-preparedness-checklist,20210417232715,Winter Storm Damage & Preparedness Checklist,685,en,pos,informational,True
sightplan.com,https://www.sightplan.com/blog/trammell-crow-residential-sightplan-resident-engagement-platform,20190821014347,Trammell Crow Residential Gains Unique Customer Insights with SightPlan Resident Engagement Platform,503,en,unknown,news_pr,False
sightplan.com,https://www.sightplan.com/blog/sightplan-and-resman-announce-expanded-partnership,20201117195255,SightPlan and ResMan Announce Expanded Partnership,527,en,neg,news_pr_h,False
sightplan.com,https://www.sightplan.com/blog/us-residential-resident-engagement-app-sightplan,20190821014534,US Residential Bolstering Resident Engagement with SightPlan,226,en,unknown,n/a,False
sightplan.com,https://www.sightplan.com/blog/sightplan-custom-resident-app-portal,20190721181230,SightPlan Introduces One-Click Customizations for Resident App & Portal,224,en,unknown,n/a,False
credpal.com,https://blog.credpal.com/home-minimal/,20220629225052,Home Minimal - CredPal,45,other,unknown,n/a,False
credpal.com,https://blog.credpal.com/what-is-a-credit-card/,20220629225953,What is a credit card? - CredPal,777,en,pos,informational,True
credpal.com,https://blog.credpal.com/home-category-carousel/,20220629215953,Home Category Carousel - CredPal,46,other,unknown,n/a,False
credpal.com,https://blog.credpal.com/emergency-loan/,20220629212956,Need An Emergency Loan? Get A CredPal Credit Card - CredPal,666,en,unknown,informational,True
credpal.com,https://blog.credpal.com/features/alert-messages/,20220629213733,Alert Messages - CredPal,27,en,unknown,n/a,False
windowworld-btr.com,https://www.windowworld-btr.com/blog/3-tips-for-hurricane-preparation/,20200809050639,3 Tips for Hurricane Preparation | Window World Baton Rouge,590,en,pos,informational,True
windowworld-btr.com,https://www.windowworld-btr.com/blog/why-do-my-windows-have-so-much-condensation/,20221006210941,Why Do My Windows Have So Much Condensation? - Window World of Baton Rouge,636,en,pos,informational,True
windowworld-btr.com,https://www.windowworld-btr.com/blog/increase-bathroom-window-privacy/,20220129043756,How to Increase Your Bathroom Window Privacy - Window World of Baton Rouge,487,en,pos,informational,False
windowworld-btr.com,https://www.windowworld-btr.com/blog/window-installation-a-job-suited-for-a-professional/,20200809052135,Window Installation: A Job Suited For A Professional | Window World,435,en,unknown,informational,False
windowworld-btr.com,https://www.windowworld-btr.com/blog/hurricane-preparedness-ways-to-protect-home/,20210613204713,Hurricane Preparedness: 7 Tips to Protect Your Home | Window World of Baton Rouge,786,en,pos,informational,True
eatcaulipower.com,http://eatcaulipower.com/blog/honor-my-father-thank-you-families-who-serve,20190825103110,"In Honor Of My Father, Thank You To The Families Who Serve",337,en,unknown,opinion_essay,False
eatcaulipower.com,http://eatcaulipower.com:80/blog/5-things-you-didnt-know-about-frozen-food,20180706045629,5 Things You Didn't Know About Frozen Food | Caulipower,699,en,pos,informational,True
eatcaulipower.com,http://eatcaulipower.com:80/blog/healthy-tiki-party-ideas,20180612195011,Healthy Tiki Party Ideas | Caulipower,504,en,unknown,informational,True
eatcaulipower.com,http://eatcaulipower.com:80/blog/5-un-fall-gettable-meal-hacks-you-need-your-life,20191228071439,5 UN-FALL-GETTABLE MEAL HACKS YOU NEED IN YOUR LIFE,333,en,unknown,informational,False
eatcaulipower.com,http://eatcaulipower.com:80/blog/bake-what-your-mama-gave-ya,20180612194940,Bake What Your Mama Gave Ya | Caulipower,625,en,unknown,informational,True
outdoorlights.com,https://www.outdoorlights.com/blog/archives/2015/07/13/residential-lighting-design-ideas/,20170306120736,Outdoor Lighting Perspectives,345,en,unknown,informational,False
heru.app,https://www.heru.app/blog/saldo-a-favor-declaracion-anual,20220517071118,Saldo a favor en declaración anual ¿de qué depende?,448,es,unknown,n/a,False
heru.app,https://www.heru.app/blog/es-posible-tener-dos-regimenes-fiscales,20221107182719,Es posible tener dos regímenes fiscales,623,es,unknown,n/a,False
heru.app,https://www.heru.app/blog/motivos-de-cancelar-una-factura-sat,20220807194643,Estas son los 4 motivos por los que puedes cancelar una factura 4.0,382,es,unknown,n/a,False
heru.app,https://www.heru.app/blog/rappi-como-declarar-impuestos,20220517071333,Rappi cómo declarar impuestos,457,es,unknown,n/a,False
heru.app,https://www.heru.app/blog/quienes-hacen-declaracion-anual,20221006192311,¿Quienes hacen declaración anual?,288,es,unknown,n/a,False
buildwithproactive.com,http://blog.buildwithproactive.com/2021/09/class-108-work-breakdown-structures.html,20211005130253,Class 108: Work Breakdown Structures,355,en,unknown,informational,False
buildwithproactive.com,http://blog.buildwithproactive.com/2021/09/three-key-tips-to-optimizing.html,20211007190340,Three Key Tips to Optimizing a Contractor’s Risk Management Function,619,en,unknown,informational,True
buildwithproactive.com,http://blog.buildwithproactive.com/2017/06/83-of-industry-experiences-claims-and_15.html,20190720173737,83% of the Industry Experiences Claims and 98% of Mega-Projects Suffer Cost Overruns,149,en,unknown,n/a,False
buildwithproactive.com,http://blog.buildwithproactive.com/2021/10/bim-execution-plans-importance-of.html,20211025223925,BIM Execution Plans: The Importance of an Owner's Clarity of Communication,610,en,unknown,informational,True
buildwithproactive.com,http://blog.buildwithproactive.com/2022/01/4-opportunities-to-improve-contractors.html,20220203170721,4 Opportunities to Improve a Contractor's Prequalification & Subcontractor Selection Process,779,en,unknown,informational,True
doctible.com,https://www.doctible.com/blog/doctible-named-inc-5000-list-fastest-growing-private-companies-2021,20210817142902,2021 Doctible on Inc. 5000 List of America’s Fastest-Growing Private Companies,749,en,unknown,news_pr,False
doctible.com,https://www.doctible.com/blog/two-way-texting-patients-truths-myths-and-hipaa-compliance,20210122154127,"Two-way Texting Patients: Truths, Myths, and HIPAA Compliance",1197,en,unknown,informational,True
doctible.com,https://www.doctible.com/blog/virtual-waiting-rooms-help-practice-staff-manage-covid-screenings-and-protocols,20201129171720,Virtual Waiting Room Increases Safety & Patient Flow!,447,en,unknown,product_announcement,False
doctible.com,https://www.doctible.com/blog/doctible-celebrates-office-managers-and-administrators,20210509075022,Doctible Celebrates Medical & Dental Office Managers & Administrators,549,en,unknown,news_pr,False
doctible.com,https://www.doctible.com/blog/doctible-awarded-top-workplaces-honor-by-union-tribune-san-diego-0,20221126095459,Doctible ranked #5 in 2022 San Diego Union-Tribune's Top Workplaces,277,en,neg,n/a,False
creativealignments.com,https://blog.creativealignments.com/blog/6-steps-to-an-empathetic-exit,20200806192802,Six Steps to an Empathetic Exit,971,en,pos,informational,True
creativealignments.com,https://blog.creativealignments.com/blog/how-to-craft-a-job-description-that-attracts-your-ideal-employee,20200927200458,How to Write a Job Description to Attract Your Ideal Employee,783,en,pos,informational,True
creativealignments.com,https://blog.creativealignments.com/blog/actionable-steps-for-diversity-hiring,20200927201502,Actionable Steps For Diversity Hiring,967,en,neg,news_pr_h,False
creativealignments.com,https://blog.creativealignments.com/blog/understand-pros-cons-of-your-recruiting-options,20210127185331,How to Find the Best Recruiting Solution for your Business,959,en,pos,informational,True
creativealignments.com,https://blog.creativealignments.com/blog/8-ways-scaling-companies-compete-for-hires-without-overspending,20220201183545,8 Ways Scaling Companies Compete for Hires Without Overspending,1485,en,pos,informational,True
geniusprogetti.com,https://geniusprogetti.com/blog/gp-experts/location-scouting-for-lifestyle-brands/,20210417021620,Q&A with Barbara: location scouting for lifestyle brands,854,en,unknown,informational,True
geniusprogetti.com,https://geniusprogetti.com/blog/news/genius-eventi-official-opening-inauguration-party/,20190721191756,Genius Eventi official opening: the inauguration party,344,en,neg,news_pr_h,False
geniusprogetti.com,https://geniusprogetti.com/blog/news/exhibiting-at-cersaie-2020-in-bologna-italy/,20200806133502,"Exhibiting at Cersaie 2020 in Bologna, Italy?",623,en,unknown,other,False
geniusprogetti.com,https://geniusprogetti.com/blog/news/genius-progetti-climbs-the-growth-leader-2021-ranking/,20210122091642,Genius Progetti climbs the Growth Leader 2021 ranking,346,en,unknown,news_pr,False
experoinc.com,https://www.experoinc.com/blog-category/customer-satisfaction,20190723133756,Expero Blog | Posts on Customer Satisfaction,179,en,unknown,n/a,False
experoinc.com,https://www.experoinc.com/blog-category/conversational-ui,20200925103645,Expero Blog | Posts on Conversational UI,14,en,unknown,n/a,False
experoinc.com,https://www.experoinc.com/blog-category/recommender-systems,20190723134831,Expero Blog | Posts on Recommender Systems,161,en,unknown,n/a,False
experoinc.com,https://www.experoinc.com/blog-category/user-research,20190722234536,Expero Blog | Posts on User Research,61,en,unknown,n/a,False
experoinc.com,https://www.experoinc.com/blog-category/cloud-computing,20190817174611,Expero Blog | Posts on Cloud Computing,139,en,unknown,n/a,False
readyamerica.com,http://readyamerica.com/blog/2015/06/18/abc-10-news-gets-shaken-up-with-ready-americas-big-shaker/,20190821122509,ABC 10 News Gets Shaken Up with Ready America's Big Shaker - Ready America,44,en,unknown,n/a,False
readyamerica.com,http://readyamerica.com/blog/2015/06/18/las-vegas-news-and-entertainment-video-fox5-vegas-kvvu/,20190821122552,Las Vegas News and Entertainment Video FOX5 Vegas KVVU - Ready America,37,en,unknown,n/a,False
readyamerica.com,http://readyamerica.com/blog/2015/06/18/corporate-health-and-safety-training/,20190821122321,Corporate Health and Safety Training - Ready America,64,en,unknown,n/a,False
readyamerica.com,http://readyamerica.com/blog/2015/06/18/radiolive-new-zealand-3-11/,20190821122355,RadioLive New Zealand 3-11 - Ready America,58,en,unknown,n/a,False
readyamerica.com,http://readyamerica.com/blog/2015/06/18/kisq-quakehold-interview/,20190821122608,KISQ-Quakehold Interview - Ready America,46,en,unknown,n/a,False
dbconstructiongrp.com,https://dbconstructiongrp.com/blog/db-internship-experience/,20211023003649,D&B Internship Experience: A Q&A With Our College Intern - D&B Construction Group,739,en,unknown,culture_hiring,False
dbconstructiongrp.com,https://dbconstructiongrp.com/blog/tipping-our-hard-hats-off-for-our-architect-partners/,20221004033925,Tipping Our Hard Hats Off For Our Architect Partners - D&B Construction Group,1395,en,unknown,news_pr,False
dbconstructiongrp.com,https://dbconstructiongrp.com/blog/2021-safe-sound-week/,20210926135105,2021 Safe + Sound Week - D&B Construction Group,1516,en,unknown,news_pr,False
dbconstructiongrp.com,https://dbconstructiongrp.com/blog/a-darker-shade-of-green-rising-material-costs-proving-adaptive-reuse-projects-are-not-exclusive-to-environmental-benefits/,20210518205459,A Darker Shade of Green: Rising material costs proving adaptive reuse projects are not exclusive to environmental benefits. | D&B Construction Group,847,en,unknown,informational,True
dbconstructiongrp.com,https://dbconstructiongrp.com/blog/hottenstein-orthodontics-celebrates-1-year-in-new-office/,20210518192249,Molly Hottenstein Orthodontics Celebrates 1 Year in New Office | D&B Construction Group,2035,en,unknown,news_pr,False
yellowtelescope.com,http://yellowtelescope.com:80/blog/will-obamacare-hurt-medical-practice/,20140428040912,Will ObamaCare Hurt My Medical Practice -,554,en,unknown,informational,True
yellowtelescope.com,http://yellowtelescope.com:80/blog/practice-management/,20141013081320,Practice Management Archives -,265,en,unknown,n/a,False
yellowtelescope.com,http://yellowtelescope.com:80/blog/medical-training/essentials-presenting-fees-properly/,20141020225641,Healthcare Training Advice | Essentials to Presenting Fees Properly,327,en,unknown,informational,False
yellowtelescope.com,http://yellowtelescope.com:80/blog/experience-matter-hiring-patient-salespeople/,20150106102940,Does Experience Matter When Hiring Patient Salespeople? -,232,en,neg,n/a,False
yellowtelescope.com,http://yellowtelescope.com:80/blog/medical-staffing/smart-hiring-decisions-medical-practice/,20150106102526,Smart Hiring Decisions in a Medical Practice -,178,en,neg,n/a,False
leasepath.com,https://leasepath.com/blog/leasepath-and-datagardener-form-strategic-partnership/,20221126185605,Leasepath and DataGardener Form Strategic Partnership / Leasepath,471,en,neg,news_pr_h,False
leasepath.com,https://leasepath.com/blog/vanessa-andel-named-top-40-under-40-by-monitor/,20220818080342,Vanessa Andel Named Top 40 Under 40 By Monitor / Leasepath,512,en,pos,news_pr,False
leasepath.com,https://leasepath.com/blog/leasepath-faq-apache-log4j-vulnerability/,20220524144852,Leasepath FAQ Apache Log4j Vulnerability / Leasepath,235,en,unknown,n/a,False
leasepath.com,https://leasepath.com/blog/the-other-disruptor-of-2020-covid-19-delivers-lessons-on-future-proofing/,20210124080243,The Other Disruptor of 2020: COVID-19 Delivers Lessons on Future Proofing. - Leasepath,1464,en,unknown,informational,True
idelic.com,http://blog.idelic.com:80/carney-trucking-shutdown-preventing-an-insurance-nightmare,20191025150219,Carney Trucking Shutdown: Preventing an Insurance Nightmare,467,en,neg,news_pr_h,False
idelic.com,http://blog.idelic.com:80/120-driver-fleet-suddenly-closes-only-weeks-after-award,20191025150208,120 Driver Fleet Suddenly Closes - Only Weeks After Award,529,en,neg,news_pr_h,False
idelic.com,http://blog.idelic.com:80/the-hidden-danger-for-drivers-depression-and-5-ways-to-fight-it,20200222214041,The Hidden Danger for Drivers: Depression and 5 Ways to Fight It,669,en,pos,informational,True
idelic.com,http://blog.idelic.com:80/5-verified-ways-to-improve-safety-culture,20200222214031,5 Verified Ways to Improve Safety Culture,519,en,unknown,informational,True
idelic.com,http://blog.idelic.com:80/is-your-fleet-prepared-to-avoid-a-nuclear-verdict,20191205122448,Is Your Fleet Prepared to Avoid a Nuclear Verdict?,502,en,unknown,informational,True
contractexteriors.com,http://contractexteriors.com:80/blog/siding/hirsch-reside/,20120801001146,Customer Feedback,42,en,unknown,n/a,False
contractexteriors.com,http://contractexteriors.com:80/blog/uncategorized/wray-hardie-re-side/,20130201043724,Customer Feedback,52,en,unknown,n/a,False
contractexteriors.com,http://contractexteriors.com:80/blog/industry/which-would-you-choose/,20120827043829,Customer Feedback,314,en,unknown,informational,False
contractexteriors.com,http://contractexteriors.com:80/blog/uncategorized/levinson-completion/,20120801001157,Customer Feedback,42,en,unknown,n/a,False
contractexteriors.com,http://contractexteriors.com:80/blog/siding/bowers-residence-2/,20130201043329,Customer Feedback,50,en,unknown,n/a,False
capstonetitletx.com,https://capstonetitletx.com/blogs/Get-to-Know-Capstone-AdrianneHernandez.html,20211202152446,Capstone Title | Austin TX,115,en,unknown,n/a,False
capstonetitletx.com,http://www.capstonetitletx.com:80/blogs/Interview-DianaMciver.html,20190410185917,Capstone Title | Austin TX,722,en,unknown,informational,True
capstonetitletx.com,https://capstonetitletx.com/blogs/Get-to-Know-Capstone-TishPietsch.html,20211202154235,Capstone Title | Austin TX,141,en,unknown,n/a,False
capstonetitletx.com,http://www.capstonetitletx.com:80/blogs/Get-to-Know-Capstone-SaraMcKinney.html,20200220132022,Capstone Title | Austin TX,140,en,unknown,n/a,False
capstonetitletx.com,http://www.capstonetitletx.com:80/blogs/Get-to-Know-Capstone-ColbyBodoin.html,20190705212455,Capstone Title | Austin TX,317,en,unknown,culture_hiring,False
stickergiant.com,http://www.stickergiant.com:80/blog-link_angel-virtues-love_afg104,20080122001913,Angel Virtues Love Vinyl Sticker Bumper Stickers - Funny Stickers - Free Stickers,180,en,unknown,n/a,False
stickergiant.com,http://www.stickergiant.com/blog-link_be-it_srh1,20081203223817,Bumper Stickers - Funny Stickers - Free Stickers,111,en,unknown,n/a,False
stickergiant.com,http://www.stickergiant.com:80/blog-link_3d-black-cap-gown_espjblg110,20090321111747,Bumper Stickers - Funny Stickers - Free Stickers,129,en,unknown,n/a,False
stickergiant.com,http://www.stickergiant.com/blog-link_armenia-flag-patch_u8508,20080907170927,Bumper Stickers - Funny Stickers - Free Stickers,120,en,unknown,n/a,False
stickergiant.com,http://www.stickergiant.com/blog-link_barbie-my-special-things_qbkka4,20081203224331,Bumper Stickers - Funny Stickers - Free Stickers,129,en,unknown,n/a,False
berndtcpa.com,https://www.berndtcpa.com/blog/blog/Important-2021-Q1-Tax-Dates-36861,20201228191834,Supporting You,451,en,unknown,informational,False
berndtcpa.com,https://berndtcpa.com/blog/Ransomware-101-39328,20210728174409,Love Your Business,592,en,unknown,informational,True
berndtcpa.com,https://berndtcpa.com/blog/Employee-Retention-Credit-ERC-Extended-38016,20210420205605,Mobile Solutions,387,en,unknown,informational,False
berndtcpa.com,https://www.berndtcpa.com/blog/87-new-tax-bill-what-it-means-to-you,20200928231831,Supporting You,1570,en,unknown,informational,True
berndtcpa.com,https://berndtcpa.com/blog/blog/blog/New-per-diem-business-travel-rates-became-effective-on-October-1-40502,20211206181421,Mobile Solutions,535,en,unknown,informational,True
skyriverit.com,https://skyriverit.com/blog/how-to-protect-your-business-from-ransomware,20220526185355,How to protect your business from ransomware,480,en,pos,informational,False
skyriverit.com,https://skyriverit.com/blog/the-hidden-benefit-of-outsourced-it,20220522145913,The Hidden Benefit of Outsourced IT,304,en,unknown,informational,False
skyriverit.com,https://skyriverit.com/blog/improving-helpdesk-follow-up,20220813131708,Improving Helpdesk Follow Up,268,en,unknown,n/a,False
skyriverit.com,https://skyriverit.com/blog/top-five-reasons-to-outsource-your-it,20211207161458,Top Five Reasons to Outsource Your IT,493,en,unknown,informational,False
skyriverit.com,https://skyriverit.com/blog/how-much-does-downtime-cost-you-its-more-than-you-think,20220528201504,How Much Does Downtime Cost You? ...It’s More Than You Think,259,en,unknown,n/a,False
ruby.com,https://www.ruby.com/blog/avoid-a-hectic-holiday-with-a-little-help-from-ruby/,20220127113238,Avoid a Hectic Holiday with a Little Help from Ruby,496,en,unknown,informational,False
ruby.com,https://www.ruby.com/blog/impress-new-employees-with-a-wow-worthy-first-day/,20221007192750,Impress New Employees with a WOW-Worthy First Day,208,en,unknown,n/a,False
ruby.com,https://www.ruby.com/blog/attorneys-is-your-website-generating-as-many-leads-as-possible/,20220308144912,Attorneys: Is Your Website Generating Enough Leads? | Ruby,801,en,unknown,informational,True
ruby.com,https://www.ruby.com/blog/how-to-hire-the-best-and-the-brightest-for-your-business/,20221007201034,How to Hire the Best and the Brightest for Your Business,289,en,pos,n/a,False
ruby.com,https://www.ruby.com/blog/receptionist-etiquette-tip-3-things-to-ask-yourself-while-taking-a-message/,20220127113712,3 Things to Ask Yourself While Taking a Message,309,en,pos,informational,False
cybersecurityintelligence.com,https://www.cybersecurityintelligence.com/blog/artificial-intelligence-is-being-badly-used-in-cyber-security-5762.html,20210722141115,Artificial Intelligence Is Being Badly Used In Cyber Security,805,en,unknown,opinion_essay,False
cybersecurityintelligence.com,https://www.cybersecurityintelligence.com/blog/anonymous-launch-an-attack-on-rosneft-6289.html,20220509164835,Anonymous Launch An Attack On Rosneft,202,en,neg,n/a,False
cybersecurityintelligence.com,https://www.cybersecurityintelligence.com/blog/a-cyber-security-audit-4629.html,20200309201748,A Cyber Security Audit,776,en,unknown,informational,True
cybersecurityintelligence.com,https://www.cybersecurityintelligence.com/blog/autonomous-robots-will-deliver-your-lunch-2102.html,20170725221622,Array,424,en,unknown,news_pr,False
cybersecurityintelligence.com,https://www.cybersecurityintelligence.com/blog/bad-rabbit-cyber-attack-hits-russia-and-ukraine-2897.html,20171101173345,Array,189,en,unknown,n/a,False
splendidspoon.com,https://splendidspoon.com/blog/splendid-spoon-mindful-eating-meditation/,20190720144051,The Only Mindful Eating Meditation You Need,10,en,unknown,n/a,False
splendidspoon.com,https://splendidspoon.com/blog/fridge-voyeur-justine-roth-141d45d1f9/,20190818014836,Fridge Voyeur: Justine Roth,10,en,unknown,n/a,False
splendidspoon.com,https://splendidspoon.com/blog/how-to-add-movement-to-your-work-day-fc809f4765bd/,20190823120136,How to Add Movement to Your Work Day,10,en,pos,n/a,False
splendidspoon.com,https://splendidspoon.com/blog/spoon-for-a-month-a-recap/,20191115200303,How Spooning for a Month Kick-Started Lasting Habits,10,en,unknown,n/a,False
splendidspoon.com,https://splendidspoon.com/blog/fridge-voyeur-michelle-biro-bb4401219fe8/,20190818014621,Fridge Voyeur: Michelle Biro,10,en,unknown,n/a,False
fundrise.com,http://blog.fundrise.com/dj9y/09-roxanne-schoen/,20210307092957,09 ROXANNE SCHOEN - GXFMTIVXPR,8079,en,unknown,other,False
fundrise.com,http://blog.fundrise.com/5l3x/10-elmo-goyette/,20210226185617,10 ELMO GOYETTE - QYUD1AXYIXVH,8275,en,unknown,other,False
fundrise.com,http://blog.fundrise.com/5l3x/03-stephanie-schumm/,20210227125250,03 STEPHANIE SCHUMM - 5F0NG4ACJNJ,8739,en,unknown,other,False
fundrise.com,http://blog.fundrise.com/gds6/13-prof-hyman-walter/,20210302175117,13 PROF HYMAN WALTER - ENWQK3R4J,7260,en,unknown,other,False
about.gitlab.com,https://about.gitlab.com/blog/2015/06/17/gitlab-com-and-logjam/,20191206143920,GitLab.com and Logjam,340,en,unknown,product_announcement,False
about.gitlab.com,https://about.gitlab.com/blog/2015/03/03/gitlab-acquires-gitorious/,20191020020103,GitLab acquires Gitorious to bolster its on premises code collaboration platform,313,en,unknown,news_pr,False
about.gitlab.com,https://about.gitlab.com/blog/2016/06/09/continuous-delivery-with-gitlab-and-convox/,20191020012405,Continuous Delivery with GitLab and Convox,1552,en,unknown,informational,True
about.gitlab.com,https://about.gitlab.com/blog/2014/08/27/gitlab-on-google-compute-engine-and-centos-7/,20191205192205,GitLab on Google Compute Engine and CentOS 7,52,en,unknown,n/a,False
about.gitlab.com,https://about.gitlab.com/blog/2012/03/09/diagnostic-tool/,20191208164849,Diagnostic tool,89,en,unknown,n/a,False
cyberark.com,https://www.cyberark.com/blog/supply-chain-meets-blockchain-a-perfect-match/,20190823153306,Supply Chain Meets Blockchain: A Perfect Match | CyberArk,746,en,unknown,informational,True
cyberark.com,https://www.cyberark.com/blog/key-management-in-the-cloud-part-2/,20190722122929,Key Management in the Cloud - Part 2 | CyberArk,772,en,unknown,informational,True
cyberark.com,http://www.cyberark.com/blog/notice-investigators-warn-increase-service-account-exploits/,20150319154404,NOTICE: Investigators Warn of Increase in Service Account Exploits - CyberArk,509,en,unknown,informational,True
cyberark.com,https://www.cyberark.com/blog/cyberark-introduces-privileged-access-security-assessment-tool/,20190819075538,CyberArk Introduces Privileged Access Security Assessment Tool,653,en,unknown,product_announcement,False
cyberark.com,https://www.cyberark.com/blog/ten-steps-for-securing-privileged-access/,20190819075625,Ten Steps for Securing Privileged Access | CyberArk,763,en,unknown,informational,True
thedailygraceco.com,https://thedailygraceco.com/blogs/the-daily-grace-blog/being-re-minded,20220925101728,Being Re-Minded Through Christ,831,en,unknown,opinion_essay,False
thedailygraceco.com,https://thedailygraceco.com/blogs/the-daily-grace-blog/how-to-use-the-bible-handbook-with-a-bible-study,20221004094245,How to Use The Bible Handbook with a Bible Study,146,en,pos,n/a,False
thedailygraceco.com,https://thedailygraceco.com/blogs/the-daily-grace-blog/goals-for-2017,20220925101249,Goals for 2017,893,en,unknown,opinion_essay,False
thedailygraceco.com,https://thedailygraceco.com/blogs/the-daily-grace-blog/how-to-engage-in-spiritual-warfare,20221129101832,How to Engage In Spiritual Warfare,804,en,pos,informational,True
thedailygraceco.com,https://thedailygraceco.com/blogs/the-daily-grace-blog/celebrate-abundance-in-a-culture-of-busyness,20220930121250,Celebrate Abundance in a Culture of Busyness,937,en,unknown,opinion_essay,False
gochirp.com,https://gochirp.com/blogs/news/three-tips-to-become-a-successful-chirp-affiliate,20200918202249,Three Tips to Become a Successful Chirp Influencer,342,en,unknown,informational,False
gochirp.com,https://gochirp.com/blogs/news/how-the-chirp-wheel-helps-relieve-neck-and-shoulder-pain,20211203162823,How the Chirp Wheel Helps Relieve Neck and Shoulder Pain,704,en,unknown,informational,True
gochirp.com,https://gochirp.com/blogs/news/how-to-keep-your-dog-s-back-happy-because-yours-already-is,20220123214044,How to Keep Your Dog’s Back Happy (Because Yours Already Is),657,en,pos,informational,True
gochirp.com,https://gochirp.com/blogs/news/5-stretches-to-feel-good-so-you-can-do-more-when-you-travel,20210926100251,"5 Stretches to Feel Good, So You Can Do More When You Travel",494,en,unknown,informational,False
oxylabs.io,https://oxylabs.io/blog/proxy-integration-playwright,20211203184633,Playwright Proxy Integration With Oxylabs,353,en,unknown,informational,False
oxylabs.io,https://oxylabs.io/blog/what-is-transparent-proxy,20221127231337,What is a Transparent Proxy and How is It Used?,1548,en,pos,informational,True
oxylabs.io,https://oxylabs.io/blog/regex-web-scraping,20220521000537,Web Scraping With RegEx,934,en,unknown,informational,True
oxylabs.io,https://oxylabs.io/blog/ecommerce-keywords,20210411152604,E-Commerce Keywords Research: Data Collection Challenges and Solutions,1503,en,unknown,informational,True
oxylabs.io,https://oxylabs.io/blog/oxycast-episode-3,20220326012244,"Data Parsing: The Basic, the Easy, and the Difficult | OxyCast #3",473,en,unknown,news_pr,False
goekos.com,https://www.goekos.com/blog/rocket-frog-brewing-beer-review,20191115180602,Rocket Frog Brewing Co. Beer Review | Ekos Brewmaster,150,en,unknown,n/a,False
goekos.com,https://www.goekos.com/blog/craftlab/craftlab-podcast-from-teacher-to-brewer-the-story-of-roadmap-brewing/,20220713200132,From Teacher to Brewer: The Story of Roadmap Brewing,348,en,unknown,case_study,False
goekos.com,https://www.goekos.com/blog/how-to-use-technology-during-wine-harvest-season/,20210613195458,How to Use Technology During Wine Harvest Season | Ekos,925,en,pos,informational,True
goekos.com,https://www.goekos.com/blog/ekos-named-one-of-americas-fastest-growing-private-companies-for-second-consecutive-year/,20220816134834,Ekos named one of America’s fastest-growing private companies for second consecutive year,433,en,unknown,news_pr,False
goekos.com,https://www.goekos.com/blog/falling-branch-brewery-plans-for-growth-with-ekos/,20210901202756,Falling Branch Brewery plans for growth with Ekos,379,en,unknown,news_pr,False
rakenapp.com,https://www.rakenapp.com/blog/start-project-raken,20190821090940,How to Start a Project on Raken,82,en,pos,n/a,False
rakenapp.com,https://www.rakenapp.com/blog/5-green-building-practices-for-construction-companies,20190821101544,5 Green Building Practices for Construction Companies,484,en,unknown,informational,False
rakenapp.com,https://www.rakenapp.com/blog/mastering-creation-construction-daily-reports,20190821091107,Mastering the Creation of Construction Daily Reports,688,en,unknown,informational,True
rakenapp.com,https://www.rakenapp.com/blog/new-photo-technologies-to-3d-model-jobsites,20190821092448,New Photo Technologies To 3D Model Jobsites,397,en,unknown,informational,False
rakenapp.com,https://www.rakenapp.com/blog/project-documentation-tips-you-should-know,20190821095216,Project Documentation Tips You Should Know,585,en,unknown,informational,True
skinbylovely.com,https://www.skinbylovely.com/blog/juvederm-or-restylane-for-lip-enhancement-which-is-better-video/,20200925041100,Juvederm or Restylane for Lip Enhancement: Which is better? [Video] | Skin by Lovely,265,en,unknown,n/a,False
skinbylovely.com,https://www.skinbylovely.com/blog/feel-younger-by-sprucing-up-your-wardrobe-with-these-tips/,20200923102904,Feel younger by sprucing up your wardrobe with these tips | Skin by Lovely,242,en,unknown,n/a,False
skinbylovely.com,https://www.skinbylovely.com/blog/eclipse-micropen-elite-demonstration-with-brittany-white-fnp-msn-video/,20200922144318,Eclipse Micropen Elite Demonstration with Brittany White FNP MSN [Video] | Skin by Lovely,378,en,unknown,informational,False
skinbylovely.com,https://www.skinbylovely.com/blog/neck-lift-without-surgery/,20200929161239,How to Achieve a Neck Lift Without Surgery | Skin by Lovely,1045,en,pos,informational,True
skinbylovely.com,https://www.skinbylovely.com/blog/juvederm-in-los-angeles-an-effective-way-to-eliminate-facial-lines/,20200928132338,Juvederm in Los Angeles: An Effective Way to Eliminate Facial Lines | Skin by Lovely,200,en,unknown,n/a,False
reamaze.com,https://blog.reamaze.com/2021/01/12/reamaze-now-integrates-with-returnly/,20210112211556,Re:amaze Now Integrates With Returnly!,350,en,unknown,product_announcement,False
reamaze.com,http://blog.reamaze.com:80/2016/04/01/how-to-stop-annoying-customers-in-their-tracks/,20160404104554,How to stop annoying customers in their tracks!,274,en,pos,n/a,False
reamaze.com,https://blog.reamaze.com/2019/06/10/creativkits-boosts-customer-satisfaction-reamaze/,20200417184541,"Childhood Education Subscription Service, CreativKits, Boosts Customer Satisfaction and Reduces Response Times to Minutes with Re:amaze",716,en,unknown,case_study,False
reamaze.com,http://blog.reamaze.com/2013/02/14/getting-started-with-reamaze/,20160314093830,Getting Started with Reamaze,82,en,unknown,n/a,False
reamaze.com,http://blog.reamaze.com:80/2013/09/17/transformationtuesday-updates/,20160301125823,#TransformationTuesday Updates!,286,en,unknown,n/a,False
intelycare.com,https://www.intelycare.com/blog/what-does-an-rn-do/,20210917195057,What does an RN do? | IntelyCare,689,en,unknown,informational,True
intelycare.com,https://www.intelycare.com/blog/how-nursing-professionals-can-be-advocates/,20210710002745,How Nursing Professionals Can Be Advocates | IntelyCare,597,en,unknown,informational,True
intelycare.com,https://www.intelycare.com/blog/nursing-professionals/what-does-a-home-health-nurse-do/,20220930232742,"What Does a Home Health Nurse Do? - IntelyCare, Inc.",602,en,unknown,informational,True
intelycare.com,https://www.intelycare.com/blog/intelypro-spotlight-series-indigo-zerby-pennsylvania/attachment/indigo-zerby-fb/,20210928143333,Indigo Zerby - FB - IntelyCare,145,en,unknown,n/a,False
intelycare.com,https://www.intelycare.com/blog/how-nurses-can-stay-healthy-at-work/attachment/how-nurses-can-stay-healthy-at-work-2/,20210804190052,How Nurses Can Stay Healthy At Work | IntelyCare,152,en,unknown,n/a,False
kadenze.com,https://blog.kadenze.com/creative-technology/whats-that-noise-devising-sound-elements-in-horror-movies/,20190724001135,What's That Noise?: Devising Sound Elements in Horror Movies,535,en,unknown,informational,True
kadenze.com,http://blog.kadenze.com:80/daily-inspirations/daily-inspiration-19/,20150829124150,Daily Inspiration #19 - Kadenze Blog,26,en,unknown,n/a,False
kadenze.com,https://blog.kadenze.com/announcements/introducing-the-kadenze-virtual-studio/,20200928124857,Introducing the Kadenze Virtual Studio: A new teaching space for a new challenge,678,en,neg,news_pr_h,False
kadenze.com,https://blog.kadenze.com/creative-technology/10-ableton-live-tutorials-for-learning-music-production/,20190507233504,10 Ableton Live Tutorials for Learning Music Production,869,en,pos,informational,True
kadenze.com,http://blog.kadenze.com:80/daily-inspirations/daily-inspiration-2/,20160220042350,Daily Inspiration #2 - Kadenze Blog,17,en,unknown,n/a,False
legitscript.com,https://www.legitscript.com/blog/2009/02/legitscript-adds-5000-rogue-glavmed-affiliates/,20190717085154,"LegitScript adds ~5,000 rogue GlavMed affiliates | LegitScript",225,en,unknown,n/a,False
legitscript.com,https://www.legitscript.com/blog/2018/12/tciv-conference-attendance-2018/,20181211234451,Attendance at This Year's TCIV Conference | LegitScript,423,en,neg,news_pr_h,False
legitscript.com,https://www.legitscript.com/blog/2017/06/false-cures-for-sale-perpetrator-behind-elaborate-scheme-heads-to-prison/,20181005150443,False Cures for Sale: Perpetrator Behind Elaborate Scheme Heads to Prison | LegitScript,361,en,unknown,news_pr,False
legitscript.com,https://www.legitscript.com/blog/2008/09/american-pain-foundation-names-legitscript-com-website-of-the-month/,20190718173206,American Pain Foundation names LegitScript.com Website of the Month | LegitScript,115,en,unknown,n/a,False
legitscript.com,https://www.legitscript.com/blog/2014/08/visa-recommends-legitscripts-services-online-pharmacy-guide-acquirers/,20190825070948,Visa recommends LegitScript's services in its Online Pharmacy Guide for Acquirers | LegitScript,557,en,pos,news_pr,False
demandsphere.com,https://www.demandsphere.com/blog/seomoz-partnership-announcement/,20190716024610,SEOMoz and GinzaMetrics partnership,109,en,neg,n/a,False
demandsphere.com,https://www.demandsphere.com/blog/content-marketing-web-analytics-optimization-team-perspective/,20190723232555,Digital analytics and web optimization,768,en,unknown,informational,True
demandsphere.com,https://www.demandsphere.com/blog/how-to-plan-a-successful-email-blast/,20190716024359,Improve content marketing campaigns,639,en,pos,informational,True
demandsphere.com,https://www.demandsphere.com/blog/seo-writing-tips-create-better-content/,20190820225717,Seven SEO writing tips for creating better content in 2018 | DemandSphere,2344,en,unknown,informational,True
demandsphere.com,https://www.demandsphere.com/blog/how-to-use-google-webmaster-tools-to-measure-indexation/,20190520171301,More ranking data from webmaster tools,329,en,pos,informational,False
compliancequest.com,https://www.compliancequest.com/blog/osha-revises-maximum-penalty-amounts/,20210301170240,OSHA revises its maximum penalty for 2021 | CompianceQuest,825,en,unknown,informational,True
compliancequest.com,https://www.compliancequest.com/blog/quality-safety-leaders-audit/,20211026003028,Remote Audits Done Right for Quality & Safety Leaders,752,en,unknown,informational,True
compliancequest.com,https://www.compliancequest.com/blog/safety-ai-digital-transformation/,20220122022537,"Dear Safety Leaders, AI is having its Digital Transformation Moment. It’s Time to Embrace it.",865,en,unknown,informational,True
compliancequest.com,https://www.compliancequest.com/blog/eqms-for-cannabis-in-the-2020s/,20200930080728,EQMS for Cannabis in the 2020s - ComplianceQuest QHSE Solutions,895,en,unknown,informational,True
compliancequest.com,https://www.compliancequest.com/blog/regulatory-requirements-in-the-supply-chain/,20210120183818,Regulatory Requirements in the Supply Chain - ComplianceQuest QHSE Solutions,663,en,unknown,informational,True
cornerstoneondemand.com,http://www.cornerstoneondemand.com/blog/forget-best-practices-how-get-employee-training-right,20131209160341,Forget Best Practices. How to Get Employee Training Right,280,en,pos,n/a,False
cornerstoneondemand.com,http://www.cornerstoneondemand.com:80/blog-demand-software-half-saased-approach-doesnt-cut-it,20090305151746,CSOD,514,en,unknown,informational,True
cornerstoneondemand.com,http://www.cornerstoneondemand.com:80/blog/cornerstone-report-details-effects-toxic-employees-workplace,20150403030437,Cornerstone Report Details Effects of Toxic Employees in the Workplace,547,en,unknown,informational,True
cornerstoneondemand.com,http://www.cornerstoneondemand.com:80/blog/6-ways-attract-candidates-compelling-content,20150627184133,6 Ways to Attract Candidates With Compelling Content,797,en,pos,informational,True
cornerstoneondemand.com,http://www.cornerstoneondemand.com:80/blog/can-being-busy-make-you-dumber,20140627134034,Can Being Busy Make You Dumber?,380,en,unknown,informational,False
getfishtank.ca,https://getfishtank.ca/blog/why-your-sitecore-site-needs-canonical-tags,20201201090634,Why your Sitecore site needs canonical tags,562,en,pos,informational,True
getfishtank.ca,https://getfishtank.ca/blog/connecting-to-mongodb-and-azure-documentdb-in-sitecore-over-ssl,20220522041053,Connecting to MongoDB and Azure DocumentDB in Sitecore over SSL,333,en,unknown,informational,False
getfishtank.ca,https://getfishtank.ca/blog/sitecore-9-helix-visual-studio-file-configuration,20220522035358,Sitecore 9 Helix Visual Studio File Configuration For Builds,420,en,unknown,informational,False
getfishtank.ca,http://getfishtank.ca:80/blog/dan-cruickshank-is-a-sitecore-mvp-2014,20140602052919,Sharing our best-practices,160,en,unknown,n/a,False
getfishtank.ca,https://getfishtank.ca/blog/how-to-set-up-and-debug-a-print-style-sheet,20220522040647,How To Set Up And Debug A Print Style Sheet,300,en,pos,informational,False
gitprime.com,https://blog.gitprime.com/engineering-manager-remote-work/,20191122005853,Managing From Afar: How This Engineering Manager Tackles the Challenges of Remote Work,2756,en,unknown,informational,True
gitprime.com,https://blog.gitprime.com/how-to-use-review-collaboration-visualize-trends-in-team-culture/,20190818095432,How to Use the Review & Collaboration Report to Visualize Trends in Team Culture,832,en,pos,informational,True
gitprime.com,http://blog.gitprime.com:80/towards-a-philosophy-of-big-data/,20150228123641,Towards a Philosophy of Big Data,541,en,unknown,opinion_essay,False
gitprime.com,https://blog.gitprime.com/why-ive-joined-gitprime/,20180221231846,John Witchel: Why I've Joined GitPrime | GitPrime Blog,438,en,pos,culture_hiring,False
gitprime.com,https://blog.gitprime.com/scaling-technology-and-organizations-randy-shoup/,20190818095641,Scaling Technology and Organizations Together with Randy Shoup,2736,en,unknown,informational,True
paddle.com,https://paddle.com/blog/saas-churn-rate/,20210525180234,SaaS churn rate: What does good look like?,2023,en,unknown,informational,True
paddle.com,https://paddle.com/blog/announcing-future-fifty/,20190722105406,We've been named a Future Fifty company,170,en,neg,n/a,False
paddle.com,https://www.paddle.com/blog/our-approach-to-trade-shows-and-events,20221121181429,Making big bets: Our approach to trade shows and events,1182,en,neg,news_pr_h,False
paddle.com,https://paddle.com/blog/succeed-at-recurring-billing/,20190824180254,Succeed at Recurring Billing: How to Increase Payment Acceptance,1734,en,pos,informational,True
paddle.com,https://paddle.com/blog/when-investors-care-about-total-addressable-market/,20220123064747,When investors care about Total Addressable Market (TAM) and how to expand yours,460,en,pos,informational,False
hideitmounts.com,https://hideitmounts.com/blogs/blog/featured-hideit-influencer-reventon5207,20190823074925,FEATURED HIDEit INFLUENCER: reventon5207,296,en,neg,n/a,False
hideitmounts.com,https://hideitmounts.com/blogs/blog/the-inside-story-hideit-uni-vesa-adapter-bracket,20191214155817,THE INSIDE STORY: HIDEit Uni-VESA Adapter Bracket,593,en,unknown,case_study,False
hideitmounts.com,https://hideitmounts.com/blogs/blog/10454045-black-friday-through-cyber-monday-save-on-amazon,20190718003025,Black Friday through Cyber Monday - Save on Amazon,77,en,unknown,n/a,False
hideitmounts.com,https://hideitmounts.com/blogs/blog/hideit-gone-viral,20221126225117,HIDEit Gone Viral,128,en,unknown,n/a,False
hideitmounts.com,https://hideitmounts.com/blogs/blog/comparing-the-amazon-echo-sonos-one-harman-kardon-invoke-and-google-home,20190823062205,"Comparing the Amazon Echo, Sonos One, Invoke, and Google Home",635,en,unknown,informational,True
getchute.com,http://blog.getchute.com/insights-outlook/one-selfie-to-rule-them-all/,20140917171244,Subscribe to Our Newsletter,337,en,unknown,informational,False
getchute.com,http://blog.getchute.com/2012/10/30/watch-the-visual-story-of-hurricane-sandy-unfold-in-real-time-with-weatherchute/,20121103041128,Watch the Visual Story of Hurricane Sandy Unfold in Real Time With WeatherChute,245,en,unknown,n/a,False
getchute.com,http://blog.getchute.com/2013/09/05/vogue-live-from-fashion-week/,20131104194125,Vogue: Live From Fashion Week,213,en,unknown,n/a,False
getchute.com,http://blog.getchute.com:80/2013/04/30/pictures-of-you/,20140430094732,Pictures of You,310,en,unknown,opinion_essay,False
getchute.com,http://blog.getchute.com:80/2013/09/03/the-new-bay-bridge/,20140430155835,The New Bay Bridge,124,en,unknown,n/a,False
wovenware.com,https://www.wovenware.com/blog/2021/01/the-trends-defining-the-new-year-of-digital-first-business-transformation/,20210126053927,The Trends Defining the New Year of Digital-First Business Transformation,324,en,unknown,informational,False
wovenware.com,http://www.wovenware.com/blog/2014/12/internal-software-developers-needed/,20160304065337,Internal software developers needed?,439,en,unknown,opinion_essay,False
wovenware.com,https://www.wovenware.com/blog/2021/09/ai-the-future-for-accounting-firms/,20210902204243,AI: The Keystone of Digital Transformation and the Future of Work for Accounting Firms | Wovenware Blog,325,en,unknown,informational,False
wovenware.com,https://www.wovenware.com/blog/2018/11/how-is-ai-humanely-attacking-the-deadliest-animal-on-earth-nvidia-article-sheds-light/,20190724042502,How is AI Humanely Attacking the Deadliest Animal on Earth? NVIDIA Article Sheds Light,316,en,unknown,news_pr,False
wovenware.com,http://www.wovenware.com/blog/2014/05/10-tips-to-be-a-better-blogger/,20160304065437,10 Tips to Be a Better Blogger,696,en,pos,informational,True
mequilibrium.com,https://www.mequilibrium.com/resources/5-questions-to-self-check-for-team-burn-out/,20220808230529,5 Questions to ‘Self-Check’ for Team Burn Out | meQuilibrium,185,en,unknown,n/a,False
mequilibrium.com,https://www.mequilibrium.com/resources/4-keys-to-sanely-working-from-home/,20220808232219,4 Keys to Sanely Working From Home | meQuilibrium,793,en,unknown,informational,True
mequilibrium.com,https://www.mequilibrium.com/resources/3-ways-to-push-past-procrastination/,20191019071800,3 Ways to Push Past Procrastination | meQuilibrium,452,en,pos,informational,False
mequilibrium.com,https://www.mequilibrium.com/resources/4-ways-to-stay-cool-around-difficult-people/,20220808224732,4 Ways to Stay Cool Around Difficult People,494,en,pos,informational,False
mequilibrium.com,https://www.mequilibrium.com/resources/5-ways-to-help-a-friend-in-distress/,20190822074026,5 Ways to Help a Friend in Distress | meQuilibrium,679,en,pos,informational,True
reltio.com,https://www.reltio.com/blog/2015-5-why-actavis-ceo-brenton-saunders-is-pm360s-uber-elite/,20190720095727,Why Actavis CEO Brenton Saunders is PM360's Uber ELITE - Reltio Cloud,851,en,pos,news_pr,False
reltio.com,http://www.reltio.com:80/blog/modern-data-management-summit-2018-welcome-enterprises-to-the-self-learning-era,20180326180000,Modern Data Management Summit 2018 Welcomes Enterprises to the Self-Learning Era,539,en,neg,news_pr_h,False
reltio.com,http://www.reltio.com:80/blog/2016/3/reltio-one-small-step-for-data-management-a-giant-leap-for-applications,20160624181923,"One Small Step for Data Management, A Giant Leap for Applications",554,en,unknown,news_pr,False
reltio.com,http://www.reltio.com/blog/how-you-can-prepare-for-the-upcoming-ai-machine-learning-revolution,20180128210422,How You Can Prepare for the Upcoming AI and Machine Learning Revolution,509,en,unknown,informational,True
reltio.com,http://www.reltio.com:80/blog/2014/12/cdo-summit-in-houston-showcases-data-management-innovation,20150120010657,CDO Summit in Houston Showcases Data Management Innovation,293,en,unknown,n/a,False
gooten.com,https://www.gooten.com/blog/10-social-media-trends-for-your-print-on-demand-business/,20220715085434,10 Social Media Trends for Your Print on Demand Business - Gooten,696,en,unknown,informational,True
gooten.com,https://www.gooten.com/blog/how-to-use-2020-data-to-make-better-investments-for-your-ecommerce-business-in-2021,20210115025948,How to Use 2020 Data to Make Better Investments for Your eCommerce…,1008,en,pos,informational,True
gooten.com,https://www.gooten.com/blog/ecommerce-advice/2018/03/28/top-three-free-seo-plugins-for-shopify/,20190818095652,Top 3 Free SEO Plugins for Shopify,974,en,pos,informational,True
gooten.com,https://www.gooten.com/blog/ecommerce-advice/2016/07/26/15-necessary-ways-to-promote-your-shopify-store/,20190719075250,15 Tips on How to Promote Your Online Store,1984,en,pos,informational,True
gooten.com,https://www.gooten.com/blog/ecommerce-advice/2018/02/07/4-simple-emails-you-can-use-to-retarget-your-previous-shoppers/,20190818084445,4 Simple Emails You Can Use to Retarget Your Previous Shoppers,927,en,unknown,informational,True
worthpoint.com,http://www.worthpoint.com:80/blog-entry/antiques-auction-frum-podcast-repurposing-cari-cucksey,20130707105136,Antiques Auction Forum Podcast: Repurposing with Cari Cucksey,136,en,unknown,n/a,False
worthpoint.com,http://www.worthpoint.com:80/blog-entry/antique-dolls-question-session-turn-century-jd-kestner-bisque-mold-154,20130622021116,Antique Dolls Question Session: Turn of the Century J.D. Kestner Bisque Mold 154,690,en,unknown,informational,True
worthpoint.com,http://www.worthpoint.com/blog-entry/autographs/comment-page-1,20151012205857,Autographs,156,en,unknown,n/a,False
worthpoint.com,http://www.worthpoint.com:80/blog-entry/antiques-art-provenance-means-more-money,20090412114950,Establishing Provenance Means More Money,856,en,unknown,informational,True
worthpoint.com,http://www.worthpoint.com:80/blog-entry/antique-furniture-terminology-part-2,20090119225841,Antique Furniture Terminology Part 2,752,en,unknown,informational,True
bigbinary.com,https://bigbinary.com/blog/jquery-ujs-and-jquery-trigger,20210506172229,jquery-ujs and jquery trigger | BigBinary Blog,233,en,unknown,n/a,False
bigbinary.com,https://bigbinary.com/blog/rails-6-1-allows-per-environment-configuration-support-for-active-storage,20210120041658,Rails 6.1 allows per environment configuration support for Active Storage | BigBinary Blog,261,en,unknown,n/a,False
bigbinary.com,https://bigbinary.com/blog/migrating-gumroad-from-requirejs-to-webpack,20210302163341,Migrating Gumroad from RequireJS to webpack | BigBinary Blog,1070,en,unknown,informational,True
bigbinary.com,https://bigbinary.com/blog/rails-7-adds-enumerable-sole,20210427084101,Rails 7 adds Enumerable#sole | BigBinary Blog,146,en,unknown,n/a,False
bigbinary.com,https://bigbinary.com/blog/configuring-pycharm-to-run-tests,20210506161318,Configuring Pycharm IDE to run a Robot Framework test | BigBinary Blog,89,en,unknown,n/a,False
aceup.com,https://blog.aceup.com/topic/resignation-letters,20201127110429,The AceUp Blog | Change Your Perspectives | resignation letters,301,en,unknown,informational,False
aceup.com,https://blog.aceup.com/caregiver-burnout-heres-a-proven-antidote,20210121115308,Experiencing Caregiver Burnout? Here’s A Proven Antidote,961,en,unknown,informational,True
aceup.com,https://blog.aceup.com/ideas-for-successful-team-building-activities-for-work,20210118112406,Ideas for Successful Team Building Activities for Work,802,en,unknown,informational,True
aceup.com,https://blog.aceup.com/5-concrete-ways-to-measure-your-learning-development-program,20210121105924,5 Concrete Ways to Measure Your Learning & Development Program,1232,en,unknown,informational,True
aceup.com,https://blog.aceup.com/coaching-business-sales-closing-techniques,20210925190837,"If You Have a Coaching Practice, These Sales Techniques Are For You",510,en,unknown,informational,True
corsicatech.com,https://www.corsicatech.com/blog/heather-mclarney-and-haley-montgomery-of-corsica-technologies-recognized-for-leadership-and-achievements-on-crns-2021-women-of-the-channel-list/,20210613194822,Leadership and Achievements on CRN’s 2021 Women of the Channel List,404,en,unknown,news_pr,False
corsicatech.com,https://www.corsicatech.com/blog/internet-of-things-iot-its-real-and-heres-why-you-should-care/,20200923223640,Internet of Things (IoT) - It's Real and Here's Why You Should Care - Corsica Technologies,892,en,pos,informational,True
corsicatech.com,https://www.corsicatech.com/blog/4-steps-for-surviving-the-windows-server-2003-end-of-support/,20200928061511,4 Steps for Surviving the Windows Server 2003 End of Support - Corsica Technologies,413,en,pos,informational,False
corsicatech.com,https://www.corsicatech.com/blog/difference-between-foundational-security-and-advanced-security/,20200804203032,Foundational Security VS Advanced Cybersecurity-Corsica Technologies,1656,en,pos,informational,True
corsicatech.com,https://www.corsicatech.com/blog/solutions-for-keyboardmouse-issues/,20200928043713,Solutions for Keyboard/Mouse issues - Corsica Technologies,596,en,unknown,informational,True
realmanage.com,https://blog.realmanage.com/en-us/9-habits-of-extremely-productive-community-association-managers,20220126103145,9 Habits of Extremely Productive Community Association Managers,928,en,unknown,informational,True
realmanage.com,https://blog.realmanage.com/en-us/5-ways-to-keep-your-hoas-financial-stability,20211109184712,5 Ways to Keep Your HOA's Financial Stability,586,en,pos,informational,True
realmanage.com,https://blog.realmanage.com/en-us/dealing-mold-community-association,20211018234754,Dealing with Mold in Your Community Association,620,en,unknown,informational,True
realmanage.com,https://blog.realmanage.com/association-rules-enforcement-pros-and-cons-of-assessing-fines,20190820233154,Association Rules Enforcement - Pros and Cons of Assessing Fines,616,en,unknown,informational,True
realmanage.com,https://blog.realmanage.com/announcements/topic/realmanage-employees,20190820222550,RealManage Announcements | RealManage Employees,186,en,neg,n/a,False
yensa.com,https://yensa.com/blogs/news/introducing-our-new-super-serum-silk-foundation,20220811130604,Introducing our NEW Super Serum Silk Foundation!,356,en,neg,news_pr_h,False
yensa.com,https://yensa.com/blogs/news/a-message-about-our-bc-foundation,20200810080552,A Message About Our BC Foundation,236,en,unknown,n/a,False
yensa.com,https://yensa.com/blogs/news/stopasianhate-heres-how-you-can-help,20210623232440,#STOPASIANHATE: Here's How You Can Help,247,en,unknown,n/a,False
yensa.com,https://yensa.com/blogs/news/summer-nighttime-makeup-routine,20220811110706,Summer Nighttime Makeup Routine,205,en,unknown,n/a,False
yensa.com,https://yensa.com/blogs/news/farnaz-esnaashari-charmatz-the-animator,20191120020242,Farnaz Esnaashari-Charmatz - The Animator,129,en,unknown,n/a,False
ruggedtabletpc.com,http://www.ruggedtabletpc.com/blog/bid/58441/Rugged-Tablet-PCs-vs-Other-Mobile-Devices,20110925162843,The Ruggedized Computing Blog,394,en,pos,informational,False
ruggedtabletpc.com,http://www.ruggedtabletpc.com/blog/bid/64820/Creating-a-Paperless-Supply-Chain-with-Rugged-Tablet-PC-Technology,20131006005403,Creating a Paperless Supply Chain with Rugged Tablet PC Technology,365,en,unknown,informational,False
ruggedtabletpc.com,http://www.ruggedtabletpc.com/blog/bid/101083/Rugged-Tablets-Can-Help-Save-Money-in-Supply-Chain-Part-I,20140420134724,Rugged Tablets Can Help Save Money in Supply Chain: Part I,637,en,unknown,informational,True
ruggedtabletpc.com,http://www.ruggedtabletpc.com/blog/bid/106182/Follow-the-New-and-Improved-MobileDemand-LinkedIn-Page,20150626101548,Follow the New and Improved MobileDemand LinkedIn Page,104,en,unknown,n/a,False
ruggedtabletpc.com,http://www.ruggedtabletpc.com/blog/bid/44082/Case-Study-NASCAR-Red-Bull-Racing-Team-Adopts-Tablet-PC-Solution,20141115085905,Case Study: NASCAR Red Bull Racing Team Adopts Tablet PC Solution,219,en,unknown,n/a,False
sheerid.com,https://www.sheerid.com/blog/companies-celebrate-veterans-day-with-special-offers-online-for-military-personnel/,20201031075341,Companies Celebrate Veterans Day with Special Offers,1097,en,unknown,news_pr,False
sheerid.com,https://www.sheerid.com/blog/4-ways-to-create-customer-loyalty-without-slashing-prices/,20200928194619,4 Ways to Create Customer Loyalty… without Slashing Prices,606,en,pos,informational,True
sheerid.com,https://www.sheerid.com/blog/alteryx-promotes-customer-loyalty-with-gated-offers-for-students-and-teachers/,20200810200706,Alteryx Promotes Customer Loyalty with Gated Offers,1215,en,unknown,case_study,False
sheerid.com,https://www.sheerid.com/blog/adweek-webinar-highlights-how-rothys-used-its-current-customers-to-acquire-new-ones/,20200924024815,Adweek Webinar: Rothy’s Uses Current Customers to Acquire New Ones,588,en,neg,news_pr_h,False
sheerid.com,https://www.sheerid.com/blog/enroll-at-dell-university-for-a-free-xbox/,20200815144444,"Enroll at Dell University for a Free Xbox, Here's How",336,en,unknown,informational,False
logicbroker.com,http://blog.logicbroker.com:80/blog/2013/04/25/what-is-an-edi-832,20180811132933,What is an EDI 832?,323,en,pos,informational,False
logicbroker.com,http://blog.logicbroker.com:80/blog/2016/11/15/best-practices-affiliate-marketing,20180409213510,Best Practices in Affiliate Marketing,653,en,pos,informational,True
logicbroker.com,https://blog.logicbroker.com/blog/2012/12/10/eliminate-manual-work-by-using-dynamics-gp-workflows,20190719235738,Eliminate manual work by using Dynamics GP workflows,826,en,unknown,informational,True
logicbroker.com,https://blog.logicbroker.com/blog/2018/01/09/jet-com-edi-integration,20190719235339,Jet.com EDI Integration,637,en,unknown,informational,True
logicbroker.com,https://blog.logicbroker.com/blog/2015/10/16/logicbroker-honored-2015-edi-solution-year,20190717093518,Logicbroker Honored as the 2015 EDI Solution of the Year,385,en,unknown,news_pr,False
hiverhq.com,http://hiverhq.com:80/blog/green-dinosaur-hiver-success-story/,20160317071457,Leave a Reply Cancel reply,853,en,unknown,news_pr,False
hiverhq.com,http://hiverhq.com:80/blog/email-writing-mistakes/,20170116141520,10 Writing Mistakes That Make Your Emails Ineffective,1300,en,unknown,informational,True
hiverhq.com,http://hiverhq.com:80/blog/hiver-now-automatically-adds-new-sent-emails-to-the-shared-mailboxes/,20170604020552,Hiver now automatically adds new sent emails to Shared Mailboxes,237,en,unknown,n/a,False
hiverhq.com,https://hiverhq.com/blog/how-hiver-helps-remote-teams-stay-connected,20200412171205,How Hiver helps remote teams stay connected,1148,en,unknown,informational,True
hiverhq.com,https://hiverhq.com/blog/customer-service-channels,20220125175204,Popular Customer Service Channels and How to Optimize Them,2753,en,pos,informational,True
marginedge.com,https://www.marginedge.com/blog/2020/06/19/bo-restaurant-sales-stats-10,20220516111848,Bright spots in the numbers!,328,en,unknown,informational,False
marginedge.com,https://www.marginedge.com/blog/2019/05/02/mixing-marginedge-with-barmetrix,20220518054230,Mixing MarginEdge with Barmetrix,317,en,unknown,news_pr,False
marginedge.com,https://www.marginedge.com/blog/2020/12/16/weekly-restaurant-sales-stats-17,20220516130845,Weekly Update,264,en,unknown,n/a,False
marginedge.com,https://www.marginedge.com/blog/2020/03/05/restaurant-sales-mn-february-2020,20220516120725,Restaurant Sales – MN – February 2020,134,en,unknown,n/a,False
marginedge.com,https://www.marginedge.com/blog/2020/11/17/weekly-restaurant-sales-stats-14,20220516123204,Weekly Update,162,en,unknown,n/a,False
ketoand.co,https://ketoand.co/blogs/news/keto-soup-recipes,20200921120525,Keto Soup Recipes You Need To Know About,2066,en,unknown,informational,True
ketoand.co,https://ketoand.co/blogs/recipes/keto-granola-and-yogurt-cups,20220325175606,Keto Granola and Yogurt Cups,255,en,unknown,n/a,False
ketoand.co,https://ketoand.co/blogs/recipes/keto-hot-cocoa-recipe-made-with-wondrose,20201031110413,Cozy Up to This Rich and Milky Keto Hot Cocoa Made with Wondrose,189,en,unknown,n/a,False
ketoand.co,https://ketoand.co/blogs/news/keto-101-avoid-these-7-keto-diet-mistakes,20200812071641,Keto 101: Avoid These 7 Keto Diet Mistakes,1052,en,unknown,informational,True
ketoand.co,https://ketoand.co/blogs/recipes/5-keto-friendly-holiday-appetizers-to-serve-all-winter-long,20201202213038,5 Keto Friendly Holiday Appetizers to Serve All Winter Long,846,en,unknown,informational,True
livestorm.co,https://livestorm.co/blog/4-podcasts-formats-to-inspire-your-next-webinar/,20191211070139,4 Podcasts Formats to Inspire your Next Webinar | Livestorm,1710,en,neg,news_pr_h,False
livestorm.co,https://livestorm.co/blog/virtual-conference-engagement-ideas,20220819162044,20 Virtual Conference Engagement Ideas to Impress your Audience,2119,en,neg,news_pr_h,False
livestorm.co,https://livestorm.co/blog/virtual-team-building,20211021123815,30 Fun Virtual Team Building Activities for Remote Teams | Livestorm,1753,en,unknown,informational,True
livestorm.co,https://livestorm.co/blog/automated-webinars/,20190823080458,Automated Webinars vs. Live Webinars | Livestorm,1119,en,neg,news_pr_h,False
currencycloud.com,https://blog.currencycloud.com/building-trust-in-apis-making-sure-your-relationships-are-secure,20220705160858,Building Trust in APIs - making sure your relationships are secure,536,en,unknown,informational,True
currencycloud.com,https://blog.currencycloud.com/navigating-financial-regulation-and-compliance-with-ease,20220519095243,Navigating financial regulation and compliance with ease - Currencycloud,349,en,unknown,informational,False
currencycloud.com,https://blog.currencycloud.com/helping-prepaid-card-companies-expand-globally,20220705214337,Helping prepaid card companies expand globally - Currencycloud,381,en,unknown,informational,False
currencycloud.com,https://blog.currencycloud.com/de/embedded-finance-cross-border-transactions,20220705002359,Eingebettete Finanzen: Grenzüberschreitende Transaktionen,1140,de,unknown,n/a,False
currencycloud.com,https://blog.currencycloud.com/entropy-and-saas-metrics,20220705153111,Entropy and SaaS metrics - Currencycloud,395,en,unknown,opinion_essay,False
bearaby.com,https://bearaby.com/blogs/the-lay-low/what-causes-snoring,20220924172943,What Causes Snoring and How to Stop it?,996,en,pos,informational,True
bearaby.com,https://bearaby.com/blogs/the-lay-low/twitching-when-falling-asleep-anxiety,20220522043148,Why Do I Twitch as I'm Falling Asleep?,1063,en,pos,informational,True
bearaby.com,https://bearaby.com/blogs/the-lay-low/sleep-and-aging,20220924160259,Importance of Sleep for Healthy Aging,1283,en,unknown,informational,True
bearaby.com,https://bearaby.com/blogs/the-lay-low/raising-awareness-about-mental-health-with-nami-advice-for-everyone,20200804075442,Raising Awareness About Mental Health with NAMI: Advice for Everyone,1312,en,unknown,informational,True
bearaby.com,https://bearaby.com/blogs/the-lay-low/how-to-sleep-while-traveling,20210920060930,How To Sleep Better When Your Traveling,924,en,pos,informational,True
symplr.com,https://www.symplr.com/blog/how-hospital-supply-chain-leaders-can-thrive-in-a-virtual-environment,20210116095032,How Hospital Supply Chain Leaders Can Thrive in a Virtual Environment,1236,en,unknown,informational,True
symplr.com,http://www.symplr.com:80/blog/change-management-understanding-the-emotional-impact-of-new-technology-in-the-workplace,20160725145401,Change Management: Understanding the Emotional Impact of New Technology in the Workplace,853,en,unknown,informational,True
symplr.com,http://www.symplr.com/blog/medical-service-professionals-natural-born-leaders,20171119163408,MSPs: Natural Born Leaders,515,en,unknown,opinion_essay,False
symplr.com,https://www.symplr.com/blog/multidisciplinary-collaboration-healthcares-secret-weapon,20211228213423,Multidisciplinary Collaboration: Healthcare’s Secret Weapon | symplr,851,en,unknown,informational,True
symplr.com,http://www.symplr.com:80/blog/fundamentals-of-fppe/oppe-for-allied-healthpros-part-1,20151115060959,"Fundamentals of FPPE/OPPE for Allied HealthPros, Part 1",789,en,unknown,informational,True
knowbe4.com,https://blog.knowbe4.com/2021-phishing-impersonation-attack-trends-2021,20220309212514,Phishing Impersonation and Attack Trends in 2021,326,en,unknown,informational,False
knowbe4.com,http://blog.knowbe4.com/2011/09/29/cyberheistnews-12/,20111008085252,CyberheistNews #12,154,en,unknown,n/a,False
knowbe4.com,https://blog.knowbe4.com/35-of-all-security-incidents-are-business-email-compromise-phishing-attacks,20210629180826,35% of All Security Incidents are Business Email Compromise Phishing Attacks,310,en,unknown,informational,False
knowbe4.com,https://blog.knowbe4.com/1-in-3-it-organizations-have-no-cyberattack-incident-response-plan,20211019122822,1 in 3 IT Organizations Have no Cyberattack Incident Response Plan,294,en,unknown,n/a,False
knowbe4.com,https://blog.knowbe4.com/6-advanced-email-phishing-attacks,20210316150432,6 Advanced Email Phishing Attacks,2133,en,unknown,informational,True
correctivechiropractic.com,https://www.correctivechiropractic.com/blog/corrective-chiropractic-6th-atlantas-healthiest-employers-2018/,20190920225132,Corrective Chiropractic: 6th Atlanta's Healthiest Employers 2018,275,en,unknown,n/a,False
correctivechiropractic.com,http://correctivechiropractic.com/blog/amazing-healthy-lunch-recipe/,20160519183223,Amazing healthy lunch recipe!,290,en,unknown,n/a,False
correctivechiropractic.com,https://www.correctivechiropractic.com/blog/top-healing-benefits-chiropractic-care-infants/,20200806213050,The Top Healing Benefits of Chiropractic Care for Infants,577,en,unknown,informational,True
correctivechiropractic.com,https://www.correctivechiropractic.com/blog/celebrating-community-for-the-holidays/,20210308123359,Celebrating Community for the Holidays,310,en,unknown,culture_hiring,False
correctivechiropractic.com,http://correctivechiropractic.com/blog/14-5-crossfit-open-tips-strategies/,20160519025805,14.5 Crossfit Open Tips and Strategies,264,en,unknown,n/a,False
code42.com,https://www.code42.com/blog/cto-insights-how-to-scale-an-insider-threat-program-with-a-remote-workforce/,20201021110903,CTO Insights: How to Scale an Insider Threat Program with a Remote Workforce | Code42,339,en,pos,informational,False
code42.com,https://www.code42.com/blog/insider-threat-slips-through-microsoft-systems-as-employees-expose-login-credentials-on-github/,20221003111637,Insider Threat Slips Through Microsoft Systems as Employees Expose Login Credentials on GitHub,414,en,unknown,opinion_essay,False
code42.com,https://www.code42.com/blog/insights-from-the-2019-cyberthreat-defense-report/,20201021105942,Insights From the 2019 Cyberthreat Defense Report | Code42,691,en,unknown,informational,True
code42.com,https://www.code42.com/blog/a-day-in-the-life-with-instructional-designer-and-trainer-courtney-ault/,20220829151903,A Day in the Life With An Instructional Designer at Code42,625,en,unknown,culture_hiring,False
youraspire.com,https://www.youraspire.com/blog/new-aspire-website-redesign,20211027172408,New Aspire website redesign,10,other,unknown,n/a,False
youraspire.com,https://www.youraspire.com/blog/7-questions-to-identify-the-best-subcontractors,20210708160523,7 questions to identify the best subcontractors,10,other,pos,n/a,False
youraspire.com,https://www.youraspire.com/blog/built-for-you-new-site-audit-enhancements-in-aspire,20221026140055,Built for you: New site audit enhancements in Aspire,10,other,unknown,n/a,False
youraspire.com,https://www.youraspire.com/blog/eliminating-the-leadership-bottleneck,20211203074822,Eliminating the leadership bottleneck in your landscape business,10,other,unknown,n/a,False
youraspire.com,https://www.youraspire.com/blog/start-with-the-customer-to-get-technology-right,20210928220751,Selecting landscape CRM software: Start with the customer,10,other,unknown,n/a,False
drsquatch.com,https://drsquatch.com/blogs/all-blog-posts/the-top-5-zombie-movies-of-all-time,20211128172043,The Top 5 Zombie Movies of All Time,376,en,pos,informational,False
drsquatch.com,https://drsquatch.com/blogs/all-blog-posts/weird-nature-crazy-nature-facts,20220116221304,"Weird Nature | Faking Death to Avoid Sex, Huge Whale Farts & More",726,en,unknown,informational,True
kipsu.com,https://www.kipsu.com/blog/driving-better-patient-outcomes-with-digital-messaging,20220929050109,Driving better patient outcomes with digital messaging | Kipsu,598,en,unknown,informational,True
kipsu.com,https://kipsu.com/blog/pah-management-chooses-kipsu-as-their-real-time-engagement-provider/,20200805160119,PAH Management Chooses Kipsu as Their Real-Time Engagement Provider,482,en,unknown,news_pr,False
kipsu.com,https://www.kipsu.com/blog/5-ways-kipsu-drives-hotel-efficiency,20210731154209,5 Ways Kipsu Drives Hotel Efficiency | Kipsu,699,en,pos,informational,True
kipsu.com,https://kipsu.com/blog/kipsuvian-spotlight-matthew-timmons/,20200801085633,Kipsuvian Spotlight: Matthew Timmons,1162,en,unknown,culture_hiring,False
kipsu.com,https://kipsu.com/blog/lyndsie-lubek-joins-kipsu-0-0/,20210410182104,Lyndsie Lubek Joins Kipsu!,286,en,neg,n/a,False
cascade.app,https://www.cascade.app/blog/kpis-customer-service-teams,20210117070116,Customer Service KPIs - The Key Metrics To Track,1536,en,unknown,informational,True
cascade.app,https://www.cascade.app/blog/gap-analysis,20210117062407,Gap Analysis: Guide and Template,2435,en,pos,informational,True
cascade.app,https://www.cascade.app/blog/transitioning-your-strategic-plan,20210518130118,Transitioning Your Strategic Plan,1944,en,unknown,informational,True
cascade.app,https://www.cascade.app/blog/strategy-risk-guide,20220109025025,How to Manage Strategic Risk for Organizational Success,3042,en,pos,informational,True
cascade.app,https://www.cascade.app/blog/how-to-share-and-get-feedback-about-your-strategy,20220528135135,How to share and get feedback about your strategy,1371,en,pos,informational,True
cariloha.com,https://www.cariloha.com/blog/cariloha-gives-back/,20200811002810,"Cariloha Gives Back - Blog, News, and Updates | Cariloha",275,en,unknown,n/a,False
cariloha.com,https://www.cariloha.com/blog/fashion-trend-for-men/,20200921121730,"Fashion Trend for Men - Blog, News, and Updates | Cariloha",491,en,unknown,informational,False
cariloha.com,https://www.cariloha.com/blog/cariloha-weekend-party-list-happy-aviation-day/,20200919175847,"Cariloha Weekend Party List - Happy Aviation Day! - Blog, News, and Updates | Cariloha",374,en,unknown,informational,False
cariloha.com,https://www.cariloha.com/blog/redbook-includes-cariloha-bamboo-bath-home-gifts-everyone-will-love/,20210121121454,Redbook includes Cariloha Bamboo Bath for Home Gifts Everyone Will Love,231,en,unknown,n/a,False
cariloha.com,https://www.cariloha.com/blog/best-bamboo-gifts-holidays/,20201024232005,Best Bamboo Gifts for the Holidays,593,en,pos,informational,True
autorabit.com,https://www.autorabit.com/blog/7-tips-for-a-getting-the-most-from-code-scanning-tools/,20220106204720,WEBINAR : Becoming a Salesforce Release Automation Superstar. Register now,951,en,neg,news_pr_h,False
autorabit.com,https://www.autorabit.com/blog/8-common-salesforce-security-mistakes-that-put-you-at-risk/,20211208155816,8 Common Salesforce Security Mistakes That Put You at Risk - AutoRABIT,954,en,unknown,informational,True
autorabit.com,https://www.autorabit.com/blog/what-are-salesforce-change-sets/,20220129110410,What Are Salesforce Change Sets? - AutoRABIT,916,en,pos,informational,True
autorabit.com,https://www.autorabit.com/blog/7-salesforce-security-concerns-relating-to-metadata/,20211203095804,7 Salesforce Security Concerns Relating to Metadata - AutoRABIT,1011,en,unknown,informational,True
autorabit.com,https://www.autorabit.com/blog/welcome-to-the-autorabit-academy/,20211203093632,Welcome to the AutoRABIT Academy! - AutoRABIT,441,en,neg,news_pr_h,False
starburst.io,https://www.starburst.io/blog/going-from-data-driven-to-insights-driven-with-a-sql-query-engine/,20221025154812,Going from Data-Driven to Insights-Driven with a SQL Query Engine,673,en,unknown,informational,True
starburst.io,https://www.starburst.io/blog/the-future-of-analytics-in-conversation-with-matt-fuller/,20220703021654,The Future of Analytics: In Conversation With Matt Fuller,1040,en,unknown,informational,True
starburst.io,https://www.starburst.io/blog/starburst-stargate-the-final-frontier-in-analytics-anywhere/,20221004224551,Starburst Stargate: The Final Frontier in Analytics Anywhere,793,en,unknown,product_announcement,False
starburst.io,https://www.starburst.io/blog/data-mesh-tv-better-business-results-storytelling-with-the-data-whisperer/,20220803211746,Data Mesh TV: Better Business Results & Storytelling with The Data Whisperer,499,en,unknown,informational,False
starburst.io,https://www.starburst.io/blog/data-mesh-tv-international-data-management-standards/,20220607163601,Data Mesh TV: Leveraging International Data Management Standards In Your Data Mesh | Starburst,747,en,unknown,informational,True
winelivery.com,https://blog.winelivery.com/2018/07/20/winelivery-approda-a-bergamo/,20190915063958,Winelivery approda a Bergamo!,377,it,unknown,n/a,False
winelivery.com,https://blog.winelivery.com/2019/04/09/prosecco-e-champagne-la-differenza-e-solo-nel-prezzo/,20190819021721,Prosecco e Champagne: la differenza è solo nel prezzo?,612,it,unknown,n/a,False
winelivery.com,https://blog.winelivery.com/2020/05/08/bosco-albano-il-profumo-della-tradizione/,20200805184906,BOSCO ALBANO: UNA BELLA STORIA DI VINO E PASSIONE,359,it,unknown,n/a,False
winelivery.com,https://blog.winelivery.com/2017/06/18/fashion-week-fashion-wine/,20191210111813,"Fashion week, Fashion wine!",335,it,unknown,n/a,False
winelivery.com,http://blog.winelivery.com:80/2018/03/30/trasforma-il-tuo-vino-bianco-in-champagne/,20181108055149,Winelivery ti consiglia come trasformare il tuo vino bianco in Champagne!,499,it,unknown,n/a,False
triaxtec.com,https://www.triaxtec.com/blog/technology/2017-year-in-review/,20201001191126,2017 Year in Review - Triax Technologies,86,en,unknown,n/a,False
triaxtec.com,https://www.triaxtec.com/blog/3-key-elements-to-making-a-covid-safe-workspace/,20220121053548,3 Key Elements To Making A COVID-Safe Workspace,458,en,unknown,informational,False
triaxtec.com,https://www.triaxtec.com/blog/toolbox-talks/installation-identification-insurance/,20200810052243,"The 3 I's of Installation, Identification, and Insurance",642,en,unknown,informational,True
triaxtec.com,https://www.triaxtec.com/blog/toolbox-talks/triax-celebrates-safety-week-2018-what-is-your-safety-pledge/,20201001201010,Triax Celebrates Safety Week 2018: What is Your Safety Pledge?,395,en,pos,culture_hiring,False
triaxtec.com,https://www.triaxtec.com/blog/toolbox-talks/electrostatic-discharge-safety/,20200809104027,Toolbox Talk: Electrostatic Discharge and Safety Equipment on the Jobsite,799,en,unknown,informational,True
intekfreight-logistics.com,https://blog.intekfreight-logistics.com/logistics-service-provider-lsp-defined,20190718200015,Logistics Service Provider (LSP) Defined in 100 Words,149,en,unknown,n/a,False
intekfreight-logistics.com,https://blog.intekfreight-logistics.com/freight-logistics-and-supply-chain-trends-2022,20220106220250,Logistics and Supply Chain Trends: 2022 and Beyond,1009,en,unknown,informational,True
intekfreight-logistics.com,https://blog.intekfreight-logistics.com/advantages-of-outsourcing-your-freight-to-an-lsp,20190718193139,Advantages of Outsourcing Your Freight Logistics to an LSP,1144,en,unknown,informational,True
intekfreight-logistics.com,https://blog.intekfreight-logistics.com/benefits-of-intermodal-transportation,20200809114847,Benefits of Intermodal Transportation. (Beyond the Typical List),1299,en,unknown,informational,True
intekfreight-logistics.com,https://blog.intekfreight-logistics.com/harmonized-tariff-schedule-hts-classification-system-explained,20191020214248,Harmonized Tariff Schedule (HTS) Classification System Explained,667,en,pos,informational,True
drinksupercoffee.com,https://drinksupercoffee.com/blog/positive-energy-in-action/,20210417105911,Positive Energy In Action | Super Coffee,43,en,unknown,n/a,False
drinksupercoffee.com,https://drinksupercoffee.com/blog/nutrition/l-theanine-pros-and-cons/,20210803071909,L-Theanine Pros And Cons: Benefits And Side Effects | Super Coffee,2038,en,unknown,informational,True
drinksupercoffee.com,https://drinksupercoffee.com/blog/nutrition/benefits-of-black-coffee,20210911050454,The Many Benefits Of Black Coffee – Other Than Staying Awake | Super Coffee,2783,en,unknown,informational,True
drinksupercoffee.com,https://drinksupercoffee.com/blog/nutrition/pea-protein-our-unique-plant-based-blend-thats-worth/,20210417111235,Pea Protein: Our Unique Plant-Based Blend That’s Worth The Hype | Super Coffee,418,en,unknown,informational,False
drinksupercoffee.com,https://drinksupercoffee.com/blog/nutrition/is-keto-safe,20220520175601,Is Keto Safe? Short- And Long-Term Risks Of The Keto Diet | Super Coffee,1830,en,unknown,informational,True
welltok.com,https://blog.welltok.com/5-takeaways-from-business-group-health-and-fidelity-about-wellbeing-programs-after-covid-19,20210707202124,5 Takeaways from Business Group on Health and Fidelity about Wellbeing Programs after COVID-19,678,en,unknown,informational,True
welltok.com,https://blog.welltok.com/opioid-addiction-its-time-to-act,20190921181220,Opioid Addiction: It’s Time to Act,491,en,unknown,informational,False
welltok.com,https://blog.welltok.com/welltok-solutions-the-multi-hyphenate-you-want-in-your-corner,20211102232504,Welltok Solutions: The Multi-Hyphenate You Want in Your Corner,490,en,unknown,news_pr,False
welltok.com,https://blog.welltok.com/6-tips-for-remote-managing-teams-from-wfh-veterans,20201022184204,6 Tips for Remote Managing Teams from WFH Veterans,113,en,pos,n/a,False
welltok.com,https://blog.welltok.com/ovum-puts-welltok-on-the-radar-in-new-analyst-report,20190818015457,"OVUM puts Welltok ""On The Radar"" in new analyst report",285,en,unknown,n/a,False
craftcoffee.com,http://blog.craftcoffee.com/post/47724845072/tanzanian-coffee-plantation-via-rjones0856,20150920025639,craftcoffee,30,en,unknown,n/a,False
craftcoffee.com,http://blog.craftcoffee.com:80/post/18913393104/craft-coffee-featured-on-time-com,20120425044618,Craft Coffee featured on TIME.com,299,en,unknown,n/a,False
craftcoffee.com,http://blog.craftcoffee.com:80/post/19961143129/craft-coffee-cats,20120501232908,Craft Coffee Cats,22,en,unknown,n/a,False
craftcoffee.com,http://blog.craftcoffee.com/post/22196223920/pro-tip-tuesday-imbibe-magazine-keeps-it-simple,20120625160441,Pro-Tip Tuesday: Imbibe Magazine keeps it simple!,268,en,unknown,n/a,False
craftcoffee.com,http://blog.craftcoffee.com:80/post/25435596334/pro-tip-tuesday-filter-out-the-nasties,20120705235123,Pro-Tip Tuesday: Filter Out the Nasties,141,en,unknown,n/a,False
rtgmedical.com,https://blog.rtgmedical.com/2016/10/31/rtg-medical-adds-frank-madrigal-as-division-manager/,20220930070052,RTG Medical Adds Frank Madrigal as Division Manager - RTG Medical's Blog,98,en,unknown,n/a,False
rtgmedical.com,https://blog.rtgmedical.com/2018/08/17/rtg-medical-selected-as-one-of-inc-5000-magazines-fastest-growing-companies/,20220930053437,RTG Medical Selected as One of Inc. 5000 Magazine's Fastest Growing Companies - RTG Medical's Blog,396,en,unknown,news_pr,False
rtgmedical.com,https://blog.rtgmedical.com/2022/11/23/managing-anxiety-in-an-ever-changing-field/,20221123184049,Managing anxiety in an ever-changing field - RTG Medical's Blog,552,en,unknown,informational,True
rtgmedical.com,https://blog.rtgmedical.com/2018/05/29/may-a-month-of-spring-showers-new-hires/,20220930052724,May: a Month of Spring Showers & New Hires! - RTG Medical's Blog,549,en,unknown,culture_hiring,False
rtgmedical.com,https://blog.rtgmedical.com/2018/02/02/living-like-a-local-while-traveling-in-dallas/,20220930072118,Living Like a Local While Traveling in Dallas - RTG Medical's Blog,441,en,unknown,informational,False
privy.com,https://www.privy.com/blog/2017/1/win-at-personalized-ecommerce-marketing,20190705210234,How to Build an Email List,967,en,pos,informational,True
privy.com,https://www.privy.com/blog/2018/1/how-dormify-stays-nimble-for-an-ever-changing-audience-with-lauren-from-dormify,20190715164934,How Dormify Stays Nimble for an Ever-Changing Audience with Lauren from Dormify,828,en,unknown,case_study,False
privy.com,https://www.privy.com/blog/2018/3/free-resources-you-need-to-get-smart-and-jumpstart-your-ecommerce-business,20190713200905,Free Resources To Get Smart and Jumpstart Your Ecommerce Business,585,en,unknown,informational,True
privy.com,https://www.privy.com/blog/2017/5/five-reasons-not-to-have-pop-ups-on-your-website-de-bunked,20190701210524,Five Reasons NOT to Have Pop-ups on Your Website (De-bunked),389,en,unknown,informational,False
privy.com,https://www.privy.com/blog/2018/1/why-you-should-always-use-an-autoresponder-email-with-discounts,20190702023522,Why You Should Always Use an Autoresponder Email with Discounts,896,en,pos,informational,True
bookkeeper360.com,https://bookkeeper360.com/blog/2018/04/19/what-is-a-xero-advisor/,20190822113928,What is a Xero Advisor? | Bookkeeper360,358,en,pos,informational,False
bookkeeper360.com,https://bookkeeper360.com/blog/how-to-connect-financial-data-to-business-goals-1/,20210120194919,How to Connect Financial Data to Business Goals | Bookkeeper360,1101,en,pos,informational,True
bookkeeper360.com,https://bookkeeper360.com/blog/top-10-ways-to-create-a-millennial-friendly-environment/,20210423020908,Top 10 Ways to Create a Millennial-Friendly Environment | Bookkeeper360,619,en,pos,informational,True
bookkeeper360.com,https://bookkeeper360.com/blog/categories/client-testimonials/,20190718135818,Bookkeeper360: Xero Accounting & Bookkeeping Solution | Bookkeeper360,105,other,unknown,n/a,False
bookkeeper360.com,https://bookkeeper360.com/blog/2017/08/20/what-is-xero-and-how-can-business-owners-benefit-from-it/,20191208084741,What is Xero and How Can Business Owners Benefit from It? | Bookkeeper360,798,en,pos,informational,True
endado.com,http://www.endado.com:80/blog/sistema-de-frenado-autonomo-aeb/,20140907010042,Sistema de frenado autónomo: AEB - El blog de endado.com,424,es,unknown,n/a,False
endado.com,http://www.endado.com:80/blog/protege-el-coche-del-calor-y-evita-averias/,20140901115731,Protege el coche del calor y evita averías,290,es,unknown,n/a,False
endado.com,http://www.endado.com/blog/coches-en-los-que-murieron-famosos-ii/,20160801090428,Coches en los que murieron famosos (II) - El blog de endado.com,293,es,unknown,n/a,False
endado.com,http://www.endado.com/blog/cuanto-dinero-cuesta-sacarse-el-carne-de-conducir/,20140130074936,¿Cuánto dinero cuesta sacarse el carné de conducir? - El blog de endado.com,466,es,unknown,n/a,False
endado.com,http://www.endado.com/blog/frase-celebre-de-carlos-sainz/,20140130031434,Frase célebre de Carlos Sainz - El blog de endado.com,369,es,unknown,n/a,False
ndreams.com,https://www.ndreams.com/blog/2015/meet-dimensional/,20190826060845,Meet ‘Dimensional’ - VR Competition Winner,576,en,neg,news_pr_h,False
ndreams.com,http://www.ndreams.com:80/blog/2017/shooty-fruity-the-tools-of-the-trade/,20171223021628,Shooty Fruity – The Tools of the Trade,777,en,unknown,product_announcement,False
ndreams.com,https://www.ndreams.com/blog/2019/a-day-in-the-life-of-recruitment/,20190718012700,A Day In The Life Of... Recruitment,709,en,unknown,culture_hiring,False
ndreams.com,http://www.ndreams.com:80/blog/2016/we-are-building-an-app-for-daydream,20160522182402,nDreams making VR apps for Daydream,304,en,unknown,news_pr,False
ndreams.com,https://www.ndreams.com/blog/2015/virtual-reality-and-the-e3-expo-the-aftermath/,20190718013339,Virtual Reality & the E3 Expo: The Aftermath,503,en,unknown,informational,True
patternlife.com,https://www.patternlife.com/blog/digging-into-your-disability-insurance-meeting,20210618062834,Digging Into Your Disability Insurance Meeting | Pattern Life,267,en,unknown,n/a,False
patternlife.com,https://www.patternlife.com/blog/how-do-i-get-a-physician-disability-insurance-policy,20201028113109,How to get disability insurance easily as a doctor with Pattern,425,en,pos,informational,False
patternlife.com,https://www.patternlife.com/blog/financial-planning/practical-wellness-definition,20190722170547,Practical Wellness Definition,612,en,pos,informational,True
patternlife.com,https://www.patternlife.com/blog/a-financial-planning-checklist,20210421065914,A Financial Planning Checklist | Pattern,762,en,pos,informational,True
patternlife.com,https://www.patternlife.com/blog/what-companies-provide-disability-insurance-doctors,20200925154331,What Companies Provide Disability Insurance for Doctors?,125,en,unknown,n/a,False
agilethought.com,http://agilethought.com:80/blog/articles/extreme-team-building-through-200-mile-relay,20150323014718,Extreme Team Building Through 200 Mile Relay,626,en,unknown,culture_hiring,False
agilethought.com,https://agilethought.com/blog/articles/backlog-refinement-crucial-for-agile-planning/,20190722202824,5 Reasons Why Backlog Refinement is Crucial for Agile Planning | AgileThought,914,en,pos,informational,True
agilethought.com,https://agilethought.com/blog/articles/chris-spagnuolo-new-principal-product-consultant/,20190722202812,Chris Spagnuolo Joins AgileThought as Principal Product Consultant | AgileThought,430,en,neg,news_pr_h,False
agilethought.com,https://agilethought.com/blog/articles/3-tips-new-scrum-masters-successful/,20190722202654,3 Tips for New Scrum Masters to be Successful | AgileThought,1104,en,pos,informational,True
agilethought.com,https://agilethought.com/blog/articles/agilethought-recognized-inc-5000-list-twelfth-consecutive-year/,20190824022753,AgileThought Recognized on Inc. 5000 List for Twelfth Consecutive Year | AgileThought,495,en,unknown,news_pr,False
barebonesbroth.com,https://www.barebonesbroth.com/blogs/recipes/beefy-roasted-potato-wedges,20220625112924,Beefy Roasted Potato Wedges,234,en,unknown,n/a,False
barebonesbroth.com,https://www.barebonesbroth.com/blogs/recipes/oven-fried-lemon-pepper-party-wings,20220625103038,Oven-fried Lemon Pepper Party Wings,312,en,unknown,informational,False
barebonesbroth.com,https://www.barebonesbroth.com/blog/happy-easter-10-off-this-weekend-only-no-coupon-necessary/,20150522143454,Happy Easter! 10% Off This Weekend Only (No Coupon Necessary) - Bare Bones Broth,80,en,unknown,n/a,False
barebonesbroth.com,https://www.barebonesbroth.com/blogs/recipes/truffle-and-herb-mashed-potatoes,20220516112944,Truffle and Herb Mashed Potatoes,209,en,unknown,n/a,False
barebonesbroth.com,https://www.barebonesbroth.com/blog/bare-bones-broth-2015-holiday-shipping-schedule/,20151124154529,Bare Bones Broth 2015 Holiday Shipping Schedule - Bare Bones Broth,246,en,unknown,n/a,False
circleci.com,https://circleci.com/blog/automate-and-scale-your-ci-cd-with-circleci-orbs/,20210610102730,Automate and scale your CI/CD with CircleCI orbs,838,en,unknown,informational,True
circleci.com,http://circleci.com/blog/check-out-circleci-at-developerweek-2016/,20180119055135,Check Out CircleCI at DeveloperWeek 2016,334,en,unknown,culture_hiring,False
circleci.com,https://circleci.com/blog/circleci-config-teardown-how-we-write-our-circleci-config-at-circleci/,20191101031017,CircleCI config teardown: How we write our CircleCI config at CircleCI,2935,en,unknown,informational,True
circleci.com,https://circleci.com/blog/aws-ecr-auth-support/,20170912013044,AWS EC2 Container Registry (ECR) Support,500,en,unknown,product_announcement,False
circleci.com,http://circleci.com/blog/a-few-quick-links-aug-12-edition/,20180121011630,"A few quick links, Aug 12 edition",128,en,unknown,n/a,False
appwinit.com,http://blog.appwinit.com:80/finally-some-good-news-nyc-traffic-fatalities-drop-for-third-year-in-a-row/,20180724143049,Finally Some Good News: NYC Traffic Fatalities Drop For Third Year In A Row,333,en,unknown,informational,False
appwinit.com,https://blog.appwinit.com/nys-motorcycle-laws/,20210612005255,NYS Motorcycle Laws | WinIt App,2240,en,unknown,informational,True
appwinit.com,https://blog.appwinit.com/fire-hydrant-tickets-in-texas/,20220908085535,Fire Hydrant Tickets in Texas | WinIt App,1063,en,unknown,informational,True
appwinit.com,https://blog.appwinit.com/driving-on-the-shoulder-ny/,20220601084300,Driving on the Shoulder NY | WinIt App,962,en,unknown,informational,True
appwinit.com,https://blog.appwinit.com/texas-child-seat-belt-laws/,20220921153711,Texas Child Seat Belt Laws | WinIt App,975,en,unknown,informational,True
computersolutionseast.com,https://www.computersolutionseast.com/blog/cloud-solutions/changing-it-infrastructure-in-cloud-world-to-stay-ahead/,20211017082708,IT Operating model in Cloud | computersolutionseast,891,en,unknown,informational,True
computersolutionseast.com,https://www.computersolutionseast.com/blog/cloud-service/impact-of-cloud-service-providers-csps-in-healthcare-is-revolutionary/,20210903201256,Managed Cloud Service Providers | computersolutionseast,983,en,unknown,informational,True
computersolutionseast.com,https://www.computersolutionseast.com/blog/cloud-solutions/cloud-modernization-must-start-with-well-planned-data-migration/,20210324193320,Cloud Application Modernization | computersolutionseast,666,en,unknown,informational,True
computersolutionseast.com,https://www.computersolutionseast.com/blog/cloud-solutions/what-will-cloud-security-look-like-in-3-years/,20201222235813,Cybersecurity Experts | Cloud Security in 3 years future | computersolutionseast,710,en,unknown,informational,True
computersolutionseast.com,https://www.computersolutionseast.com/blog/automation/7-reasons-every-smb-needs-marketing-automation/,20210615024858,Marketing automation service provider | SMB | computersolutionseast,708,en,pos,informational,True
leandna.com,https://www.leandna.com/blog/press-release-built-in-austin-bptw-2021/,20210113194522,Jamey Heinze Joins LeanDNA as Senior Vice President of Marketing,785,en,neg,news_pr_h,False
leandna.com,https://www.leandna.com/blog/press-release-inc-5000-ranks-leandna-27/,20200803201356,LeanDNA Ranks No. 27 on the Inc. 5000 Series: Texas,545,en,neg,news_pr_h,False
leandna.com,https://www.leandna.com/blog/leandnalist-ben-galka-terumo-bct/,20200803210233,LeanDNA-List: Ben Galka from Terumo,392,en,unknown,case_study,False
leandna.com,https://www.leandna.com/blog/tuneup-erp-plan-every-part-pfep/,20190823225222,PFEP (Plan For Every Part): Optimize Your Entire Supply Chain,1414,en,unknown,informational,True
leandna.com,https://www.leandna.com/blog/leandna-thriveglobal-5-startup-strategies/,20190823224621,LeanDNA in the News: 5 Startup Strategies with ThriveGlobal,192,en,unknown,n/a,False
letstalkinteractive.com,https://letstalkinteractive.com/blog/is-zoom-hipaa-compliant,20210112192358,Is Zoom HIPAA Compliant?,567,en,unknown,informational,True
letstalkinteractive.com,https://letstalkinteractive.com/blog/press-release-lets-talk-interactive-welcomes-caitlin-wolf-as-vp-of-marketing,20210616063356,Press Release: Let’s Talk Interactive Welcomes Caitlin Wolf as VP of…,423,en,neg,news_pr_h,False
letstalkinteractive.com,https://letstalkinteractive.com/blog/world-mental-health-day-how-virtual-care-benefits-behavioral-health,20221010112256,World Mental Health Day - How Virtual Care Benefits Behavioral Health,833,en,unknown,informational,True
letstalkinteractive.com,https://letstalkinteractive.com/blog/press-release-lets-talk-interactive-partners-with-arkos-health-to-improve-care-for-senior-living-residents,20211104174922,Press Release: Let’s Talk Interactive Partners with Arkos Health to…,538,en,neg,news_pr_h,False
letstalkinteractive.com,https://letstalkinteractive.com/blog/bringing-hope-to-jorge-in-boqueron,20220516204912,Bringing Hope to Jorge in Boqueron,218,en,unknown,n/a,False
spotangels.com,https://www.spotangels.com/blog/new-orleans-monthly-parking-guide/,20201001051634,2020 New Orleans Monthly Parking Map & Deals - SpotAngels,367,en,pos,informational,False
spotangels.com,https://www.spotangels.com/blog/detroit-monthly-parking-guide/,20201001050720,2020 Detroit Monthly Parking Map & Deals - SpotAngels,373,en,pos,informational,False
spotangels.com,https://www.spotangels.com/blog/alternate-side-parking-nyc-explanations/,20190727092039,"Alternate Side Parking NYC Rules, 2019 Map & Suspension Calendar!",804,en,unknown,informational,True
spotangels.com,https://www.spotangels.com/blog/cheap-parking-rockefeller-center/,20220819193937,Parking Near Rockefeller Center- The 2022 Ultimate Guide,239,en,pos,n/a,False
spotangels.com,https://www.spotangels.com/blog/ultimate-guide-to-brooklyn-parking/,20210419040509,The Ultimate Guide to Brooklyn Parking - 2021 - SpotAngels,162,en,pos,n/a,False
colemanfurniture.com,http://www.colemanfurniture.com:80/blog/2008/03/i-just-got-new-big-screen-tv-but-it.asp,20081011041155,Online Furniture,254,en,unknown,n/a,False
colemanfurniture.com,http://www.colemanfurniture.com:80/blog/2008/04/i-need-computer-desk-to-squeeze-into-my.asp,20081010004542,Online Furniture,249,en,unknown,n/a,False
colemanfurniture.com,http://www.colemanfurniture.com:80/blog/2007/11/i-dont-have-separate-bedroom-in-my.asp,20071213093012,Coleman Furniture,212,en,unknown,n/a,False
geturns.com,https://www.geturns.com/blogs/news/cremation-jewelry-the-origins-and-purpose-of-jewelry-in-mourning,20200921164047,Cremation Jewelry - The Origins and Purpose of Jewelry in Mourning,788,en,unknown,informational,True
geturns.com,https://www.geturns.com/blogs/news/what-are-the-5-major-ideas-for-an-end-of-life-plan,20220808210014,What are the 5 Major Ideas for An End-of-life Plan?,1139,en,pos,informational,True
geturns.com,https://www.geturns.com/blogs/news/everything-you-need-to-know-to-host-an-online-memorial-for-your-loved-one,20210412214910,Hosting an Online Memorial for Your Loved One,854,en,unknown,informational,True
geturns.com,https://www.geturns.com/blogs/news/finding-the-right-size-cremation-urn,20201029131209,Finding the Right Size Cremation Urn,1250,en,unknown,informational,True
geturns.com,https://www.geturns.com/blogs/news/how-choose-the-right-cremation-ash-pendants-for-you,20200927080952,How to Choose the Right Cremation Ash Pendants for You,388,en,pos,informational,False
blueorangegames.com,http://blueorangegames.com:80/blog/marketing-sales-tips-small-businesses-finale/,20151217222223,Marketing and Sales Tips for Small Businesses – Finale - Blue Orange Games Blog,452,en,unknown,informational,False
blueorangegames.com,http://blueorangegames.com:80/blog/why-you-should-tease-your-brain/,20170615103541,Why You Should Tease Your Brain - Blue Orange Games Blog,1335,en,pos,informational,True
blueorangegames.com,http://blueorangegames.com/blog/congratulations-bird-in-hand-chico-ca-winning-julys-store-of-the-month/,20190721180809,"Congratulations to Bird in Hand in Chico, CA for Winning July’s Store of the Month - Blue Orange Games Blog",574,en,unknown,news_pr,False
blueorangegames.com,http://blueorangegames.com/blog/prevent-learning-loss-summer-play-games-sharpen-young-minds/,20140713202548,Prevent Summer Learning Loss: Play Games to Sharpen Young Minds. - Blue Orange Games Blog,715,en,neg,news_pr_h,False
blueorangegames.com,http://blueorangegames.com:80/blog/holiday-gift-guide/,20190127003311,Our Very Own Holiday Gift Guide! - Blue Orange Games Blog,1097,en,pos,informational,True
una.com,https://blog.una.com/news/innovation-gatekeeper,20210917011904,The Gatekeepers of Supplier Innovation,696,en,unknown,opinion_essay,False
una.com,https://blog.una.com/news/choose-best-procurement-software,20190921214500,How to Choose the Best Procurement Software,1140,en,pos,informational,True
una.com,https://blog.una.com/news/centralized-procurement-need-know,20190716062501,Is Centralized Procurement Right for You? What You Need to Know,693,en,unknown,informational,True
una.com,https://blog.una.com/news/una-coronavirus,20201031194204,Supporting Our Community Amid COVID-19,616,en,unknown,news_pr,False
una.com,https://blog.una.com/news/four-ways-an-att-business-plan-can-drive-productivity,20190921214534,Four Ways An AT&T Business Plan Can Drive Productivity,515,en,unknown,informational,True
coadvantage.com,http://coadvantage.com/blog/2013/07/15/telecommuting-right-your-company,20140712142907,Why Outsource HR?,732,en,pos,informational,True
coadvantage.com,http://www.coadvantage.com/blog/2014/11/13/4-ways-proactively-address-workplace-harassment,20150428074150,4 Ways to Proactively Address Workplace Harassment,56,en,pos,n/a,False
coadvantage.com,http://www.coadvantage.com/blog/2014/12/22/how-smbs-can-offer-competitive-benefit-packages,20150426213645,How SMBs Can Offer Competitive Benefit Packages,55,en,unknown,n/a,False
coadvantage.com,http://www.coadvantage.com/blog/2014/11/06/large-employers-and-affordable-care-act-demand-webinar,20150427023218,Large Employers and the Affordable Care Act - On Demand Webinar,113,en,neg,n/a,False
coadvantage.com,http://coadvantage.com/blog/categories/health-care-reform,20140627162007,Why Outsource HR?,178,en,pos,n/a,False
mydbsync.com,http://mydbsync.com:80/blogs/marketing-automation-and-crm-platforms-integration/,20160715020408,DBSync – Marketing Automation and CRM Platforms Integration,18,en,unknown,n/a,False
mydbsync.com,http://www.mydbsync.com:80/blogs/data-archival-solutions/,20180507185541,DBSync – Data Archival Solutions with Cloud Replication,752,en,unknown,informational,True
mydbsync.com,https://www.mydbsync.com/blogs/smart-inventory-management-with-quickbooks-and-slack/,20200427160911,DBSync Blogs | Smart inventory management with QuickBooks and Slack,452,en,unknown,informational,False
mydbsync.com,https://www.mydbsync.com/blogs/5-backup-issues-of-google-workspace/,20210728160546,DBSync Blogs |5 Backup Issues of Google Workspace,1293,en,unknown,informational,True
mydbsync.com,https://www.mydbsync.com/blogs/handling-edi-using-cloud-workflow/,20190822005218,DBSync Blogs | Handling EDI using Cloud Workflow,706,en,unknown,informational,True
mybinc.com,https://mybinc.com/blog/a-look-back-at-2011/,20190920000410,Employment Screening: A look back at 2011 - Mind Your Business,467,en,unknown,news_pr,False
mybinc.com,https://mybinc.com/blog/aau-background-checks/,20190823164636,AAU mandates background checks for all volunteers - Mind Your Business,300,en,unknown,news_pr,False
mybinc.com,https://mybinc.com/blog/black-friday-firearm-sales/,20200808063226,Black Friday firearm sales cause outages at FBI background check center - Mind Your Business,415,en,unknown,informational,False
mybinc.com,https://mybinc.com/blog/2011-ncasp-spring-conference/,20190724011703,2011 NCASP Spring Conference - Mind Your Business,201,en,neg,n/a,False
mybinc.com,http://www.mybinc.com:80/blog/10-reasons-background-checks/,20120701192630,Mind Your Business Inc,226,en,pos,n/a,False
eatwellnashville.com,https://eatwellnashville.com/blogs/featured/its-grillin-time,20220529014821,It's Grillin' Time!,1252,en,unknown,informational,True
eatwellnashville.com,https://eatwellnashville.com/blogs/featured/support-your-local-mom-pop-shop,20220529014005,Support Your Local Mom & Pop Shop!,1105,en,unknown,informational,True
eatwellnashville.com,https://eatwellnashville.com/blogs/news/drinking-water-is-the-most-important-thing-you-can-do-today,20200919034322,Drinking Water Is The Most Important Thing You Can Do Today,327,en,unknown,informational,False
eatwellnashville.com,https://eatwellnashville.com/blogs/featured/acv-yeah-you-know-me,20220529023328,ACV - Yeah You Know Me!,1163,en,unknown,informational,True
eatwellnashville.com,https://eatwellnashville.com/blogs/featured/do-you-have-a-whole30-days,20220124033233,Do You Have A,1088,en,unknown,informational,True
kitrum.com,https://kitrum.com/blog/create-custom-crm/,20210228033134,Create Custom CRM: How Much Money and Time Does It Take?,1794,en,unknown,informational,True
kitrum.com,https://kitrum.com/blog/serverless-approach-is-moving-node-js-forward/,20190828123121,Serverless Approach Is Moving Node.js Forward. Are You In?,910,en,unknown,informational,True
kitrum.com,https://kitrum.com/blog/how-to-decrease-attrition-rate-with-the-help-of-outsourcing-companies/,20210618135255,How to Decrease Attrition Rate with the Help of Outsourcing Companies,1748,en,pos,informational,True
kitrum.com,https://kitrum.com/blog/how-artificial-intelligence-is-shaping-the-retail-industry/,20191119031205,How Artificial Intelligence Is Shaping The Retail Industry,514,en,unknown,informational,True
kitrum.com,https://kitrum.com/blog/difference-between-mongodb-mysql-and-postgresql/,20220327175036,"Difference Between MongoDB, MySQL, and PostgreSQL￼",1346,en,unknown,informational,True
popularpays.com,https://popularpays.com/blog/byte-vs-tiktok/,20220807162603,Byte vs. TikTok | Popular Pays,726,en,pos,informational,True
popularpays.com,https://popularpays.com/blog/make-noise-purpose/,20220807155234,"Make Noise, with Purpose - Popular Pays",891,en,unknown,culture_hiring,False
popularpays.com,https://popularpays.com/blog/spotlight-new-york-city-influencers/,20220807161354,Spotlight: New York City Influencers | Popular Pays,712,en,unknown,informational,True
popularpays.com,https://popularpays.com/blog/5-5m-change-way-create-content/,20220807154954,$5.5m to change the way you create content - Popular Pays,354,en,unknown,news_pr,False
popularpays.com,https://popularpays.com/blog/a-guide-to-instagram-guides/,20210123021350,A Brand’s Guide to Instagram Guides,736,en,pos,informational,True
vestwell.com,https://www.vestwell.com/blog/top-mistakes-made-by-401k-plan-sponsors,20210613201734,Top Mistakes Made by 401(k) Plan Sponsors | Vestwell,927,en,unknown,informational,True
vestwell.com,https://www.vestwell.com/blog/wolters-kluwer-s-ftwilliam-com-partners-with-vestwell-to-bring-modern-workplace-retirement,20210516060605,Wolters Kluwer’s ftwilliam.com Partners with Vestwell to Bring Modern Workplace Retirement Technology to TPA Recordkeepers | Vestwell,521,en,unknown,news_pr,False
vestwell.com,https://www.vestwell.com/blog/vestwell-launches-next-evolution-of-its-401-k-platform-removing-traditional-recordkeeping-that,20210516045943,"Vestwell Launches Next Evolution of its 401(k) Platform, Removing Traditional Recordkeeping that has Held the Industry Back | Vestwell",422,en,neg,news_pr_h,False
vestwell.com,https://www.vestwell.com/blog/vestwell-named-2021-best-place-to-work-by-forbes-and-arizent,20210516065636,Vestwell Named 2021 Best Place to Work by Forbes and Arizent | Vestwell,429,en,pos,news_pr,False
vestwell.com,https://www.vestwell.com/blog/retirepath-virginia-state-savings-program-everything-you-need-to-know,20220722191427,RetirePath Virginia State Savings Program: Everything You Need to Know | Vestwell,850,en,unknown,informational,True
beek.io,https://blog.beek.io/libros-recomendados-por-stephen-king/,20170103161716,Libros recomendados por Stephen King que te harán temblar | Beek Blog,857,es,unknown,n/a,False
beek.io,https://blog.beek.io/frases-de-eleanor-y-park/,20170206011957,Frases de Eleanor y Park que llegan directo al corazón | Beek,493,es,unknown,n/a,False
beek.io,https://blog.beek.io/libros-similares-juego-de-tronos/,20170225124641,Libros similares a Juego de Tronos | Beek,835,es,unknown,n/a,False
beek.io,https://blog.beek.io/libros-parecidos-a-maravilloso-desastre/,20170218041538,Libros parecidos a Maravilloso desastre - Jamie McGuire | Beek Blog,82,es,unknown,n/a,False
beek.io,https://blog.beek.io/reto-lectura-beek-2017-gana-ano-envio-gratis/,20170101072123,Reto de Lectura Beek 2017 - Gana un año de ENVÍO GRATIS | Beek Blog,251,es,unknown,n/a,False
itprosusa.com,http://blog.itprosusa.com/sign-me-up-for-youtube-recordings-of-the-after-work-network/,20160718094306,Sign Up for YouTube Recordings of the After Work Network - Information Technology Support,74,en,unknown,n/a,False
itprosusa.com,http://blog.itprosusa.com/weather-proof-your-business-with-a-mobile-work-environment/,20160717150717,Weather-proof Your Business with a Mobile Work Environment - Information Technology Support,508,en,unknown,informational,True
itprosusa.com,http://blog.itprosusa.com:80/2012/wordpress-basics/,20121226062432,Tips for Keeping Your Information Safe While Using Public Wi-Fi – Information Technology Professionals,426,en,unknown,informational,False
itprosusa.com,http://blog.itprosusa.com/smart-bikes-and-football-helmets/,20160717165341,Smart Bikes and Smart Football Helmets? - Information Technology Support,548,en,unknown,informational,True
itprosusa.com,http://blog.itprosusa.com/introduction-to-veeam-software-partner-hypervisor-solutions-from-information-technology-professionals/,20160717045922,Hypervisor Solutions from Veeam and Information Technology Professionals - Information Technology Support,423,en,unknown,informational,False
intakeq.com,http://blog.intakeq.com/how-to-declutter-your-emails-to-achieve-inbox-zero/,20171111193150,How to Declutter Your Email to Achieve Inbox Zero,244,en,pos,n/a,False
intakeq.com,https://blog.intakeq.com/5-strategies-to-improve-patient-intake-efficiency/,20211205054748,Patient intake efficiency: 5 strategies - Online Intake Forms - IntakeQ Blog,966,en,unknown,informational,True
intakeq.com,https://blog.intakeq.com/teletherapy-best-practices-to-get-you-up-and-running-fast/,20210827091510,Teletherapy Best Practices to Get You Up and Running Fast - Online Intake Forms - IntakeQ Blog,856,en,pos,informational,True
intakeq.com,http://blog.intakeq.com:80/post/85656884978/e-signature-support,20141006223804,E-Signature support,33,en,unknown,n/a,False
intakeq.com,https://blog.intakeq.com/becoming-a-paperless-medical-practice-heres-how-to-prepare-patients-and-staff/,20211205042500,Becoming a paperless medical practice? Here’s how to prepare your patients and staff - Online Intake Forms - IntakeQ Blog,651,en,pos,informational,True
guildeducation.com,https://blog.guildeducation.com/building-an-internal-mobility-team/,20211206182048,Building an Internal Mobility team means overhauling the status quo - Guild blog,482,en,unknown,informational,False
guildeducation.com,https://blog.guildeducation.com/education-benefits-terms-and-concepts/,20210125012330,All the education benefits terms and concepts you need to know - Guild blog,277,en,unknown,n/a,False
guildeducation.com,https://blog.guildeducation.com/competency-based-education-programs-work-for-working-adult-students/,20210217172218,Competency-based education programs work for working adult students -,265,en,unknown,n/a,False
guildeducation.com,https://blog.guildeducation.com/infographic-reskilling-for-high-demand-tech-roles/,20210125015653,[Infographic] Reskilling for high-demand tech roles - Guild blog,208,en,unknown,n/a,False
guildeducation.com,https://blog.guildeducation.com/student-story-starting-a-new-career-in-healthcare/,20211203140126,Student Story: Starting a new career in healthcare - Guild blog,258,en,unknown,n/a,False
talend.com,http://www.talend.com/blog/2007/08/29/open-source-yes-it%e2%80%99s-free-but-customer-satisfaction-prevails/,20080515232139,"Open source: yes itâ€™s free, but customer satisfaction prevails",234,en,unknown,n/a,False
talend.com,http://www.talend.com/blog/2007/10/22/opening-our-german-office/,20080515204513,Opening Talend’s German office,225,en,unknown,n/a,False
talend.com,http://www.talend.com/blog/2007/10/23/v22-gets-positive-news-coverage/,20080515203327,v2.2 gets positive news coverage,105,en,unknown,n/a,False
talend.com,http://www.talend.com/blog/2008/02/12/its-about-time-to-simplify-the-whole-license-game/,20080720094440,It’s about time to simplify the whole license game,261,en,unknown,n/a,False
talend.com,http://www.talend.com:80/blog/2008/06/16/change-data-capture-explained/,20080918035727,Change Data Capture explained,388,en,pos,informational,False
juliannarae.com,https://www.juliannarae.com/blog/lingerie-styles-from-the-past-a-peek-at-the-50s-60s-and-70s,20191015085558,"Lingerie styles from the past: a peek at the &#8217;50s, &#8217;60s and &#8217;70s",813,en,unknown,informational,True
juliannarae.com,https://www.juliannarae.com/blog/celebrate-a-3-day-weekend-is-here,20200815020522,Celebrate! A 3-Day weekend is HERE!,888,en,unknown,opinion_essay,False
juliannarae.com,https://www.juliannarae.com/blog/hello-july-and-welcome-national-ice-cream-month,20200812213902,Hello July! &#8230;and Welcome National Ice Cream Month!,952,en,neg,news_pr_h,False
juliannarae.com,https://www.juliannarae.com/blog/a-throw-back-thursday,20190823022208,A Throw Back Thursday!,373,en,unknown,culture_hiring,False
juliannarae.com,https://www.juliannarae.com/blog/hurray-for-soup-season-7-soup-recipes-to-keep-you-warm-and-healthy,20191015093015,Hurray for Soup Season! 7 Soup Recipes to keep you Warm and Healthy,612,en,unknown,informational,True
mckeehomesnc.com,https://www.mckeehomesnc.com/blog/find-a-new-home-2021-edition/,20211018223357,Find A New Home – 2021 Edition | McKee Homes,941,en,unknown,informational,True
mckeehomesnc.com,https://www.mckeehomesnc.com/blog/designing-your-new-home/,20200930092357,Behind-The-Scenes: Designing Your New Home I Design Studio,739,en,unknown,case_study,False
mckeehomesnc.com,http://www.mckeehomesnc.com:80/blog/improved-insulation-and-air-infiltration-systems/,20171019165606,Improved Insulation and Air Infiltration Systems,400,en,unknown,informational,False
mckeehomesnc.com,http://www.mckeehomesnc.com:80/blog/difference-between-builder-grade-and-retail-products/,20150912234256,Difference between builder grade and retail products,710,en,unknown,informational,True
mckeehomesnc.com,https://www.mckeehomesnc.com/blog/evergreen-at-flowers-plantation/,20210119141732,Evergreen at Flowers Plantation by McKee Homes,395,en,unknown,informational,False
piano.io,http://piano.io:80/blog/starting-today-dallas-morning-newss-digital-readers-will-see-limit-on-free-articles/,20160530033627,"Starting today, Dallas Morning News’s digital readers will see limit on free articles",167,en,unknown,n/a,False
piano.io,http://piano.io:80/blog/tinypass-real-simple/,20150814153639,Tinypass & Real Simple,164,en,unknown,n/a,False
piano.io,http://piano.io/blog/tinypass-the-texas-tribune/,20150915131532,Tinypass & The Texas Tribune,379,en,unknown,news_pr,False
piano.io,http://piano.io/blog/greentech-media-launches-piano-vx-payment-platform/,20151013154948,Greentech Media launches Piano VX Payment Platform,448,en,neg,news_pr_h,False
piano.io,http://piano.io:80/blog/industry-insights-native-advertising-rules/,20160115200300,Industry Insights: Native Advertising Rules,436,en,unknown,news_pr,False
belvo.com,https://belvo.com/blog/belvo-aggregates-pos-data-brazil/,20220809022220,Belvo now aggregates data from POS devices in Brazil,462,en,unknown,product_announcement,False
belvo.com,https://belvo.com/blog/wrap-up-2021-product-updates/,20211228164820,Wrapping up 2021 with the latest products updates,578,en,unknown,product_announcement,False
belvo.com,https://belvo.com/blog/open-finance-use-cases-financial-institutions/,20220809022538,White Paper: Open Finance use cases for financial institutions,800,en,unknown,informational,True
belvo.com,https://belvo.com/blog/infographic-trends-open-finance-latin-america-2021/,20210419061222,Infographic: what to expect from Open Finance in 2021? | Belvo,188,en,unknown,n/a,False
belvo.com,https://belvo.com/blog/open-views-22-bringing-together-open-finance-latin-america/,20220308172359,Open Views 22: bringing together the open finance ecosystem in Latam,315,en,unknown,news_pr,False
arcticfoxhaircolor.com,https://arcticfoxhaircolor.com/blogs/news/farm-animal-refuge-donation,20210309170121,Farm Animal Refuge Donation,196,en,unknown,n/a,False
arcticfoxhaircolor.com,https://arcticfoxhaircolor.com/blogs/news/which-witch-are-you,20191119090622,Which Witch Are You?,846,en,unknown,other,False
arcticfoxhaircolor.com,https://arcticfoxhaircolor.com/blogs/news/haircolornchill-throwback-edition,20191019205714,#HAIRCOLORNCHILL | Throwback Edition,373,en,unknown,informational,False
arcticfoxhaircolor.com,https://arcticfoxhaircolor.com/blogs/news/af-color-spotlight-neon-moon,20210812195855,AF Color Spotlight | Neon Moon,589,en,unknown,informational,True
arcticfoxhaircolor.com,https://arcticfoxhaircolor.com/blogs/news/how-to-fade-your-hair-color-101,20201001151508,How to fade your hair color 101,475,en,pos,informational,False
avantstay.com,https://avantstay.com/blog/lake-tahoe-hiking/,20220811022720,Top 10 Best Lake Tahoe Hiking Trails | Atlas by AvantStay®,1897,en,pos,informational,True
avantstay.com,https://avantstay.com/blog/national-tequila-day-easy-tequila-recipes-for-travel-lovers/,20220812174746,Atlas by AvantStay,576,en,unknown,informational,True
avantstay.com,https://avantstay.com/blog/work-from-vacation-home-avantstays-top-wfh-destinations/,20220930171544,AvantStay’s Top Destinations to WFH on Vacation | AvantStay®,766,en,unknown,informational,True
avantstay.com,https://avantstay.com/blog/the-ultimate-hole-in-one-guide-to-hilton-head-golf/,20221006111911,The Ultimate Hole-in-One Guide to Hilton Head Golf | AvantStay®,1195,en,pos,informational,True
avantstay.com,https://avantstay.com/blog/top-12-gifts-for-vacation-rental-homeowners/,20220522115623,Vacation Rental Amenities Gift Ideas | AvantStay,1064,en,pos,informational,True
swellcx.com,https://www.swellcx.com/resources/how-to-handle-negative-reviews-of-your-dental-practice,20221003180512,Subscribe to Our Newsletter,392,en,pos,informational,False
swellcx.com,https://www.swellcx.com/resources/ask-your-customers-for-a-review,20220814151511,Subscribe to Our Newsletter,266,en,unknown,n/a,False
swellcx.com,https://www.swellcx.com/resources/11-ways-to-stand-out-with-online-reviews,20210720160131,11 Ways To Stand Out With Online Reviews,1105,en,pos,informational,True
swellcx.com,https://www.swellcx.com/resources/manage-your-google-business-profile,20221003174834,Subscribe to Our Newsletter,408,en,unknown,informational,False
swellcx.com,https://www.swellcx.com/resources/respond-to-reviews,20220814162816,Subscribe to Our Newsletter,611,en,unknown,informational,True
forcura.com,https://www.forcura.com/blog/making-hospice-revenue-cycle-management-pandemic-proof,20201101110727,Making Hospice Revenue Cycle Management Pandemic-Proof,938,en,unknown,case_study,False
forcura.com,https://www.forcura.com/blog/rehab-therapy-providers-solution-for-reducing-medicare-audit-risk,20210325174604,Rehab Therapy Providers’ Solution for Reducing Medicare Audit Risk,789,en,unknown,informational,True
forcura.com,https://www.forcura.com/blog/forcuras-relationship-managers-link-technology-and-human-needs,20210725061344,Forcura’s Relationship Managers Link Technology and Human Needs,398,en,unknown,culture_hiring,False
forcura.com,https://www.forcura.com/blog/a-culture-of-service-my-perspective,20190715203205,A Culture of Service. My Perspective.,691,en,unknown,culture_hiring,False
forcura.com,https://www.forcura.com/blog/make-your-home-health-business-penalty-proof,20210612181038,Make Your Home Health Business Penalty-Proof,957,en,unknown,case_study,False
fourthandheart.com,https://fourthandheart.com/blogs/recipes-and-more/your-new-favorite-oatmeal,20210306015335,Your New Favorite Oatmeal,90,en,unknown,n/a,False
fourthandheart.com,https://fourthandheart.com/blogs/faq/how-much-does-4th-heart-ghee-cost,20210924085410,How much does 4th & Heart ghee cost?,107,en,unknown,n/a,False
fourthandheart.com,https://fourthandheart.com/blogs/recipes-and-more/10-delicious-cold-weather-keto-recipes-featuring-ghee,20210418144514,10 Delicious Cold Weather Keto Recipes Featuring Ghee,557,en,unknown,informational,True
fourthandheart.com,https://fourthandheart.com/blogs/recipes-and-more/the-4-hottest-food-trends-for-2021-you-need-to-know,20210514132859,The 4 Hottest Food Trends for 2021 You Need to Know,596,en,unknown,informational,True
fourthandheart.com,https://fourthandheart.com/blogs/faq/why-did-my-ghee-arrive-melted,20210924081250,Why did my ghee arrive melted?,113,en,pos,n/a,False
axure.com,https://www.axure.com/blog/new-in-axure-cloud-publish-artboards-from-sketch,20190824041415,New in Axure Cloud: Publish Artboards from Sketch - Axure,297,en,unknown,n/a,False
axure.com,https://www.axure.com/blog/connecting-the-dots,20220117013558,Connecting the Dots - Axure,371,en,unknown,informational,False
axure.com,https://www.axure.com/blog/quick-win-template,20221020100939,Quick Solutions with the Quick Win Template - Axure,358,en,pos,informational,False
axure.com,https://www.axure.com/blog/import-adobe-xd-designs-into-axure,20200608173159,Import Adobe XD Designs into Axure - Axure,365,en,unknown,product_announcement,False
axure.com,https://www.axure.com/blog/embed-axure-prototypes-in-confluence,20200810182211,Embed Axure Prototypes in Confluence - Axure,268,en,unknown,n/a,False
textiq.com,http://textiq.com:80/blog/better-walls-better-ediscovery/,20170514040913,"Better Walls, Better eDiscovery - Text IQ",943,en,unknown,informational,True
textiq.com,https://www.textiq.com/blog/insights-from-the-inevitable-predictions-on-federal-privacy-legislation,20201126033803,Insights From The Inevitable: Predictions on Federal Privacy Legislation,782,en,unknown,informational,True
textiq.com,https://www.textiq.com/blog/insights-from-the-inevitable-cyber-insurance-in-the-data-breach-era,20210228035220,Insights From The Inevitable: Cyber Insurance in the Data Breach Era,1307,en,unknown,informational,True
textiq.com,https://www.textiq.com/blog/meet-text-iqer-senior-rd-engineer-weichen-wang/,20190719170616,Meet a Text IQer: Senior R&D Engineer Weichen Wang,969,en,unknown,culture_hiring,False
textiq.com,https://www.textiq.com/blog/3-critical-functions-ai-performs-that-predictive-coding-cant,20210511080404,3 Critical Functions AI Performs That Predictive Coding Can’t,1249,en,unknown,informational,True
intimetec.com,https://blog.intimetec.com/blog/discover-yourself-as-a-leader,20210304120242,Discover Yourself as a Leader,1541,en,unknown,informational,True
intimetec.com,https://blog.intimetec.com/blog/new-meridian-office,20211220162758,Press Release- In Time Tec opens new Meridian Office,299,en,neg,n/a,False
intimetec.com,https://blog.intimetec.com/benefits-of-modernizing-legacy-software-or-systems,20220809072221,Seven Benefits of Modernizing Legacy Software or Systems,475,en,unknown,informational,False
intimetec.com,https://blog.intimetec.com/blog/in-house-software-team-versus-outsourcing,20211102172529,In-House Software Team versus Outsourcing,441,en,pos,informational,False
intimetec.com,https://blog.intimetec.com/behind-the-scenes-how-did-treefort-build-its-app,20220707135703,Behind the Scenes: How Did Treefort Build its App?,798,en,unknown,informational,True
happybulle.com,https://www.happybulle.com/blog/la-selection-de-livres-rentree/,20200922172431,Bientôt le grand jour... - HappyBulle - Le Blog,517,fr,unknown,n/a,False
happybulle.com,https://www.happybulle.com/blog/decouvrez-nos-nouveaux-accessoires-personnalises/,20210410141403,Découvrez nos nouveaux accessoires personnalisés - HappyBulle - Le Blog,546,fr,unknown,n/a,False
happybulle.com,https://www.happybulle.com/blog/diy-a-imprimer-gratuit-assemble-ton-papa/,20210615170334,DIY à imprimer gratuit : Assemble ton Papa - HappyBulle - Le Blog,166,fr,unknown,n/a,False
happybulle.com,https://www.happybulle.com/blog/on-taime-papy/,20211015194104,On t'aime papy ! - HappyBulle - Le Blog,351,fr,unknown,n/a,False
happybulle.com,https://www.happybulle.com/blog/la-selection-livres-du-printemps-christian-voltz/,20200922163528,La sélection Livres du printemps : Christian Voltz - HappyBulle - Le Blog,405,fr,unknown,n/a,False
cymmetria.com,http://blog.cymmetria.com:80/2016/05/15/cyber-deception-wave,20160620103625,Research: Cyber Deception Will Be Standard For Thousands Of Organizations By 2018,381,en,unknown,informational,False
cymmetria.com,http://blog.cymmetria.com:80/topic/network-security,20160930235340,Cymmetria – Cyber Deception Blog | network security,42,en,unknown,n/a,False
cymmetria.com,http://blog.cymmetria.com:80/topic/cloud-security,20160717150653,Cymmetria - Cyber Deception Blog | cloud security,42,en,unknown,n/a,False
cymmetria.com,http://blog.cymmetria.com:80/topic/elections-hack,20170619074652,Cymmetria – Cyber Deception Blog | elections hack,40,en,unknown,n/a,False
cymmetria.com,http://blog.cymmetria.com:80/topic/responder-py,20170924093613,Cymmetria – Cyber Deception Blog | responder.py,40,en,unknown,n/a,False
climbcredit.com,https://blog.climbcredit.com/personal-finance/spring-cleaning-your-finances,20190717182247,Spring Cleaning Your Finances,514,en,unknown,informational,True
climbcredit.com,http://blog.climbcredit.com:80/careers/tips-for-a-stronger-linkedin-profile,20180829232424,9 Steps to a Stronger LinkedIn Profile,1272,en,pos,informational,True
climbcredit.com,https://blog.climbcredit.com/careers/career-learnscape-lifelong-learning,20190820225137,The Career Learnscape: Lifelong Learning Meets Workforce Planning — Climb Credit Blog,458,en,unknown,informational,False
climbcredit.com,https://blog.climbcredit.com/careers/future-proof-digital-career,20190921191447,5 Tips to Future Proof a Digital Career — Climb Credit Blog,1236,en,pos,informational,True
climbcredit.com,http://blog.climbcredit.com:80/about-the-climb-credit-blog/,20180227141153,About Us,397,en,unknown,culture_hiring,False
somerfordassociates.com,https://www.somerfordassociates.com/blog/centrify-zero-trust-blog/,20211021145452,Centrify Zero Trust: Top 3 PAM features for Infrastructure Services,628,en,pos,informational,True
somerfordassociates.com,https://www.somerfordassociates.com/blog-2-2/blog-post-office-365-lifecycle-management-with-okta/,20211021151032,Blog Post: Office 365 Lifecycle Management with Okta,471,en,unknown,informational,False
somerfordassociates.com,https://www.somerfordassociates.com/blog/extending-vault-zero-trust-with-hashicorp-boundary/,20220226185818,Blog: Extending Vault - Zero Trust with HashiCorp Boundary,419,en,unknown,informational,False
somerfordassociates.com,https://www.somerfordassociates.com/blog/how-a-weak-active-directory-can-leave-you-exposed/,20220211094819,Blog: How a Weak Active Directory can Leave you Exposed,626,en,unknown,informational,True
somerfordassociates.com,https://www.somerfordassociates.com/blog/netskope-protecting-data-assets-users-from-sase-perspective/,20211202122344,"How can Netskope help in protecting data, assets and users from a SASE perspective?",1053,en,unknown,informational,True
thehydrojug.com,https://www.thehydrojug.com/blogs/news/gear-up-for-your-next-adventure,20221126124641,Gear Up For Your Next Adventure,211,en,unknown,n/a,False
thehydrojug.com,https://www.thehydrojug.com/blogs/news/how-to-accessorize-your-hydrojug,20210511031857,How To Accessorize Your HydroJug,379,en,pos,informational,False
thehydrojug.com,https://www.thehydrojug.com/blogs/news/dangers-of-single-use-plastics,20220526132357,How HydroJug is Saving the Environment,557,en,unknown,informational,True
thehydrojug.com,https://www.thehydrojug.com/blogs/news/how-we-designed-the-charmed-sleeve,20220526152511,How We Designed The Charmed Sleeve,414,en,unknown,product_announcement,False
thehydrojug.com,https://www.thehydrojug.com/blogs/news/best-glass-and-stainless-feature,20220526142312,New Release: Black Leopard Stainless,421,en,pos,product_announcement,False
birddoghr.com,http://birddoghr.com/blog/2015/8/planning-success,20170624001830,Planning for Success,509,en,unknown,informational,True
birddoghr.com,http://birddoghr.com/blog/2016/8/what-new-hires-want,20170624032950,What New Hires Want,273,en,unknown,n/a,False
birddoghr.com,http://birddoghr.com/blog/2017/1/how-recruit-retention,20170624020119,How to Recruit for Retention,563,en,pos,informational,True
birddoghr.com,http://birddoghr.com:80/blog/2017/8/employer-branding-attract-talent,20170827082829,Employer Branding to Attract Talent,386,en,unknown,informational,False
birddoghr.com,http://birddoghr.com/blog/2016/11/employee-performance-direct-reflection-executive-team,20170624014358,Employee Performance is a Direct Reflection of the Executive Team,299,en,unknown,n/a,False
pingidentity.com,https://www.pingidentity.com/blogs/pingtalk/2012/02/Encryption-You-gotta-have-heart.html,20131003020123,Encryption: You gotta have heart,273,en,unknown,n/a,False
pingidentity.com,https://www.pingidentity.com/blogs/pingtalk/2013/07/how-the-modern-computing-era-is-changing-iam-game.html,20130908164650,How the modern computing era will change IAM game,742,en,unknown,informational,True
pingidentity.com,https://www.pingidentity.com/blogs/pingone/2013/02/Why-PingOnes-heart-doesnt-skip-a-beat-MySQL-Galera.html,20130426002712,Why PingOne's heart doesn't skip a beat: MySQL Galera,941,en,pos,informational,True
pingidentity.com,https://www.pingidentity.com/blogs/pingtalk/index.cfm/Cloud-Identity-Management,20121206035901,Ping Talk Blog : Cloud Identity Management,1721,en,unknown,product_announcement,False
pingidentity.com,https://www.pingidentity.com/blogs/pingtalk/index.cfm/2012/4/12/The-mobile-phone-yeah-its-a-factor-in-twofactor-authenticatio,20120524134810,"Ping Talk Blog: The mobile phone, yeah it’s a factor in two-factor authentication",607,en,unknown,informational,True
vobi.com.br,https://www.vobi.com.br/blog/cronograma-de-obra-saiba-como-fazer-o-seu-e-melhore-sua-gestao-de-obra,20210413015748,Cronograma de Obra: Tudo para você criar o seu.,1348,es,unknown,n/a,False
vobi.com.br,https://www.vobi.com.br/blog/6-abordagens-para-fechar-mais-vendas,20210413010436,6 abordagens para fechar mais vendas,1512,es,unknown,n/a,False
vobi.com.br,https://www.vobi.com.br/blog/processo-criativo,20220630154500,Como funciona o processo criativo na arquitetura,3000,es,unknown,n/a,False
vobi.com.br,https://www.vobi.com.br/blog/design-thinking-em-3-passos,20210413020859,Design thinking em 3 passos: como inovar em seu escritório,992,es,unknown,n/a,False
vobi.com.br,https://www.vobi.com.br/blog/pinterest-para-arquitetos-modulo-3-como-tornar-se-um-perfil-campeao,20210413020341,Pinterest para arquitetos: como se tornar um perfil campeão,1155,es,unknown,n/a,False
usa-mortgage.com,http://usa-mortgage.com/blog/bare-shelves-project,20190718112202,Bare Shelves Project,466,en,unknown,news_pr,False
usa-mortgage.com,https://usa-mortgage.com/blog/who-are-fha-loans-best,20210513112706,Who are FHA Loans Best For,192,en,pos,n/a,False
usa-mortgage.com,https://www.usa-mortgage.com/blog/2020-interior-design-trends-1,20200925022659,2020 Interior Design Trends,455,en,unknown,informational,False
usa-mortgage.com,http://www.usa-mortgage.com:80/blog/mba-inducts-17-companies-hall-honor-program,20160205055852,MBA Inducts 17 Companies into Hall of Honor Program,61,en,unknown,n/a,False
usa-mortgage.com,http://usa-mortgage.com/blog/usa-mortgage-charity-golf-tournament,20190718105231,USA Mortgage Charity Golf Tournament,419,en,unknown,culture_hiring,False
venntechnology.com,https://venntechnology.com/blog/2019/09/is-salesforce-free-for-non-profit-organizations,20220815182138,Is Salesforce free for non-profit organizations? - Venn Technology,119,en,unknown,n/a,False
venntechnology.com,https://venntechnology.com/blog/salesforce-flows-data-decision-assignment,20220804221428,"Salesforce Flow Basics: Data Elements, Decision, and Assignment",1707,en,unknown,informational,True
venntechnology.com,https://venntechnology.com/blog/2021/07/venn-at-work-steve-micklewright,20211022194638,Venn at Work: Steve Micklewright - Venn Technology,737,en,unknown,culture_hiring,False
venntechnology.com,https://venntechnology.com/blog/2021/07/venn-at-work-nate-harden,20211022191028,Venn at Work: Nate Harden - Venn Technology,740,en,unknown,culture_hiring,False
awkwardstyles.com,https://awkwardstyles.com/blog/halloween-marketing-and-print-on-demand-design-ideas/,20220830013634,Halloween Marketing and Print on Demand Design Ideas - Awkward Styles Blog,1881,en,unknown,informational,True
awkwardstyles.com,https://awkwardstyles.com/blog/marketing-musts-for-defining-your-target-audience/,20220815170916,Marketing Musts for Defining Your Target Audience - Awkward Styles Blog,1596,en,unknown,informational,True
awkwardstyles.com,https://awkwardstyles.com/blog/top-6-creative-mockup-generators-in-2021/,20220703082210,Top 6 Creative Mockup Generators in 2021 - Awkward Styles Blog,1092,en,pos,informational,True
awkwardstyles.com,https://awkwardstyles.com/blog/print-on-demand-an-ultimate-beginner-s-guide/,20220703093601,Print-on-demand: An Ultimate Beginner's Guide - Awkward Styles Blog,1068,en,pos,informational,True
littlepoppyco.com,https://www.littlepoppyco.com/blogs/home/february-style-guide,20200919115318,February Style Guide,83,other,pos,n/a,False
littlepoppyco.com,https://www.littlepoppyco.com/blogs/home/july-style-guide,20200921031007,July Style Guide,74,other,pos,n/a,False
littlepoppyco.com,https://www.littlepoppyco.com/blogs/home/november-2021-style-guide,20211202001938,November 2021 Style Guide,127,en,pos,n/a,False
littlepoppyco.com,https://www.littlepoppyco.com/blogs/home/september-style-guide-1,20220928105345,September '22 Style Guide,101,other,pos,n/a,False
littlepoppyco.com,https://www.littlepoppyco.com/blogs/home/january-style-guide,20210123225117,January Style Guide,74,other,pos,n/a,False
jiminys.com,https://jiminys.com/blogs/news/tips-for-dog-walks-with-leash,20220810011800,Helpful Tips on How to Walk Dogs on a Leash,608,en,pos,informational,True
jiminys.com,https://jiminys.com/blogs/news/ways-to-help-your-aging-dog-with-mobility-issues,20220704220649,Ways to Help Your Aging Dog with Mobility Issues,892,en,unknown,informational,True
jiminys.com,https://jiminys.com/blogs/news/how-to-keep-your-dog-calm-this-4th-of-july,20211201150553,How To Keep Your Dog Calm This 4th of July,631,en,pos,informational,True
jiminys.com,https://jiminys.com/blogs/news/all-you-need-to-know-about-huskies,20220930153655,All You Need to Know About Huskies,943,en,unknown,informational,True
jiminys.com,https://jiminys.com/blogs/news/hiking-with-your-dog,20220526112522,Hiking With Your Dog,1710,en,unknown,informational,True
rnrtires.com,https://rnrtires.com/blog/a-short-beginners-guide-to-custom-wheels/,20210621133340,A Short Beginner's Guide to Custom Wheels - RNR Tire Express,433,en,pos,informational,False
rnrtires.com,https://rnrtires.com/blog/importance-of-rotating-your-tires-2/,20210708035439,Importance of Rotating Your Tires - RNR Tire Express,409,en,unknown,informational,False
rnrtires.com,https://rnrtires.com/blog/the-different-types-of-distracted-driving/,20210801080120,The Different Types of Distracted Driving - RNR Tire Express,351,en,unknown,informational,False
rnrtires.com,https://rnrtires.com/blog/must-know-tips-for-moving-out-of-state/,20210801071454,Must-Know Tips for Moving out of State - RNR Tire Express,353,en,unknown,informational,False
rnrtires.com,https://rnrtires.com/blog/how-tire-size-affects-speedometer-accuracy/,20210621122556,How Tire Size Affects Speedometer Accuracy - RNR Tire Express,383,en,unknown,informational,False
crosslaketech.com,https://blog.crosslaketech.com/press-release-new-book-warns-of-no-silver-bullet-to-correct-bad-software/,20190717222029,"Press Release: New Book Warns of No ""Silver Bullet"" to Correct Bad Software - Crosslake Blog",309,en,neg,news_pr_h,False
crosslaketech.com,https://blog.crosslaketech.com/the-adversity-of-training/,20201126150610,The Adversity of Training - Crosslake Blog,562,en,unknown,opinion_essay,False
crosslaketech.com,https://blog.crosslaketech.com/using-a-test-oracle/,20190820024248,Using a Test Oracle - Crosslake Blog,1283,en,unknown,informational,True
crosslaketech.com,https://blog.crosslaketech.com/migrating-to-microservices-2/,20190820031548,Why Innovative Businesses are Migrating to Microservices,1124,en,pos,informational,True
crosslaketech.com,https://blog.crosslaketech.com/source-control-folder-structures-2/,20200811070815,Source Control Folder Structures - Crosslake Blog,374,en,unknown,informational,False
inovapayroll.com,https://blog.inovapayroll.com/regulatory-changes-that-impact-hr-and-payroll-in-2018,20190824112613,Regulatory Changes that Impact HR and Payroll in 2018,1550,en,unknown,informational,True
inovapayroll.com,https://blog.inovapayroll.com/returning-to-the-office-during-covid-19,20200930065648,Returning to the Office During COVID-19,1614,en,unknown,informational,True
inovapayroll.com,https://blog.inovapayroll.com/inclusive-job-descriptions,20220920144056,8 Tips for Writing Inclusive Job Descriptions,1386,en,pos,informational,True
inovapayroll.com,https://blog.inovapayroll.com/how-to-safely-choose-the-absolute-best-payroll-service-provider,20190824120458,How to safely choose the absolute best payroll service for you and your employees,1030,en,pos,informational,True
inovapayroll.com,http://blog.inovapayroll.com:80/top-5-ways-to-keep-your-payroll-data-secure,20160612125359,Top 5 Ways to Keep Your Payroll Data Secure,943,en,pos,informational,True
terralogic.com,https://www.terralogic.com/blog/why-hyper-converged-infrastructure-is-the-new-trend/,20190823155409,Schedule Meeting,278,en,pos,n/a,False
terralogic.com,https://www.terralogic.com/blog/ugcs-rising-importance-in-e-commerce/,20190822074327,Schedule Meeting,773,en,unknown,informational,True
terralogic.com,https://www.terralogic.com/blog/all-about-businesses-data-breach/,20190822073452,Schedule Meeting,438,en,unknown,informational,False
terralogic.com,https://www.terralogic.com/blog/virtual-reality-and-augmented-reality-building-a-virtual-generation/,20190822072333,Schedule Meeting,629,en,unknown,informational,True
terralogic.com,https://www.terralogic.com/blog/machine-learning-its-advancements/,20190822075952,Schedule Meeting,296,en,unknown,n/a,False
liquipel.com,https://blog.liquipel.com/2019/09/11/facebook-introduces-new-dating-app/,20190922201336,Facebook Introduces New Dating App - Liquipel Blog,251,en,unknown,n/a,False
liquipel.com,https://blog.liquipel.com/2020/01/14/the-future-of-the-iphone/,20211128003019,The Future of the iPhone - Liquipel Blog,289,en,unknown,n/a,False
liquipel.com,https://blog.liquipel.com/2017/08/17/3-best-dive-sites-in-the-world/,20210228034421,3 Best Dive Sites In The World - Liquipel Blog,576,en,pos,informational,True
liquipel.com,https://blog.liquipel.com/2019/02/07/apple-faces-backlash-over-alleged-ipad-pro-manufacturing-defects/,20190822004712,Apple faces backlash over alleged iPad Pro manufacturing defects,489,en,unknown,news_pr,False
liquipel.com,https://blog.liquipel.com/2020/04/02/stay-healthy-home-during-covid-19-lockdown/,20200813052322,How to Stay Healthy at Home During the COVID-19 Lockdown,606,en,pos,informational,True
leadspace.com,https://www.leadspace.com/blog/best-practices-for-effective-data-management/,20220117105048,7 Best Practices for Effective Data Management in 2019,1481,en,pos,informational,True
leadspace.com,http://www.leadspace.com:80/blog/post/top-25-inside-sales-and-sales-enablement-blogs,20130622213253,Top 25 Inside Sales and Sales Enablement Blogs,642,en,pos,informational,True
leadspace.com,https://www.leadspace.com/blog/martech-interview-with-amnon-mishor-founder-and-cto-leadspace/,20220808070206,"Martech Interview with Amnon Mishor, Founder and CTO, Leadspace",1806,en,unknown,informational,True
leadspace.com,https://www.leadspace.com/blog/optimizing-account-hierarchy-with-leadspaces-lead-to-account-matching-maximizes-sales-marketing-efficiency/,20220528043903,Optimizing Account Hierarchy with Leadspace’s Lead-to-Account Matching Maximizes Sales & Marketing Efficiency,1118,en,unknown,informational,True
leadspace.com,http://www.leadspace.com/blog/post/leadspace-demandgen-report-tv,20130313214235,Solution,157,en,unknown,n/a,False
coutoconstruction.com,https://www.coutoconstruction.com/blog/jason-couto-shares-life-lessons-with-southcoast-young-professionals-network/,20200814220638,Jason Couto shares life lessons with SouthCoast Young Professionals Network,90,en,unknown,n/a,False
coutoconstruction.com,https://www.coutoconstruction.com/blog/to-protect-your-home/,20220521033405,The Part Insulation Plays To Protect Your Home,405,en,unknown,informational,False
coutoconstruction.com,https://www.coutoconstruction.com/blog/roofs-framing-helps-protect/,20220119071303,How Your Roof's Framing Helps Protect Your Home,395,en,unknown,informational,False
coutoconstruction.com,https://www.coutoconstruction.com/blog/install-new-gutters-in-winter/,20210509201106,Can You Install New Gutters In The Winter?,385,en,unknown,informational,False
coutoconstruction.com,https://www.coutoconstruction.com/blog/fiber-cement-siding/,20210927170755,How Will Your Fiber Cement Siding Be Installed?,369,en,unknown,informational,False
avocademy.com,https://www.avocademy.com/blog/what-does-an-entry-level-ux-designer-do,20220926191454,What Does an Entry-Level UX Designer Do?,908,en,unknown,informational,True
avocademy.com,https://www.avocademy.com/blog/the-best-ux-design-bootcamps-of-2022,20220926182045,The Best UX Design Bootcamps of 2022,496,en,pos,informational,False
avocademy.com,https://www.avocademy.com/blog/why-ux-ui-design-can-be-the-perfect-career-for-introverts,20220627184844,Why UX/UI design can be the perfect career for introverts?,577,en,pos,informational,True
avocademy.com,https://www.avocademy.com/blog/5-organization-tools-for-ux-designers,20220627170237,5 Organization Tools for UX Designers,685,en,unknown,informational,True
listingspark.com,https://www.listingspark.com/blog/get-your-home-ready-to-sell-in-2019/,20190717065724,Get Your Home Ready to Sell in 2019 - ListingSpark,1524,en,unknown,informational,True
listingspark.com,https://www.listingspark.com/blog/social-media-tricks-to-increase-flip-profit/,20191209212910,7 Social Media Tricks to Increase Flip Profit and Home Equity - ListingSpark Blog,1055,en,unknown,informational,True
listingspark.com,https://www.listingspark.com/blog/how-photos-can-increase-flip-profits/,20191209212710,"How Photos Can Increase Flip Profits up to $11,000 - ListingSpark Blog",469,en,unknown,informational,False
listingspark.com,https://www.listingspark.com/blog/the-5-most-important-factors-when-selling-your-home/,20190923114958,The 5 most important factors when selling your home - ListingSpark Blog,1151,en,unknown,informational,True
listingspark.com,https://www.listingspark.com/blog/top-discount-realtors-in-san-antonio-tx/,20211203071752,"Top Discount Realtors in San Antonio, TX - ListingSpark",2368,en,unknown,informational,True
intelliboard.net,https://blog.intelliboard.net/2020/02/04/link-roi-to-corporate-training-3/,20210623184734,Link ROI to Corporate Training Objectives Part 3: Use IntelliBoard to Achieve Your Training Objectives,440,en,unknown,informational,False
intelliboard.net,https://blog.intelliboard.net/2021/10/25/how-do-i-know-if-my-students-are-engaged-neil-kramm-shares-how-rhodes-university-uses-intelliboard/,20211208160715,“How do I know if my students are engaged?” Neil Kramm shares how Rhodes University uses IntelliBoard.,841,en,unknown,case_study,False
intelliboard.net,https://blog.intelliboard.net/2021/01/28/link-roi-to-corporate-training-2/,20210623170705,Link ROI to Corporate Training Objectives Part 2: Create Measurable Training Objectives,440,en,unknown,informational,False
intelliboard.net,https://blog.intelliboard.net/2022/09/02/optimice-la-capacitacion-y-el-desarrollo-corporativo-con-la-plataforma-de-analisis-del-aprendizaje-intelliboard/,20220905140035,Optimice la capacitación y el desarrollo corporativo con la plataforma de análisis del aprendizaje: IntelliBoard - IntelliBoard Blog,1205,es,unknown,n/a,False
intelliboard.net,https://blog.intelliboard.net/2022/07/25/how-a-data-driven-approach-to-high-stakes-training-can-supercharge-your-business/,20220725200623,How a Data-driven Approach to High-Stakes Training Can Supercharge Your Business,814,en,unknown,informational,True
skgtexas.com,https://skgtexas.com/blog/skg-is-among-austins-fastest-growing-companies/,20200929230913,SKG Is Among Austin’s Fastest Growing Companies,51,en,unknown,n/a,False
skgtexas.com,https://skgtexas.com/blog/research/embracing-gen-z/,20210227010335,Embracing Gen Z,121,en,unknown,n/a,False
skgtexas.com,https://skgtexas.com/blog/research/tips-for-a-healthy-work-experience/,20200930004106,Tips for a Healthy Work Experience,676,en,unknown,informational,True
skgtexas.com,https://skgtexas.com/blog/the-role-of-the-office/,20201203041717,THE ROLE OF THE OFFICE,699,en,unknown,opinion_essay,False
skgtexas.com,https://skgtexas.com/blog/workplace-culture/,20200929013301,Workplace Culture,658,en,unknown,informational,True
statuspage.io,http://blog.statuspage.io:80/how-to-sponsor-a-conference,20151112195352,What I Wish I Knew About Conferences Two Years Ago,2798,en,neg,news_pr_h,False
statuspage.io,http://blog.statuspage.io:80/statuspage-tips-add-a-private-page-if-you-have-a-public-page,20170811141817,StatusPage tips: Add a Private Page If You Have a Public Page (and Vice Versa),398,en,unknown,informational,False
statuspage.io,http://blog.statuspage.io/were-moving-to-an-add-on-store-model,20140629234142,We're Moving To An Add-On Store Model,318,en,neg,news_pr_h,False
statuspage.io,http://blog.statuspage.io:80/why-founders-shouldnt-delegate-support-too-early,20140622005602,Why Founders Shouldn't Delegate Support Too Early,1178,en,pos,opinion_essay,False
statuspage.io,http://blog.statuspage.io:80/an-insiders-look-into-incident-management-with-codeships-florian-motlik,20150429164212,An Insider's Look Into Incident Management With Codeship's Florian Motlik,1969,en,unknown,informational,True
trustradius.com,http://blog.trustradius.com:80/2014/11/salesforce-wave-makes-splash-in-14b.html,20141116034116,Qualaroo,1357,en,unknown,informational,True
trustradius.com,http://blog.trustradius.com:80/2013/01/embracing-transparency-next-big-trend.html,20130131012847,Embracing Transparency: The Next Big Trend in B2B Technology Marketing,1458,en,unknown,opinion_essay,False
trustradius.com,http://blog.trustradius.com:80/2014/07/how-social-is-oracle-after-3.html,20140729164714,Qualaroo,1551,en,unknown,informational,True
trustradius.com,http://blog.trustradius.com/2012/12/how-can-trustradius-help-you.html,20151024083530,Qualaroo,329,en,unknown,case_study,False
trustradius.com,http://blog.trustradius.com/2013/08/can-you-trust-reviews-on-tripadvisor.html,20130909160306,Can you trust reviews on TripAdvisor? Lessons for B2B.,596,en,unknown,informational,True
skingymco.com,https://www.skingymco.com/blogs/skin-gym-blog/6-skin-care-tools-you-should-be-adding-to-your-skin-care-routine-in-2022,20220120114616,6 Skin Care Tools You Should Be Adding to Your Skin Care Routine in 2022,1154,en,unknown,informational,True
skingymco.com,https://www.skingymco.com/blogs/skin-gym-blog/model-beauty-routine-kelsey-kinsel,20210228100557,Model Beauty Routine: Kelsey Kinsel,458,en,unknown,informational,False
skingymco.com,https://www.skingymco.com/blogs/skin-gym-blog/how-to-use-your-microroller-like-a-pro,20201130104757,How to Use Your Microroller Like a Pro,1064,en,pos,informational,True
skingymco.com,https://www.skingymco.com/blogs/skin-gym-blog/elevate-your-skin-care-routine-with-a-skin-care-bundle,20210119122553,Elevate Your Skin Care Routine with a Skin Care Bundle,597,en,unknown,product_announcement,False
skingymco.com,https://www.skingymco.com/blogs/skin-gym-blog/model-beauty-routine-julia-titus,20201130111232,Model Beauty Routine: Julia Titus,611,en,unknown,informational,True
telliant.com,http://blog.telliant.com:80/benefits-of-offshore-outsourcing-during-economic-slowdown/,20140101203550,Benefits of Offshore Outsourcing during Economic Slowdown,528,en,unknown,informational,True
telliant.com,https://blog.telliant.com/how-you-can-use-embedded-analytics-to-help-your-finance-department-with-its-ongoing-activities/,20210923123516,How to Get the Most Out of Embedded Analytics To Help Your Finance Department - Blog | Telliant Systems,487,en,pos,informational,False
telliant.com,https://blog.telliant.com/continuous-software-delivery-is-important-to-your-business-success/,20190821010308,Continuous Software Delivery is important to Your Business Success - Blog | Telliant Systems,581,en,unknown,informational,True
telliant.com,https://blog.telliant.com/insurance-isvs-take-notice-insurance-it-spending-at-a-crossroads-by-joe-mckendrick/,20190821014445,Insurance ISV's TAKE NOTICE: Insurance IT Spending at a Crossroads by Joe McKendrick - Blog | Telliant Systems,210,en,pos,n/a,False
telliant.com,https://blog.telliant.com/5-questions-cios-or-ctos-should-ask-to-choose-the-right-technology-for-a-project/,20190919225949,5 Questions CIOs or CTOs Should Ask To Choose The Right Technology For A Project - Blog | Telliant Systems,614,en,unknown,informational,True
sustainablesupply.com,http://blog.sustainablesupply.com/2011/11/07/how-many-green-upgrades-will-save-you-green/,20131029230649,How Many Green Upgrades Will Save You Green($$$)?,404,en,unknown,informational,False
sustainablesupply.com,http://blog.sustainablesupply.com/2011/06/29/sustainability-perception-vs-reality/,20131031023257,Sustainability-Perception vs. Reality,260,en,pos,n/a,False
sustainablesupply.com,http://blog.sustainablesupply.com/toilet-partitions-cleaning/,20190825110937,The Complete Toilet Partitions Cleaning Guide,81,en,pos,n/a,False
sustainablesupply.com,http://blog.sustainablesupply.com/2011/10/26/4-things-you-should-not-do-to-save-energy/,20131030220145,4 Things You Should Not Do to Save Energy,339,en,pos,informational,False
sustainablesupply.com,http://blog.sustainablesupply.com/water-efficiency-checklist-restaurants/,20161223125337,Complete Water Efficiency Checklist for Restaurants,629,en,pos,informational,True
markaz.app,https://www.markaz.app/blog-post/how-to-make-money-online-in-pakistan-without-investment,20220816021740,How to make money online in Pakistan without investment?,2559,en,pos,informational,True
markaz.app,https://www.markaz.app/blog-post/15-unique-online-business-ideas-for-budding-pakistani-entrepreneurs,20220816021744,15 Unique Online Business Ideas For Budding Pakistani Entrepreneurs,1991,en,unknown,informational,True
markaz.app,https://www.markaz.app/blog-post/how-to-successfully-sell-jewellery-online-in-pakistan-practical-guide,20220816021742,How To Successfully Sell Jewellery Online in Pakistan (Practical Guide),1505,en,pos,informational,True
markaz.app,https://www.markaz.app/blog-post/products-to-sell-online-in-pakistan,20221006050502,10 Trending Products to Sell Online in Pakistan,1487,en,unknown,informational,True
markaz.app,https://www.markaz.app/blog-post/most-profitable-products-to-sell-online,20220816021744,15 Trending Products and Things to Sell Online in 2022,1469,en,unknown,informational,True
ignitefunding.com,http://blog.ignitefunding.com/pitfalls-of-investing-part-2-article-from-private-lender-magazine,20190719141857,Pitfalls of Investing: Part 2 - Article from Private Lender Magazine,80,en,unknown,n/a,False
ignitefunding.com,http://blog.ignitefunding.com:80/what-are-your-investment-goals-for-2020,20200225190758,What Are Your Investment Goals for 2020?,776,en,pos,informational,True
ignitefunding.com,http://blog.ignitefunding.com/will-crowdfunding-platforms-endure-a-real-estate-market-correction,20211104161405,Will Online Crowdfunding Platforms Endure a Real Estate Market Correction?,1167,en,neg,news_pr_h,False
ignitefunding.com,http://blog.ignitefunding.com:80/2019-portfolio-performance,20200225190626,Ignite Funding 2019 Performance Portfolio Breakdown,112,en,neg,n/a,False
ignitefunding.com,http://blog.ignitefunding.com/real-estate-investing-is-not-a-one-trick-pony-game,20210804223529,Real Estate Investing is Not A One Trick Pony Game,633,en,unknown,news_pr,False
scoutzie.com,http://blog.scoutzie.com:80/post/16186961248/thats-sweet-our-fan-from-russia,20120410072708,That’s sweet. Our fan from Russia...|Mobile Design Blog | Scoutzie.com,43,en,unknown,n/a,False
scoutzie.com,http://blog.scoutzie.com:80/post/16215558472/elderly-oriented-mobile-designs-apps,20120409024647,Elderly oriented mobile designs|Mobile Design Blog | Scoutzie.com,633,en,unknown,informational,True
scoutzie.com,http://blog.scoutzie.com/post/21061400133/windows-phone-7-startup-weekend-mega,20120515100409,How to prototype on Windows Phone 7. One takeaway from the Mega StartupWeekend.|Mobile Design Blog | Scoutzie.com,156,en,pos,n/a,False
scoutzie.com,http://blog.scoutzie.com/post/21197766646/what-is-an-s,20120515094741,"A little too close, don",72,en,pos,n/a,False
scoutzie.com,http://blog.scoutzie.com:80/post/15444683690/introducing-scoutzie-community-for-best-mobile-designers,20120113095132,Best Mobile Designers In The World | Scoutzie | Blog,187,en,neg,n/a,False
westpacwealth.com,https://www.westpacwealth.com/blog/best-companies-to-work-for-in-oregon,20210422192141,Best companies to work for in Oregon,259,en,pos,n/a,False
westpacwealth.com,https://www.westpacwealth.com/blog/establishing-a-secure-financial-foundation,20220520174423,Establishing a Secure Financial Foundation,1687,en,unknown,informational,True
westpacwealth.com,https://www.westpacwealth.com/blog/the-common-element-among-unique-and-successful-businesses,20221004065647,The Common Element Among Unique and Successful Businesses,983,en,unknown,informational,True
westpacwealth.com,https://www.westpacwealth.com/blog/when-you-find-the-right-culture-the-rewards-can-be-great,20210122054821,"When you find the right culture, the rewards can be great",1183,en,unknown,culture_hiring,False
westpacwealth.com,https://www.westpacwealth.com/blog/westpac-is-fortunate-to-be-a-best-workplace-in-finance-again,20210422195409,WestPac is FORTUNATE to be a Best Workplace in Finance Again!,338,en,pos,news_pr,False
iconicit.com,https://iconicit.com/blog/adaptive-manufacturing-technology-and-the-modern-factory/,20211223161605,Adaptive Manufacturing Technology and the Modern Factory,999,en,unknown,informational,True
iconicit.com,https://iconicit.com/blog/are-football-pools-a-good-idea-in-the-office/,20210129160627,Are Office Football Pools a Good Idea?,1545,en,unknown,informational,True
iconicit.com,https://iconicit.com/blog/virtual-mission-briefing-with-iconic-its-matt-lee-along-with-pax8-and-microsoft/,20210305193139,Virtual Mission Briefing with Iconic IT's Matt Lee along with Pax8 and Microsoft | Iconic IT - Better Together,348,en,unknown,news_pr,False
iconicit.com,https://iconicit.com/blog/have-you-ever-watched-someone-get-hacked-in-real-life/,20201105201327,Have You Ever Watched Someone Get Hacked In Real-Life? | Iconic IT - Better Together,3167,en,unknown,informational,True
iconicit.com,https://iconicit.com/blog/voip-the-pros-and-cons/,20210925202951,"VOIP Advantages, and Why You Should Run Your Company's Phones on the Internet",1206,en,pos,informational,True
gridgain.com,http://www.gridgain.com:80/blog/join-us-at-big-data-innovation-summit/,20140117085142,Blog,229,en,unknown,n/a,False
gridgain.com,http://www.gridgain.com:80/blog/fyi/adding-leveldb-store-for-your-in-memory-cache/,20120630211836,Blog,260,en,unknown,n/a,False
gridgain.com,http://www.gridgain.com:80/blog/releases/gridgain-5-2-released/,20131105210525,Blog,423,en,unknown,product_announcement,False
gridgain.com,http://www.gridgain.com:80/blog/gridgains-open-source-in-memory-computing-strategy-sets-stage-for-unprecedented-advances/,20140317015934,Blog,467,en,unknown,news_pr,False
gridgain.com,http://www.gridgain.com:80/blog/archives/counting-words-in-real-time-on-gridgain/,20120430054110,Blog,812,en,unknown,informational,True
inito.com,https://blog.inito.com/ovulating-late/,20220122090622,How To Know If You Are Ovulating Late? A Simple Guide For Women - Inito,637,en,pos,informational,True
inito.com,https://blog.inito.com/ovulation-bleeding/,20220122092012,Ovulation bleeding vs. Implantation bleeding: How long does it last? - Inito,961,en,pos,informational,True
inito.com,https://blog.inito.com/ovulation-tests-with-pcos/,20220810173219,Using Ovulation Tests with PCOS: Can You Trust the Accuracy? - Inito,1382,en,unknown,informational,True
inito.com,https://blog.inito.com/progesterone-cause-weight-gain/,20220722060715,Does Progesterone Cause Weight Gain? - Inito,1262,en,unknown,informational,True
inito.com,https://blog.inito.com/posterior-placenta/,20220516192924,What does it mean to have a ‘posterior placenta’? - Inito,1170,en,unknown,informational,True
evonence.com,https://www.evonence.com/blog/end-point-verification-for-g-suite,20190724083858,End Point Verification for G suite,399,en,unknown,informational,False
evonence.com,https://www.evonence.com/blog/g-suite-collaboration-software-for-car-dealers,20190724091206,G Suite Collaboration Software For Car Dealers,1092,en,unknown,informational,True
evonence.com,https://www.evonence.com/blog/2018/2/15/g-suite-basic-restore-deleted-data,20190724083130,G Suite basic: Restore Deleted Data,634,en,unknown,informational,True
evonence.com,https://www.evonence.com/blog/why-g-suite-may-be-right-for-your-small-business,20190724091848,Why G Suite may be right for your small business,1219,en,pos,informational,True
evonence.com,https://www.evonence.com/blog/2018/2/16/securing-mobile-devices-in-the-corporate-environment-with-g-suite,20190825091801,Securing Mobile Devices in the Corporate Environment with G Suite — Evonence | Google Cloud Partner | G Suite authorised reseller,323,en,unknown,informational,False
radiusnetworks.com,https://www.radiusnetworks.com/blog/2018/11/19/beacon-monitoring-in-the-background-and-foreground,20190721133143,Beacon Monitoring in the Background and Foreground,2452,en,unknown,informational,True
radiusnetworks.com,https://www.radiusnetworks.com/blog/2018/11/20/beacon-ranging-region-monitoring-and-advertising-in-ios-11,20190721133322,"Beacon Ranging, Region Monitoring, and Advertising in iOS 11",524,en,unknown,informational,True
radiusnetworks.com,https://www.radiusnetworks.com/blog/2018/11/20/geofence-performance-testing-on-ios,20190721131509,Geofence Performance Testing on iOS,627,en,unknown,informational,True
radiusnetworks.com,https://www.radiusnetworks.com/blog/2018/11/20/campaign-kit-on-android-wearables,20190721132853,Campaign Kit on Android Wearables,589,en,unknown,informational,True
radiusnetworks.com,https://www.radiusnetworks.com/blog/2018/11/19/debugging-ios-apps-in-the-background,20190721130505,Debugging iOS Apps in the Background,390,en,unknown,informational,False
dynatrace.com,https://www.dynatrace.com/blog/dynatrace-europe-tour-apm-perspectives-from-london-paris-linz/,20170313185720,"Dynatrace Europe Tour: APM Perspectives from London, Paris & Linz | Dynatrace blog – monitoring redefined",638,en,unknown,culture_hiring,False
dynatrace.com,https://www.dynatrace.com/blog/the-era-of-servlet-containers-is-over/,20170708131159,The era of servlet containers is over | Dynatrace blog – monitoring redefined,1132,en,unknown,opinion_essay,False
dynatrace.com,https://www.dynatrace.com/blog/introducing-new-topology-smartscape-api/,20171203195006,Introducing the Topology and Smartscape API | Dynatrace blog – monitoring redefined,203,en,neg,n/a,False
dynatrace.com,https://www.dynatrace.com/blog/containers-relate-kubernetes-matters-openstack/,20171221134630,"What are containers, how they relate to Kubernetes, and why this matters to OpenStack | Dynatrace blog",1914,en,pos,informational,True
dynatrace.com,https://www.dynatrace.com/blog/diagnosing-obamacare-website-performance-issues-with-apm-tools/,20170504202747,Diagnosing Obamacare Website Performance Issues with APM Tools | Dynatrace blog – monitoring redefined,1245,en,unknown,informational,True
teamgather.co,https://www.teamgather.co/blog/how-to-write-effective-slack-announcements,20201202033624,How to Write Effective Slack Announcements - Gather,747,en,neg,news_pr_h,False
teamgather.co,https://www.teamgather.co/blog/revisiting-our-founder-story-two-years-in,20220521030916,Revisiting our Founder Story Two Years in - Gather,646,en,unknown,opinion_essay,False
teamgather.co,https://www.teamgather.co/blog/how-to-onboard-remote-employees,20210116201609,9 Ideas for Onboarding Remote Employees - Gather,1121,en,pos,informational,True
teamgather.co,https://www.teamgather.co/blog/icebreaker-questions-for-remote-teams,20210511005137,Icebreaker Questions For Remote Teams - Gather,304,en,unknown,informational,False
teamgather.co,https://www.teamgather.co/blog/1-1s-checklist,20210412024312,1:1s Checklist - Gather,336,en,pos,informational,False
doxy.me,https://doxy.me/blog/2019/02/28/successful-teletherapy-appointment/,20190717215103,How to Actually Have a Successful Teletherapy Appointment,478,en,pos,informational,False
doxy.me,https://doxy.me/blog/2018/03/15/online-therapy/,20190825165127,Is online therapy a good idea for your practice | Doxy.me,619,en,unknown,informational,True
doxy.me,https://doxy.me/blog/2017/04/04/telemedicine-software-compared-doxy-me-rated-1/,20190717215154,Telemedicine Software - Doxy.me rated 1st | Doxy.me,195,en,unknown,n/a,False
doxy.me,https://doxy.me/blog/2016/11/15/rees_chapman-and-offering-teletherapy/,20190825165450,Dr Rees Chapman - Providing Teletherapy | Doxy.me,770,en,unknown,case_study,False
doxy.me,https://doxy.me/blog/2016/08/29/dr-gavazzi-telepsychology/,20190717215056,Dr. Gavazzi on Practicing Telepsychology | Doxy.me,735,en,unknown,case_study,False
pics-itech.com,https://blog.pics-itech.com/topic/managed-services-provider,20190721062115,ITech Insights | Managed services provider,51,en,unknown,n/a,False
pics-itech.com,https://blog.pics-itech.com/online-marketing-and-5-things-you-should-be-doing-right-now,20180218123114,Online Marketing and 5 Things You Should Be Doing Right Now,698,en,pos,informational,True
pics-itech.com,https://blog.pics-itech.com/topic/net-neutrality,20190823042026,"ITech Insights | Net Neutrality,",36,en,unknown,n/a,False
pics-itech.com,https://blog.pics-itech.com/topic/it-security-threats,20190721062802,ITech Insights | it security threats,18,en,unknown,n/a,False
pics-itech.com,http://blog.pics-itech.com/topic/outsourced-it-services,20170903061307,ITech Insights | Outsourced IT Services,68,en,unknown,n/a,False
sandcloud.com,https://www.sandcloud.com/blogs/news/the-last-straw/,20201201052955,The Last Straw,633,en,unknown,informational,True
sandcloud.com,https://www.sandcloud.com/blogs/news/37659457-turkish-towels-101-what-are-turkish-towels,20201108100350,Turkish Towels 101: What are turkish towels?,924,en,pos,informational,True
sandcloud.com,https://www.sandcloud.com/blogs/news/problematic-plastic/,20201125101832,Problematic Plastic,526,en,unknown,informational,True
sandcloud.com,https://www.sandcloud.com/blogs/test-category/,20201128054306,Sand Cloud Blog,53,en,unknown,n/a,False
sandcloud.com,https://www.sandcloud.com/blogs/news/36176193-basics-for-a-perfect-beach-day/,20201128081552,Basics For a Perfect Beach Day,471,en,unknown,informational,False
embarksafety.com,https://www.embarksafety.com/blog/high-risk-driver-for-commercial-auto-insurance/,20210924000853,“High-risk driver” in the eyes of commercial auto insurance,619,en,unknown,informational,True
embarksafety.com,https://www.embarksafety.com/blog/truck-driver-shortage-increases-the-importance-of-hiring-the-right-people/,20200924115615,Truck Driver Shortage Increases the Importance of Hiring the Right People - Embark Safety,591,en,neg,news_pr_h,False
embarksafety.com,http://www.embarksafety.com:80/blog/lower-fleet-insurance-premiums.html,20190614215728,How-to Keep Fleet Insurance Premiums Low,546,en,unknown,informational,True
embarksafety.com,https://www.embarksafety.com/blog/commercial-auto-insurance-best-rates/,20210324161730,Why Differentiation Matters in Commercial Auto Insurance World - Embark Safety,447,en,pos,informational,False
embarksafety.com,https://www.embarksafety.com/blog/driver-record-monitoring-manager-buy-in/,20201219022659,How to Get Manager Buy-in for Driver Record Monitoring - Embark Safety,399,en,pos,informational,False
substack.com,https://blog.substack.com/p/the-substack-christmas-gift-guide,20201007202227,The Substack Christmas Gift Guide,1234,en,pos,informational,True
substack.com,https://blog.substack.com/p/new-on-substack-publishing-tools,20201007220605,New on Substack: Publishing tools for teams,803,en,unknown,product_announcement,False
substack.com,https://blog.substack.com/p/new-sections,20210507031656,New: Add sections to your publication,166,en,unknown,n/a,False
substack.com,https://blog.substack.com/p/dont-look-to-facebook-to-fix-the-news,20201007202606,Don't look to Facebook to fix the news,834,en,unknown,opinion_essay,False
substack.com,https://blog.substack.com/p/gift-guide-2020,20201204172121,"Give a gift subscription, plus our 2020 holiday guide",657,en,pos,informational,True
dexatel.com,https://dexatel.com/blog/clear-point-of-difference-in-mobile-marketing/,20201130200044,Check to See What the Clear Point of Difference in Mobile Marketing is,1378,en,unknown,informational,True
dexatel.com,https://dexatel.com/blog/sms-notification/,20211208003734,Why Use SMS Notifications For Your Business?,1381,en,pos,informational,True
dexatel.com,https://dexatel.com/blog/text-messaging-service-for-schools/,20201101063734,Text Messaging Service for Schools: Everything You Need to Know,831,en,unknown,informational,True
dexatel.com,https://dexatel.com/blog/b2b-mobile-marketing/,20220810192108,The Ultimate Guide to B2B Mobile Marketing,485,en,pos,informational,False
dexatel.com,https://dexatel.com/blog/collecting-phone-numbers/,20201111074250,Collecting Phone Numbers: 5 Useful Tips,754,en,unknown,informational,True
govpredict.com,https://www.govpredict.com/blog/evidence-and-policy-decisions,20210414005721,Evidence and Policy Decisions: Report from American Enterprise Institute Event,758,en,neg,news_pr_h,False
govpredict.com,https://govpredict.com/blog/asae-american-associations-day/,20190823140716,ASAE American Associations Day “Fly-In” A Success Thanks to Hill Day,349,en,unknown,case_study,False
govpredict.com,https://www.govpredict.com/blog/govpredict-launches-massive-upgrade-to-moneyball,20200807093645,GovPredict Launches Massive Upgrade to Moneyball,399,en,neg,news_pr_h,False
govpredict.com,https://www.govpredict.com/blog/congressional-covid-tweets-by-the-numbers,20200414193438,Congressional COVID Tweets: By the Numbers,687,en,unknown,informational,True
govpredict.com,https://govpredict.com/blog/contributions-by-amazon-employees/,20180921011101,Contributions by Amazon Employees - GovPredict Blog,777,en,unknown,informational,True
urbankisaan.com,https://www.urbankisaan.com/blog/main-es5.2dc3c8b592a2de01edb2.js,20201028035651,Urbankisaan,18,en,unknown,n/a,False
urbankisaan.com,https://www.urbankisaan.com/blog/01/Top-benefits-of-indoor-gardening,20201107231410,Urbankisaan,19,en,unknown,n/a,False
urbankisaan.com,https://www.urbankisaan.com/blog/advantages-of-hydrophonics,20190922141918,Advantages Of Hydrophonics,440,en,unknown,informational,False
urbankisaan.com,https://www.urbankisaan.com/blog/grow-plants-and-vegetables-hydroponically,20190922145143,Grow Plants and Vegetables Hydroponically,536,en,unknown,informational,True
urbankisaan.com,https://www.urbankisaan.com/blog/the-emerging-technique-of-farming,20190922150523,The Emerging Technique Of Farming,468,en,unknown,informational,False
sifted.co,https://www.sifted.co/blog/the-experiential-lunch-program-how-it-works,20190722141428,The Experiential Lunch Program – How it Works,262,en,unknown,n/a,False
sifted.co,https://www.sifted.co/blog/recipes-from-sifted-atlanta,20190722053956,Recipes from Sifted Atlanta,197,en,unknown,n/a,False
sifted.co,https://www.sifted.co/blog/reducing-food-waste-while-supporting-our-great-city,20190722052823,Reducing Food Waste While Supporting Nashville,307,en,unknown,news_pr,False
sifted.co,https://www.sifted.co/blog/6-resources-for-the-most-organized-office-manager-ever,20190818053717,6 Resources for the Most Organized Office Manager Ever,776,en,unknown,informational,True
sifted.co,https://www.sifted.co/blog/meet-our-coo,20190818052651,Meet our COO,517,en,unknown,culture_hiring,False
anyvite.com,http://anyvite.com:80/blog/2008/09/import-contacts-from-evite/,20090420002235,Import Contacts from Evite!,496,en,unknown,product_announcement,False
anyvite.com,http://anyvite.com:80/blog/2008/08/try-before-you-buy/,20090426083324,Try Before you Buy,214,en,unknown,n/a,False
anyvite.com,http://anyvite.com:80/blog/2008/11/sneak-peek-anyvite-events-widget/,20090420001032,Sneak Peek: Anyvite Events Widget,164,en,neg,n/a,False
anyvite.com,http://anyvite.com:80/blog/2015/03/creating-new-events-is-disabled/comment-page-1/,20151015070205,Creating New Events is Disabled,468,en,neg,news_pr_h,False
anyvite.com,http://anyvite.com:80/blog/2008/07/a-new-address-book-an-improved-way-of-importing-contacts-and-privacy-options/,20090426082951,"A New Address Book, an Improved Way of Importing Contacts and Privacy Options",422,en,unknown,product_announcement,False
foster.co,https://www.foster.co/blog/the-evolving-media-landscape-with-paul-smalera,20210517090805,Foster,1107,en,unknown,informational,True
foster.co,https://www.foster.co/blog/how-to-build-a-wildly-popular-newsletter-in-six-months,20210517084905,Foster,12813,en,pos,informational,True
foster.co,https://www.foster.co/blog/journaling-as-a-spiritual-practice,20210728202756,Foster,998,en,unknown,opinion_essay,False
foster.co,https://www.foster.co/blog/how-to-grow-a-passionate-following-with-ginny-hogan,20210517085245,Foster,713,en,pos,informational,True
foster.co,https://www.foster.co/blog/ways-to-supercharge-your-storytelling-output-with-christene-browne,20210517103154,Foster,780,en,unknown,informational,True
teambonding.com,http://www.teambonding.com/blog/2009/03/19/nike-innovation-grants-program/,20110105130649,Nike Innovation Grants Program,251,en,unknown,n/a,False
teambonding.com,http://www.teambonding.com:80/blog/2012/02/06/an-interview-with-teambondings-favorite-facilitator-paul-giroux/,20120410210847,"An Interview with TeamBonding’s Favorite Facilitator, Paul Giroux",742,en,unknown,culture_hiring,False
teambonding.com,http://www.teambonding.com:80/blog/2009/08/20/team-building-in-second-life/,20090915181416,Team Building in Second Life,343,en,unknown,opinion_essay,False
teambonding.com,http://www.teambonding.com:80/blog/2010/01/19/chocolate-making-team-building-2/,20100223015448,The Winter Olympics are coming to your Company!,164,en,unknown,n/a,False
teambonding.com,http://www.teambonding.com:80/blog/2012/09/19/team-building-quotes/,20121002140012,Team Building Quotes,947,en,unknown,informational,True
modpizza.com,https://modpizza.com/blog/vegetarians-vegans-love-pizza/,20190821094321,Vegetarians and Vegan Options | MOD Pizza,178,en,unknown,n/a,False
modpizza.com,https://modpizza.com/blog/tackling-weekend-hunger/,20190819230011,"Tackling Weekend Hunger with 60,000 Meals | MOD Pizza",330,en,unknown,news_pr,False
modpizza.com,https://modpizza.com/blog/mod-tops-list-buzz-brands/,20211127182927,MOD Tops List of Buzz Brands | MOD Pizza,172,en,unknown,n/a,False
modpizza.com,https://modpizza.com/blog/meet-five-of-mods-best-buddies/,20190818193959,Meet Five of MOD’s Best Buddies | MOD Pizza,440,en,pos,culture_hiring,False
modpizza.com,https://modpizza.com/blog/co-founders-mod-squad/,20211127182846,Co-Founders’ to the MOD Squad | MOD Pizza,88,en,unknown,n/a,False
aaprintsupplyco.com,https://aaprintsupplyco.com/blogs/news/dtg-mixed-media,20220523115109,Siser Sublimation Markers are HERE,399,en,unknown,product_announcement,False
aaprintsupplyco.com,https://aaprintsupplyco.com/blogs/news/2021-epson-f170-shipping-update,20210225212511,Epson F170 Shipping Update,109,en,unknown,n/a,False
aaprintsupplyco.com,https://aaprintsupplyco.com/blogs/news/epson-surecolor-r-series-hp-latex-trade-in,20220626075434,Epson SureColor R-Series HP Latex Trade-In,493,en,unknown,news_pr,False
aaprintsupplyco.com,https://aaprintsupplyco.com/blogs/news/sts-mutoh-vj628d-dtf-printer-setup,20220523105326,STS Direct to Film Setup,585,en,unknown,product_announcement,False
aaprintsupplyco.com,https://aaprintsupplyco.com/blogs/news/virtual-printer-inspections-for-out-of-warranty-or-expired-service-plans,20210116154604,Virtual Printer Inspections for Out-of-Warranty or Expired Service Plans,204,en,unknown,n/a,False
atlassian.com,https://www.atlassian.com/blog/2012/10/confluence-101-5-things-to-try-in-confluence-mobile,20201028133713,Confluence 101: 5 Things to Try in Confluence Mobile,594,en,pos,informational,True
atlassian.com,https://www.atlassian.com/blog/2013/05/git-automatic-merges-with-server-side-hooks-for-the-win,20190820215307,Git: automatic merges with server side hooks (for the win!) - Work Life by Atlassian,1159,en,unknown,informational,True
atlassian.com,https://www.atlassian.com/blog/2012/02/version-control-centralized-dvcs,20191112103308,What is version control: centralized vs. DVCS - Work Life by Atlassian,919,en,pos,informational,True
atlassian.com,https://www.atlassian.com/blog/2013/06/using-watchers-and-mentions-effectively,20191014221321,Using watchers and @mentions effectively,876,en,unknown,informational,True
atlassian.com,https://www.atlassian.com/blog/2012/08/table-sorting-and-cell-highlighting-coming-in-confluence-43,20190723063326,Table Sorting and Highlighting Coming Soon in Confluence 4.3,559,en,unknown,product_announcement,False
nexussystems.com,http://blog.nexussystems.com:80/get-on-the-invoice-approval-fast-track-with-automated-invoice-workflows,20170315195614,Get on the Invoice Approval Fast Track with Automated Invoice Workflows,257,en,unknown,n/a,False
nexussystems.com,http://blog.nexussystems.com:80/why-senior-management-loves-accounts-payable-automation,20170314224657,Why Senior Management Loves Accounts Payable Automation,300,en,pos,informational,False
nexussystems.com,http://blog.nexussystems.com:80/make-audits-a-breeze-with-accounts-payable-automation,20160425092902,Make Audits a Breeze with Accounts Payable Automation,288,en,unknown,n/a,False
nexussystems.com,https://blog.nexussystems.com/picking-a-supplier-enablement-partner,20190820012123,Picking a Supplier Enablement Partner,659,en,unknown,informational,True
nexussystems.com,http://blog.nexussystems.com:80/seven-ways-invoice-automation-addresses-audit-and-tax-reporting-challenges,20160508074041,7 Ways Invoice Automation Uniquely Addresses Audit and Tax Reporting Challenges,269,en,pos,n/a,False
roomraccoon.com,https://roomraccoon.com/blog/roomraccoon-maakt-het-leven-makkelijker/,20200810013951,RoomRaccoon maakt het leven makkelijker | RoomRaccoon,650,de,unknown,n/a,False
roomraccoon.com,https://roomraccoon.com/blog/hoeveel-lege-kamers-had-jij-vorige-week/,20200810032250,Hoeveel lege kamers had jij vorige week? | RoomRaccoon,357,de,unknown,n/a,False
roomraccoon.com,https://roomraccoon.com/blog/roomraccoon-e-boekhouden-nl/,20190821162959,Koppeling tussen RoomRaccoon & e-Boekhouden.nl | RoomRaccoon,197,other,unknown,n/a,False
roomraccoon.com,https://roomraccoon.com/blog/online-reputatie-beheren/,20200810022155,Hoe beheer je de online reputatie van je hotel | RoomRaccoon,482,de,unknown,n/a,False
roomraccoon.com,https://roomraccoon.com/blog/6-dagelijkse-taken-waarvan-je-niet-wist-dat-je-ze-kon-automatiseren/,20200810022923,6 Dagelijkse taken die je kunt automatiseren | RoomRaccoon,532,de,unknown,n/a,False
niyamit.com,https://www.niyamit.com/blog/portfolio/data-science-management-and-analytics-fact-sheet/,20211127050032,"Data Science, Management, and Analytics Fact Sheet - Niyam Blog",50,en,unknown,n/a,False
niyamit.com,https://www.niyamit.com/blog/zero-trust-architecture/,20220815094018,From our Security experts: Implementing Zero Trust Architecture - Niyam Blog,666,en,unknown,informational,True
niyamit.com,https://www.niyamit.com/blog/portfolio/flood-risk-advisor/,20211127054818,Flood Risk Advisor - Niyam Blog,65,en,unknown,n/a,False
niyamit.com,https://www.niyamit.com/blog/security-does-not-mean-access-denied/,20211127061143,Security does not mean “Access Denied” - Niyam Blog,369,en,unknown,case_study,False
niyamit.com,https://www.niyamit.com/blog/portfolio-tag/data-resources/,20210419111837,Niyam Blog - Effective Solutions. Measurable Outcomes.,209,en,unknown,n/a,False
wearegameplan.com,https://wearegameplan.com/blog/game-plans-customer-success-guidebook-a-90-day-review/,20190823032000,Game Plan’s Customer Success Guidebook - A 90 Day Review - Game Plan,728,en,pos,news_pr,False
wearegameplan.com,https://wearegameplan.com/blog/statement-regarding-game-plan-incs-lawsuit-against-lebron-james/,20200809104726,"Statement Regarding Game Plan, Inc's Lawsuit Against Lebron James - Game Plan",71,en,unknown,n/a,False
wearegameplan.com,https://wearegameplan.com/blog/annual-progress-rates-whats-next/,20190823030545,Academic Progress Rates: What's Next? - Game Plan,1292,en,unknown,opinion_essay,False
wearegameplan.com,https://wearegameplan.com/blog/next-play-webinar-matt-holt/,20190919061511,"Join us for our Next Play Webinar with Matt Holt, President of US Integrity! - Game Plan",87,en,neg,n/a,False
wearegameplan.com,http://wearegameplan.com/blog/podcast/next-play-episode-10-brandon-sneed-industry-journalist-for-the-bleacher-report-and-author-on-athlete-mental-health/,20201001212401,Next Play Episode 10 | Brandon Sneed Industry Journalist for The Bleacher Report and Author on Athlete Mental Health - Game Plan,156,en,unknown,n/a,False
ntechlab.com,https://ntechlab.com/blog/2020/04/09/recognizing-coronavirus/,20220518093629,Facial Recognition against COVID-19 - NtechLab | NtechLab,970,en,unknown,informational,True
ntechlab.com,https://ntechlab.com/blog/2020/11/03/dark-data-how-to-use-100-of-information/,20220518093903,Dark Data: How to use 100% of Information - NtechLab | NtechLab,1331,en,pos,informational,True
ntechlab.com,https://ntechlab.com/blog/2022/02/04/facial-recognition-video-analytics-is-evolving-trends-in-2022/,20221002153920,Facial recognition video analytics is evolving. Trends in 2022 | NtechLab,753,en,unknown,informational,True
ntechlab.com,https://ntechlab.com/blog/how-face-recognition-helps-public-safety/,20210924180504,The importance of face recognition in public safety | FindFace,1499,en,unknown,informational,True
ntechlab.com,https://ntechlab.com/blog/decisive-arguments-in-favor-of-adopting-the-e-banking-way/,20210924185728,Decisive Arguments in Favor of Adopting the E-banking Way | NTechLab,990,en,unknown,informational,True
clementinescreamery.com,http://www.clementinescreamery.com:80/blog/a-touch-of-sunshine,20170714174655,A Touch of Sunshine...,80,en,unknown,n/a,False
clementinescreamery.com,http://www.clementinescreamery.com:80/blog/national-ice-cream-day-2017,20170714174717,National Ice Cream Day!,61,en,unknown,n/a,False
clementinescreamery.com,http://www.clementinescreamery.com:80/blog/the-ice-cream-informant,20170714174807,The Ice Cream Informant,81,en,unknown,n/a,False
clementinescreamery.com,http://clementinescreamery.com/blog-1/2015/5/12/this-thursday,20150923090641,This Thursday!,28,en,unknown,n/a,False
clementinescreamery.com,http://www.clementinescreamery.com:80/blog/alton-brown-is-sweet-on-clementines,20170714174159,Alton Brown is Sweet on Clementine's,155,en,unknown,n/a,False
bloomtech.com,https://www.bloomtech.com/blog/backend-development,20211125171720,BloomTech Blog | Backend Development (formerly Lambda School),43,en,unknown,n/a,False
bloomtech.com,https://www.bloomtech.com/blog-topic/tech-for-good,20220930040855,BloomTech Blog,52,en,unknown,n/a,False
bloomtech.com,https://www.bloomtech.com/blog-topic/austen-allred,20211125172847,BloomTech Blog,64,en,unknown,n/a,False
bloomtech.com,https://www.bloomtech.com/blog-topic/cecilia-ziniti-general-counsel,20220930021156,BloomTech Blog,19,en,unknown,n/a,False
bloomtech.com,https://www.bloomtech.com/blog-topic/jessica-pense,20220930033529,BloomTech Blog,51,en,unknown,n/a,False
meridianpacificproperties.com,http://www.meridianpacificproperties.com:80/blog/investment-strategy/,20150802000428,Investment Strategy,175,en,unknown,n/a,False
meridianpacificproperties.com,http://www.meridianpacificproperties.com:80/blog/the-evolution-of-a-property-management-company/,20161016035509,The Evolution of a Property Management Company,477,en,unknown,informational,False
meridianpacificproperties.com,http://www.meridianpacificproperties.com:80/blog/residential-real-estate-investment-makes-a-comeback/,20140727064427,Residential Real Estate Investment Makes a Comeback - www.meridianpacificproperties.com/blog,768,en,unknown,informational,True
meridianpacificproperties.com,http://www.meridianpacificproperties.com:80/blog/shield-your-investment-the-tax-advantages-of-real-estate-1-of-3/,20170422064651,The Tax Advantages of Investment Real Estate (1 of 3) - Depreciation & Shielding Your Investment,656,en,unknown,informational,True
meridianpacificproperties.com,http://www.meridianpacificproperties.com:80/blog/201-market-analysis/,20150802000321,201 - Market Analysis,208,en,unknown,n/a,False
wodify.com,http://www.wodify.com/blog/view-and-create-custom-leaderboards/,20130807195141,View and Create Custom Leaderboards - Wodify,71,en,unknown,n/a,False
wodify.com,http://wodify.com:80/blog/post/wodify-supports-crossfit-for-hope,20120813194710,"News, Updates, and Thoughts from the Wodify Blog",269,en,unknown,n/a,False
wodify.com,http://www.wodify.com/blog/app-server-2-down/,20130808090627,App Server #2 Down - Wodify,102,en,unknown,n/a,False
wodify.com,http://wodify.com:80/blog/the-ins-and-outs-of-wodify,20120724181555,"News, Updates, and Thoughts from the Wodify Blog",301,en,unknown,informational,False
wodify.com,http://www.wodify.com/blog/wodify-university-creating-wods/,20130827005032,Wodify University: Creating WODs - Wodify,106,en,unknown,n/a,False
dataform.co,https://dataform.co/blog/converting-looker-pdts-to-dataform,20201020110521,Converting Looker PDTs to the Dataform framework,1766,en,unknown,informational,True
dataform.co,https://dataform.co/blog/vscode-extension,20201020121834,Building the Dataform VS Code extension,931,en,pos,product_announcement,False
dataform.co,https://dataform.co/blog/mongodb-protobuf-codec,20201020111953,How we store protobufs in MongoDB,614,en,unknown,informational,True
dataform.co,https://dataform.co/blog/great-data-teams-build-products,20200310164908,Great data teams build products,941,en,unknown,informational,True
actionbehavior.com,https://blog.actionbehavior.com/famous-people-with-asd,20210923061758,Famous People With ASD,890,en,unknown,informational,True
actionbehavior.com,https://blog.actionbehavior.com/14-tips-from-parents-in-autism-community,20210414021817,14 Tips from Autism Experts and Parents in the Autism Community,2585,en,pos,informational,True
actionbehavior.com,https://blog.actionbehavior.com/full-time-applied-behavior-analysis-aba-preschool-program-children-disabilities-ppcd,20210414010136,Applied Behavior Analysis (ABA) or Preschool Program for Children with Disabilities (PPCD)?,493,en,unknown,informational,False
actionbehavior.com,https://blog.actionbehavior.com/top-35-autism-blogs-in-2018,20210610000905,Top 35 Autism Blogs in 2018 - Action Behavior Centers,2225,en,pos,informational,True
actionbehavior.com,https://blog.actionbehavior.com/who-is-the-real-teacher-here,20210916081320,Who Is the Real Teacher Here?,343,en,unknown,opinion_essay,False
tropicalgardenslandscape.com,https://www.tropicalgardenslandscape.com/blog/gas-fire-pits-vs-wood-burning-fire-pits/,20210323002927,"Gas Fire Pits vs. Wood-Burning Fire Pits Sunday, January 17, 2021",614,en,pos,informational,True
tropicalgardenslandscape.com,https://www.tropicalgardenslandscape.com/blog/4-of-the-latest-trends-in-landscape-lighting/,20211204035440,"4 Of The Latest Trends In Landscape Lighting Thursday, May 06, 2021",597,en,unknown,informational,True
tropicalgardenslandscape.com,https://www.tropicalgardenslandscape.com/blog/3-steps-to-designing-the-perfect-raised-garden-bed/,20220401185246,"3 Steps to Designing the Perfect Raised Garden Bed Wednesday, January 19, 2022",590,en,pos,informational,True
tropicalgardenslandscape.com,https://www.tropicalgardenslandscape.com/blog/frequently-asked-questions-about-lawn-fertilizer/,20220915205301,"Frequently Asked Questions About Lawn Fertilizer Tuesday, April 12, 2022",601,en,unknown,informational,True
tropicalgardenslandscape.com,https://www.tropicalgardenslandscape.com/blog/lawn-care-sarasota/care-for-your-florida-lawn-this-winter/,20191112005709,Care for Your Florida Lawn This Winter,902,en,unknown,informational,True
mailtime.com,http://blog.mailtime.com/how-long-can-you-delay-replying-to-an-email/,20150711063846,How Long Can You Delay Replying To An Email?,469,en,unknown,informational,False
mailtime.com,http://blog.mailtime.com/why-we-believe-that-inbox-zero-is-a-lie/,20150711065906,Why We Believe That Inbox Zero Is A Lie,659,en,pos,opinion_essay,False
mailtime.com,https://blog.mailtime.com/the-email-ahead/,20190820071630,The Email Ahead,321,en,unknown,opinion_essay,False
mailtime.com,http://blog.mailtime.com/what-happened-before-mailtime-got-featured-on-the-app-store/,20150711122736,What Happened Before MailTime Got Featured on the App Store,861,en,unknown,informational,True
mailtime.com,https://blog.mailtime.com/mymdt_en_medium-head-featured/,20200918143308,mymdt_en_Medium-head-featured,39,en,unknown,n/a,False
pointofrental.com,http://blog.pointofrental.com/2013/09/24/employee-spotlight-whos-behind-the-software-introduces-greg-bennett/,20131107025806,“Employee Spotlight – Who’s behind the software?” introduces Greg Bennett,125,en,unknown,n/a,False
pointofrental.com,http://blog.pointofrental.com/2013/11/06/employee-spotlight-whos-behind-the-software-introduces-lauren-harris/,20131106225150,“Employee Spotlight – Who’s behind the software?” introduces Lauren Harris,140,en,unknown,n/a,False
pointofrental.com,http://blog.pointofrental.com/2014/03/14/employee-spotlight-whos-behind-the-software-introduces-ed-hewitt/,20140314230102,“Employee Spotlight – Who’s behind the software?” introduces Ed Hewitt,158,en,unknown,n/a,False
pointofrental.com,http://blog.pointofrental.com/2013/07/05/employee-spotlight-whos-behind-the-software-introduces-holly-emmons/,20131107033632,“Employee Spotlight – Who’s behind the software?” introduces Holly Emmons,108,en,unknown,n/a,False
pointofrental.com,http://blog.pointofrental.com:80/2011/07/28/smartphone-website-hosting-for-party-rental-and-equipment-rental-stores/,20120730114145,Smartphone Website Hosting for Party Rental and Equipment Rental Stores,216,en,unknown,n/a,False
picktrace.com,http://picktrace.com/blog/employee-spotlight-cuauhtemoc-lopez/,20201028123224,Team Spotlight: Cuauhtemoc Lopez,442,en,unknown,culture_hiring,False
picktrace.com,http://picktrace.com/blog/team-spotlight-erika-menezes/,20201127104411,Team Spotlight: Erika Menezes,335,en,unknown,culture_hiring,False
picktrace.com,http://picktrace.com/blog/team-spotlight-wendy-wang/,20201028121407,Team Spotlight: Wendy Wang,502,en,unknown,culture_hiring,False
picktrace.com,http://picktrace.com/blog/team-spotlight-arturo-de-la-rosa/,20201028104953,Team Spotlight: Arturo de La Rosa,811,en,unknown,culture_hiring,False
picktrace.com,https://picktrace.com/blog/team-spotlight-jorge-perez-2/,20211023061601,Team Spotlight: Shane Stevens,621,en,unknown,culture_hiring,False
resnickroof.com,https://resnickroof.com/blog/p.220222001/resnick-roofing-contracting-is-named-best-of-the-best-by-triblive/,20220706134324,Resnick Roofing & Contracting is named Best of the Best by TribLive - Resnick Roofing Blog,264,en,pos,n/a,False
resnickroof.com,https://www.resnickroof.com/blog/p.200303001/resnick-roofing-contracting-llc-to-attend-the-2020-pittsburgh-home-and-garden/,20210505214638,"Resnick Roofing & Contracting, LLC to Attend the 2020 Pittsburgh Home and Garden Show - Resnick Roofing Blog",464,en,unknown,news_pr,False
resnickroof.com,https://www.resnickroof.com/blog/p.191022000/resnick-roofing-contracting-llc-ranks-no-916-on-the-2019-inc-5000-nationally/,20211021185518,Resnick Roofing & Contracting LLC Ranks No. 916 on the 2019 Inc. 5000 Nationally!,492,en,unknown,news_pr,False
resnickroof.com,https://www.resnickroof.com/blog/p.191127000/is-your-home-properly-ventilated/,20211021185242,Is Your Home Properly Ventilated?,520,en,unknown,informational,True
resnickroof.com,https://www.resnickroof.com/blog/p.201216001/hey-pa-choose-solar-in-2021-while-the-gettins-good/,20210505220557,Hey PA! Choose solar in 2021 while the gettins’ good! - Resnick Roofing Blog,567,en,unknown,informational,True
contalink.com,https://www.contalink.com/blog/software-contable-en-la-nube/,20220929050611,"Despachos contables, ¿por qué migrar a la nube? - Contalink",718,es,unknown,n/a,False
contalink.com,https://www.contalink.com/blog/incapacidad-por-maternidad/,20220929055257,¿Cómo obtener la incapacidad por maternidad? - Contalink,923,es,unknown,n/a,False
contalink.com,https://www.contalink.com/blog-posts/emprender-despacho-contable,20220526103140,¿Emprender un despacho contable? | Starthub,537,es,unknown,n/a,False
contalink.com,https://www.contalink.com/blog-tags/profesion-contable,20210916151652,Profesión Contable | Starthub,71,es,unknown,n/a,False
contalink.com,https://www.contalink.com/blog/contador-actitud-exito/,20220929042850,"Contador, tu actitud atrae éxito - Contalink",738,es,unknown,n/a,False
peakflo.co,https://peakflo.co/blog/learning-center/smart-invoice-reminders/,20220125100635,"What are Smart Invoice Reminders, and How to Automate Them? - Achieve peak cashflows 📈",764,en,pos,informational,True
peakflo.co,https://peakflo.co/blog/learning-center/calculating-your-accounts-receivable-collection-period/,20220522145747,Calculating Your Accounts Receivable Collection Period - Achieve peak cashflows 📈,1490,en,unknown,informational,True
peakflo.co,https://peakflo.co/blog/learning-center/__invoice-reminders/,20211127205523,"What are Invoice Reminders, and How to Automate Them? - Achieve peak cashflows 📈",552,en,pos,informational,True
peakflo.co,https://peakflo.co/blog/learning-center/control-your-cashflow-in-your-business-like-a-pro/,20220125114713,Control Your CashFlow In Your Business Like A Pro,1001,en,unknown,informational,True
erpmaestro.com,http://blog.erpmaestro.com:80/allaccess/topic/emergency-access-controls,20160725094249,All Access | The ERP Maestro Blog | Emergency Access Controls,75,en,unknown,n/a,False
erpmaestro.com,http://blog.erpmaestro.com:80/allaccess/topic/internal-fraud,20160809051212,All Access | The ERP Maestro Blog | Internal fraud,99,en,unknown,n/a,False
erpmaestro.com,http://blog.erpmaestro.com:80/allaccess/topic/access-controls-automation,20160725094631,All Access | The ERP Maestro Blog | Access Controls Automation,343,en,unknown,informational,False
erpmaestro.com,http://blog.erpmaestro.com:80/releasenotes/june-2016-release-notes,20160605150938,June 2016 Release Notes,421,en,neg,news_pr_h,False
erpmaestro.com,http://blog.erpmaestro.com:80/allaccess/topic/internal-controls,20180701195620,All Access | The ERP Maestro Blog | Internal Controls,383,en,unknown,news_pr,False
lumaforge.com,https://lumaforge.com/blog/backup-archive-your-video-projects,20190817174710,Backup & Archive Your Video Projects,944,en,unknown,informational,True
lumaforge.com,https://lumaforge.com/blog/video-marketing-101,20201020193812,Video Marketing 101,443,en,unknown,informational,False
lumaforge.com,https://lumaforge.com/blog/4-steps-to-incorporating-video-into-your-brand-strategy,20190817184143,4 Steps To Incorporating Video Into Your Brand Strategy,1314,en,pos,informational,True
lumaforge.com,https://lumaforge.com/blog/adobe-premiere-pro-shared-projects,20191021123444,Adobe Premiere Pro Shared Projects,44,en,unknown,n/a,False
lumaforge.com,https://lumaforge.com/blog/1gbe-vs-10gbe-and-what-it-means-for-your-video-workflow,20200805100942,1GbE vs. 10GbE and What it Means for your Video Workflow,935,en,pos,informational,True
nickelandsuede.com,https://www.nickelandsuede.com/blog/autumn-reverie-collection/,20191022165426,Autumn Reverie Collection,543,en,unknown,product_announcement,False
nickelandsuede.com,https://www.nickelandsuede.com/blog/such-great-brights/,20190818092626,Such Great Brights,688,en,unknown,product_announcement,False
nickelandsuede.com,https://www.nickelandsuede.com/blog/how-to-style-pink-desert/,20190723161008,How To Style Pink Desert,875,en,pos,informational,True
nickelandsuede.com,https://www.nickelandsuede.com/blog/ns-does-halloween/,20191121155004,N&S Does Halloween,392,en,unknown,informational,False
nickelandsuede.com,https://www.nickelandsuede.com/blog/fall-styling/,20191022160913,Fall Styling,619,en,unknown,informational,True
safelifedefense.com,https://safelifedefense.com/blog/new-product-release-introducing-the-ultimate-triple-mag-pouch/,20220929133753,New Product Release: Introducing the Ultimate Triple Mag Pouch,1760,en,neg,news_pr_h,False
safelifedefense.com,https://safelifedefense.com/blog/certified-means-safe-testing-matters-more-than-you-think/,20220929134829,Certified Means Safe: Testing Matters MORE Than You Think,1106,en,unknown,informational,True
safelifedefense.com,https://safelifedefense.com/blog/protective-police-equipment-funding-what-a-vest-partnership-can-do-for-your-department-and-how-to-get-one/,20220929140315,Protective Police Equipment Funding: What a Vest Partnership Can Do for Your Department (And How to Get One),836,en,neg,news_pr_h,False
safelifedefense.com,https://safelifedefense.com/blog/get-the-best-products-service-and-protection-without-breaking-the-bank/,20220929134609,"Get the Best Products, Service and Protection Without Breaking the Bank",1723,en,pos,informational,True
safelifedefense.com,https://safelifedefense.com/blog/self-defense-at-home-creating-a-plan-purchasing-gear-practicing-for-the-unknown/,20220929132008,"Self Defense at Home: Creating a Plan, Purchasing Gear & Practicing for the Unknown",3107,en,unknown,informational,True
tobiasfinancial.com,http://www.tobiasfinancial.com:80/blog/throwing-darts,20150223125859,Throwing Darts,357,en,unknown,opinion_essay,False
tobiasfinancial.com,http://www.tobiasfinancial.com:80/blog/tax-tips-after-tax-season,20150224040644,Tax Tips After Tax Season,355,en,unknown,informational,False
tobiasfinancial.com,http://www.tobiasfinancial.com:80/blog/193-saving-big-for-retirement.html,20120417214532,Saving Big for Retirement,79,en,unknown,n/a,False
tobiasfinancial.com,https://tobiasfinancial.com/blog/mother-reading-a-book/,20220701145224,mother reading a book - www.tobiasfinancial.com,74,en,unknown,n/a,False
tobiasfinancial.com,https://tobiasfinancial.com/blog/notepad-with-pen-and-laptop-on-wooden-table-picture-with-space/,20220701115241,Notepad with pen and laptop on wooden table. Picture with space - www.tobiasfinancial.com,82,en,unknown,n/a,False
rooftek.com,https://www.rooftek.com/blog/when-you-can-repair-your-roof/,20200918100903,When You Can Repair Your Roof Without Replacing It,362,en,unknown,informational,False
rooftek.com,https://www.rooftek.com/blog/how-often-roof-replacement/,20200918113358,How To Know How Often You Need A Roof Replacement,447,en,pos,informational,False
rooftek.com,https://www.rooftek.com/blog/roof-is-worth-fixing/,20191022155504,Why Hail Damage On Your Roof Is Worth Fixing,418,en,pos,informational,False
rooftek.com,https://www.rooftek.com/blog/testimonial/install-or-replace-an-asphalt-shingle-roof/,20210304191324,Install or Replace an Asphalt Shingle Roof - RoofTek,26,en,unknown,n/a,False
rooftek.com,https://www.rooftek.com/blog/roof-replacement-costs/,20200918100349,6 Things Your Roofer Looks At For Roof Replacement Costs,470,en,pos,informational,False
itraq.com,https://www.itraq.com/blogs/news/how-can-i-share-itraq-nano-with-my-family-members,20191021061912,How can I share iTraq Nano with my family members?,134,en,unknown,n/a,False
itraq.com,https://www.itraq.com/blogs/news/how-accurate-is-itraq-nano,20191021060003,How accurate is iTraq Nano?,68,en,unknown,n/a,False
itraq.com,https://www.itraq.com/blogs/news/how-can-i-update-my-payment-information,20190920160156,How can I update my payment information?,57,en,unknown,n/a,False
itraq.com,https://www.itraq.com/blogs/news/will-itraq-nano-work-worldwide,20190920155450,Will iTraq Nano work worldwide?,274,en,unknown,n/a,False
itraq.com,https://www.itraq.com/blogs/news/does-itraq-nano-have-sos-button,20200920071016,Does iTraq Nano have SOS button?,54,en,unknown,n/a,False
shimmer.care,https://shimmer.care/blog/shimmer-blog-intro,20210408035148,What is shimmer? Why start a blog? How do I publish?,154,en,pos,n/a,False
shimmer.care,https://www.shimmer.care/blog/shimmer-adhd-coaching-launch,20221012165601,Shimmer Launches First Affordable ADHD Coaching and Accountability Platform for Adults | Shimmer Blog,1276,en,neg,news_pr_h,False
shimmer.care,https://www.shimmer.care/blog/link-between-pain-and-adhd,20221116195828,The Surprising Link Between ADHD and Chronic Pain | Shimmer Blog,434,en,unknown,informational,False
shimmer.care,https://www.shimmer.care/blog/anxiety-types-symptoms,20221003074717,"The many faces of anxiety: Anxiety types & symptoms, explained | Shimmer Blog",932,en,pos,informational,True
shimmer.care,https://shimmer.care/blog/financial-literacy-mental-health,20210421221645,Financial Literacy Tips for Mental Health,614,en,unknown,opinion_essay,False
huma.com,https://www.huma.com/blog-post/huma-finds-way-to-measure-breathing-rate-using-entry-level-smartphone-gyroscopes,20221002040956,Huma finds way to measure breathing rate using entry-level smartphone gyroscopes,477,en,unknown,news_pr,False
huma.com,https://www.huma.com/blog-post/fierce-biotech-webinar,20221002022909,Fierce biotech webinar,136,en,neg,n/a,False
huma.com,https://www.huma.com/blog-post/ft-1000-huma-named-europes-fastest-growing-healthcare-company,20221002032423,FT 1000: Huma named Europe's fastest growing healthcare company,551,en,unknown,news_pr,False
huma.com,https://www.huma.com/blog-post/huma-acquires-iplato-healthcare-to-advance-digital-first-delivery-of-care,20221002023446,Huma acquires iPLATO Healthcare to advance digital-first delivery of care,563,en,unknown,news_pr,False
moresurfacecare.com,https://www.moresurfacecare.com/blogs/how-to-care-for-your-natural-stone-countertops-during-the-covid-19-outbreak,20200925142308,How to Care for Your Natural Stone Countertops During the COVID-19 Out,49,en,pos,n/a,False
moresurfacecare.com,https://www.moresurfacecare.com/blogs/news/pre-cast-vs-cast-in-place-concrete-countertops,20200925125031,Pre-Cast vs. Cast-In-Place Concrete Countertops,501,en,pos,informational,True
moresurfacecare.com,https://www.moresurfacecare.com/blogs/news/how-to-clean-luxury-vinyl-flooring-101,20200925122223,How To Clean Luxury Vinyl Flooring 101,609,en,pos,informational,True
moresurfacecare.com,https://www.moresurfacecare.com/blogs/news/how-to-sanitize-commercial-concrete-flooring,20200809195716,How To Sanitize Commercial Concrete Flooring,493,en,pos,informational,False
moresurfacecare.com,https://www.moresurfacecare.com/blogs/news/p-span-style-font-weight-400-how-to-remove-oil-stains-from-stone-grout-and-concrete-surfaces-span-p-p-p,20200925134348,"How to Remove Oil Stains from Stone, Grout, and Concrete Surfaces",481,en,pos,informational,False
github.com,https://github.com/blog-arduino/Temperature-TMP/graphs/commit-activity,20201016000149,blog-arduino/Temperature-TMP,55,en,unknown,n/a,False
github.com,https://github.com/blog-andeamef/blog-andeamef.github.io/graphs/code-frequency,20201029123113,blog-andeamef/blog-andeamef.github.io,60,en,unknown,n/a,False
github.com,https://github.com/blog-andeamef/blog-andeamef.github.io,20201029123105,blog-andeamef/blog-andeamef.github.io,69,en,unknown,n/a,False
github.com,https://github.com/BLOG-123/social-blog/graphs/code-frequency,20210118140214,BLOG-123/social-blog,169,en,unknown,n/a,False
github.com,https://github.com/blog-arduino/Ambient-Lightening/graphs/commit-activity,20201213233505,blog-arduino/Ambient-Lightening,55,en,unknown,n/a,False
azinsulation.com,https://www.azinsulation.com/blog/best-insulation-hot-climates/,20211020094649,Best Insulation For Hot Climates - Barrier Insulation Blog,614,en,pos,informational,True
azinsulation.com,http://azinsulation.com:80/blog/index.php/2016/04/08/best-type-of-insulation-for-basement-walls/,20160928120302,Best Type Of Insulation For Basement Walls,525,en,pos,informational,True
azinsulation.com,http://www.azinsulation.com:80/blog/best-type-of-insulation-for-basement-walls/,20180318233732,Best Type Of Insulation For Basement Walls,525,en,pos,informational,True
azinsulation.com,http://azinsulation.com:80/blog/index.php/2015/12/03/insulate-your-attic-better-r-value-insulation/,20160929075313,Insulate Your Attic Better With Higher R-Value Insulation,558,en,unknown,informational,True
azinsulation.com,http://azinsulation.com:80/blog/index.php/2016/07/26/energy-smart-homes-phoenix/,20160929075337,Energy Smart Homes in Phoenix | Barrier Insulation,619,en,unknown,informational,True
xevant.com,https://www.xevant.com/blog/4-ways-predictive-analytics-in-healthcare-is-improving-patient-outcomes/,20211205175918,4 Ways Predictive Analytics in Healthcare is Improving Patient Outcomes - Xevant,812,en,pos,informational,True
xevant.com,https://www.xevant.com/blog/how-biosimilars-are-improving-drug-spending/,20211205171414,How Biosimilars are Improving Drug Spending - Xevant,777,en,unknown,informational,True
xevant.com,https://www.xevant.com/blog/30-years-of-pbm-evolution-the-good-the-bad-the-revolutionary/,20211205175619,"30 Years of PBM Evolution: The Good, The Bad, The Revolutionary - Xevant",1590,en,unknown,informational,True
xevant.com,https://www.xevant.com/blog/influencing-pharmaceutical-rebates-with-data-analysis/,20211205162803,Influencing Pharmaceutical Rebates with Data Analysis - Xevant,645,en,unknown,informational,True
infoverity.com,http://www.infoverity.com:80/blog/upgrading-informatica-mdm-10-part-2-migrating-current-functionality/,20150815081831,Upgrading to Informatica MDM 10,679,en,unknown,informational,True
infoverity.com,http://www.infoverity.com:80/blog/purisma-maintain-or-migrate/,20121203042639,Blog,807,en,unknown,product_announcement,False
infoverity.com,http://www.infoverity.com:80/blog/well-head-intelligence-big-data-shale/,20170421170923,Well Head Intelligence With Big Data in Shale - Infoverity,626,en,unknown,informational,True
infoverity.com,http://www.infoverity.com:80/blog/purisma-to-mdm-transition-part-2/,20121205054939,Blog,1071,en,unknown,informational,True
infoverity.com,http://www.infoverity.com/blog/using-data-move-product-centric-customer-centric-organization/,20180121072717,Using Data to Move From A Product-Centric to a Customer-Centric Organization - Infoverity,825,en,unknown,informational,True
nethive.it,https://www.nethive.it/blog/secure-sd-wan-fortinet-casi-di-uso/,20210422020821,Secure SD-WAN Fortinet: casi d'uso - Nethive,591,it,unknown,n/a,False
nethive.it,https://www.nethive.it/blog/leader-della-crescita-2021-nethive-leader-per-la-cyber-security/,20210422021939,Leader della crescita 2021: Nethive leader per la Cyber Security - Nethive,228,it,unknown,n/a,False
nethive.it,https://www.nethive.it/blog/autonomous-system-funzionamento-vantaggi/,20210422030136,"Essere un Autonomous System. Autonomia, indipendenza e responsabilità",732,it,unknown,n/a,False
nethive.it,https://www.nethive.it/blog/sicurezza-dei-container-qualys-su-kubernetes/,20210422013527,Sicurezza dei container - Qualys su Kubernetes - Nethive,483,it,unknown,n/a,False
nethive.it,https://www.nethive.it/blog/automazione-test-codice-applicazione-springboot/,20210422023831,Automazione dei test del codice di un’applicazione Spring boot - Nethive,554,it,unknown,n/a,False
hypotenuse.ai,https://www.hypotenuse.ai/blog/product-description-generators-write-seo-product-descriptions,20220120205030,Product Description Generators: Write SEO Product Descriptions Quicker and Better,1214,en,unknown,informational,True
hypotenuse.ai,https://www.hypotenuse.ai/blog/social-media-posts-conversion,20210920084923,Writing social media posts? Here's how you can give your brand an edge.,1208,en,unknown,informational,True
hypotenuse.ai,https://www.hypotenuse.ai/blog/omnichannel-marketing-automation,20211021071805,Omnichannel Marketing Automation at Every Stage of the Conversion Funnel,1802,en,unknown,informational,True
hypotenuse.ai,https://www.hypotenuse.ai/blog/how-to-develop-a-blog-content-strategy,20220529030513,How to Develop a Blog Content Strategy,2024,en,pos,informational,True
hypotenuse.ai,https://www.hypotenuse.ai/blog/blog-seo-ecommerce-guide,20211127014319,How to Write Blogs that Boost SEO for Your Ecommerce Brand: A Step-by-Step Guide,2293,en,pos,informational,True
quardev.com,http://www.quardev.com/blog/2008-04-24-1104030996,20080513191150,Quardev,345,en,unknown,informational,False
quardev.com,http://www.quardev.com:80/blog/2010-06-21-1656373821,20100625135938,Quardev,1851,en,unknown,opinion_essay,False
quardev.com,http://www.quardev.com:80/blog/2009-12-28-2140018606,20100127054223,Quardev,329,en,unknown,opinion_essay,False
quardev.com,http://www.quardev.com:80/blog/2009-09-17-2082953677,20090923213525,Quardev,485,en,unknown,informational,False
quardev.com,http://www.quardev.com:80/blog/2011-12-23-1733355832,20120116092030,Quardev,1937,en,unknown,opinion_essay,False
supertokens.com,https://supertokens.com/blog/implementing-a-forgot-password-flow,20220128190359,Implementing a forgot password flow (with pseudo code),1160,en,unknown,informational,True
supertokens.com,https://supertokens.com/blog/cookies-vs-localstorage-for-sessions-everything-you-need-to-know,20220410055818,Cookies vs Localstorage for sessions – everything you need to know,1129,en,pos,informational,True
supertokens.com,https://supertokens.com/blog/what-is-roles-based-access-control-vs-abac,20221103212705,What is Roles-Based Access Control (RBAC)??,732,en,pos,informational,True
supertokens.com,https://supertokens.com/blog/all-you-need-to-know-about-user-session-security,20220205105124,All you need to know about user session security,1329,en,unknown,informational,True
supertokens.com,https://supertokens.com/blog/how-to-deploy-supertokens-with-react-nodejs-express-on-vercel,20220418145808,"SuperTokens, Open Source User Authentication",906,en,pos,informational,True
bottomless.com,https://blog.bottomless.com/p/michaels-coffee-journey,20210506033728,Michael's Coffee Journey,412,en,unknown,opinion_essay,False
bottomless.com,https://blog.bottomless.com/posts/working-from-home/,20201021185329,A customer who saves each bag and frames it.,464,en,unknown,case_study,False
bottomless.com,https://blog.bottomless.com/best-uses-of-your-coffee-time/,20211217175257,The 23 Best Uses of Your Coffee Time | Bottomless,1412,en,pos,informational,True
bottomless.com,https://blog.bottomless.com/posts/revel-coffee-10-01-2020/,20201021193943,How Revel Makes Everyone's Favorite Coffee,1538,en,unknown,informational,True
bottomless.com,https://blog.bottomless.com/coffee-and-food-pairings/,20211208101336,The 8 Best Coffee and Food Pairings | Bottomless,1033,en,pos,informational,True
activeloop.ai,https://www.activeloop.ai/resources/accelerate-your-machine-learning-workflow/,20220523154125,Accelerate your Machine Learning Workflow,46,en,unknown,n/a,False
activeloop.ai,https://www.activeloop.ai/resources/generate-image-embeddings-using-a-pre-trained-cnn-and-store-them-in-hub/,20220523144632,Generate image embeddings using a pre-trained CNN and store them in Hub,56,en,unknown,n/a,False
activeloop.ai,https://www.activeloop.ai/resources/weights-biases-and-hub-best-practices-for-tasty-classification-models-for-computer-vision/,20220523154323,Weights & Biases and Hub - best practices for tasty classification models for computer vision,42,en,pos,n/a,False
activeloop.ai,https://www.activeloop.ai/resources/how-to-access-google-objectron-dataset-in-less-than-5-seconds/,20220523150548,How to access Google Objectron Dataset in Less Than 5 Seconds,47,en,pos,n/a,False
activeloop.ai,https://www.activeloop.ai/resources/introducing-deep-lake-the-data-lake-for-deep-learning/,20221003204156,"Introducing Deep Lake, the Data Lake for Deep Learning",53,en,neg,n/a,False
cosentus.com,https://blog.cosentus.com/optimizing-medical-coding-do-it-the-cosentus-way-0,20200927185051,Optimizing Medical Coding- Do It The Cosentus Way!,343,en,unknown,informational,False
cosentus.com,https://blog.cosentus.com/preventive-denial-management-sustained-cashflow,20200927211539,Preventive Denial Management = Sustained Cashflow,743,en,neg,news_pr_h,False
cosentus.com,https://blog.cosentus.com/5-signs-of-a-failing-healthcare-revenue-cycle,20200927195001,5 Signs Of A Failing Healthcare Revenue Cycle,1425,en,unknown,informational,True
cosentus.com,https://blog.cosentus.com/preventive-denial-management-sustained-cashflow-0,20200927193559,Preventive Denial Management = Sustained Cashflow,791,en,neg,news_pr_h,False
proofed.com,http://www.proofed.com:80/blog/successful-crib-to-big-bed-move,20171017130114,Our successful crib to big bed move,1357,en,unknown,opinion_essay,False
proofed.com,http://www.proofed.com:80/blog/free-and-awesome-baby-proofing-resources,20160428074422,6 Free (and Awesome) Baby Proofing Resources,549,en,unknown,informational,True
proofed.com,http://www.proofed.com/blog/babyproof-baby-teeth,20190724051112,How to baby proof baby teeth,176,en,pos,n/a,False
proofed.com,http://www.proofed.com/blog/where-to-buy-childproofing-gear,20190724050749,Where to buy baby proofing gear,1002,en,unknown,informational,True
proofed.com,http://www.proofed.com:80/blog/2015/5/11/ready-steady-go,20160204223118,"Ready, steady, GO!",983,en,unknown,opinion_essay,False
ebsassociates.com,https://ebsassociates.com/blog/quickbooks-desktop-portable-file-statement-writer/,20190821013526,"QuickBooks Portable File - Statement Writer | ebs Associates, Inc.",925,en,unknown,informational,True
ebsassociates.com,https://ebsassociates.com/blog/topic/customize-form-templates/,20190821010913,"Customize Form Templates Archives | ebs Associates, Inc.",49,en,pos,n/a,False
ebsassociates.com,https://ebsassociates.com/blog/quickbooks-desktop-portable-file-restoration-part-ii-quickbooks-loan-manager/,20190821011634,"QuickBooks Portable File - Restoring QuickBooks Loan Manager | ebs Associates, Inc.",691,en,unknown,informational,True
ebsassociates.com,https://ebsassociates.com/blog/topic/small-business-accounting/,20190821005500,"Small Business Accounting Archives | ebs Associates, Inc.",211,en,unknown,n/a,False
ebsassociates.com,https://ebsassociates.com/blog/topic/quickbooks-settings/,20190821004157,"QuickBooks Settings Archives | ebs Associates, Inc.",96,en,unknown,n/a,False
aurabeattech.com,https://aurabeattech.com/blogs/media-and-press/aurabeat-usfda-approved-anti-covid-class-2-medical-device-for-sars-cov-2-disinfection-launched-in-india-1,20220626163426,"Aurabeat, USFDA approved anti-Covid class 2 medical device for SARS-CO",388,en,neg,news_pr_h,False
aurabeattech.com,https://aurabeattech.com/blogs/media-and-press/aurabeat-launches-anti-covid-disinfectant-in-india-1,20220626162643,Aurabeat Launches Anti-COVID Disinfectant in India,206,en,neg,n/a,False
aurabeattech.com,https://aurabeattech.com/blogs/articles/5-expert-tips-to-protect-your-home-against-covid-19,20220701225307,5 Expert Tips To Protect Your Home Against COVID-19,488,en,unknown,informational,False
aurabeattech.com,https://aurabeattech.com/blogs/articles/air-purifier-guide-for-schools,20220701222133,[COVID-19] Air Purifier Guide for Schools,393,en,pos,informational,False
aurabeattech.com,https://aurabeattech.com/blogs/media-and-press/aurabeat-unveils-patented-ag-anti-covid-air-purifier-in-india,20220701232813,Aurabeat Unveils Patented AG+ Anti-Covid Air Purifier in India,192,en,unknown,n/a,False
transportservices.com,http://www.transportservices.com/Blog/October-2013,20190825223944,October 2013,91,en,unknown,n/a,False
transportservices.com,http://www.transportservices.com/Blog/November-2016,20190821113929,November 2016,72,en,unknown,n/a,False
transportservices.com,http://www.transportservices.com/Blog/September-2013,20190821010913,September 2013,93,en,unknown,n/a,False
transportservices.com,https://www.transportservices.com/Blog/April-2018/Customer-Open-House,20190315174333,Youre Invited!,62,en,unknown,n/a,False
transportservices.com,http://www.transportservices.com/Blog/February-2014,20190821034851,February 2014,95,en,unknown,n/a,False
buzzybooth.com,https://blog.buzzybooth.com/dental-marketing/how-to-effectively-market-your-dental-practice,20200927161325,How to Effectively Market your Dental Practice,656,en,pos,informational,True
buzzybooth.com,https://blog.buzzybooth.com/restaurant-marketing/case-study-how-contact-collection-rocketed-hurricanes-daily-numbers,20200927161053,Case Study: How Contact Collection Rocketed Hurricane's Daily Numbers,972,en,unknown,case_study,False
buzzybooth.com,https://blog.buzzybooth.com/restaurant-marketing/case-study-how-automated-review-requests-transformed-this-restaurants-online-presence,20200927161810,Case Study: How Automated Review Requests Transformed This Restaurant's Online Presence,835,en,unknown,case_study,False
buzzybooth.com,https://blog.buzzybooth.com/dental-marketing/try-this-marketing-solution-for-your-orthodontic-practice,20200927152728,Try This Marketing Solution for Your Orthodontic Practice,497,en,unknown,informational,False
buzzybooth.com,https://blog.buzzybooth.com/restaurant-marketing/how-a-photo-booth-can-improve-your-restaurant-marketing-strategy,20201022120447,How a Photo Booth Can Improve Your Restaurant Marketing Strategy,872,en,unknown,informational,True
getenflux.com,https://www.getenflux.com/blogs/news/move-into-a-new-world-our-pivot-to-a-motion-capture-platform,20190818090651,Move into a New World - Our Pivot to a Motion Capture Platform,207,en,unknown,n/a,False
